customer_id,age,income,employment_type,credit_score,account_tenure,city,dependents
1,56,18285,Salaried,591,14,Pune,0
2,69,138637,Salaried,662,13,Hyderabad,1
3,46,50863,Salaried,700,2,Chennai,0
4,32,146627,Student,565,18,Lucknow,4
5,60,36323,Self-employed,353,5,Ahmedabad,5
6,25,85968,Unemployed,721,1,Delhi,1
7,38,68915,Salaried,773,8,Hyderabad,5
8,56,124543,Unemployed,542,12,Bangalore,0
9,36,123500,Unemployed,653,17,Ahmedabad,5
10,40,126266,Self-employed,687,11,Ahmedabad,3
11,28,41739,Unemployed,477,3,Mumbai,2
12,28,143041,Salaried,774,6,Delhi,4
13,41,68019,Salaried,704,11,Chennai,4
14,53,22373,Salaried,335,10,Mumbai,2
15,57,35187,Self-employed,657,6,Bangalore,2
16,41,82863,Self-employed,626,9,Chennai,5
17,20,112927,Student,343,8,Lucknow,5
18,39,99085,Salaried,619,1,Bangalore,3
19,19,132996,Salaried,771,4,Kolkata,5
20,41,54220,Salaried,568,9,Lucknow,2
21,61,145503,Self-employed,824,13,Pune,4
22,47,22642,Salaried,324,15,Ahmedabad,3
23,55,94971,Unemployed,456,1,Ahmedabad,2
24,19,70556,Salaried,484,18,Delhi,3
25,38,53192,Salaried,473,8,Mumbai,3
26,50,45782,Unemployed,693,13,Hyderabad,5
27,29,19782,Salaried,485,14,Mumbai,5
28,39,75030,Salaried,580,18,Hyderabad,0
29,61,71411,Salaried,594,7,Pune,2
30,42,112469,Salaried,827,14,Jaipur,5
31,66,61950,Retired,487,7,Lucknow,0
32,44,148595,Self-employed,711,3,Lucknow,5
33,59,65539,Salaried,485,5,Mumbai,4
34,45,37936,Self-employed,843,10,Pune,3
35,33,65182,Salaried,600,11,Chennai,4
36,32,126259,Student,608,8,Jaipur,3
37,64,110042,Unemployed,488,17,Chennai,2
38,68,28163,Unemployed,710,16,Delhi,1
39,61,37419,Salaried,837,2,Mumbai,2
40,69,136211,Salaried,686,12,Pune,3
41,20,137762,Salaried,492,5,Pune,1
42,54,15834,Self-employed,462,13,Bangalore,1
43,68,47214,Self-employed,352,0,Kolkata,2
44,24,17413,Salaried,774,3,Lucknow,4
45,38,24505,Unemployed,473,17,Pune,2
46,26,117802,Salaried,495,10,Ahmedabad,3
47,56,148177,Salaried,510,10,Jaipur,4
48,35,143303,Salaried,689,7,Lucknow,3
49,21,129897,Salaried,607,3,Lucknow,5
50,42,73408,Salaried,756,1,Mumbai,5
51,31,131908,Self-employed,630,0,Jaipur,4
52,67,94731,Salaried,794,9,Hyderabad,0
53,26,80131,Salaried,628,16,Hyderabad,4
54,43,79280,Student,328,6,Pune,0
55,19,30762,Salaried,421,6,Jaipur,3
56,37,132798,Self-employed,757,12,Pune,2
57,45,131854,Salaried,717,0,Pune,3
58,64,73703,Self-employed,458,0,Bangalore,2
59,24,78079,Unemployed,815,12,Lucknow,5
60,61,36577,Salaried,301,0,Jaipur,0
61,25,16214,Self-employed,601,5,Chennai,2
62,64,101339,Unemployed,378,9,Hyderabad,3
63,52,63114,Self-employed,614,0,Pune,3
64,31,78230,Salaried,627,4,Jaipur,3
65,34,82194,Salaried,575,1,Lucknow,4
66,53,127333,Self-employed,751,2,Bangalore,3
67,67,52792,Unemployed,785,2,Delhi,4
68,57,60807,Salaried,406,17,Delhi,1
69,21,140266,Salaried,545,7,Delhi,0
70,19,119292,Salaried,463,8,Jaipur,1
71,23,137984,Salaried,826,1,Ahmedabad,1
72,59,28777,Salaried,300,1,Jaipur,4
73,21,53346,Salaried,436,15,Jaipur,4
74,46,69703,Salaried,450,6,Mumbai,0
75,35,109977,Salaried,479,3,Lucknow,0
76,43,62819,Unemployed,786,4,Lucknow,5
77,61,149917,Salaried,317,0,Jaipur,0
78,51,125186,Salaried,524,9,Mumbai,3
79,27,38290,Salaried,404,12,Kolkata,3
80,53,127551,Unemployed,364,14,Chennai,0
81,31,113682,Student,632,0,Ahmedabad,4
82,48,149365,Student,671,17,Kolkata,1
83,65,133017,Salaried,506,13,Jaipur,0
84,32,134496,Student,528,17,Mumbai,5
85,25,72089,Salaried,441,11,Ahmedabad,0
86,31,143713,Salaried,630,11,Hyderabad,1
87,40,31619,Self-employed,570,4,Mumbai,2
88,57,93006,Student,624,6,Delhi,0
89,38,29779,Student,826,12,Chennai,0
90,33,36630,Unemployed,846,8,Kolkata,3
91,62,120575,Unemployed,368,5,Mumbai,1
92,35,130436,Salaried,511,6,Lucknow,5
93,64,37784,Salaried,681,17,Pune,0
94,41,127167,Salaried,719,14,Chennai,5
95,43,82359,Unemployed,347,7,Mumbai,0
96,42,93608,Salaried,530,19,Hyderabad,2
97,62,30111,Unemployed,776,15,Jaipur,1
98,58,39161,Salaried,388,16,Jaipur,0
99,46,133920,Salaried,351,2,Chennai,2
100,32,119823,Salaried,833,12,Pune,0
101,62,140014,Salaried,721,8,Lucknow,4
102,18,145466,Unemployed,745,19,Mumbai,2
103,42,82313,Salaried,430,14,Lucknow,5
104,24,95308,Salaried,673,15,Jaipur,4
105,26,61389,Salaried,829,15,Mumbai,0
106,41,122800,Salaried,404,18,Jaipur,2
107,18,134547,Salaried,686,3,Hyderabad,1
108,61,39502,Salaried,635,18,Lucknow,5
109,25,50757,Unemployed,416,18,Pune,3
110,41,56111,Salaried,300,1,Chennai,0
111,28,113273,Salaried,837,5,Jaipur,2
112,68,73645,Self-employed,735,12,Hyderabad,4
113,34,125218,Salaried,795,14,Hyderabad,2
114,25,74055,Salaried,311,9,Lucknow,1
115,52,134815,Self-employed,593,9,Hyderabad,2
116,52,116026,Salaried,807,3,Chennai,4
117,50,85192,Self-employed,427,13,Pune,0
118,22,67021,Salaried,375,7,Delhi,5
119,59,44092,Student,568,5,Delhi,4
120,56,147314,Unemployed,445,11,Hyderabad,5
121,58,121843,Salaried,702,7,Jaipur,5
122,45,147903,Salaried,798,5,Bangalore,4
123,24,65721,Salaried,498,14,Pune,4
124,26,43511,Salaried,802,18,Jaipur,3
125,25,87782,Student,702,13,Jaipur,5
126,29,112003,Student,508,2,Bangalore,0
127,51,70568,Salaried,641,17,Mumbai,3
128,50,149304,Self-employed,347,9,Delhi,5
129,65,117062,Salaried,840,13,Ahmedabad,2
130,40,119301,Self-employed,475,13,Pune,0
131,41,66507,Student,810,6,Mumbai,0
132,54,139277,Self-employed,318,6,Bangalore,5
133,52,144999,Salaried,794,10,Ahmedabad,2
134,61,115128,Self-employed,654,17,Pune,2
135,57,25683,Salaried,644,9,Kolkata,4
136,39,38664,Self-employed,359,14,Bangalore,5
137,44,117364,Salaried,528,11,Pune,5
138,52,79340,Salaried,446,16,Kolkata,0
139,18,102236,Self-employed,597,16,Mumbai,1
140,52,26017,Unemployed,632,0,Kolkata,5
141,54,51613,Salaried,631,5,Bangalore,4
142,64,45348,Unemployed,732,14,Delhi,0
143,31,24491,Self-employed,698,18,Bangalore,2
144,20,136070,Self-employed,634,13,Lucknow,2
145,18,73759,Unemployed,508,9,Chennai,1
146,22,147040,Salaried,710,9,Mumbai,0
147,43,15368,Student,570,6,Chennai,3
148,31,50010,Salaried,479,6,Jaipur,4
149,56,50851,Salaried,714,13,Mumbai,0
150,44,137761,Self-employed,645,14,Pune,3
151,26,142152,Unemployed,818,19,Ahmedabad,2
152,32,93858,Unemployed,737,8,Jaipur,2
153,32,82005,Self-employed,312,14,Pune,3
154,43,52493,Self-employed,703,8,Jaipur,3
155,59,25292,Salaried,679,6,Lucknow,1
156,30,107377,Retired,720,10,Bangalore,0
157,68,116735,Salaried,479,4,Mumbai,2
158,49,37912,Self-employed,582,8,Delhi,4
159,56,95771,Self-employed,717,5,Lucknow,2
160,66,122293,Self-employed,655,6,Mumbai,0
161,69,114083,Salaried,315,13,Delhi,3
162,49,128655,Retired,614,18,Jaipur,1
163,21,112459,Self-employed,832,10,Kolkata,2
164,47,126695,Unemployed,315,6,Chennai,1
165,54,49268,Salaried,764,5,Delhi,3
166,40,122338,Self-employed,762,3,Bangalore,5
167,56,41336,Self-employed,844,13,Jaipur,0
168,62,18641,Self-employed,368,2,Bangalore,2
169,32,102132,Unemployed,710,16,Ahmedabad,0
170,60,47959,Salaried,351,14,Mumbai,4
171,46,89123,Salaried,364,0,Kolkata,0
172,53,36498,Salaried,766,10,Delhi,5
173,30,85198,Salaried,571,12,Chennai,3
174,49,42197,Retired,738,2,Delhi,3
175,24,123775,Salaried,829,12,Bangalore,4
176,68,40032,Salaried,572,17,Kolkata,0
177,39,74624,Salaried,758,8,Delhi,5
178,45,93177,Self-employed,472,1,Jaipur,3
179,19,56964,Salaried,820,7,Ahmedabad,3
180,59,126030,Salaried,796,1,Kolkata,3
181,62,69646,Salaried,833,0,Mumbai,3
182,23,96187,Salaried,371,2,Kolkata,1
183,45,132399,Retired,471,16,Chennai,2
184,45,71747,Salaried,591,6,Jaipur,1
185,61,60712,Self-employed,551,9,Delhi,3
186,61,86820,Retired,708,18,Pune,5
187,37,140342,Student,666,8,Delhi,0
188,47,106228,Retired,555,17,Bangalore,1
189,28,89353,Retired,824,14,Bangalore,4
190,45,107091,Salaried,739,16,Lucknow,2
191,42,100914,Self-employed,634,16,Ahmedabad,0
192,56,121718,Salaried,734,18,Delhi,1
193,50,26539,Salaried,760,8,Mumbai,2
194,18,61219,Student,607,5,Hyderabad,5
195,44,28334,Self-employed,394,18,Hyderabad,1
196,69,22903,Self-employed,708,7,Mumbai,4
197,30,73008,Self-employed,467,5,Kolkata,3
198,58,114318,Salaried,386,16,Jaipur,4
199,20,82300,Unemployed,302,5,Lucknow,3
200,56,144263,Salaried,671,12,Lucknow,2
201,23,35842,Salaried,827,1,Kolkata,1
202,25,57372,Unemployed,322,11,Pune,1
203,44,129316,Salaried,397,6,Hyderabad,4
204,26,113971,Student,821,5,Lucknow,0
205,54,53744,Self-employed,620,16,Chennai,2
206,50,131082,Salaried,833,7,Delhi,5
207,68,72442,Student,666,5,Lucknow,3
208,59,144070,Self-employed,483,18,Kolkata,2
209,61,100990,Salaried,716,8,Lucknow,5
210,41,136670,Salaried,513,19,Jaipur,4
211,32,121917,Unemployed,509,15,Bangalore,5
212,49,18650,Salaried,432,17,Bangalore,1
213,49,60117,Unemployed,352,18,Pune,3
214,41,106244,Salaried,322,6,Lucknow,3
215,58,18190,Self-employed,405,7,Delhi,5
216,69,63113,Unemployed,759,18,Ahmedabad,3
217,66,47125,Salaried,781,0,Pune,3
218,66,145000,Self-employed,419,12,Ahmedabad,2
219,69,126904,Student,507,0,Lucknow,2
220,29,33768,Student,617,10,Hyderabad,5
221,56,96099,Self-employed,637,1,Kolkata,4
222,19,102421,Self-employed,454,2,Chennai,5
223,20,21895,Student,454,12,Ahmedabad,5
224,66,86017,Student,693,6,Delhi,1
225,54,38932,Student,804,1,Hyderabad,5
226,66,36360,Salaried,612,1,Lucknow,5
227,34,69847,Retired,558,2,Hyderabad,1
228,66,105365,Salaried,456,12,Kolkata,2
229,19,100468,Salaried,313,11,Delhi,4
230,19,53931,Salaried,376,0,Kolkata,0
231,45,70823,Salaried,638,17,Bangalore,5
232,40,53032,Salaried,708,4,Pune,5
233,54,33807,Salaried,693,18,Pune,5
234,49,68413,Salaried,519,9,Ahmedabad,3
235,50,30540,Self-employed,732,5,Lucknow,5
236,18,85248,Salaried,754,17,Jaipur,1
237,36,125494,Salaried,439,14,Mumbai,3
238,19,100435,Salaried,797,13,Chennai,1
239,61,34787,Salaried,829,15,Hyderabad,5
240,43,35982,Salaried,395,3,Pune,0
241,49,37606,Self-employed,327,18,Kolkata,5
242,23,127223,Retired,529,7,Hyderabad,1
243,49,61936,Unemployed,715,0,Mumbai,5
244,21,108286,Unemployed,755,19,Kolkata,0
245,28,52381,Salaried,324,12,Delhi,1
246,34,136465,Salaried,703,8,Delhi,2
247,55,43074,Salaried,841,0,Mumbai,3
248,41,59194,Student,464,14,Lucknow,4
249,22,41853,Salaried,507,14,Jaipur,4
250,69,88719,Self-employed,672,13,Chennai,1
251,51,133724,Salaried,368,4,Chennai,4
252,23,28703,Salaried,819,16,Jaipur,5
253,39,132491,Retired,652,5,Kolkata,3
254,28,73453,Student,400,8,Chennai,2
255,65,103478,Student,300,19,Pune,2
256,33,48161,Self-employed,650,18,Kolkata,0
257,50,129296,Unemployed,306,16,Ahmedabad,4
258,26,48349,Self-employed,617,6,Bangalore,5
259,23,62098,Unemployed,808,7,Ahmedabad,3
260,33,123435,Salaried,485,14,Hyderabad,4
261,46,146204,Self-employed,761,5,Jaipur,3
262,20,66990,Self-employed,642,0,Hyderabad,0
263,37,83921,Salaried,307,8,Chennai,5
264,53,115572,Unemployed,435,6,Delhi,4
265,36,22213,Retired,682,19,Bangalore,2
266,43,139693,Salaried,485,18,Pune,0
267,20,106655,Salaried,671,3,Lucknow,5
268,36,83371,Salaried,465,0,Kolkata,4
269,37,83274,Unemployed,620,8,Pune,2
270,49,122853,Self-employed,456,1,Pune,2
271,24,19134,Salaried,584,15,Hyderabad,3
272,69,106428,Self-employed,327,1,Delhi,2
273,58,54601,Salaried,650,2,Kolkata,1
274,50,88889,Student,382,13,Lucknow,4
275,57,30690,Salaried,669,12,Hyderabad,4
276,56,16909,Salaried,840,16,Ahmedabad,3
277,35,106239,Student,694,9,Mumbai,2
278,57,95032,Salaried,779,2,Lucknow,3
279,18,27062,Salaried,512,3,Pune,1
280,28,90386,Salaried,659,4,Kolkata,3
281,45,114270,Salaried,513,10,Pune,4
282,42,81425,Salaried,603,5,Bangalore,5
283,67,99981,Retired,454,0,Chennai,5
284,40,119470,Student,679,18,Delhi,3
285,48,103887,Unemployed,499,6,Hyderabad,4
286,47,96542,Unemployed,537,9,Kolkata,0
287,59,64112,Salaried,466,11,Mumbai,1
288,52,74010,Salaried,525,11,Mumbai,1
289,24,39485,Salaried,550,0,Ahmedabad,4
290,33,104299,Student,579,8,Ahmedabad,5
291,43,120584,Self-employed,775,16,Hyderabad,0
292,65,147139,Salaried,797,11,Jaipur,2
293,69,35607,Salaried,834,1,Mumbai,3
294,66,76597,Self-employed,710,8,Lucknow,2
295,19,89554,Self-employed,728,11,Ahmedabad,0
296,18,30187,Unemployed,838,3,Delhi,1
297,65,18985,Salaried,742,11,Ahmedabad,2
298,29,66514,Unemployed,509,17,Bangalore,0
299,22,33608,Salaried,846,2,Hyderabad,1
300,54,86327,Self-employed,790,0,Pune,5
301,49,32221,Unemployed,770,17,Bangalore,2
302,26,63506,Unemployed,762,7,Delhi,5
303,58,35968,Salaried,849,18,Mumbai,1
304,52,142677,Salaried,776,3,Kolkata,4
305,36,117951,Salaried,497,15,Mumbai,1
306,65,123306,Salaried,820,16,Mumbai,1
307,33,58601,Self-employed,798,8,Kolkata,0
308,20,87178,Unemployed,810,7,Bangalore,0
309,37,84893,Salaried,624,19,Lucknow,3
310,41,101799,Salaried,766,18,Bangalore,0
311,50,63367,Salaried,438,6,Pune,4
312,41,28201,Unemployed,541,11,Bangalore,4
313,69,148811,Retired,615,0,Delhi,5
314,28,28231,Salaried,434,16,Bangalore,1
315,66,24964,Salaried,487,5,Chennai,0
316,25,27336,Student,368,4,Jaipur,3
317,53,92475,Self-employed,738,19,Delhi,0
318,55,97212,Salaried,376,6,Hyderabad,3
319,57,90379,Unemployed,699,11,Kolkata,1
320,37,60591,Retired,673,4,Hyderabad,5
321,52,76750,Self-employed,311,1,Kolkata,5
322,65,105648,Self-employed,786,3,Hyderabad,4
323,42,111134,Salaried,716,16,Chennai,0
324,52,113537,Self-employed,506,7,Ahmedabad,0
325,42,77672,Salaried,640,19,Jaipur,4
326,46,42228,Salaried,610,4,Lucknow,4
327,35,29429,Salaried,607,16,Pune,5
328,63,99294,Salaried,592,19,Mumbai,5
329,35,130577,Salaried,675,3,Kolkata,5
330,19,103074,Self-employed,826,17,Pune,2
331,52,83936,Self-employed,639,17,Kolkata,2
332,33,72378,Self-employed,382,17,Kolkata,2
333,58,52310,Salaried,751,15,Kolkata,4
334,53,116827,Salaried,302,10,Kolkata,2
335,50,114862,Student,755,7,Kolkata,0
336,21,53889,Salaried,535,11,Mumbai,4
337,50,66428,Retired,688,17,Hyderabad,0
338,31,125502,Salaried,692,17,Hyderabad,4
339,38,65255,Self-employed,329,7,Ahmedabad,1
340,65,120824,Salaried,447,15,Kolkata,0
341,37,20409,Self-employed,582,16,Delhi,4
342,25,57438,Unemployed,537,1,Pune,3
343,24,22869,Unemployed,618,14,Mumbai,4
344,20,40958,Retired,636,6,Kolkata,1
345,34,90622,Salaried,330,0,Kolkata,4
346,50,41442,Self-employed,506,1,Bangalore,1
347,65,96948,Salaried,528,3,Delhi,2
348,29,40596,Self-employed,641,15,Chennai,0
349,68,90791,Salaried,759,11,Pune,1
350,39,57406,Unemployed,435,16,Lucknow,3
351,39,55524,Unemployed,583,3,Bangalore,0
352,63,125160,Salaried,650,15,Hyderabad,4
353,47,20062,Salaried,316,6,Pune,4
354,55,59645,Salaried,514,7,Delhi,1
355,55,137759,Self-employed,694,8,Bangalore,3
356,62,22244,Salaried,698,13,Jaipur,1
357,68,100501,Unemployed,713,8,Mumbai,3
358,25,132450,Self-employed,543,14,Ahmedabad,5
359,44,31956,Self-employed,394,3,Mumbai,1
360,44,31709,Self-employed,305,2,Bangalore,2
361,51,133428,Salaried,386,9,Hyderabad,2
362,38,30210,Unemployed,488,3,Ahmedabad,2
363,47,117081,Self-employed,719,17,Pune,1
364,50,115025,Retired,366,10,Bangalore,0
365,45,139476,Self-employed,547,18,Hyderabad,4
366,64,74846,Self-employed,506,18,Mumbai,0
367,50,80480,Salaried,504,17,Ahmedabad,4
368,22,67960,Self-employed,618,12,Jaipur,3
369,65,100765,Student,382,3,Jaipur,2
370,36,132265,Student,723,2,Chennai,2
371,21,63137,Student,381,15,Chennai,4
372,52,133922,Salaried,848,13,Pune,2
373,66,136280,Retired,786,9,Pune,0
374,34,58876,Retired,432,5,Hyderabad,1
375,61,109547,Salaried,414,7,Pune,2
376,45,65227,Unemployed,676,15,Mumbai,5
377,47,99433,Salaried,510,9,Jaipur,2
378,46,88704,Self-employed,431,6,Hyderabad,5
379,63,21861,Salaried,673,18,Ahmedabad,3
380,23,76914,Retired,453,17,Kolkata,1
381,52,78888,Salaried,722,12,Pune,4
382,58,94286,Salaried,665,7,Bangalore,1
383,54,76293,Salaried,446,13,Lucknow,1
384,41,83515,Salaried,426,8,Mumbai,4
385,46,22065,Self-employed,607,11,Pune,1
386,66,103720,Salaried,417,5,Kolkata,3
387,63,73876,Self-employed,530,19,Mumbai,5
388,48,98797,Retired,750,11,Jaipur,0
389,52,106141,Student,799,18,Jaipur,1
390,50,117390,Unemployed,444,11,Hyderabad,0
391,69,111856,Salaried,348,6,Jaipur,3
392,38,81201,Salaried,406,14,Pune,3
393,49,104766,Self-employed,392,15,Ahmedabad,1
394,40,37995,Salaried,439,3,Delhi,2
395,50,107320,Unemployed,613,5,Delhi,1
396,20,95141,Salaried,310,15,Chennai,0
397,35,85799,Unemployed,747,14,Mumbai,3
398,42,60687,Salaried,694,1,Ahmedabad,0
399,59,52276,Student,804,2,Kolkata,0
400,48,49523,Salaried,677,14,Pune,4
401,20,69615,Salaried,660,7,Delhi,3
402,57,25514,Self-employed,847,11,Kolkata,3
403,63,62456,Salaried,695,1,Jaipur,0
404,41,22233,Self-employed,485,14,Jaipur,5
405,67,16102,Self-employed,520,7,Delhi,3
406,49,81133,Salaried,817,10,Delhi,5
407,64,61715,Unemployed,599,16,Kolkata,5
408,39,125545,Salaried,474,0,Bangalore,1
409,40,119085,Self-employed,670,19,Mumbai,4
410,19,124101,Self-employed,808,14,Mumbai,1
411,44,123684,Self-employed,503,1,Kolkata,2
412,59,79800,Salaried,581,9,Bangalore,2
413,19,109937,Salaried,715,19,Jaipur,5
414,43,56548,Self-employed,332,5,Bangalore,0
415,34,143845,Salaried,381,2,Bangalore,5
416,57,128815,Salaried,782,12,Bangalore,2
417,50,142602,Self-employed,447,14,Mumbai,1
418,26,141270,Self-employed,794,5,Bangalore,2
419,60,141320,Salaried,469,8,Kolkata,0
420,65,40570,Salaried,306,9,Ahmedabad,3
421,56,36182,Salaried,679,8,Pune,4
422,46,54373,Salaried,733,17,Chennai,0
423,59,58019,Salaried,333,8,Chennai,0
424,43,31043,Salaried,437,17,Chennai,0
425,52,34239,Retired,666,8,Ahmedabad,1
426,67,149484,Self-employed,405,4,Ahmedabad,3
427,42,96976,Salaried,331,12,Delhi,0
428,41,39406,Salaried,823,11,Pune,3
429,30,16875,Self-employed,467,8,Kolkata,5
430,24,147425,Salaried,377,18,Delhi,0
431,53,29691,Student,845,19,Bangalore,1
432,62,63075,Unemployed,508,0,Pune,0
433,37,25794,Self-employed,710,10,Hyderabad,5
434,18,90930,Salaried,307,4,Hyderabad,2
435,25,56708,Student,526,6,Pune,1
436,63,130492,Retired,474,12,Hyderabad,0
437,33,121629,Self-employed,380,5,Delhi,0
438,31,138313,Self-employed,356,12,Ahmedabad,0
439,29,36352,Salaried,434,5,Pune,2
440,68,116975,Salaried,537,14,Hyderabad,2
441,40,108848,Self-employed,771,7,Kolkata,0
442,32,59999,Unemployed,516,10,Hyderabad,2
443,45,33482,Self-employed,325,9,Bangalore,0
444,51,62279,Student,486,8,Delhi,2
445,19,124413,Salaried,415,3,Jaipur,3
446,49,69213,Salaried,462,13,Mumbai,5
447,40,128909,Self-employed,713,3,Delhi,0
448,39,28026,Salaried,477,14,Lucknow,5
449,68,100184,Self-employed,579,9,Lucknow,0
450,42,20435,Salaried,511,13,Mumbai,4
451,39,74321,Student,353,5,Ahmedabad,4
452,39,148835,Student,366,15,Chennai,1
453,66,35389,Salaried,843,11,Hyderabad,3
454,69,46498,Salaried,819,3,Kolkata,3
455,59,78755,Self-employed,798,0,Ahmedabad,1
456,23,116545,Retired,730,3,Lucknow,4
457,32,50825,Self-employed,345,12,Pune,1
458,60,31934,Salaried,334,6,Mumbai,4
459,54,20574,Salaried,488,14,Ahmedabad,0
460,50,145698,Salaried,388,5,Chennai,5
461,25,147659,Salaried,634,13,Pune,1
462,61,57782,Student,435,17,Bangalore,2
463,61,75561,Student,845,3,Delhi,5
464,22,142159,Salaried,412,0,Mumbai,4
465,56,41751,Salaried,471,2,Lucknow,0
466,21,53174,Salaried,638,12,Kolkata,2
467,23,137678,Unemployed,824,17,Bangalore,2
468,62,71572,Self-employed,473,3,Bangalore,3
469,49,76416,Self-employed,631,3,Ahmedabad,4
470,69,50201,Salaried,506,10,Mumbai,0
471,47,51069,Self-employed,642,13,Delhi,4
472,64,41370,Salaried,403,6,Mumbai,0
473,52,140342,Salaried,339,2,Pune,5
474,57,140758,Self-employed,322,6,Chennai,4
475,69,80294,Self-employed,551,7,Bangalore,5
476,33,94468,Salaried,589,11,Bangalore,2
477,30,105715,Salaried,501,6,Lucknow,3
478,67,85793,Salaried,454,15,Bangalore,5
479,59,126672,Salaried,405,16,Delhi,1
480,47,135902,Self-employed,559,3,Kolkata,4
481,36,36390,Unemployed,499,16,Mumbai,2
482,34,35369,Salaried,516,17,Kolkata,1
483,36,24587,Salaried,710,3,Lucknow,5
484,45,122009,Salaried,416,16,Ahmedabad,1
485,43,62013,Self-employed,723,14,Pune,1
486,54,132341,Salaried,511,16,Bangalore,5
487,43,142785,Self-employed,454,12,Jaipur,2
488,40,122584,Salaried,562,2,Lucknow,5
489,26,93113,Self-employed,806,11,Pune,0
490,29,101784,Unemployed,450,16,Mumbai,1
491,18,50282,Unemployed,511,6,Hyderabad,3
492,18,39124,Retired,491,6,Chennai,0
493,64,85102,Student,397,10,Hyderabad,2
494,51,148268,Unemployed,840,15,Bangalore,1
495,49,76527,Salaried,471,3,Kolkata,2
496,65,145371,Salaried,670,15,Bangalore,2
497,42,145942,Salaried,454,4,Pune,1
498,57,111651,Self-employed,439,18,Kolkata,2
499,62,100395,Unemployed,555,13,Chennai,3
500,18,26345,Salaried,715,6,Lucknow,3
501,33,139544,Self-employed,628,8,Pune,4
502,56,49077,Self-employed,677,12,Pune,1
503,22,145429,Unemployed,565,15,Lucknow,1
504,39,27055,Self-employed,840,3,Jaipur,1
505,46,118693,Retired,438,6,Bangalore,4
506,20,100283,Salaried,811,2,Lucknow,5
507,29,59484,Salaried,548,19,Ahmedabad,3
508,43,92514,Self-employed,607,14,Pune,3
509,33,105135,Salaried,518,13,Jaipur,1
510,68,50771,Salaried,592,6,Delhi,2
511,54,125284,Self-employed,709,17,Hyderabad,0
512,39,132399,Student,497,4,Kolkata,0
513,46,119885,Self-employed,379,19,Bangalore,1
514,31,144344,Salaried,684,7,Pune,1
515,45,128226,Self-employed,436,19,Kolkata,3
516,22,114250,Salaried,512,17,Hyderabad,3
517,64,40762,Salaried,506,18,Chennai,2
518,66,63825,Self-employed,432,19,Pune,3
519,47,28877,Salaried,465,2,Pune,0
520,63,144065,Salaried,802,5,Kolkata,0
521,69,123443,Student,729,17,Pune,3
522,22,114612,Salaried,479,14,Pune,0
523,29,132674,Retired,420,13,Lucknow,5
524,33,130074,Self-employed,473,7,Ahmedabad,0
525,43,149330,Retired,630,10,Mumbai,0
526,43,46629,Salaried,367,10,Chennai,0
527,65,30775,Self-employed,437,11,Mumbai,4
528,38,15055,Salaried,607,15,Bangalore,1
529,56,103697,Student,629,6,Ahmedabad,2
530,53,116505,Salaried,537,2,Pune,4
531,50,95720,Salaried,829,1,Bangalore,2
532,47,93199,Unemployed,375,2,Chennai,4
533,54,48734,Salaried,450,7,Delhi,4
534,40,31493,Salaried,615,19,Delhi,2
535,27,149704,Salaried,336,7,Kolkata,1
536,22,110872,Self-employed,425,3,Delhi,3
537,53,76779,Salaried,585,12,Pune,4
538,51,136187,Salaried,539,16,Mumbai,1
539,69,131603,Salaried,519,17,Jaipur,3
540,48,76607,Self-employed,306,4,Lucknow,2
541,27,31940,Student,515,11,Mumbai,4
542,36,142880,Salaried,592,1,Mumbai,3
543,49,113408,Salaried,838,9,Jaipur,1
544,18,49815,Salaried,783,6,Pune,3
545,22,64297,Salaried,342,14,Lucknow,2
546,62,75107,Salaried,606,6,Chennai,3
547,21,97793,Salaried,392,14,Bangalore,0
548,33,34622,Self-employed,568,15,Kolkata,4
549,41,45408,Unemployed,514,0,Delhi,1
550,33,108190,Salaried,413,14,Hyderabad,5
551,19,15370,Self-employed,484,2,Hyderabad,1
552,66,129212,Self-employed,424,9,Mumbai,4
553,45,15486,Self-employed,404,15,Lucknow,4
554,49,38762,Unemployed,536,1,Jaipur,0
555,44,41613,Salaried,457,16,Mumbai,0
556,37,18196,Salaried,773,0,Hyderabad,1
557,41,115565,Self-employed,804,3,Pune,5
558,29,91349,Salaried,573,10,Ahmedabad,3
559,67,79839,Salaried,416,16,Delhi,5
560,52,23572,Salaried,835,1,Ahmedabad,4
561,50,60853,Salaried,359,0,Lucknow,0
562,50,87379,Self-employed,700,5,Delhi,0
563,68,147177,Salaried,479,10,Delhi,0
564,60,131074,Salaried,531,3,Jaipur,3
565,54,58209,Salaried,775,10,Pune,1
566,29,109244,Salaried,544,4,Ahmedabad,5
567,20,115300,Retired,512,9,Mumbai,1
568,18,129682,Salaried,758,4,Lucknow,0
569,50,72175,Retired,427,2,Hyderabad,3
570,57,116551,Self-employed,516,5,Mumbai,3
571,27,33976,Student,319,12,Kolkata,1
572,60,145617,Salaried,359,15,Delhi,4
573,61,114794,Salaried,428,6,Jaipur,0
574,46,71866,Unemployed,496,17,Bangalore,3
575,30,132752,Unemployed,791,2,Lucknow,4
576,29,62078,Salaried,803,5,Pune,2
577,48,46113,Salaried,546,9,Delhi,5
578,63,30401,Salaried,559,15,Lucknow,0
579,19,86492,Unemployed,646,12,Chennai,5
580,68,91693,Salaried,496,8,Lucknow,2
581,67,50135,Self-employed,406,15,Bangalore,1
582,52,42862,Self-employed,459,10,Mumbai,1
583,40,85199,Student,721,8,Lucknow,5
584,34,120366,Self-employed,506,9,Hyderabad,1
585,43,19331,Salaried,612,10,Kolkata,5
586,25,59648,Retired,731,14,Hyderabad,3
587,46,43549,Self-employed,534,12,Mumbai,3
588,43,40761,Self-employed,626,16,Ahmedabad,4
589,27,18262,Salaried,778,3,Chennai,2
590,43,87572,Self-employed,727,10,Pune,1
591,51,102858,Salaried,399,0,Ahmedabad,1
592,68,99667,Salaried,537,0,Bangalore,3
593,58,19677,Self-employed,406,2,Chennai,3
594,24,145334,Self-employed,663,14,Jaipur,3
595,21,116437,Self-employed,792,0,Jaipur,0
596,67,75148,Salaried,342,15,Pune,2
597,62,61926,Self-employed,372,16,Bangalore,2
598,28,90271,Salaried,603,8,Chennai,0
599,46,49457,Self-employed,304,4,Pune,1
600,53,57531,Salaried,648,5,Hyderabad,5
601,42,143027,Self-employed,699,14,Hyderabad,5
602,38,60771,Student,732,8,Chennai,4
603,53,108135,Salaried,406,2,Lucknow,4
604,27,81354,Salaried,416,18,Ahmedabad,1
605,54,127743,Self-employed,682,12,Jaipur,4
606,26,48892,Self-employed,381,12,Lucknow,3
607,41,144662,Self-employed,709,2,Pune,2
608,52,110057,Self-employed,369,19,Ahmedabad,5
609,66,53409,Salaried,686,13,Lucknow,3
610,52,133566,Salaried,823,1,Delhi,4
611,65,76716,Salaried,596,9,Chennai,4
612,53,104152,Salaried,364,8,Bangalore,2
613,35,41382,Self-employed,477,12,Hyderabad,5
614,66,91675,Salaried,307,10,Delhi,3
615,56,37419,Unemployed,458,1,Pune,2
616,49,96238,Student,310,15,Ahmedabad,5
617,41,27397,Unemployed,710,4,Chennai,4
618,40,72888,Unemployed,454,0,Ahmedabad,5
619,49,50169,Salaried,505,7,Ahmedabad,2
620,54,77182,Student,414,15,Bangalore,2
621,29,107476,Salaried,678,13,Mumbai,4
622,66,57249,Salaried,649,1,Bangalore,2
623,30,90603,Student,397,17,Lucknow,3
624,40,94360,Salaried,318,6,Mumbai,4
625,42,28444,Retired,612,11,Delhi,2
626,52,138662,Self-employed,827,14,Ahmedabad,1
627,58,113843,Student,744,1,Chennai,3
628,47,25974,Salaried,530,16,Jaipur,3
629,34,127150,Self-employed,658,10,Pune,3
630,66,109826,Salaried,682,1,Bangalore,5
631,37,112648,Student,811,18,Mumbai,0
632,65,149028,Salaried,343,4,Mumbai,4
633,42,51490,Self-employed,664,16,Mumbai,0
634,39,139713,Salaried,410,15,Lucknow,2
635,30,70612,Salaried,522,12,Bangalore,4
636,36,115474,Salaried,685,12,Kolkata,5
637,66,51159,Salaried,564,12,Ahmedabad,3
638,53,54710,Self-employed,570,4,Ahmedabad,3
639,29,128096,Salaried,511,4,Delhi,5
640,58,122412,Salaried,795,19,Jaipur,3
641,36,109924,Self-employed,613,18,Jaipur,3
642,29,21458,Salaried,686,6,Pune,2
643,26,145993,Salaried,546,10,Lucknow,1
644,24,50524,Student,649,0,Kolkata,5
645,45,55477,Salaried,371,6,Kolkata,4
646,31,47222,Salaried,595,2,Ahmedabad,1
647,48,33320,Salaried,512,12,Ahmedabad,5
648,69,109154,Salaried,594,2,Kolkata,4
649,36,67243,Self-employed,470,5,Hyderabad,5
650,64,87833,Salaried,545,14,Hyderabad,3
651,33,108476,Student,440,3,Hyderabad,5
652,22,129560,Salaried,539,4,Kolkata,0
653,52,149275,Salaried,610,2,Jaipur,2
654,29,54267,Salaried,715,18,Mumbai,4
655,42,52941,Self-employed,697,15,Lucknow,3
656,69,97809,Retired,321,16,Bangalore,0
657,38,40368,Self-employed,377,8,Pune,3
658,53,92186,Retired,774,8,Jaipur,2
659,40,45984,Salaried,652,13,Delhi,0
660,33,15801,Salaried,670,10,Chennai,5
661,56,121538,Salaried,320,9,Ahmedabad,4
662,62,127201,Salaried,806,4,Kolkata,5
663,59,62965,Salaried,459,3,Ahmedabad,4
664,56,100269,Salaried,660,10,Delhi,5
665,31,50969,Salaried,596,5,Ahmedabad,4
666,48,106679,Salaried,651,1,Hyderabad,4
667,22,43363,Salaried,479,2,Kolkata,0
668,52,48351,Salaried,771,17,Delhi,2
669,40,126023,Unemployed,694,17,Pune,0
670,46,102948,Salaried,512,6,Mumbai,4
671,60,71235,Self-employed,829,12,Hyderabad,2
672,28,29855,Self-employed,694,12,Bangalore,1
673,35,140074,Salaried,326,5,Hyderabad,1
674,64,69437,Salaried,748,2,Mumbai,5
675,29,105410,Salaried,737,9,Mumbai,0
676,26,34731,Self-employed,584,4,Delhi,4
677,27,81324,Salaried,488,10,Lucknow,5
678,61,96720,Salaried,498,3,Pune,1
679,34,111433,Salaried,401,9,Chennai,1
680,55,17889,Unemployed,778,3,Chennai,3
681,24,24569,Salaried,523,12,Chennai,3
682,63,102193,Self-employed,816,7,Kolkata,5
683,30,100192,Salaried,826,5,Delhi,5
684,57,102154,Unemployed,740,10,Pune,2
685,59,123073,Self-employed,816,1,Bangalore,2
686,26,22612,Salaried,529,17,Bangalore,4
687,67,66644,Unemployed,413,17,Delhi,1
688,44,47069,Self-employed,815,11,Hyderabad,0
689,19,96741,Salaried,483,16,Chennai,0
690,22,70897,Salaried,333,18,Chennai,3
691,46,117544,Student,595,16,Ahmedabad,2
692,54,33706,Student,752,3,Delhi,4
693,55,118602,Self-employed,804,16,Pune,3
694,36,49629,Self-employed,705,15,Delhi,3
695,25,139746,Self-employed,426,8,Hyderabad,4
696,65,35431,Salaried,441,10,Kolkata,4
697,62,55088,Self-employed,427,11,Ahmedabad,5
698,18,46385,Salaried,649,10,Hyderabad,1
699,39,85199,Retired,823,12,Pune,4
700,69,53677,Student,762,7,Hyderabad,4
701,34,133104,Self-employed,543,13,Ahmedabad,3
702,24,27818,Salaried,485,17,Delhi,3
703,42,78001,Salaried,532,13,Pune,0
704,62,64832,Salaried,813,15,Kolkata,5
705,21,55931,Self-employed,300,14,Jaipur,0
706,53,98990,Self-employed,538,19,Jaipur,0
707,23,87204,Salaried,354,6,Ahmedabad,4
708,48,60784,Self-employed,794,7,Ahmedabad,1
709,36,121305,Student,717,5,Chennai,3
710,61,24921,Salaried,747,12,Ahmedabad,2
711,56,49959,Salaried,637,16,Delhi,1
712,44,47328,Student,576,7,Kolkata,5
713,27,104506,Self-employed,309,10,Chennai,2
714,43,89408,Self-employed,640,16,Kolkata,5
715,36,138852,Self-employed,403,8,Kolkata,4
716,56,41708,Retired,644,1,Kolkata,5
717,20,33847,Salaried,669,9,Pune,2
718,62,70989,Salaried,497,13,Mumbai,5
719,30,140383,Salaried,313,1,Delhi,5
720,67,19922,Salaried,637,4,Pune,0
721,45,67335,Salaried,841,16,Mumbai,5
722,37,141913,Salaried,756,7,Jaipur,3
723,45,34551,Retired,825,17,Bangalore,1
724,25,128319,Unemployed,735,7,Hyderabad,0
725,58,70673,Salaried,665,11,Chennai,3
726,56,116531,Self-employed,700,13,Bangalore,5
727,18,37948,Self-employed,781,2,Ahmedabad,0
728,20,107264,Student,409,13,Delhi,1
729,30,74072,Self-employed,705,3,Bangalore,4
730,45,82560,Salaried,608,0,Ahmedabad,2
731,66,148558,Student,459,8,Bangalore,4
732,42,81691,Self-employed,354,13,Ahmedabad,5
733,50,117781,Self-employed,555,9,Pune,5
734,55,99105,Unemployed,833,17,Delhi,2
735,23,22086,Unemployed,721,9,Mumbai,2
736,61,142818,Self-employed,563,6,Mumbai,5
737,62,82853,Self-employed,532,7,Delhi,1
738,49,116925,Retired,532,13,Pune,1
739,62,85027,Salaried,816,3,Jaipur,4
740,64,30916,Salaried,344,10,Pune,3
741,38,30248,Salaried,735,9,Bangalore,3
742,33,39226,Unemployed,634,16,Ahmedabad,4
743,38,63380,Self-employed,703,4,Ahmedabad,2
744,28,22848,Salaried,463,9,Jaipur,1
745,54,29274,Retired,555,9,Jaipur,4
746,53,69545,Self-employed,365,6,Jaipur,3
747,52,111494,Unemployed,387,16,Chennai,2
748,36,130981,Salaried,539,19,Lucknow,3
749,37,31304,Self-employed,610,11,Chennai,2
750,35,26294,Self-employed,557,4,Delhi,3
751,64,41425,Self-employed,813,4,Ahmedabad,5
752,58,125777,Self-employed,733,3,Delhi,0
753,66,106549,Student,428,6,Bangalore,2
754,31,108464,Salaried,625,1,Jaipur,2
755,32,121748,Student,316,0,Delhi,2
756,48,83295,Salaried,641,9,Mumbai,0
757,18,31091,Salaried,548,0,Kolkata,0
758,20,134943,Salaried,476,12,Pune,3
759,33,146074,Salaried,656,16,Chennai,1
760,40,65411,Salaried,794,8,Chennai,5
761,28,110696,Student,334,3,Bangalore,3
762,29,86309,Self-employed,706,8,Hyderabad,2
763,27,82421,Salaried,309,6,Ahmedabad,2
764,49,55612,Self-employed,830,1,Delhi,5
765,33,28450,Salaried,834,17,Hyderabad,3
766,25,24491,Salaried,394,14,Ahmedabad,4
767,55,132026,Self-employed,749,9,Mumbai,1
768,29,89804,Self-employed,519,16,Chennai,0
769,41,108293,Student,395,6,Mumbai,1
770,45,134498,Salaried,680,10,Chennai,4
771,25,120475,Self-employed,506,6,Jaipur,3
772,45,43314,Self-employed,545,10,Hyderabad,3
773,53,66883,Retired,809,14,Hyderabad,2
774,43,102086,Salaried,382,18,Kolkata,5
775,25,116291,Self-employed,616,18,Bangalore,3
776,67,24967,Self-employed,404,9,Delhi,4
777,45,58220,Retired,669,15,Jaipur,3
778,45,71131,Salaried,479,19,Jaipur,3
779,54,43876,Self-employed,382,7,Pune,4
780,58,116448,Salaried,831,0,Delhi,0
781,53,64228,Self-employed,800,1,Chennai,1
782,44,89495,Salaried,647,9,Ahmedabad,3
783,34,43261,Salaried,571,9,Lucknow,1
784,26,121601,Self-employed,630,9,Hyderabad,1
785,50,76260,Salaried,688,8,Kolkata,2
786,37,149418,Salaried,436,17,Lucknow,0
787,30,71176,Salaried,660,1,Delhi,1
788,45,67300,Salaried,581,4,Mumbai,2
789,65,48012,Retired,501,10,Mumbai,4
790,46,117153,Self-employed,830,5,Mumbai,4
791,30,88273,Student,315,7,Hyderabad,4
792,63,127328,Salaried,413,7,Chennai,5
793,52,125304,Unemployed,367,9,Jaipur,5
794,23,121637,Salaried,329,10,Jaipur,4
795,35,69639,Self-employed,818,18,Bangalore,4
796,68,136939,Salaried,321,13,Hyderabad,2
797,22,22310,Self-employed,730,10,Hyderabad,0
798,64,117944,Self-employed,329,2,Lucknow,0
799,42,137013,Salaried,709,0,Lucknow,2
800,19,91733,Salaried,348,2,Mumbai,2
801,27,124264,Self-employed,624,8,Jaipur,5
802,47,94071,Salaried,787,0,Chennai,3
803,67,137611,Salaried,597,11,Hyderabad,1
804,62,85658,Salaried,480,11,Lucknow,5
805,22,24852,Self-employed,421,5,Ahmedabad,5
806,50,20387,Student,423,7,Mumbai,4
807,18,142571,Salaried,752,2,Ahmedabad,5
808,35,112295,Salaried,565,10,Hyderabad,5
809,49,145381,Student,327,10,Mumbai,1
810,64,54994,Self-employed,558,4,Jaipur,3
811,66,131912,Salaried,376,6,Jaipur,0
812,28,146632,Student,731,18,Lucknow,4
813,38,139210,Salaried,334,6,Ahmedabad,5
814,43,71565,Salaried,735,9,Pune,5
815,42,16312,Retired,413,7,Mumbai,0
816,39,140882,Unemployed,361,13,Mumbai,2
817,44,102566,Salaried,351,0,Ahmedabad,1
818,66,36329,Salaried,415,12,Lucknow,0
819,30,83187,Salaried,346,5,Ahmedabad,3
820,50,90542,Salaried,737,5,Mumbai,0
821,51,123237,Salaried,711,4,Ahmedabad,4
822,58,129476,Salaried,400,2,Ahmedabad,4
823,52,50645,Unemployed,578,11,Lucknow,1
824,18,102502,Unemployed,406,14,Lucknow,2
825,38,102310,Self-employed,334,2,Bangalore,5
826,65,84619,Self-employed,658,15,Mumbai,4
827,23,48513,Salaried,301,17,Bangalore,3
828,45,23749,Salaried,791,8,Ahmedabad,1
829,34,75645,Salaried,571,7,Ahmedabad,4
830,22,68175,Student,443,10,Pune,3
831,48,65762,Salaried,734,2,Delhi,5
832,22,79222,Unemployed,750,4,Kolkata,0
833,55,27213,Self-employed,527,9,Lucknow,5
834,20,112367,Salaried,844,4,Ahmedabad,3
835,40,122157,Salaried,513,7,Bangalore,5
836,54,47583,Self-employed,547,5,Hyderabad,1
837,54,143792,Unemployed,707,15,Delhi,4
838,27,94944,Self-employed,352,11,Ahmedabad,2
839,27,37369,Salaried,613,16,Jaipur,2
840,36,130844,Self-employed,673,7,Mumbai,3
841,34,34510,Salaried,336,3,Chennai,3
842,38,27120,Retired,823,16,Hyderabad,3
843,31,114847,Self-employed,383,2,Delhi,4
844,26,113575,Self-employed,393,17,Hyderabad,2
845,63,144269,Salaried,714,15,Pune,2
846,18,20295,Self-employed,641,1,Hyderabad,1
847,68,35460,Salaried,849,12,Lucknow,1
848,62,29963,Salaried,720,0,Lucknow,0
849,30,92116,Salaried,647,2,Ahmedabad,4
850,21,42328,Unemployed,427,0,Kolkata,3
851,18,99629,Self-employed,451,1,Bangalore,1
852,66,139034,Salaried,821,18,Delhi,0
853,57,36605,Unemployed,337,2,Delhi,0
854,49,125901,Salaried,726,0,Delhi,2
855,51,123241,Salaried,404,8,Lucknow,4
856,45,62598,Salaried,464,7,Kolkata,4
857,48,87258,Self-employed,843,4,Lucknow,5
858,25,55969,Self-employed,511,0,Chennai,3
859,56,77784,Salaried,825,14,Delhi,4
860,43,36274,Self-employed,431,16,Kolkata,5
861,51,144994,Salaried,451,14,Pune,3
862,20,49416,Student,395,7,Kolkata,4
863,67,115434,Salaried,802,2,Ahmedabad,2
864,29,66310,Student,821,8,Hyderabad,5
865,18,95758,Self-employed,673,19,Jaipur,0
866,61,45628,Self-employed,315,13,Lucknow,4
867,22,84672,Salaried,317,5,Kolkata,4
868,47,61246,Self-employed,708,19,Ahmedabad,2
869,47,104110,Salaried,306,3,Hyderabad,1
870,34,17810,Unemployed,544,11,Pune,3
871,65,86688,Salaried,428,2,Ahmedabad,1
872,64,80548,Salaried,754,2,Chennai,0
873,40,26162,Self-employed,371,16,Chennai,1
874,32,102858,Self-employed,459,5,Hyderabad,0
875,54,88535,Salaried,386,14,Delhi,3
876,38,85864,Unemployed,700,10,Jaipur,2
877,31,149693,Retired,761,17,Ahmedabad,0
878,19,133371,Self-employed,828,2,Delhi,3
879,28,104792,Salaried,388,16,Mumbai,5
880,68,81188,Self-employed,305,10,Lucknow,2
881,56,96718,Salaried,383,5,Chennai,1
882,55,51558,Salaried,549,4,Chennai,1
883,51,143938,Unemployed,715,9,Delhi,0
884,55,49413,Retired,371,1,Kolkata,4
885,67,25435,Unemployed,411,14,Bangalore,5
886,51,43067,Salaried,471,10,Bangalore,4
887,35,102794,Salaried,572,13,Lucknow,5
888,47,108823,Salaried,829,13,Bangalore,2
889,32,84224,Salaried,618,2,Chennai,1
890,44,16379,Salaried,381,15,Kolkata,3
891,68,117547,Salaried,374,13,Chennai,5
892,51,123541,Self-employed,728,9,Jaipur,2
893,69,129634,Student,759,7,Chennai,0
894,55,143701,Self-employed,645,11,Pune,5
895,50,72745,Student,548,4,Lucknow,0
896,41,118915,Salaried,686,12,Kolkata,2
897,32,144560,Salaried,662,11,Lucknow,3
898,47,147797,Student,595,2,Jaipur,1
899,59,96406,Self-employed,367,16,Jaipur,1
900,68,24304,Self-employed,737,19,Ahmedabad,3
901,34,140555,Salaried,831,4,Hyderabad,1
902,22,85320,Salaried,432,5,Hyderabad,5
903,46,109488,Self-employed,594,12,Delhi,4
904,21,90591,Unemployed,595,5,Pune,4
905,27,110044,Unemployed,332,12,Jaipur,3
906,34,40192,Self-employed,673,14,Jaipur,4
907,27,134304,Self-employed,331,1,Delhi,5
908,34,103207,Student,604,10,Jaipur,2
909,37,88741,Self-employed,407,15,Pune,1
910,41,31365,Self-employed,395,17,Kolkata,5
911,22,80792,Unemployed,365,1,Kolkata,2
912,51,65575,Student,820,9,Hyderabad,3
913,23,134641,Unemployed,529,12,Ahmedabad,5
914,19,147267,Salaried,657,7,Delhi,5
915,30,68517,Self-employed,701,6,Bangalore,4
916,60,49012,Student,398,15,Lucknow,2
917,60,36686,Salaried,570,16,Pune,2
918,65,47161,Student,661,8,Bangalore,0
919,28,17402,Salaried,463,7,Mumbai,2
920,68,78190,Student,827,19,Hyderabad,4
921,64,28275,Self-employed,468,4,Pune,1
922,40,29915,Salaried,320,4,Jaipur,1
923,33,15909,Salaried,839,12,Mumbai,1
924,48,129110,Self-employed,696,15,Jaipur,4
925,28,80908,Self-employed,335,10,Lucknow,1
926,33,142337,Salaried,794,14,Pune,5
927,25,37620,Unemployed,613,16,Ahmedabad,5
928,21,49112,Self-employed,789,14,Bangalore,1
929,57,17431,Self-employed,575,11,Kolkata,3
930,21,101590,Salaried,532,3,Bangalore,3
931,42,77175,Unemployed,735,3,Pune,0
932,20,132472,Salaried,305,15,Delhi,5
933,49,47624,Self-employed,834,14,Hyderabad,0
934,20,76264,Student,543,7,Lucknow,2
935,44,128766,Salaried,540,19,Delhi,2
936,46,147767,Self-employed,572,7,Jaipur,5
937,49,115211,Salaried,374,10,Hyderabad,5
938,67,134502,Student,582,16,Kolkata,2
939,68,59225,Self-employed,834,2,Hyderabad,0
940,36,147475,Unemployed,386,6,Hyderabad,1
941,38,25839,Unemployed,448,11,Hyderabad,2
942,22,66977,Self-employed,449,0,Lucknow,1
943,35,128050,Self-employed,459,10,Hyderabad,1
944,45,40651,Self-employed,745,4,Jaipur,0
945,59,112919,Salaried,381,5,Pune,3
946,39,54963,Self-employed,306,13,Mumbai,5
947,38,132776,Unemployed,481,16,Lucknow,3
948,23,94198,Salaried,825,2,Jaipur,4
949,18,145697,Salaried,777,3,Hyderabad,3
950,22,78294,Salaried,482,0,Lucknow,2
951,58,16789,Salaried,613,3,Ahmedabad,0
952,29,104297,Salaried,473,13,Bangalore,1
953,43,133341,Salaried,313,6,Bangalore,0
954,63,59135,Salaried,599,6,Jaipur,5
955,51,52067,Self-employed,372,0,Jaipur,4
956,66,32357,Salaried,813,1,Kolkata,4
957,31,53262,Self-employed,642,2,Kolkata,4
958,43,73643,Unemployed,695,17,Bangalore,1
959,62,106270,Retired,632,10,Pune,4
960,44,84103,Self-employed,654,11,Pune,5
961,26,101268,Salaried,462,13,Bangalore,4
962,43,101310,Retired,415,8,Ahmedabad,4
963,64,52412,Self-employed,702,9,Hyderabad,5
964,39,62734,Salaried,378,12,Bangalore,5
965,64,102793,Salaried,746,2,Hyderabad,1
966,47,37228,Salaried,307,8,Mumbai,4
967,60,135627,Salaried,322,1,Hyderabad,2
968,65,92924,Salaried,842,7,Pune,0
969,34,26319,Unemployed,713,6,Chennai,4
970,43,21475,Self-employed,708,8,Chennai,4
971,53,44545,Self-employed,321,12,Bangalore,0
972,18,111636,Student,702,6,Kolkata,4
973,25,45615,Student,456,6,Mumbai,5
974,66,28746,Unemployed,629,0,Hyderabad,4
975,52,16245,Retired,321,1,Delhi,2
976,69,132408,Salaried,771,16,Chennai,5
977,32,127143,Retired,563,9,Hyderabad,3
978,64,42632,Self-employed,602,14,Hyderabad,1
979,39,27856,Salaried,764,15,Lucknow,1
980,31,83049,Self-employed,463,12,Pune,0
981,43,73182,Self-employed,435,7,Mumbai,2
982,45,148873,Unemployed,551,8,Hyderabad,1
983,40,70654,Salaried,504,0,Jaipur,0
984,31,70381,Self-employed,601,3,Ahmedabad,0
985,41,73601,Salaried,541,17,Ahmedabad,0
986,19,15364,Salaried,360,0,Hyderabad,1
987,62,22436,Salaried,764,2,Chennai,3
988,43,101713,Self-employed,601,9,Mumbai,0
989,31,75194,Student,771,1,Kolkata,4
990,68,39544,Salaried,693,17,Kolkata,3
991,24,78295,Self-employed,558,1,Pune,3
992,20,84409,Salaried,841,12,Mumbai,4
993,64,141839,Salaried,829,8,Hyderabad,1
994,40,128759,Self-employed,486,1,Pune,1
995,63,32157,Salaried,511,1,Mumbai,2
996,60,80888,Self-employed,334,4,Bangalore,1
997,64,79947,Salaried,446,13,Lucknow,2
998,62,85880,Salaried,581,2,Jaipur,0
999,35,19507,Self-employed,846,13,Ahmedabad,1
1000,55,118134,Self-employed,548,0,Lucknow,1
1001,52,58988,Salaried,356,8,Hyderabad,4
1002,68,113421,Self-employed,604,15,Ahmedabad,0
1003,32,117591,Student,821,16,Delhi,5
1004,42,144614,Self-employed,660,7,Pune,5
1005,54,42213,Salaried,536,14,Delhi,2
1006,45,72450,Self-employed,533,7,Bangalore,0
1007,27,77222,Self-employed,522,6,Delhi,5
1008,56,27755,Salaried,626,8,Kolkata,3
1009,34,146937,Unemployed,397,1,Lucknow,4
1010,56,48371,Unemployed,525,9,Kolkata,3
1011,39,20192,Unemployed,788,4,Hyderabad,5
1012,43,17015,Student,777,15,Hyderabad,2
1013,61,123154,Self-employed,633,0,Pune,1
1014,42,43343,Self-employed,811,5,Ahmedabad,1
1015,34,84306,Self-employed,681,9,Chennai,1
1016,30,20829,Student,722,9,Jaipur,2
1017,37,49381,Self-employed,647,18,Bangalore,3
1018,42,126451,Salaried,452,12,Kolkata,2
1019,21,33263,Salaried,751,18,Bangalore,2
1020,27,73418,Unemployed,589,2,Delhi,3
1021,20,15148,Salaried,418,12,Kolkata,5
1022,58,147826,Self-employed,513,3,Jaipur,1
1023,62,41745,Retired,738,7,Hyderabad,4
1024,35,87914,Self-employed,746,11,Chennai,2
1025,64,75653,Retired,341,16,Pune,2
1026,53,93315,Self-employed,694,0,Lucknow,3
1027,64,46075,Salaried,546,1,Kolkata,5
1028,39,24795,Student,590,8,Pune,4
1029,51,79555,Salaried,547,0,Delhi,2
1030,64,118107,Salaried,748,18,Delhi,0
1031,25,66529,Salaried,383,16,Jaipur,4
1032,57,26009,Salaried,520,4,Chennai,2
1033,66,44381,Salaried,350,14,Mumbai,4
1034,61,142769,Salaried,849,19,Jaipur,5
1035,36,79610,Self-employed,486,11,Mumbai,0
1036,59,83122,Student,824,3,Delhi,0
1037,58,83184,Salaried,522,14,Jaipur,4
1038,54,102228,Salaried,764,2,Bangalore,1
1039,23,87943,Self-employed,718,13,Mumbai,4
1040,69,95770,Self-employed,386,3,Bangalore,3
1041,43,67726,Unemployed,558,18,Jaipur,1
1042,51,62780,Salaried,480,5,Delhi,5
1043,62,57503,Unemployed,610,16,Kolkata,0
1044,23,72893,Self-employed,472,17,Mumbai,1
1045,54,76358,Self-employed,621,7,Lucknow,0
1046,50,95857,Salaried,639,18,Mumbai,0
1047,39,135457,Salaried,795,19,Pune,0
1048,38,132928,Salaried,544,11,Lucknow,3
1049,23,73706,Salaried,804,16,Lucknow,3
1050,23,97806,Self-employed,628,18,Bangalore,2
1051,65,70006,Student,495,0,Mumbai,5
1052,21,102238,Self-employed,361,10,Mumbai,3
1053,47,60798,Self-employed,324,9,Kolkata,5
1054,28,92271,Self-employed,677,15,Bangalore,0
1055,47,45177,Salaried,594,4,Chennai,5
1056,48,143022,Retired,351,16,Hyderabad,4
1057,41,145156,Self-employed,339,8,Delhi,5
1058,26,97215,Salaried,756,7,Pune,1
1059,20,58013,Salaried,301,9,Kolkata,4
1060,68,97600,Self-employed,768,7,Ahmedabad,0
1061,48,111099,Self-employed,405,2,Chennai,4
1062,57,68450,Salaried,515,11,Ahmedabad,1
1063,54,137640,Student,713,3,Chennai,2
1064,53,107403,Self-employed,509,17,Kolkata,2
1065,41,114290,Self-employed,357,8,Bangalore,5
1066,48,146832,Salaried,342,3,Chennai,5
1067,23,39142,Salaried,437,1,Jaipur,3
1068,19,125189,Unemployed,788,6,Kolkata,4
1069,37,122532,Unemployed,768,17,Chennai,3
1070,45,146436,Salaried,688,1,Chennai,3
1071,28,71921,Salaried,497,1,Pune,4
1072,21,34797,Salaried,501,9,Delhi,4
1073,32,47535,Salaried,491,2,Chennai,1
1074,23,61300,Self-employed,406,18,Bangalore,4
1075,66,62176,Retired,626,1,Pune,4
1076,47,31105,Salaried,656,2,Chennai,5
1077,55,94472,Salaried,800,8,Ahmedabad,3
1078,68,93097,Unemployed,583,10,Kolkata,2
1079,19,111160,Salaried,767,10,Jaipur,0
1080,32,61940,Retired,807,2,Jaipur,2
1081,28,100001,Self-employed,405,4,Bangalore,4
1082,25,22928,Unemployed,593,11,Jaipur,0
1083,43,63002,Salaried,365,14,Chennai,4
1084,68,99853,Salaried,494,16,Jaipur,5
1085,62,129614,Salaried,487,15,Delhi,1
1086,61,132517,Salaried,346,16,Kolkata,4
1087,22,94064,Salaried,661,14,Hyderabad,0
1088,23,134694,Retired,836,12,Bangalore,5
1089,43,147631,Student,786,1,Delhi,1
1090,21,65893,Self-employed,545,16,Mumbai,5
1091,36,30167,Salaried,477,0,Pune,0
1092,37,53598,Self-employed,414,9,Chennai,1
1093,50,64777,Self-employed,464,3,Ahmedabad,3
1094,37,131378,Salaried,518,9,Ahmedabad,0
1095,66,96060,Unemployed,496,11,Ahmedabad,3
1096,29,28285,Salaried,700,2,Delhi,5
1097,64,137970,Salaried,375,0,Kolkata,3
1098,18,37694,Salaried,725,18,Ahmedabad,4
1099,43,19611,Student,586,0,Lucknow,2
1100,31,24372,Self-employed,844,18,Delhi,1
1101,55,95618,Salaried,598,3,Delhi,0
1102,54,127945,Salaried,593,12,Mumbai,5
1103,28,123397,Salaried,746,13,Hyderabad,3
1104,53,111213,Salaried,713,13,Kolkata,5
1105,30,35874,Salaried,730,2,Mumbai,4
1106,60,147669,Salaried,529,18,Ahmedabad,0
1107,20,26600,Salaried,395,10,Ahmedabad,5
1108,50,149819,Unemployed,738,8,Kolkata,4
1109,23,94415,Self-employed,470,5,Bangalore,0
1110,67,109348,Self-employed,616,3,Ahmedabad,4
1111,27,120736,Salaried,843,4,Bangalore,4
1112,22,39714,Salaried,790,8,Chennai,2
1113,40,126573,Salaried,687,0,Pune,3
1114,27,28092,Salaried,371,14,Pune,1
1115,61,110918,Salaried,831,10,Chennai,1
1116,19,40457,Unemployed,538,0,Jaipur,0
1117,30,86667,Unemployed,388,16,Hyderabad,0
1118,57,105751,Salaried,834,14,Ahmedabad,5
1119,19,77894,Salaried,453,13,Pune,5
1120,37,76305,Retired,489,8,Chennai,2
1121,18,67137,Salaried,714,3,Delhi,0
1122,54,15559,Self-employed,453,8,Delhi,1
1123,26,81249,Retired,638,4,Ahmedabad,3
1124,34,52361,Retired,816,2,Ahmedabad,2
1125,26,95720,Salaried,334,17,Mumbai,0
1126,28,30261,Salaried,825,8,Mumbai,2
1127,32,35372,Salaried,836,3,Chennai,2
1128,41,70355,Unemployed,517,6,Mumbai,2
1129,55,113560,Unemployed,553,0,Lucknow,0
1130,52,15037,Self-employed,502,15,Mumbai,4
1131,47,56420,Student,400,5,Lucknow,0
1132,48,112243,Self-employed,660,5,Kolkata,0
1133,66,144380,Self-employed,477,13,Mumbai,5
1134,22,49600,Student,575,4,Lucknow,0
1135,61,104520,Self-employed,611,10,Hyderabad,0
1136,67,20167,Self-employed,709,0,Chennai,0
1137,31,15432,Salaried,587,19,Lucknow,2
1138,28,84687,Self-employed,824,9,Kolkata,2
1139,26,86947,Salaried,700,0,Jaipur,0
1140,51,111324,Salaried,516,3,Delhi,5
1141,29,65903,Student,769,7,Bangalore,3
1142,52,80792,Self-employed,326,0,Bangalore,5
1143,52,48439,Unemployed,721,7,Jaipur,3
1144,18,66248,Salaried,313,13,Bangalore,4
1145,57,49743,Self-employed,800,16,Lucknow,3
1146,39,94803,Salaried,624,8,Kolkata,1
1147,46,90117,Unemployed,623,5,Hyderabad,1
1148,25,37076,Salaried,584,0,Hyderabad,3
1149,28,102483,Self-employed,388,8,Hyderabad,0
1150,58,149035,Student,344,0,Mumbai,3
1151,54,134217,Salaried,797,13,Hyderabad,1
1152,31,119504,Retired,797,10,Mumbai,3
1153,47,120649,Unemployed,444,7,Hyderabad,2
1154,52,141244,Salaried,817,11,Lucknow,4
1155,38,47813,Salaried,381,5,Hyderabad,2
1156,54,81729,Salaried,466,16,Bangalore,5
1157,22,19512,Salaried,404,10,Bangalore,2
1158,36,132907,Unemployed,787,9,Hyderabad,4
1159,31,146708,Retired,609,7,Delhi,0
1160,43,149847,Salaried,381,11,Kolkata,4
1161,21,79591,Salaried,393,3,Lucknow,0
1162,42,26351,Self-employed,620,12,Bangalore,1
1163,62,130400,Salaried,642,2,Kolkata,3
1164,59,135533,Salaried,660,19,Bangalore,1
1165,42,118627,Salaried,365,3,Delhi,1
1166,35,143381,Self-employed,728,7,Chennai,1
1167,57,110707,Self-employed,700,4,Kolkata,3
1168,25,96678,Self-employed,470,1,Hyderabad,0
1169,56,88309,Salaried,367,7,Delhi,4
1170,57,25778,Student,791,4,Bangalore,0
1171,31,127713,Self-employed,333,15,Bangalore,0
1172,49,148180,Unemployed,300,14,Hyderabad,2
1173,68,51382,Salaried,450,18,Mumbai,3
1174,55,90787,Unemployed,557,12,Pune,0
1175,50,38341,Unemployed,318,10,Ahmedabad,0
1176,40,134967,Salaried,334,15,Pune,1
1177,32,146066,Salaried,670,17,Chennai,5
1178,50,100820,Unemployed,790,14,Pune,2
1179,42,74949,Self-employed,540,5,Mumbai,4
1180,34,77543,Unemployed,306,7,Ahmedabad,5
1181,50,42610,Student,848,3,Lucknow,2
1182,64,80226,Self-employed,670,15,Lucknow,1
1183,19,60167,Salaried,549,10,Bangalore,1
1184,31,82381,Salaried,414,19,Jaipur,1
1185,57,61710,Retired,636,1,Mumbai,3
1186,57,31766,Salaried,441,3,Hyderabad,5
1187,68,117416,Salaried,784,13,Mumbai,1
1188,56,27780,Self-employed,737,10,Ahmedabad,0
1189,68,63458,Self-employed,387,3,Bangalore,3
1190,23,71221,Salaried,762,2,Chennai,1
1191,23,16509,Salaried,347,4,Hyderabad,3
1192,20,104493,Salaried,780,5,Chennai,0
1193,24,131850,Salaried,823,8,Ahmedabad,1
1194,68,46533,Student,510,3,Jaipur,5
1195,25,123144,Salaried,543,6,Kolkata,1
1196,59,137402,Unemployed,538,12,Mumbai,0
1197,69,93467,Student,496,9,Ahmedabad,1
1198,32,16359,Self-employed,534,11,Delhi,0
1199,64,134119,Salaried,486,9,Hyderabad,1
1200,46,35344,Self-employed,589,10,Hyderabad,1
1201,50,133499,Salaried,520,10,Pune,2
1202,69,84778,Salaried,796,5,Jaipur,3
1203,47,35601,Student,795,5,Mumbai,4
1204,56,116013,Salaried,601,19,Lucknow,2
1205,44,45782,Student,486,5,Ahmedabad,2
1206,53,126095,Salaried,749,11,Kolkata,3
1207,46,112123,Salaried,711,13,Hyderabad,2
1208,55,59458,Retired,544,17,Ahmedabad,0
1209,50,139225,Self-employed,612,18,Ahmedabad,2
1210,54,111188,Self-employed,795,9,Pune,4
1211,44,136292,Self-employed,321,9,Pune,0
1212,50,105570,Salaried,367,6,Mumbai,5
1213,21,138791,Self-employed,691,9,Ahmedabad,3
1214,39,140291,Salaried,615,13,Bangalore,3
1215,19,113375,Self-employed,364,4,Kolkata,3
1216,27,53314,Self-employed,840,10,Chennai,0
1217,22,123880,Unemployed,511,6,Lucknow,3
1218,27,115326,Self-employed,499,19,Bangalore,3
1219,50,136026,Salaried,477,17,Lucknow,4
1220,55,77451,Self-employed,722,10,Kolkata,1
1221,30,60708,Salaried,761,19,Bangalore,5
1222,48,32682,Salaried,343,2,Jaipur,1
1223,64,117406,Salaried,730,6,Jaipur,1
1224,53,74372,Self-employed,467,3,Hyderabad,3
1225,62,54477,Salaried,586,18,Bangalore,0
1226,41,148692,Salaried,636,17,Kolkata,3
1227,69,68024,Unemployed,470,10,Ahmedabad,1
1228,32,32824,Self-employed,482,13,Jaipur,4
1229,46,146837,Salaried,315,9,Bangalore,3
1230,25,112151,Salaried,795,13,Kolkata,3
1231,22,63926,Self-employed,409,3,Delhi,3
1232,46,27975,Unemployed,605,11,Delhi,0
1233,64,89877,Salaried,305,11,Delhi,4
1234,21,92870,Student,572,1,Hyderabad,4
1235,29,96371,Self-employed,660,5,Bangalore,4
1236,62,115970,Self-employed,484,4,Lucknow,4
1237,19,113066,Retired,399,18,Kolkata,1
1238,44,76562,Self-employed,389,14,Ahmedabad,3
1239,48,55409,Unemployed,545,9,Kolkata,5
1240,68,24834,Salaried,538,6,Delhi,4
1241,68,117192,Self-employed,380,18,Hyderabad,2
1242,53,15840,Self-employed,414,7,Delhi,2
1243,53,46568,Salaried,575,14,Ahmedabad,5
1244,43,25846,Self-employed,379,3,Delhi,1
1245,60,101038,Salaried,478,12,Pune,2
1246,44,144789,Salaried,608,4,Chennai,2
1247,22,122460,Salaried,808,10,Chennai,2
1248,37,89723,Self-employed,559,15,Ahmedabad,1
1249,28,119194,Unemployed,591,19,Chennai,3
1250,27,126417,Salaried,590,17,Ahmedabad,1
1251,57,71888,Self-employed,841,14,Jaipur,0
1252,55,56616,Salaried,362,0,Ahmedabad,0
1253,23,21083,Unemployed,704,7,Chennai,2
1254,25,97476,Self-employed,779,3,Kolkata,2
1255,40,107416,Student,624,8,Hyderabad,3
1256,64,17580,Student,680,18,Jaipur,5
1257,43,137834,Salaried,609,6,Kolkata,2
1258,63,127148,Self-employed,642,14,Delhi,0
1259,60,57321,Retired,774,2,Pune,2
1260,29,24386,Salaried,355,11,Hyderabad,3
1261,43,68171,Self-employed,724,1,Bangalore,0
1262,30,146743,Retired,441,18,Ahmedabad,2
1263,57,48545,Salaried,675,6,Bangalore,3
1264,35,41855,Unemployed,525,10,Lucknow,3
1265,42,50790,Unemployed,773,18,Chennai,0
1266,50,66012,Self-employed,324,7,Jaipur,0
1267,64,132827,Salaried,664,12,Chennai,5
1268,57,29260,Salaried,394,8,Delhi,0
1269,60,16074,Salaried,807,1,Jaipur,3
1270,29,16986,Student,475,17,Lucknow,0
1271,61,70479,Student,707,14,Ahmedabad,0
1272,53,145833,Self-employed,789,10,Chennai,3
1273,65,17176,Salaried,758,14,Hyderabad,5
1274,21,99258,Salaried,712,17,Hyderabad,3
1275,22,130188,Student,637,13,Delhi,0
1276,54,99153,Self-employed,630,18,Jaipur,0
1277,25,92442,Unemployed,512,12,Hyderabad,0
1278,59,55002,Self-employed,644,15,Kolkata,5
1279,66,72124,Student,846,1,Delhi,3
1280,45,64752,Self-employed,823,1,Lucknow,4
1281,48,93947,Self-employed,645,16,Mumbai,1
1282,26,133972,Salaried,547,19,Pune,2
1283,68,89716,Unemployed,624,17,Chennai,1
1284,46,25073,Self-employed,766,9,Pune,5
1285,31,52251,Salaried,390,11,Kolkata,3
1286,57,111496,Salaried,593,2,Mumbai,4
1287,58,53897,Salaried,840,5,Kolkata,5
1288,39,66616,Self-employed,823,19,Chennai,3
1289,28,19482,Salaried,558,4,Mumbai,0
1290,40,122990,Salaried,386,7,Lucknow,5
1291,18,58284,Self-employed,457,17,Delhi,2
1292,63,87932,Salaried,793,15,Jaipur,1
1293,54,22338,Student,485,13,Mumbai,3
1294,38,76480,Salaried,643,5,Lucknow,4
1295,43,19695,Self-employed,815,10,Chennai,0
1296,63,29318,Salaried,808,5,Ahmedabad,4
1297,53,65934,Salaried,839,4,Kolkata,2
1298,40,136282,Salaried,315,14,Lucknow,4
1299,18,106891,Student,824,5,Pune,4
1300,68,83754,Student,499,15,Delhi,0
1301,57,100677,Salaried,483,17,Chennai,4
1302,32,117320,Self-employed,608,0,Chennai,0
1303,38,148909,Salaried,807,2,Mumbai,2
1304,64,140261,Retired,580,19,Ahmedabad,3
1305,26,120338,Retired,457,2,Bangalore,0
1306,26,55077,Self-employed,659,6,Chennai,5
1307,27,94915,Self-employed,558,13,Delhi,5
1308,69,44669,Student,456,17,Lucknow,3
1309,43,63624,Self-employed,724,14,Kolkata,1
1310,58,90147,Self-employed,320,12,Kolkata,4
1311,52,51943,Retired,646,18,Bangalore,3
1312,69,128694,Self-employed,649,1,Ahmedabad,4
1313,42,138351,Self-employed,684,6,Mumbai,0
1314,43,53985,Student,737,12,Delhi,4
1315,28,147574,Self-employed,755,3,Mumbai,2
1316,55,68836,Self-employed,845,5,Hyderabad,5
1317,19,114714,Salaried,379,17,Chennai,3
1318,24,18770,Salaried,751,18,Lucknow,4
1319,35,57865,Salaried,840,14,Mumbai,3
1320,44,68811,Self-employed,788,2,Pune,3
1321,51,19001,Salaried,822,19,Jaipur,2
1322,44,75848,Retired,691,16,Kolkata,0
1323,34,67635,Self-employed,658,15,Pune,4
1324,60,35946,Student,332,12,Chennai,1
1325,61,110852,Salaried,435,19,Chennai,3
1326,68,106103,Student,709,7,Chennai,0
1327,41,58744,Self-employed,828,13,Kolkata,1
1328,42,132729,Self-employed,390,3,Ahmedabad,3
1329,24,38671,Salaried,712,6,Chennai,1
1330,69,72813,Self-employed,598,9,Pune,4
1331,23,111748,Self-employed,786,14,Jaipur,4
1332,41,119733,Self-employed,372,15,Hyderabad,5
1333,50,141865,Unemployed,560,7,Chennai,3
1334,66,98551,Unemployed,611,1,Kolkata,3
1335,46,144335,Retired,464,16,Ahmedabad,5
1336,60,54220,Self-employed,634,5,Chennai,4
1337,39,32158,Retired,801,15,Chennai,0
1338,43,95992,Student,460,1,Pune,1
1339,45,77576,Salaried,689,17,Hyderabad,3
1340,67,103027,Salaried,370,10,Mumbai,3
1341,38,73830,Salaried,391,11,Jaipur,2
1342,66,27419,Salaried,660,4,Kolkata,1
1343,24,48697,Salaried,620,1,Lucknow,5
1344,34,99932,Salaried,544,17,Delhi,4
1345,37,134712,Self-employed,323,5,Kolkata,5
1346,58,110428,Salaried,702,0,Ahmedabad,3
1347,66,101649,Salaried,672,8,Hyderabad,3
1348,37,137649,Student,585,14,Ahmedabad,4
1349,39,26136,Student,740,7,Kolkata,1
1350,45,99739,Retired,651,13,Chennai,0
1351,57,77502,Self-employed,518,3,Lucknow,4
1352,66,38039,Salaried,784,6,Bangalore,0
1353,24,81720,Salaried,742,19,Delhi,3
1354,18,138168,Salaried,517,7,Jaipur,0
1355,49,103263,Salaried,366,9,Mumbai,0
1356,30,74155,Salaried,330,17,Lucknow,4
1357,47,31911,Retired,621,17,Delhi,5
1358,40,15916,Salaried,549,18,Hyderabad,3
1359,68,74052,Salaried,309,3,Hyderabad,1
1360,36,32790,Salaried,584,12,Mumbai,2
1361,49,136937,Self-employed,452,5,Ahmedabad,0
1362,47,100053,Salaried,843,12,Chennai,3
1363,46,64950,Salaried,828,15,Pune,2
1364,66,131211,Salaried,670,19,Lucknow,1
1365,62,71361,Salaried,600,9,Jaipur,2
1366,46,76451,Salaried,445,8,Delhi,1
1367,47,52696,Self-employed,351,6,Pune,5
1368,33,117395,Salaried,703,16,Mumbai,2
1369,57,139121,Student,440,19,Bangalore,1
1370,36,61728,Self-employed,387,6,Chennai,5
1371,35,70401,Self-employed,726,1,Bangalore,0
1372,18,40103,Salaried,383,18,Ahmedabad,2
1373,31,65044,Salaried,542,0,Pune,1
1374,68,72730,Salaried,405,1,Bangalore,3
1375,64,40825,Self-employed,654,4,Pune,4
1376,67,52271,Self-employed,320,17,Delhi,5
1377,19,92256,Salaried,305,5,Bangalore,2
1378,45,81433,Self-employed,520,5,Pune,5
1379,66,116999,Student,386,15,Lucknow,2
1380,67,38572,Student,752,15,Kolkata,2
1381,47,53546,Salaried,641,2,Jaipur,2
1382,55,69165,Self-employed,692,2,Ahmedabad,4
1383,68,78690,Salaried,651,3,Hyderabad,2
1384,21,51948,Self-employed,545,5,Chennai,5
1385,18,42007,Salaried,412,2,Bangalore,0
1386,25,115819,Salaried,457,8,Hyderabad,0
1387,46,106207,Unemployed,536,2,Jaipur,3
1388,56,91772,Self-employed,542,5,Kolkata,4
1389,20,37024,Salaried,465,19,Pune,5
1390,49,97912,Salaried,333,8,Pune,3
1391,27,100481,Self-employed,554,14,Pune,0
1392,27,103553,Unemployed,601,8,Jaipur,2
1393,36,147828,Self-employed,519,4,Delhi,2
1394,63,117488,Retired,331,15,Ahmedabad,1
1395,51,111741,Salaried,808,2,Delhi,4
1396,50,93210,Self-employed,781,8,Mumbai,1
1397,40,62367,Student,532,16,Lucknow,4
1398,45,74884,Self-employed,514,2,Hyderabad,4
1399,49,117572,Salaried,541,6,Delhi,2
1400,67,68251,Self-employed,544,6,Kolkata,2
1401,24,99821,Self-employed,319,5,Mumbai,3
1402,46,98583,Self-employed,509,19,Pune,0
1403,25,25207,Student,725,7,Mumbai,0
1404,18,42757,Student,371,3,Ahmedabad,2
1405,20,48822,Self-employed,477,14,Kolkata,0
1406,41,56340,Salaried,822,5,Kolkata,4
1407,40,58351,Salaried,598,15,Bangalore,0
1408,25,121311,Student,565,4,Delhi,5
1409,64,90320,Retired,819,11,Hyderabad,3
1410,54,117565,Salaried,794,13,Chennai,0
1411,20,34937,Self-employed,574,5,Lucknow,0
1412,68,26219,Salaried,352,2,Chennai,3
1413,50,24399,Salaried,699,18,Hyderabad,3
1414,45,141733,Self-employed,713,9,Delhi,2
1415,64,35047,Self-employed,788,6,Delhi,3
1416,25,100693,Salaried,801,12,Lucknow,5
1417,51,115931,Student,606,0,Lucknow,2
1418,52,42050,Student,716,0,Chennai,4
1419,49,88551,Retired,808,16,Hyderabad,1
1420,41,83666,Salaried,829,3,Delhi,0
1421,31,97016,Self-employed,305,13,Pune,3
1422,49,128135,Salaried,721,5,Ahmedabad,0
1423,63,68010,Salaried,750,13,Jaipur,4
1424,60,53165,Self-employed,726,14,Hyderabad,1
1425,33,26528,Student,689,0,Delhi,3
1426,21,135840,Salaried,633,19,Hyderabad,2
1427,69,52136,Retired,747,15,Ahmedabad,2
1428,54,101008,Student,637,3,Lucknow,3
1429,38,27076,Student,387,1,Mumbai,3
1430,31,138911,Student,568,0,Hyderabad,4
1431,48,131625,Salaried,364,12,Mumbai,1
1432,65,65298,Student,363,15,Hyderabad,3
1433,35,69304,Salaried,569,7,Lucknow,2
1434,24,94360,Unemployed,676,3,Chennai,1
1435,27,84835,Salaried,628,1,Bangalore,3
1436,24,127424,Salaried,817,12,Bangalore,1
1437,50,71911,Self-employed,720,4,Chennai,4
1438,40,118088,Salaried,612,19,Bangalore,5
1439,38,30185,Salaried,608,12,Jaipur,3
1440,36,65613,Salaried,488,4,Chennai,3
1441,65,15386,Unemployed,341,15,Mumbai,1
1442,36,45020,Self-employed,619,5,Chennai,3
1443,53,57678,Salaried,744,15,Mumbai,1
1444,46,76394,Salaried,673,12,Lucknow,5
1445,35,130377,Salaried,585,10,Lucknow,1
1446,19,136716,Self-employed,470,0,Bangalore,3
1447,18,70918,Self-employed,562,3,Chennai,2
1448,64,130640,Salaried,834,2,Chennai,4
1449,22,119446,Salaried,441,17,Jaipur,1
1450,37,109702,Salaried,447,15,Hyderabad,2
1451,28,120509,Salaried,739,12,Bangalore,1
1452,59,108608,Salaried,715,12,Pune,2
1453,19,129310,Student,324,6,Chennai,3
1454,20,60802,Salaried,393,14,Pune,4
1455,40,49622,Self-employed,604,14,Delhi,2
1456,29,124935,Self-employed,484,4,Pune,0
1457,37,132919,Salaried,582,16,Ahmedabad,1
1458,22,148669,Self-employed,454,10,Pune,2
1459,54,84519,Self-employed,313,12,Hyderabad,4
1460,55,59772,Salaried,640,9,Chennai,4
1461,47,137431,Student,772,14,Jaipur,4
1462,26,111090,Salaried,407,1,Mumbai,5
1463,51,59871,Unemployed,630,10,Kolkata,2
1464,61,41372,Self-employed,839,10,Mumbai,2
1465,52,54080,Self-employed,738,0,Lucknow,3
1466,69,121242,Unemployed,683,7,Mumbai,0
1467,39,57722,Student,459,16,Hyderabad,5
1468,61,44048,Self-employed,731,7,Hyderabad,2
1469,41,100205,Student,695,12,Pune,5
1470,34,69711,Salaried,787,4,Lucknow,3
1471,27,35968,Self-employed,488,5,Jaipur,1
1472,47,26292,Salaried,717,19,Hyderabad,0
1473,63,94459,Salaried,642,13,Delhi,5
1474,40,65192,Student,660,16,Chennai,4
1475,49,99193,Salaried,408,15,Jaipur,0
1476,34,84165,Salaried,600,8,Delhi,1
1477,67,82650,Student,667,18,Pune,2
1478,68,144858,Salaried,554,1,Chennai,2
1479,34,116398,Salaried,615,3,Lucknow,5
1480,31,112885,Self-employed,370,19,Hyderabad,3
1481,26,115588,Self-employed,568,8,Mumbai,2
1482,57,118356,Student,800,3,Ahmedabad,2
1483,19,98509,Self-employed,508,4,Hyderabad,0
1484,62,66672,Self-employed,777,5,Pune,1
1485,42,37113,Self-employed,475,19,Hyderabad,4
1486,56,15694,Salaried,538,0,Pune,4
1487,26,30588,Self-employed,741,12,Kolkata,3
1488,39,79373,Unemployed,791,17,Bangalore,1
1489,60,100603,Salaried,398,2,Hyderabad,0
1490,63,21704,Salaried,628,19,Lucknow,4
1491,21,55136,Salaried,625,4,Jaipur,3
1492,43,82507,Self-employed,744,12,Hyderabad,2
1493,46,62361,Salaried,594,9,Jaipur,2
1494,62,73847,Self-employed,741,2,Delhi,5
1495,51,121359,Student,330,10,Mumbai,0
1496,40,133906,Self-employed,430,0,Chennai,4
1497,54,29677,Salaried,826,14,Kolkata,5
1498,28,42818,Student,737,3,Lucknow,5
1499,23,16868,Salaried,625,14,Pune,5
1500,35,98591,Self-employed,566,6,Ahmedabad,2
1501,38,138962,Self-employed,585,14,Mumbai,3
1502,59,82264,Salaried,590,3,Hyderabad,3
1503,53,88168,Unemployed,667,2,Mumbai,4
1504,58,86939,Salaried,785,13,Ahmedabad,5
1505,55,30732,Retired,467,5,Mumbai,0
1506,51,70244,Salaried,770,0,Chennai,3
1507,34,24340,Salaried,469,8,Bangalore,1
1508,54,37394,Salaried,645,11,Delhi,3
1509,42,113557,Salaried,377,17,Ahmedabad,0
1510,55,34159,Self-employed,384,2,Hyderabad,5
1511,29,137366,Self-employed,500,18,Chennai,3
1512,40,21212,Student,660,2,Bangalore,5
1513,59,52405,Salaried,601,13,Hyderabad,2
1514,39,145632,Salaried,592,3,Hyderabad,0
1515,38,92061,Self-employed,593,12,Kolkata,2
1516,44,109296,Salaried,408,12,Bangalore,2
1517,48,70186,Self-employed,664,1,Lucknow,4
1518,23,138145,Self-employed,793,1,Jaipur,5
1519,44,25532,Salaried,566,9,Hyderabad,5
1520,57,81540,Student,392,10,Kolkata,5
1521,51,118021,Self-employed,363,14,Pune,5
1522,29,18271,Self-employed,727,2,Mumbai,0
1523,62,15209,Salaried,667,13,Pune,2
1524,24,34977,Salaried,404,17,Mumbai,4
1525,27,124920,Salaried,508,18,Jaipur,4
1526,62,143156,Salaried,773,18,Hyderabad,2
1527,34,114588,Salaried,360,0,Pune,2
1528,43,83684,Student,645,18,Pune,1
1529,38,138862,Self-employed,311,2,Mumbai,0
1530,45,20607,Self-employed,765,19,Delhi,4
1531,63,109786,Salaried,494,7,Lucknow,0
1532,19,141406,Unemployed,373,16,Bangalore,5
1533,60,22399,Salaried,685,0,Ahmedabad,4
1534,18,141812,Student,435,5,Jaipur,3
1535,68,113662,Retired,735,16,Ahmedabad,3
1536,53,48617,Self-employed,338,0,Hyderabad,4
1537,68,117826,Retired,842,12,Delhi,1
1538,43,144851,Self-employed,619,11,Delhi,3
1539,46,126077,Salaried,652,4,Lucknow,5
1540,38,65624,Salaried,813,19,Pune,5
1541,28,24628,Salaried,782,12,Jaipur,0
1542,57,146401,Salaried,715,7,Hyderabad,2
1543,28,53619,Self-employed,669,11,Mumbai,0
1544,53,22032,Salaried,642,8,Jaipur,5
1545,66,53034,Student,624,16,Pune,0
1546,56,117658,Salaried,666,13,Bangalore,5
1547,57,136123,Salaried,635,6,Delhi,0
1548,52,101158,Retired,595,3,Bangalore,5
1549,51,70264,Salaried,323,6,Delhi,4
1550,64,109120,Self-employed,741,16,Lucknow,4
1551,41,62850,Student,403,16,Delhi,0
1552,39,19722,Salaried,711,0,Chennai,2
1553,22,32772,Self-employed,593,1,Hyderabad,1
1554,50,101105,Salaried,542,17,Bangalore,5
1555,53,19576,Student,641,8,Jaipur,1
1556,64,114404,Self-employed,472,4,Kolkata,3
1557,37,56476,Salaried,715,0,Kolkata,3
1558,36,39154,Student,402,6,Pune,2
1559,52,32165,Salaried,459,1,Jaipur,0
1560,69,29439,Student,556,2,Mumbai,5
1561,60,133211,Unemployed,495,3,Jaipur,4
1562,34,59518,Unemployed,690,2,Delhi,3
1563,62,41962,Student,369,18,Bangalore,0
1564,60,52763,Salaried,546,11,Kolkata,1
1565,51,131189,Retired,628,14,Lucknow,2
1566,26,125290,Salaried,457,3,Chennai,4
1567,43,125814,Self-employed,354,0,Kolkata,4
1568,19,34464,Salaried,785,15,Lucknow,3
1569,26,138980,Retired,542,5,Kolkata,0
1570,26,57299,Self-employed,652,16,Kolkata,4
1571,57,46541,Student,709,4,Lucknow,1
1572,34,88545,Salaried,314,12,Lucknow,1
1573,18,144188,Student,446,11,Lucknow,2
1574,42,44765,Student,789,0,Kolkata,2
1575,60,38769,Self-employed,324,11,Delhi,1
1576,57,35156,Salaried,632,1,Mumbai,1
1577,59,88631,Salaried,473,17,Lucknow,0
1578,42,52909,Salaried,589,8,Ahmedabad,4
1579,56,84487,Salaried,444,15,Bangalore,0
1580,52,62655,Salaried,421,19,Pune,2
1581,20,66786,Salaried,326,14,Ahmedabad,2
1582,67,83304,Salaried,365,9,Hyderabad,2
1583,54,118606,Salaried,400,1,Hyderabad,4
1584,61,135938,Salaried,687,3,Bangalore,3
1585,61,95981,Unemployed,393,17,Jaipur,2
1586,68,70107,Self-employed,366,18,Bangalore,2
1587,47,147232,Salaried,549,17,Kolkata,0
1588,55,102897,Self-employed,441,13,Hyderabad,0
1589,51,87577,Self-employed,566,7,Mumbai,3
1590,29,119180,Unemployed,514,4,Jaipur,5
1591,36,34924,Salaried,788,4,Pune,3
1592,54,126193,Salaried,795,7,Mumbai,3
1593,61,16095,Retired,779,10,Hyderabad,3
1594,66,119205,Salaried,789,6,Pune,0
1595,34,29123,Salaried,300,12,Kolkata,2
1596,27,60278,Salaried,308,16,Kolkata,0
1597,66,112911,Salaried,679,18,Pune,1
1598,64,66999,Retired,443,2,Bangalore,1
1599,29,46153,Salaried,601,1,Bangalore,5
1600,33,33344,Unemployed,716,5,Mumbai,2
1601,41,52656,Retired,478,18,Ahmedabad,3
1602,36,16212,Self-employed,577,14,Delhi,2
1603,25,135385,Salaried,443,3,Bangalore,1
1604,48,93784,Salaried,638,18,Pune,5
1605,38,113723,Salaried,758,6,Lucknow,2
1606,34,96144,Salaried,630,19,Lucknow,3
1607,40,46368,Self-employed,569,13,Ahmedabad,5
1608,54,76160,Salaried,486,6,Jaipur,5
1609,33,25715,Unemployed,471,19,Ahmedabad,0
1610,23,73784,Self-employed,703,13,Pune,3
1611,25,144193,Self-employed,767,4,Lucknow,0
1612,42,114644,Unemployed,546,14,Mumbai,1
1613,35,41797,Salaried,822,11,Mumbai,4
1614,42,62573,Salaried,410,16,Ahmedabad,2
1615,29,91120,Salaried,602,4,Pune,4
1616,32,29780,Salaried,772,18,Delhi,3
1617,43,52905,Self-employed,591,9,Jaipur,0
1618,58,131049,Salaried,551,11,Lucknow,3
1619,62,144651,Salaried,474,1,Pune,3
1620,43,48359,Retired,408,16,Jaipur,1
1621,64,81062,Salaried,639,4,Mumbai,3
1622,49,88391,Self-employed,313,14,Bangalore,2
1623,27,58463,Salaried,621,19,Lucknow,1
1624,33,114596,Salaried,342,12,Delhi,4
1625,24,110018,Self-employed,760,19,Hyderabad,3
1626,34,31571,Unemployed,401,10,Lucknow,4
1627,40,40104,Salaried,308,17,Chennai,2
1628,43,23625,Salaried,448,8,Delhi,2
1629,38,54199,Salaried,637,15,Delhi,2
1630,39,135725,Salaried,523,14,Hyderabad,4
1631,24,46218,Salaried,409,3,Jaipur,4
1632,31,106916,Self-employed,653,11,Hyderabad,0
1633,32,138182,Salaried,383,12,Chennai,1
1634,24,35566,Salaried,365,8,Jaipur,5
1635,26,48205,Self-employed,687,14,Delhi,3
1636,68,124084,Salaried,434,17,Hyderabad,1
1637,65,44717,Salaried,385,19,Pune,2
1638,25,122292,Retired,383,6,Bangalore,3
1639,67,53562,Salaried,526,11,Chennai,0
1640,40,35169,Student,559,9,Pune,1
1641,46,36604,Salaried,319,6,Jaipur,2
1642,35,104670,Salaried,334,13,Kolkata,3
1643,48,129605,Salaried,742,14,Delhi,3
1644,47,103738,Salaried,569,3,Ahmedabad,2
1645,69,146756,Salaried,705,7,Jaipur,4
1646,56,143140,Salaried,807,18,Delhi,1
1647,52,117537,Unemployed,603,18,Lucknow,3
1648,35,126301,Self-employed,584,4,Lucknow,4
1649,59,23007,Salaried,847,2,Mumbai,0
1650,56,129915,Self-employed,328,9,Chennai,3
1651,34,132419,Unemployed,690,14,Mumbai,3
1652,31,56787,Self-employed,715,1,Mumbai,0
1653,48,64582,Salaried,441,9,Kolkata,0
1654,41,98629,Unemployed,640,15,Pune,5
1655,52,20782,Salaried,544,2,Bangalore,5
1656,61,81770,Salaried,304,6,Pune,3
1657,62,72645,Self-employed,748,18,Kolkata,2
1658,51,118509,Unemployed,565,14,Lucknow,0
1659,20,44204,Unemployed,790,11,Ahmedabad,4
1660,54,32152,Unemployed,538,1,Pune,0
1661,60,105555,Salaried,549,12,Mumbai,3
1662,57,34689,Unemployed,590,19,Mumbai,3
1663,43,98251,Salaried,842,18,Pune,1
1664,40,121565,Salaried,378,6,Hyderabad,4
1665,61,53712,Self-employed,820,2,Jaipur,1
1666,56,64632,Salaried,749,5,Ahmedabad,0
1667,32,35478,Self-employed,443,0,Hyderabad,1
1668,66,37551,Salaried,419,1,Hyderabad,3
1669,21,63068,Unemployed,475,0,Jaipur,2
1670,46,108608,Salaried,369,3,Chennai,0
1671,39,50561,Salaried,502,4,Jaipur,3
1672,42,148964,Unemployed,479,1,Ahmedabad,0
1673,30,39395,Salaried,409,15,Bangalore,1
1674,35,33756,Self-employed,723,7,Chennai,1
1675,50,81333,Self-employed,802,14,Pune,5
1676,33,128561,Self-employed,705,10,Bangalore,0
1677,62,43024,Self-employed,390,9,Bangalore,5
1678,59,20947,Salaried,593,2,Ahmedabad,0
1679,61,142192,Unemployed,692,10,Kolkata,1
1680,19,109238,Salaried,336,16,Kolkata,0
1681,52,82428,Salaried,816,9,Ahmedabad,5
1682,59,78355,Salaried,615,16,Hyderabad,1
1683,51,144958,Self-employed,471,13,Kolkata,5
1684,47,146637,Self-employed,705,0,Mumbai,0
1685,30,33402,Unemployed,561,8,Kolkata,2
1686,30,90851,Self-employed,783,14,Ahmedabad,0
1687,35,27834,Self-employed,326,3,Jaipur,0
1688,49,82850,Unemployed,794,19,Hyderabad,3
1689,49,52180,Salaried,354,2,Lucknow,2
1690,52,149955,Self-employed,548,19,Bangalore,1
1691,56,124688,Self-employed,572,6,Ahmedabad,1
1692,63,121520,Salaried,558,2,Kolkata,4
1693,69,26695,Student,490,14,Delhi,2
1694,46,142135,Salaried,745,9,Mumbai,2
1695,66,73481,Self-employed,801,15,Ahmedabad,0
1696,46,88438,Self-employed,692,16,Delhi,3
1697,61,126491,Unemployed,707,18,Bangalore,1
1698,33,136844,Unemployed,408,0,Jaipur,1
1699,61,109910,Self-employed,402,0,Mumbai,3
1700,64,71494,Self-employed,525,13,Ahmedabad,5
1701,27,61978,Salaried,652,1,Delhi,3
1702,47,132845,Salaried,459,1,Ahmedabad,5
1703,42,145621,Unemployed,703,19,Delhi,5
1704,56,69672,Unemployed,623,9,Pune,2
1705,37,76821,Unemployed,444,14,Bangalore,5
1706,22,98661,Salaried,764,14,Chennai,3
1707,18,84224,Unemployed,431,6,Mumbai,3
1708,47,104405,Unemployed,392,7,Lucknow,0
1709,66,69796,Salaried,572,10,Mumbai,2
1710,20,143554,Self-employed,833,15,Lucknow,5
1711,62,138777,Student,493,6,Ahmedabad,4
1712,31,19023,Self-employed,469,19,Ahmedabad,4
1713,47,87959,Retired,759,8,Delhi,1
1714,67,54218,Salaried,310,18,Chennai,3
1715,21,43460,Self-employed,480,0,Delhi,0
1716,35,139579,Student,531,17,Ahmedabad,3
1717,54,79680,Salaried,328,7,Pune,1
1718,42,46017,Unemployed,831,7,Pune,3
1719,65,107038,Self-employed,304,7,Lucknow,4
1720,18,34515,Salaried,845,13,Bangalore,2
1721,63,48001,Salaried,439,1,Kolkata,3
1722,32,16391,Salaried,327,2,Mumbai,5
1723,26,124388,Self-employed,397,6,Lucknow,4
1724,32,57215,Unemployed,561,2,Chennai,4
1725,66,94720,Salaried,318,14,Chennai,1
1726,41,42114,Salaried,311,10,Mumbai,2
1727,21,128142,Salaried,836,1,Pune,1
1728,29,121206,Self-employed,824,17,Kolkata,0
1729,54,60647,Retired,764,13,Mumbai,5
1730,54,57679,Self-employed,558,17,Kolkata,2
1731,60,15427,Self-employed,323,1,Ahmedabad,0
1732,23,144669,Self-employed,307,3,Lucknow,2
1733,56,81267,Salaried,527,13,Ahmedabad,4
1734,63,15799,Self-employed,675,6,Delhi,0
1735,41,70659,Self-employed,422,14,Mumbai,2
1736,28,22025,Self-employed,389,5,Delhi,2
1737,30,29481,Unemployed,755,4,Hyderabad,0
1738,51,40411,Student,523,19,Kolkata,2
1739,42,120928,Student,556,17,Chennai,1
1740,24,138014,Unemployed,814,10,Ahmedabad,1
1741,69,66690,Retired,447,7,Kolkata,0
1742,21,67870,Self-employed,686,11,Chennai,4
1743,25,101928,Salaried,737,17,Ahmedabad,3
1744,37,85765,Salaried,336,14,Mumbai,0
1745,46,38772,Student,405,7,Jaipur,5
1746,68,145417,Salaried,531,3,Delhi,0
1747,62,33799,Salaried,445,14,Ahmedabad,0
1748,63,127051,Salaried,316,10,Jaipur,5
1749,27,144941,Self-employed,458,0,Lucknow,5
1750,60,38555,Self-employed,581,1,Ahmedabad,5
1751,51,107152,Salaried,577,7,Jaipur,0
1752,43,142219,Salaried,424,15,Chennai,1
1753,58,134833,Self-employed,719,0,Delhi,0
1754,66,84002,Salaried,619,2,Bangalore,4
1755,20,61553,Salaried,781,17,Ahmedabad,3
1756,23,18088,Self-employed,623,15,Kolkata,3
1757,22,60783,Self-employed,694,19,Chennai,4
1758,22,16115,Salaried,485,19,Bangalore,0
1759,64,87908,Self-employed,765,12,Bangalore,3
1760,40,84109,Salaried,356,19,Lucknow,1
1761,66,17978,Student,757,3,Lucknow,3
1762,26,123943,Salaried,507,3,Pune,5
1763,52,24422,Salaried,373,1,Ahmedabad,4
1764,37,104233,Student,783,12,Kolkata,3
1765,66,71174,Self-employed,384,12,Ahmedabad,4
1766,59,52743,Salaried,313,19,Jaipur,0
1767,52,145288,Salaried,348,6,Chennai,3
1768,67,144000,Student,725,6,Delhi,4
1769,35,137778,Student,658,16,Kolkata,1
1770,34,44430,Salaried,541,9,Delhi,1
1771,41,43834,Self-employed,352,11,Lucknow,2
1772,20,39435,Salaried,368,15,Delhi,3
1773,49,102212,Self-employed,355,1,Hyderabad,0
1774,52,70797,Salaried,755,8,Lucknow,5
1775,55,69555,Salaried,554,11,Lucknow,2
1776,30,100350,Salaried,304,16,Mumbai,3
1777,64,29716,Salaried,351,15,Delhi,1
1778,42,75261,Salaried,628,4,Kolkata,0
1779,26,16995,Salaried,397,18,Lucknow,1
1780,21,37414,Salaried,460,16,Kolkata,3
1781,31,30522,Salaried,705,2,Lucknow,5
1782,54,144632,Student,626,16,Bangalore,0
1783,51,89034,Salaried,542,14,Kolkata,0
1784,28,57322,Self-employed,803,18,Jaipur,2
1785,58,82638,Salaried,666,14,Delhi,0
1786,20,116334,Salaried,741,17,Hyderabad,3
1787,45,45846,Self-employed,453,11,Ahmedabad,5
1788,46,88643,Retired,533,11,Bangalore,5
1789,26,129930,Salaried,632,2,Delhi,4
1790,20,39399,Salaried,794,10,Mumbai,4
1791,42,138182,Self-employed,414,9,Mumbai,0
1792,51,63591,Unemployed,668,14,Chennai,4
1793,29,50877,Retired,632,10,Hyderabad,5
1794,59,99106,Salaried,429,0,Pune,3
1795,26,93018,Salaried,477,19,Ahmedabad,2
1796,32,114854,Self-employed,394,3,Ahmedabad,1
1797,57,135832,Self-employed,616,7,Lucknow,1
1798,42,101576,Self-employed,400,19,Mumbai,3
1799,22,107508,Unemployed,495,12,Ahmedabad,2
1800,28,61835,Self-employed,507,16,Lucknow,3
1801,51,57464,Salaried,772,14,Mumbai,0
1802,41,127454,Salaried,307,0,Bangalore,2
1803,32,131062,Self-employed,435,2,Kolkata,5
1804,55,82445,Salaried,560,16,Lucknow,4
1805,25,125454,Salaried,446,3,Lucknow,0
1806,22,136906,Salaried,757,7,Ahmedabad,4
1807,65,113384,Salaried,737,14,Ahmedabad,0
1808,43,75032,Salaried,712,7,Hyderabad,0
1809,35,128521,Student,799,13,Chennai,0
1810,23,131378,Salaried,531,5,Chennai,0
1811,54,32140,Self-employed,400,14,Ahmedabad,2
1812,65,17670,Salaried,446,19,Bangalore,2
1813,30,51519,Salaried,806,8,Ahmedabad,0
1814,45,59512,Retired,403,4,Chennai,3
1815,22,118565,Unemployed,635,12,Lucknow,0
1816,30,120156,Salaried,745,6,Jaipur,0
1817,34,40595,Self-employed,743,16,Delhi,3
1818,67,23630,Salaried,417,7,Lucknow,3
1819,57,122461,Retired,816,4,Mumbai,0
1820,62,89191,Salaried,830,6,Chennai,1
1821,49,115591,Salaried,387,7,Jaipur,1
1822,46,78753,Self-employed,775,6,Pune,3
1823,68,75520,Student,784,11,Jaipur,0
1824,20,19008,Salaried,594,5,Jaipur,5
1825,57,122408,Self-employed,680,3,Lucknow,4
1826,51,15496,Salaried,582,2,Jaipur,4
1827,57,114767,Unemployed,455,4,Jaipur,0
1828,44,38212,Salaried,479,18,Pune,0
1829,30,35637,Unemployed,386,7,Ahmedabad,0
1830,62,60227,Salaried,705,4,Delhi,4
1831,50,134753,Salaried,795,12,Jaipur,4
1832,23,135118,Retired,566,9,Delhi,3
1833,41,24884,Retired,363,5,Ahmedabad,2
1834,36,131481,Self-employed,418,0,Delhi,3
1835,33,83259,Salaried,640,10,Ahmedabad,3
1836,57,64810,Self-employed,612,19,Bangalore,1
1837,45,144926,Self-employed,462,8,Delhi,5
1838,50,19761,Self-employed,804,15,Hyderabad,3
1839,65,31375,Self-employed,592,14,Hyderabad,3
1840,58,117654,Salaried,676,4,Mumbai,3
1841,30,47975,Self-employed,841,14,Pune,3
1842,60,147955,Self-employed,700,0,Mumbai,2
1843,62,89489,Salaried,699,14,Chennai,1
1844,42,23381,Self-employed,698,3,Hyderabad,4
1845,59,77999,Self-employed,786,15,Ahmedabad,5
1846,53,64907,Self-employed,814,6,Ahmedabad,0
1847,44,85467,Salaried,323,7,Lucknow,4
1848,55,57623,Self-employed,358,1,Pune,1
1849,24,125724,Salaried,539,11,Kolkata,3
1850,22,118069,Self-employed,610,1,Hyderabad,4
1851,60,34996,Student,620,13,Ahmedabad,3
1852,62,120682,Self-employed,780,18,Bangalore,5
1853,68,98609,Salaried,713,19,Hyderabad,2
1854,48,116490,Self-employed,621,5,Chennai,2
1855,40,86325,Retired,701,18,Bangalore,5
1856,59,43930,Salaried,358,16,Bangalore,5
1857,27,129426,Unemployed,352,2,Chennai,1
1858,49,32529,Self-employed,363,19,Hyderabad,5
1859,60,68546,Student,418,9,Mumbai,4
1860,47,22942,Salaried,585,12,Delhi,2
1861,56,22548,Salaried,317,19,Chennai,5
1862,48,130248,Unemployed,304,17,Lucknow,1
1863,35,112780,Salaried,691,18,Jaipur,1
1864,53,15296,Salaried,459,16,Ahmedabad,1
1865,19,82945,Self-employed,441,7,Lucknow,4
1866,31,74980,Salaried,696,17,Ahmedabad,5
1867,30,71782,Student,317,6,Pune,4
1868,46,111382,Self-employed,413,10,Hyderabad,1
1869,29,68444,Unemployed,833,2,Pune,0
1870,56,50036,Student,831,1,Hyderabad,5
1871,19,54322,Salaried,760,18,Bangalore,5
1872,49,66667,Salaried,585,10,Hyderabad,4
1873,30,109527,Student,304,7,Pune,4
1874,63,98337,Salaried,428,10,Hyderabad,0
1875,44,66468,Retired,798,1,Delhi,4
1876,66,87894,Self-employed,575,11,Hyderabad,4
1877,58,78138,Salaried,382,8,Delhi,5
1878,34,37588,Unemployed,417,5,Mumbai,2
1879,57,77901,Salaried,328,11,Lucknow,0
1880,48,98038,Salaried,657,17,Lucknow,2
1881,51,146732,Self-employed,456,4,Lucknow,5
1882,41,122211,Unemployed,330,16,Kolkata,0
1883,62,21922,Self-employed,585,15,Chennai,0
1884,52,108697,Salaried,635,11,Jaipur,0
1885,65,132217,Salaried,612,1,Jaipur,4
1886,23,84506,Salaried,422,15,Jaipur,1
1887,36,139338,Salaried,670,0,Bangalore,3
1888,47,42843,Salaried,613,19,Lucknow,1
1889,24,118064,Self-employed,327,1,Bangalore,4
1890,27,141417,Unemployed,454,12,Bangalore,4
1891,58,131585,Salaried,529,15,Lucknow,3
1892,49,45346,Salaried,848,0,Kolkata,4
1893,51,138152,Student,305,18,Hyderabad,0
1894,45,126769,Self-employed,772,3,Hyderabad,2
1895,32,117391,Unemployed,617,19,Bangalore,2
1896,47,88143,Salaried,524,2,Delhi,0
1897,54,51787,Salaried,332,1,Hyderabad,1
1898,46,48583,Self-employed,388,11,Chennai,2
1899,39,136943,Self-employed,633,12,Jaipur,0
1900,21,126233,Salaried,339,17,Delhi,1
1901,37,29925,Self-employed,674,4,Chennai,5
1902,49,98184,Salaried,597,11,Delhi,2
1903,53,91515,Salaried,692,18,Kolkata,0
1904,67,61069,Self-employed,317,0,Bangalore,2
1905,21,115854,Salaried,826,8,Chennai,2
1906,44,69471,Self-employed,431,0,Jaipur,2
1907,34,47705,Salaried,589,17,Lucknow,3
1908,29,143501,Salaried,508,2,Kolkata,1
1909,39,131361,Salaried,626,5,Jaipur,2
1910,34,102273,Salaried,802,3,Kolkata,0
1911,27,38241,Salaried,578,11,Lucknow,3
1912,18,65818,Self-employed,681,11,Jaipur,4
1913,39,107307,Student,608,4,Ahmedabad,4
1914,43,81920,Salaried,576,12,Mumbai,1
1915,35,133642,Salaried,375,11,Bangalore,0
1916,67,80453,Retired,597,3,Kolkata,3
1917,31,37689,Salaried,677,5,Bangalore,0
1918,64,45844,Salaried,732,18,Lucknow,3
1919,46,110687,Salaried,411,5,Mumbai,5
1920,29,38365,Self-employed,371,5,Delhi,5
1921,53,113303,Salaried,616,10,Delhi,5
1922,52,43523,Self-employed,320,13,Chennai,3
1923,69,127105,Salaried,487,2,Hyderabad,4
1924,29,63888,Salaried,420,7,Delhi,5
1925,24,128884,Salaried,641,3,Hyderabad,1
1926,46,121968,Self-employed,603,15,Mumbai,1
1927,28,65110,Self-employed,746,17,Ahmedabad,0
1928,50,146565,Salaried,795,6,Bangalore,3
1929,23,97001,Salaried,820,10,Ahmedabad,5
1930,64,54767,Self-employed,484,7,Bangalore,3
1931,32,44550,Student,631,19,Mumbai,2
1932,49,149042,Salaried,649,5,Chennai,1
1933,68,113315,Self-employed,619,15,Bangalore,3
1934,28,110494,Salaried,836,4,Ahmedabad,0
1935,40,142424,Salaried,711,5,Mumbai,5
1936,43,128855,Salaried,455,5,Jaipur,4
1937,51,97681,Student,832,1,Jaipur,5
1938,63,116489,Salaried,801,6,Hyderabad,4
1939,51,145546,Student,785,8,Kolkata,1
1940,46,43900,Self-employed,453,14,Kolkata,5
1941,21,29126,Student,367,13,Hyderabad,1
1942,34,126198,Salaried,791,12,Pune,2
1943,52,94303,Salaried,340,4,Ahmedabad,1
1944,30,82061,Retired,826,16,Bangalore,3
1945,58,31978,Self-employed,468,4,Lucknow,3
1946,56,71344,Student,411,2,Mumbai,3
1947,32,61648,Salaried,762,8,Kolkata,3
1948,46,16055,Salaried,351,8,Mumbai,2
1949,46,90582,Self-employed,554,3,Delhi,1
1950,28,96214,Salaried,457,19,Ahmedabad,1
1951,69,122954,Self-employed,599,10,Bangalore,1
1952,49,53725,Salaried,726,16,Lucknow,2
1953,19,68380,Salaried,606,13,Chennai,2
1954,64,68333,Salaried,398,9,Hyderabad,3
1955,31,57459,Salaried,420,4,Ahmedabad,5
1956,37,131518,Salaried,329,16,Mumbai,2
1957,39,51163,Self-employed,529,15,Delhi,2
1958,28,99730,Salaried,553,0,Hyderabad,0
1959,44,34476,Salaried,703,9,Ahmedabad,3
1960,20,83580,Unemployed,793,11,Ahmedabad,3
1961,34,120576,Salaried,330,17,Bangalore,0
1962,61,101593,Salaried,461,0,Chennai,1
1963,45,124071,Self-employed,731,11,Lucknow,5
1964,46,129832,Unemployed,455,19,Chennai,0
1965,38,83682,Salaried,622,5,Chennai,0
1966,64,106713,Salaried,490,7,Delhi,5
1967,33,119060,Self-employed,475,13,Hyderabad,5
1968,54,98030,Salaried,816,4,Ahmedabad,0
1969,37,135360,Student,823,3,Jaipur,2
1970,23,100973,Retired,638,15,Mumbai,0
1971,36,51731,Unemployed,618,5,Mumbai,4
1972,22,129360,Salaried,410,2,Jaipur,0
1973,20,16750,Salaried,772,3,Chennai,1
1974,18,80018,Retired,316,7,Pune,1
1975,55,101984,Salaried,519,13,Delhi,5
1976,32,122983,Salaried,786,6,Lucknow,1
1977,51,43451,Self-employed,604,3,Mumbai,0
1978,52,108743,Salaried,816,18,Pune,3
1979,66,86474,Salaried,428,10,Hyderabad,1
1980,42,27150,Unemployed,323,14,Bangalore,0
1981,41,28406,Salaried,840,15,Lucknow,1
1982,29,131047,Salaried,431,5,Chennai,2
1983,35,138971,Salaried,620,11,Mumbai,2
1984,32,118157,Self-employed,796,7,Pune,0
1985,61,33325,Salaried,681,9,Jaipur,1
1986,33,109415,Salaried,515,10,Mumbai,1
1987,44,32669,Self-employed,842,8,Delhi,4
1988,25,142385,Student,310,16,Delhi,5
1989,63,87010,Salaried,381,13,Hyderabad,5
1990,42,147915,Student,455,2,Kolkata,1
1991,34,65812,Salaried,465,8,Hyderabad,3
1992,46,31059,Self-employed,507,19,Mumbai,2
1993,25,101269,Salaried,323,17,Hyderabad,1
1994,32,40395,Salaried,631,16,Hyderabad,3
1995,44,35202,Self-employed,818,4,Pune,5
1996,63,118235,Salaried,810,19,Delhi,0
1997,67,60510,Salaried,540,5,Hyderabad,2
1998,69,102945,Salaried,480,2,Jaipur,0
1999,24,85649,Self-employed,592,15,Jaipur,5
2000,20,121723,Salaried,382,14,Delhi,5
2001,46,17881,Salaried,389,7,Kolkata,1
2002,61,60913,Salaried,738,8,Pune,0
2003,41,126860,Salaried,842,3,Kolkata,5
2004,20,99785,Salaried,492,12,Bangalore,2
2005,37,77457,Salaried,787,2,Mumbai,0
2006,63,20741,Salaried,648,6,Pune,0
2007,32,112091,Salaried,388,15,Ahmedabad,0
2008,42,43690,Student,422,16,Hyderabad,3
2009,47,47833,Self-employed,673,16,Pune,3
2010,31,117566,Unemployed,346,18,Jaipur,1
2011,24,86240,Salaried,732,19,Delhi,0
2012,34,121898,Retired,445,16,Kolkata,3
2013,61,92711,Salaried,302,1,Bangalore,2
2014,37,54023,Retired,829,4,Delhi,2
2015,53,55209,Salaried,613,15,Bangalore,5
2016,26,108590,Salaried,626,10,Chennai,0
2017,55,101612,Salaried,380,5,Delhi,1
2018,65,95522,Salaried,452,10,Delhi,5
2019,39,126654,Student,701,0,Ahmedabad,3
2020,19,134107,Self-employed,787,18,Bangalore,5
2021,41,37462,Retired,366,2,Bangalore,3
2022,25,32821,Self-employed,388,7,Chennai,3
2023,28,107889,Salaried,434,17,Kolkata,5
2024,30,103952,Salaried,501,12,Bangalore,1
2025,34,133066,Retired,727,0,Hyderabad,4
2026,25,94364,Self-employed,478,19,Lucknow,3
2027,38,85077,Self-employed,638,16,Bangalore,0
2028,35,55644,Salaried,378,4,Ahmedabad,3
2029,47,77643,Self-employed,832,11,Chennai,3
2030,35,28311,Unemployed,677,10,Kolkata,4
2031,63,144466,Salaried,464,17,Bangalore,5
2032,64,45531,Salaried,839,7,Kolkata,0
2033,48,29588,Salaried,454,12,Pune,0
2034,55,64416,Student,422,1,Bangalore,0
2035,49,36711,Salaried,501,15,Bangalore,3
2036,28,131348,Salaried,339,11,Mumbai,3
2037,62,37076,Salaried,468,7,Delhi,2
2038,42,99274,Self-employed,369,3,Chennai,4
2039,50,72609,Salaried,629,13,Jaipur,5
2040,55,73480,Salaried,739,8,Bangalore,0
2041,58,22044,Retired,698,10,Lucknow,0
2042,25,70486,Retired,792,15,Kolkata,2
2043,28,70162,Salaried,653,5,Jaipur,3
2044,39,44882,Self-employed,627,11,Chennai,2
2045,68,69078,Self-employed,797,18,Chennai,2
2046,41,73734,Salaried,718,15,Hyderabad,3
2047,58,123730,Salaried,802,12,Pune,1
2048,34,102985,Salaried,838,3,Hyderabad,5
2049,29,59028,Salaried,644,11,Chennai,4
2050,63,113938,Salaried,676,3,Pune,1
2051,49,133319,Student,594,16,Lucknow,1
2052,32,47543,Salaried,587,13,Bangalore,4
2053,33,139279,Self-employed,553,16,Bangalore,1
2054,39,44362,Salaried,733,0,Pune,3
2055,45,57915,Self-employed,800,19,Hyderabad,1
2056,37,66370,Salaried,384,0,Delhi,1
2057,50,126375,Self-employed,820,1,Mumbai,5
2058,27,84812,Student,812,16,Hyderabad,1
2059,57,49017,Student,815,0,Jaipur,3
2060,49,71792,Salaried,815,11,Bangalore,2
2061,67,144198,Self-employed,796,12,Jaipur,0
2062,50,32629,Unemployed,461,13,Hyderabad,4
2063,19,143614,Self-employed,826,9,Chennai,4
2064,50,111950,Salaried,664,11,Lucknow,3
2065,50,79829,Self-employed,843,17,Lucknow,0
2066,58,25588,Salaried,724,6,Lucknow,1
2067,30,146514,Unemployed,663,18,Delhi,5
2068,47,120280,Self-employed,407,14,Jaipur,4
2069,50,55721,Salaried,313,6,Kolkata,1
2070,30,25599,Salaried,322,13,Kolkata,5
2071,69,87594,Salaried,620,8,Delhi,3
2072,43,149011,Unemployed,809,4,Kolkata,5
2073,39,37149,Salaried,340,0,Hyderabad,3
2074,56,142616,Salaried,603,15,Delhi,5
2075,19,124034,Unemployed,714,4,Mumbai,3
2076,55,35951,Salaried,749,7,Hyderabad,2
2077,56,61766,Salaried,693,18,Jaipur,3
2078,43,72014,Self-employed,664,19,Jaipur,1
2079,63,102122,Salaried,728,11,Jaipur,2
2080,67,24308,Salaried,451,7,Kolkata,1
2081,32,74252,Salaried,558,7,Lucknow,5
2082,51,98211,Self-employed,522,5,Mumbai,3
2083,59,141534,Unemployed,565,19,Bangalore,2
2084,61,23720,Salaried,529,8,Ahmedabad,5
2085,66,141204,Salaried,738,1,Jaipur,0
2086,57,94993,Salaried,449,17,Chennai,3
2087,28,62113,Student,756,0,Bangalore,2
2088,20,63926,Salaried,435,10,Delhi,5
2089,23,40905,Unemployed,698,14,Kolkata,2
2090,26,65385,Salaried,442,11,Delhi,2
2091,23,45653,Unemployed,369,2,Jaipur,4
2092,26,106865,Self-employed,353,18,Lucknow,2
2093,56,140813,Self-employed,702,19,Jaipur,0
2094,48,30052,Salaried,326,18,Bangalore,3
2095,49,36381,Student,598,9,Chennai,3
2096,58,98108,Salaried,619,15,Jaipur,3
2097,67,64892,Salaried,744,5,Mumbai,2
2098,29,106501,Salaried,397,8,Pune,3
2099,25,98391,Unemployed,425,7,Delhi,0
2100,25,32920,Student,357,15,Jaipur,4
2101,67,31702,Self-employed,476,7,Bangalore,0
2102,45,16894,Self-employed,584,17,Hyderabad,4
2103,37,45985,Salaried,326,4,Kolkata,3
2104,64,140702,Student,750,19,Delhi,5
2105,24,88527,Student,622,11,Jaipur,1
2106,28,143676,Self-employed,549,5,Bangalore,4
2107,37,57235,Salaried,669,1,Hyderabad,0
2108,33,39976,Retired,389,3,Jaipur,0
2109,21,97643,Unemployed,430,15,Ahmedabad,5
2110,23,122631,Self-employed,824,13,Lucknow,1
2111,39,71697,Salaried,328,16,Kolkata,4
2112,43,85382,Self-employed,843,18,Hyderabad,4
2113,20,31651,Self-employed,385,3,Bangalore,0
2114,58,29633,Salaried,357,17,Kolkata,4
2115,59,94164,Salaried,356,11,Hyderabad,1
2116,31,15569,Salaried,693,1,Bangalore,4
2117,28,82509,Self-employed,324,5,Lucknow,4
2118,35,138425,Salaried,489,5,Delhi,1
2119,29,116126,Salaried,375,2,Lucknow,3
2120,40,142522,Student,670,7,Jaipur,4
2121,29,48038,Self-employed,805,11,Pune,5
2122,30,53138,Salaried,482,2,Chennai,0
2123,42,125740,Salaried,453,1,Bangalore,2
2124,62,126174,Unemployed,568,0,Chennai,0
2125,68,64272,Student,577,17,Jaipur,5
2126,36,66455,Salaried,639,17,Jaipur,0
2127,63,83447,Unemployed,322,7,Hyderabad,3
2128,53,92108,Salaried,731,13,Jaipur,3
2129,62,53333,Retired,825,12,Jaipur,0
2130,25,136219,Salaried,642,14,Hyderabad,4
2131,46,98029,Salaried,351,14,Kolkata,0
2132,49,54697,Salaried,638,12,Bangalore,5
2133,68,32634,Salaried,340,3,Mumbai,4
2134,61,140520,Self-employed,817,3,Chennai,1
2135,35,39561,Student,706,4,Mumbai,1
2136,23,70063,Student,437,2,Mumbai,3
2137,35,40921,Salaried,398,11,Hyderabad,2
2138,36,34340,Salaried,640,19,Kolkata,2
2139,39,77781,Salaried,615,11,Pune,5
2140,54,29901,Salaried,841,19,Mumbai,3
2141,49,25638,Self-employed,524,6,Mumbai,1
2142,58,59324,Salaried,560,6,Ahmedabad,3
2143,20,103356,Self-employed,546,0,Hyderabad,1
2144,45,47642,Self-employed,378,11,Ahmedabad,4
2145,27,40378,Salaried,772,2,Hyderabad,5
2146,68,65867,Self-employed,376,14,Hyderabad,1
2147,52,88686,Salaried,561,8,Lucknow,1
2148,46,57875,Salaried,301,19,Pune,1
2149,32,133171,Student,316,8,Delhi,2
2150,50,115061,Salaried,643,13,Bangalore,1
2151,24,79377,Salaried,311,2,Chennai,0
2152,29,69691,Self-employed,306,7,Mumbai,4
2153,66,64063,Salaried,545,5,Jaipur,2
2154,47,106782,Self-employed,456,11,Jaipur,0
2155,38,93343,Salaried,473,1,Chennai,2
2156,48,98071,Salaried,786,2,Mumbai,2
2157,41,136399,Unemployed,580,13,Mumbai,0
2158,37,46357,Self-employed,608,16,Hyderabad,3
2159,54,47314,Salaried,536,2,Delhi,5
2160,21,85283,Salaried,456,3,Mumbai,5
2161,45,74567,Unemployed,550,14,Lucknow,5
2162,61,62006,Salaried,520,6,Delhi,3
2163,37,76606,Self-employed,637,18,Pune,1
2164,41,33891,Self-employed,522,13,Chennai,0
2165,67,116732,Self-employed,510,15,Pune,1
2166,66,44877,Student,636,12,Pune,5
2167,68,29026,Self-employed,433,19,Chennai,3
2168,49,35422,Self-employed,794,16,Delhi,0
2169,58,48481,Student,846,16,Jaipur,0
2170,53,104180,Self-employed,482,9,Lucknow,0
2171,51,124384,Salaried,460,6,Lucknow,1
2172,53,73031,Salaried,686,19,Bangalore,2
2173,19,147818,Self-employed,496,16,Mumbai,2
2174,32,98127,Unemployed,783,11,Ahmedabad,5
2175,51,107254,Salaried,801,10,Chennai,2
2176,53,83232,Salaried,788,9,Jaipur,0
2177,23,95224,Unemployed,651,7,Ahmedabad,3
2178,56,44960,Self-employed,829,14,Pune,1
2179,59,102695,Salaried,533,17,Jaipur,1
2180,68,145066,Self-employed,708,12,Delhi,3
2181,68,17693,Retired,575,15,Chennai,2
2182,29,130313,Student,758,12,Kolkata,5
2183,20,43810,Self-employed,752,3,Kolkata,4
2184,62,35092,Salaried,712,10,Mumbai,3
2185,35,73105,Unemployed,317,18,Jaipur,2
2186,57,43555,Self-employed,371,7,Jaipur,0
2187,38,86934,Unemployed,677,9,Kolkata,3
2188,32,87788,Salaried,654,11,Lucknow,2
2189,50,92257,Salaried,450,19,Bangalore,1
2190,52,32939,Salaried,560,10,Ahmedabad,4
2191,43,143068,Salaried,379,19,Pune,4
2192,25,15036,Self-employed,405,3,Kolkata,4
2193,53,108948,Retired,822,18,Mumbai,2
2194,65,98707,Self-employed,702,19,Pune,2
2195,47,54051,Unemployed,429,9,Mumbai,0
2196,40,95738,Salaried,470,14,Mumbai,4
2197,59,88596,Student,705,12,Jaipur,1
2198,61,75071,Student,332,12,Hyderabad,5
2199,31,145613,Self-employed,835,17,Pune,4
2200,31,88601,Self-employed,496,6,Delhi,3
2201,19,44873,Self-employed,345,13,Ahmedabad,3
2202,54,86468,Self-employed,573,4,Pune,1
2203,22,41470,Salaried,432,8,Kolkata,2
2204,55,23328,Student,563,16,Ahmedabad,5
2205,62,136173,Retired,666,4,Delhi,4
2206,58,61638,Salaried,304,15,Hyderabad,5
2207,64,26268,Self-employed,568,8,Chennai,3
2208,31,128920,Self-employed,720,16,Pune,1
2209,56,125379,Self-employed,645,17,Hyderabad,0
2210,42,22887,Self-employed,368,2,Hyderabad,3
2211,37,39918,Unemployed,657,4,Kolkata,3
2212,19,50497,Salaried,685,16,Kolkata,4
2213,56,108562,Salaried,624,19,Delhi,2
2214,23,26929,Student,780,3,Pune,3
2215,34,117201,Self-employed,478,3,Pune,3
2216,42,131566,Student,555,6,Ahmedabad,4
2217,45,43546,Salaried,718,7,Chennai,2
2218,19,97494,Salaried,510,1,Jaipur,5
2219,52,61566,Unemployed,666,9,Lucknow,0
2220,54,100464,Salaried,465,4,Bangalore,5
2221,22,143279,Student,513,16,Bangalore,0
2222,18,96991,Student,828,6,Delhi,0
2223,57,107680,Self-employed,472,1,Lucknow,0
2224,29,43013,Salaried,428,5,Pune,2
2225,53,67132,Self-employed,302,9,Lucknow,0
2226,62,122855,Unemployed,369,8,Delhi,4
2227,40,106627,Salaried,351,4,Pune,4
2228,64,137772,Salaried,736,2,Bangalore,4
2229,48,79068,Salaried,677,10,Mumbai,0
2230,28,31116,Salaried,393,9,Ahmedabad,4
2231,27,66369,Unemployed,385,15,Ahmedabad,4
2232,20,118100,Unemployed,817,19,Lucknow,1
2233,31,44655,Retired,729,18,Mumbai,0
2234,33,62632,Self-employed,342,0,Hyderabad,4
2235,27,33895,Student,669,10,Chennai,5
2236,46,38086,Salaried,703,14,Kolkata,2
2237,27,100637,Self-employed,602,6,Ahmedabad,4
2238,29,122334,Self-employed,481,7,Ahmedabad,1
2239,47,78083,Unemployed,468,15,Pune,2
2240,58,110028,Student,502,17,Kolkata,2
2241,18,81957,Unemployed,842,10,Hyderabad,5
2242,22,112551,Unemployed,401,0,Ahmedabad,5
2243,37,93506,Unemployed,645,15,Kolkata,5
2244,25,109024,Salaried,741,3,Bangalore,3
2245,60,96481,Student,549,5,Jaipur,1
2246,29,15255,Self-employed,482,10,Jaipur,1
2247,18,30487,Salaried,601,5,Lucknow,4
2248,37,34346,Salaried,579,9,Mumbai,1
2249,45,50050,Self-employed,388,5,Pune,2
2250,60,23744,Salaried,724,9,Chennai,2
2251,54,76596,Salaried,584,4,Hyderabad,4
2252,64,134640,Self-employed,429,8,Pune,2
2253,54,70032,Unemployed,547,6,Ahmedabad,4
2254,29,57687,Student,488,16,Kolkata,5
2255,54,77863,Salaried,390,11,Kolkata,3
2256,66,146663,Salaried,464,10,Hyderabad,1
2257,66,21277,Salaried,847,5,Pune,1
2258,61,76860,Salaried,629,10,Kolkata,1
2259,45,148332,Salaried,840,10,Kolkata,3
2260,64,39741,Retired,379,13,Chennai,1
2261,32,134720,Self-employed,468,15,Mumbai,5
2262,23,52211,Salaried,844,1,Pune,3
2263,61,21869,Salaried,392,1,Pune,3
2264,37,102616,Self-employed,678,4,Hyderabad,4
2265,67,109515,Self-employed,508,13,Lucknow,5
2266,31,75110,Salaried,493,9,Delhi,0
2267,19,49033,Retired,563,9,Delhi,0
2268,26,60213,Salaried,546,17,Hyderabad,4
2269,54,27938,Salaried,747,19,Jaipur,4
2270,37,145842,Salaried,820,8,Kolkata,4
2271,43,17274,Self-employed,778,3,Pune,1
2272,46,99390,Salaried,576,16,Delhi,2
2273,18,35044,Salaried,428,1,Hyderabad,4
2274,52,114372,Salaried,601,13,Hyderabad,3
2275,23,29706,Self-employed,813,0,Lucknow,0
2276,54,91464,Salaried,659,6,Hyderabad,1
2277,22,36213,Salaried,656,3,Hyderabad,5
2278,50,16950,Salaried,765,8,Chennai,2
2279,66,25411,Salaried,471,2,Kolkata,0
2280,68,143603,Self-employed,387,4,Chennai,0
2281,31,77744,Salaried,799,9,Hyderabad,0
2282,29,50053,Salaried,382,9,Jaipur,3
2283,59,72623,Self-employed,816,3,Kolkata,3
2284,37,44714,Salaried,621,16,Kolkata,3
2285,67,124283,Salaried,764,16,Bangalore,2
2286,41,23562,Salaried,440,18,Pune,0
2287,60,70048,Unemployed,435,5,Kolkata,4
2288,51,108295,Self-employed,629,0,Delhi,2
2289,42,27026,Student,694,13,Jaipur,3
2290,67,121147,Unemployed,455,12,Kolkata,3
2291,46,46589,Retired,338,2,Pune,3
2292,56,123199,Student,581,1,Pune,5
2293,48,112274,Self-employed,837,6,Lucknow,1
2294,64,41844,Salaried,843,11,Ahmedabad,5
2295,60,105415,Salaried,345,1,Chennai,0
2296,67,69708,Self-employed,543,10,Pune,4
2297,40,85825,Retired,846,15,Bangalore,0
2298,61,66574,Salaried,749,4,Jaipur,2
2299,55,100548,Self-employed,577,16,Ahmedabad,1
2300,37,79230,Salaried,705,2,Lucknow,2
2301,40,55581,Salaried,345,13,Jaipur,3
2302,62,40105,Salaried,819,15,Delhi,3
2303,69,94830,Self-employed,570,16,Chennai,4
2304,33,84157,Salaried,537,18,Mumbai,0
2305,67,102235,Self-employed,466,3,Ahmedabad,2
2306,59,17347,Unemployed,675,19,Chennai,5
2307,25,62650,Unemployed,500,19,Chennai,3
2308,67,139926,Salaried,531,8,Pune,4
2309,38,96147,Unemployed,745,10,Hyderabad,4
2310,18,63135,Salaried,717,4,Bangalore,2
2311,25,34199,Salaried,453,10,Ahmedabad,0
2312,46,116583,Self-employed,667,12,Delhi,1
2313,49,107290,Salaried,386,1,Mumbai,4
2314,55,135787,Salaried,829,1,Delhi,2
2315,22,129427,Salaried,353,9,Jaipur,3
2316,64,102493,Self-employed,341,12,Kolkata,1
2317,39,146706,Salaried,648,4,Kolkata,1
2318,64,27771,Self-employed,529,10,Hyderabad,0
2319,51,140607,Self-employed,735,14,Bangalore,2
2320,18,94876,Self-employed,440,4,Mumbai,0
2321,43,74648,Unemployed,587,19,Ahmedabad,4
2322,60,90783,Salaried,621,4,Pune,4
2323,27,59440,Salaried,741,6,Ahmedabad,5
2324,47,46655,Salaried,466,9,Jaipur,2
2325,67,58039,Salaried,762,1,Delhi,3
2326,35,70255,Self-employed,755,0,Kolkata,5
2327,34,87219,Salaried,372,19,Delhi,5
2328,43,26244,Salaried,569,0,Ahmedabad,4
2329,25,109594,Student,518,3,Chennai,4
2330,64,73595,Self-employed,846,14,Chennai,3
2331,57,118898,Self-employed,482,14,Lucknow,5
2332,66,43371,Student,377,5,Ahmedabad,1
2333,29,20914,Student,607,5,Pune,2
2334,44,42180,Self-employed,627,0,Mumbai,1
2335,25,149760,Salaried,720,6,Pune,0
2336,42,95219,Retired,535,4,Lucknow,3
2337,63,93616,Self-employed,761,16,Bangalore,2
2338,21,110213,Salaried,838,6,Kolkata,3
2339,50,52805,Salaried,337,3,Ahmedabad,3
2340,18,141599,Self-employed,725,2,Hyderabad,1
2341,36,89176,Unemployed,733,11,Ahmedabad,1
2342,48,109799,Salaried,658,14,Kolkata,0
2343,33,113385,Salaried,330,19,Lucknow,2
2344,31,103919,Unemployed,504,8,Jaipur,3
2345,65,96462,Unemployed,480,11,Hyderabad,5
2346,22,46159,Salaried,339,4,Jaipur,0
2347,58,57039,Salaried,722,7,Chennai,3
2348,43,62800,Self-employed,456,14,Delhi,0
2349,45,55761,Salaried,467,6,Ahmedabad,3
2350,19,109626,Unemployed,381,18,Kolkata,1
2351,67,133368,Salaried,401,12,Delhi,4
2352,23,95903,Salaried,388,0,Hyderabad,0
2353,26,133998,Salaried,644,10,Bangalore,0
2354,50,74894,Salaried,609,12,Mumbai,4
2355,58,66444,Salaried,739,1,Hyderabad,1
2356,42,76748,Salaried,458,18,Ahmedabad,0
2357,65,56190,Student,413,10,Mumbai,1
2358,30,55318,Salaried,835,0,Bangalore,5
2359,26,139078,Unemployed,462,0,Hyderabad,3
2360,30,54759,Salaried,585,7,Lucknow,5
2361,48,31498,Self-employed,354,12,Bangalore,3
2362,58,40989,Salaried,332,7,Pune,4
2363,28,132035,Salaried,495,1,Hyderabad,2
2364,21,81577,Self-employed,747,7,Jaipur,1
2365,51,120231,Self-employed,391,13,Hyderabad,2
2366,55,104900,Student,527,1,Pune,2
2367,63,119679,Student,585,12,Delhi,1
2368,21,38482,Self-employed,534,4,Lucknow,2
2369,55,84212,Salaried,401,0,Chennai,0
2370,36,45048,Unemployed,439,8,Kolkata,3
2371,23,149137,Self-employed,565,19,Delhi,5
2372,51,148108,Retired,641,9,Lucknow,4
2373,35,50814,Student,834,10,Lucknow,1
2374,30,144493,Salaried,822,17,Lucknow,4
2375,58,75204,Salaried,315,16,Pune,5
2376,40,47844,Self-employed,635,5,Chennai,3
2377,36,96943,Self-employed,689,10,Jaipur,4
2378,62,36518,Self-employed,469,3,Ahmedabad,1
2379,28,38052,Student,418,0,Lucknow,4
2380,18,84803,Salaried,341,0,Jaipur,2
2381,41,86524,Salaried,309,17,Ahmedabad,2
2382,24,104572,Salaried,729,4,Kolkata,3
2383,42,82021,Self-employed,767,15,Jaipur,2
2384,38,35043,Self-employed,348,1,Kolkata,4
2385,32,17419,Salaried,506,8,Ahmedabad,0
2386,18,136831,Self-employed,813,1,Chennai,4
2387,29,116799,Salaried,509,4,Kolkata,0
2388,24,72600,Salaried,438,19,Chennai,4
2389,32,131467,Self-employed,336,16,Delhi,0
2390,38,93497,Salaried,517,18,Chennai,0
2391,36,123611,Self-employed,755,9,Kolkata,1
2392,46,75692,Student,811,7,Hyderabad,1
2393,42,77112,Unemployed,577,19,Chennai,5
2394,50,31360,Salaried,479,10,Lucknow,4
2395,66,98038,Salaried,816,12,Chennai,2
2396,49,18017,Self-employed,429,12,Hyderabad,1
2397,66,101261,Student,658,8,Pune,0
2398,52,81320,Student,303,4,Pune,4
2399,61,46127,Salaried,382,17,Chennai,2
2400,55,149268,Salaried,453,7,Kolkata,4
2401,43,90088,Self-employed,805,19,Bangalore,0
2402,28,46921,Self-employed,808,13,Kolkata,1
2403,52,19746,Salaried,396,1,Lucknow,1
2404,25,83535,Salaried,581,15,Kolkata,3
2405,63,80350,Self-employed,837,0,Chennai,3
2406,31,96131,Salaried,728,12,Hyderabad,5
2407,27,37063,Salaried,842,17,Kolkata,5
2408,19,132116,Salaried,425,0,Ahmedabad,5
2409,63,103913,Salaried,600,6,Delhi,4
2410,26,93946,Self-employed,842,3,Hyderabad,4
2411,20,149670,Salaried,666,9,Delhi,2
2412,38,25564,Salaried,344,7,Hyderabad,5
2413,43,64725,Salaried,792,2,Chennai,1
2414,25,101134,Salaried,615,6,Mumbai,5
2415,65,120940,Self-employed,488,15,Hyderabad,1
2416,19,77085,Salaried,351,19,Bangalore,5
2417,23,32862,Self-employed,631,9,Pune,3
2418,45,25265,Salaried,798,12,Bangalore,0
2419,46,77471,Salaried,617,0,Lucknow,0
2420,43,106080,Salaried,709,6,Chennai,5
2421,42,70828,Salaried,622,9,Jaipur,3
2422,29,131884,Self-employed,529,11,Pune,4
2423,22,123007,Salaried,643,13,Chennai,5
2424,51,61104,Student,670,10,Delhi,5
2425,65,55934,Salaried,591,16,Kolkata,1
2426,54,129420,Salaried,736,8,Ahmedabad,1
2427,32,21050,Salaried,546,7,Delhi,5
2428,61,23484,Student,518,9,Jaipur,1
2429,53,77648,Salaried,833,3,Kolkata,0
2430,32,74945,Salaried,818,4,Hyderabad,4
2431,60,46323,Salaried,771,17,Pune,5
2432,65,101332,Salaried,649,5,Jaipur,0
2433,40,109605,Unemployed,343,9,Pune,4
2434,23,25315,Self-employed,364,17,Chennai,3
2435,63,62968,Student,545,10,Kolkata,4
2436,67,24107,Self-employed,370,4,Bangalore,0
2437,61,70781,Self-employed,457,2,Mumbai,1
2438,60,18869,Salaried,774,17,Bangalore,0
2439,62,95983,Self-employed,324,3,Mumbai,3
2440,38,22971,Salaried,522,7,Kolkata,1
2441,40,111805,Salaried,459,16,Pune,0
2442,60,40651,Self-employed,374,9,Jaipur,1
2443,33,71974,Student,437,18,Chennai,3
2444,64,38446,Self-employed,778,0,Lucknow,4
2445,32,18823,Self-employed,602,1,Lucknow,4
2446,42,82965,Salaried,686,10,Mumbai,2
2447,53,25510,Salaried,771,14,Pune,1
2448,28,120935,Salaried,633,0,Bangalore,5
2449,68,84134,Self-employed,608,8,Mumbai,3
2450,32,87254,Retired,827,7,Chennai,0
2451,21,129780,Salaried,839,0,Jaipur,5
2452,38,140544,Salaried,462,9,Hyderabad,0
2453,30,80587,Salaried,354,16,Hyderabad,2
2454,39,97238,Unemployed,754,17,Pune,0
2455,36,90720,Self-employed,604,15,Mumbai,3
2456,51,93004,Salaried,401,1,Kolkata,3
2457,31,37072,Retired,687,16,Chennai,4
2458,21,96015,Student,507,3,Chennai,1
2459,65,87746,Salaried,614,6,Pune,1
2460,69,117260,Unemployed,348,8,Delhi,0
2461,63,143259,Salaried,817,2,Kolkata,1
2462,44,45916,Salaried,447,19,Pune,2
2463,46,42268,Salaried,510,4,Bangalore,1
2464,64,38259,Student,671,17,Delhi,5
2465,45,94400,Self-employed,346,16,Mumbai,0
2466,52,49293,Salaried,798,6,Kolkata,1
2467,25,126581,Retired,454,13,Kolkata,5
2468,33,22043,Salaried,529,14,Chennai,3
2469,59,122009,Self-employed,599,13,Ahmedabad,3
2470,53,53893,Self-employed,457,8,Delhi,4
2471,47,41309,Salaried,546,15,Chennai,4
2472,35,38284,Salaried,450,18,Kolkata,4
2473,19,141801,Unemployed,598,0,Jaipur,4
2474,66,128259,Salaried,353,7,Bangalore,1
2475,30,115804,Self-employed,522,17,Mumbai,5
2476,21,84000,Self-employed,766,1,Chennai,0
2477,43,99179,Self-employed,785,3,Lucknow,1
2478,42,80049,Salaried,743,0,Hyderabad,0
2479,47,44265,Salaried,437,18,Pune,0
2480,28,38880,Salaried,591,10,Chennai,0
2481,24,99579,Unemployed,509,5,Chennai,0
2482,48,146327,Salaried,510,18,Hyderabad,3
2483,61,147574,Salaried,687,13,Mumbai,5
2484,27,80424,Unemployed,695,18,Kolkata,0
2485,56,85966,Student,423,12,Bangalore,1
2486,30,82396,Salaried,423,11,Ahmedabad,0
2487,48,86694,Retired,367,9,Kolkata,3
2488,24,32106,Self-employed,774,18,Pune,1
2489,66,71731,Salaried,657,10,Ahmedabad,5
2490,59,90010,Salaried,755,11,Ahmedabad,2
2491,59,47599,Self-employed,645,6,Delhi,1
2492,53,86326,Student,820,7,Delhi,3
2493,37,90706,Salaried,797,16,Lucknow,5
2494,21,24004,Salaried,627,2,Kolkata,3
2495,24,130018,Salaried,629,5,Bangalore,4
2496,18,40792,Self-employed,726,11,Lucknow,2
2497,61,69645,Salaried,742,14,Mumbai,0
2498,62,22232,Salaried,394,6,Ahmedabad,3
2499,59,69766,Self-employed,750,5,Hyderabad,4
2500,64,135601,Student,616,11,Bangalore,4
2501,30,96588,Self-employed,786,11,Ahmedabad,5
2502,39,20913,Salaried,304,3,Mumbai,0
2503,38,127406,Salaried,670,8,Bangalore,5
2504,39,128693,Salaried,487,16,Jaipur,1
2505,45,108449,Retired,325,1,Hyderabad,2
2506,26,25567,Student,461,4,Mumbai,0
2507,43,53379,Salaried,429,9,Jaipur,5
2508,26,15319,Salaried,832,5,Pune,0
2509,32,105005,Self-employed,709,5,Mumbai,1
2510,27,125990,Self-employed,372,4,Mumbai,1
2511,41,19791,Salaried,532,7,Kolkata,3
2512,59,146401,Student,405,2,Chennai,1
2513,25,76032,Student,308,13,Ahmedabad,1
2514,41,103662,Self-employed,349,4,Delhi,2
2515,33,36300,Unemployed,821,14,Hyderabad,5
2516,66,90700,Student,741,8,Ahmedabad,5
2517,43,70609,Student,335,14,Mumbai,2
2518,44,105045,Retired,501,18,Bangalore,2
2519,54,76901,Salaried,417,15,Mumbai,0
2520,21,20703,Salaried,468,7,Pune,2
2521,67,78115,Unemployed,811,14,Mumbai,2
2522,41,42676,Student,529,10,Jaipur,4
2523,36,136332,Unemployed,449,3,Ahmedabad,2
2524,53,44802,Salaried,507,9,Bangalore,0
2525,56,105331,Self-employed,360,9,Chennai,5
2526,27,139786,Salaried,416,1,Jaipur,4
2527,42,80169,Self-employed,538,7,Lucknow,0
2528,35,83147,Salaried,347,7,Hyderabad,0
2529,36,37075,Salaried,747,8,Kolkata,4
2530,53,97015,Salaried,767,1,Kolkata,4
2531,27,24304,Self-employed,592,13,Mumbai,4
2532,50,144851,Salaried,724,19,Mumbai,4
2533,67,135729,Salaried,816,1,Bangalore,0
2534,22,74622,Salaried,504,3,Delhi,4
2535,64,69215,Salaried,479,2,Lucknow,1
2536,66,88973,Unemployed,828,13,Mumbai,5
2537,52,123654,Salaried,389,15,Kolkata,2
2538,61,39028,Salaried,799,14,Bangalore,2
2539,51,54328,Student,407,6,Pune,5
2540,50,42301,Self-employed,489,17,Ahmedabad,1
2541,38,53015,Self-employed,479,19,Lucknow,5
2542,34,51845,Self-employed,319,5,Hyderabad,0
2543,39,101818,Unemployed,658,15,Kolkata,0
2544,65,91394,Salaried,306,10,Lucknow,2
2545,54,58714,Retired,621,1,Kolkata,3
2546,32,95722,Student,567,1,Mumbai,5
2547,52,40230,Self-employed,726,13,Hyderabad,1
2548,45,107554,Self-employed,595,8,Hyderabad,1
2549,24,64262,Self-employed,812,11,Bangalore,2
2550,49,56722,Salaried,686,2,Chennai,4
2551,28,77796,Salaried,563,4,Chennai,5
2552,27,102052,Retired,389,8,Hyderabad,3
2553,26,115808,Self-employed,787,2,Ahmedabad,0
2554,31,106951,Salaried,560,17,Jaipur,0
2555,30,65886,Student,787,1,Jaipur,0
2556,42,118424,Self-employed,640,3,Kolkata,0
2557,19,119697,Salaried,628,12,Ahmedabad,1
2558,52,111299,Self-employed,700,16,Ahmedabad,1
2559,24,29497,Self-employed,656,8,Lucknow,4
2560,38,147888,Salaried,798,18,Chennai,1
2561,35,133915,Retired,734,13,Chennai,4
2562,20,107019,Salaried,418,12,Bangalore,4
2563,59,124017,Salaried,346,4,Kolkata,0
2564,56,84385,Salaried,467,17,Ahmedabad,0
2565,58,120153,Self-employed,647,14,Ahmedabad,1
2566,66,48826,Salaried,803,10,Jaipur,1
2567,28,125034,Salaried,838,18,Mumbai,4
2568,56,99242,Student,595,4,Chennai,2
2569,41,138066,Salaried,812,6,Hyderabad,0
2570,63,65100,Student,473,1,Kolkata,3
2571,36,140170,Self-employed,694,18,Chennai,2
2572,21,111205,Retired,829,15,Bangalore,0
2573,43,27809,Self-employed,602,2,Delhi,0
2574,55,79450,Salaried,501,9,Jaipur,1
2575,59,53428,Salaried,832,11,Lucknow,3
2576,49,87790,Unemployed,455,1,Bangalore,5
2577,56,126126,Student,313,7,Chennai,3
2578,62,105321,Salaried,319,8,Mumbai,0
2579,63,17093,Self-employed,756,19,Mumbai,5
2580,53,59498,Salaried,472,11,Lucknow,5
2581,57,131251,Retired,744,4,Jaipur,4
2582,54,55985,Unemployed,421,12,Chennai,3
2583,50,47009,Retired,796,4,Lucknow,2
2584,53,143515,Unemployed,483,14,Chennai,4
2585,20,32718,Unemployed,348,4,Hyderabad,1
2586,26,31705,Salaried,480,4,Delhi,0
2587,25,102618,Student,693,3,Hyderabad,0
2588,50,77598,Self-employed,692,15,Pune,2
2589,23,92878,Retired,647,17,Mumbai,2
2590,58,27239,Self-employed,775,9,Ahmedabad,5
2591,56,61622,Salaried,440,19,Hyderabad,1
2592,21,61665,Self-employed,829,2,Jaipur,1
2593,30,47274,Self-employed,770,9,Chennai,5
2594,66,123368,Salaried,562,12,Delhi,5
2595,19,123563,Salaried,442,2,Jaipur,3
2596,22,108103,Self-employed,445,3,Ahmedabad,4
2597,61,81446,Salaried,593,12,Delhi,0
2598,44,44072,Salaried,837,13,Ahmedabad,3
2599,49,48717,Salaried,808,3,Ahmedabad,1
2600,38,132202,Unemployed,721,11,Kolkata,2
2601,25,137389,Student,716,15,Pune,3
2602,55,124525,Salaried,406,9,Pune,2
2603,25,19646,Student,617,19,Chennai,5
2604,67,54713,Self-employed,358,16,Hyderabad,4
2605,20,82936,Salaried,557,6,Lucknow,2
2606,61,37185,Salaried,724,3,Hyderabad,0
2607,20,99263,Self-employed,830,11,Hyderabad,4
2608,39,67107,Salaried,465,9,Jaipur,2
2609,23,32563,Student,324,1,Delhi,3
2610,19,85729,Salaried,303,13,Lucknow,0
2611,40,30701,Salaried,302,7,Ahmedabad,0
2612,61,143331,Retired,717,9,Ahmedabad,1
2613,19,114280,Salaried,661,5,Mumbai,1
2614,55,53665,Self-employed,668,1,Delhi,3
2615,34,30957,Salaried,838,13,Chennai,5
2616,52,61008,Salaried,645,10,Kolkata,1
2617,51,76920,Salaried,343,1,Kolkata,2
2618,40,128828,Salaried,452,3,Hyderabad,5
2619,47,138852,Salaried,501,5,Pune,1
2620,69,147698,Salaried,620,3,Mumbai,0
2621,25,105815,Self-employed,763,4,Pune,3
2622,39,53311,Self-employed,310,5,Hyderabad,2
2623,61,47356,Salaried,526,8,Kolkata,0
2624,53,18809,Unemployed,632,15,Hyderabad,0
2625,22,49875,Salaried,768,10,Ahmedabad,4
2626,30,24465,Salaried,314,10,Hyderabad,1
2627,46,88844,Self-employed,356,9,Kolkata,5
2628,48,101889,Salaried,629,0,Hyderabad,2
2629,64,30250,Salaried,363,16,Jaipur,3
2630,33,61023,Salaried,529,7,Mumbai,3
2631,59,116350,Student,310,15,Bangalore,3
2632,47,31427,Self-employed,523,5,Bangalore,4
2633,33,86643,Salaried,841,13,Jaipur,2
2634,29,149511,Salaried,805,1,Bangalore,0
2635,34,93672,Student,821,8,Hyderabad,5
2636,33,32300,Self-employed,353,3,Jaipur,4
2637,29,75289,Salaried,456,18,Lucknow,5
2638,25,34659,Salaried,704,16,Kolkata,5
2639,37,25360,Salaried,698,0,Lucknow,1
2640,20,36424,Self-employed,702,1,Jaipur,0
2641,33,113035,Student,388,16,Jaipur,3
2642,47,63791,Salaried,485,1,Hyderabad,1
2643,62,149137,Salaried,378,2,Ahmedabad,2
2644,40,27300,Unemployed,444,3,Jaipur,2
2645,45,48370,Self-employed,313,12,Jaipur,5
2646,68,42209,Self-employed,301,11,Ahmedabad,4
2647,57,35927,Salaried,815,4,Chennai,2
2648,22,49579,Self-employed,365,13,Ahmedabad,3
2649,37,24032,Self-employed,545,5,Delhi,4
2650,57,108254,Salaried,729,0,Bangalore,4
2651,61,93413,Retired,531,15,Jaipur,3
2652,18,128528,Unemployed,735,5,Lucknow,2
2653,47,138916,Self-employed,652,12,Chennai,1
2654,38,87302,Self-employed,682,12,Delhi,4
2655,37,100757,Salaried,359,10,Bangalore,1
2656,23,30932,Salaried,769,15,Pune,1
2657,39,40714,Salaried,710,13,Jaipur,1
2658,35,72803,Student,382,10,Pune,5
2659,25,148624,Salaried,373,4,Ahmedabad,1
2660,56,71627,Unemployed,610,9,Bangalore,3
2661,49,94810,Salaried,753,14,Pune,0
2662,50,60380,Self-employed,325,6,Mumbai,2
2663,33,79686,Self-employed,725,2,Hyderabad,0
2664,29,135321,Self-employed,676,10,Bangalore,5
2665,55,60028,Unemployed,542,8,Delhi,0
2666,69,128141,Retired,622,9,Chennai,4
2667,51,70248,Salaried,479,3,Jaipur,0
2668,31,25523,Salaried,565,19,Hyderabad,0
2669,53,60530,Salaried,849,17,Jaipur,3
2670,50,28769,Self-employed,679,13,Ahmedabad,1
2671,40,127035,Salaried,376,8,Kolkata,0
2672,67,94782,Self-employed,823,19,Ahmedabad,0
2673,62,93382,Salaried,348,15,Delhi,5
2674,19,125939,Self-employed,553,1,Ahmedabad,4
2675,58,93712,Student,679,6,Mumbai,2
2676,38,133643,Self-employed,548,4,Bangalore,4
2677,19,122417,Self-employed,371,16,Pune,2
2678,44,143256,Salaried,746,10,Chennai,2
2679,26,116422,Salaried,805,3,Pune,2
2680,18,104300,Self-employed,552,16,Mumbai,3
2681,28,21630,Salaried,598,4,Pune,3
2682,20,139474,Unemployed,359,3,Bangalore,1
2683,69,113869,Unemployed,656,9,Delhi,2
2684,40,30701,Student,456,2,Jaipur,3
2685,43,112285,Salaried,641,5,Delhi,3
2686,21,132556,Self-employed,501,7,Bangalore,5
2687,35,30021,Salaried,334,4,Bangalore,5
2688,23,79361,Salaried,834,7,Chennai,5
2689,52,147317,Salaried,755,9,Pune,0
2690,39,25355,Salaried,464,18,Pune,2
2691,60,113841,Salaried,327,3,Jaipur,4
2692,32,32198,Salaried,671,5,Lucknow,5
2693,39,81951,Retired,613,2,Ahmedabad,0
2694,54,147724,Salaried,583,3,Hyderabad,3
2695,69,33740,Unemployed,597,3,Hyderabad,3
2696,59,18810,Salaried,774,4,Kolkata,3
2697,29,138743,Salaried,648,14,Delhi,3
2698,64,114855,Self-employed,744,15,Hyderabad,4
2699,66,41783,Self-employed,506,5,Hyderabad,1
2700,59,136701,Salaried,716,17,Kolkata,1
2701,55,93047,Salaried,738,11,Hyderabad,2
2702,35,24471,Salaried,464,19,Kolkata,5
2703,62,125771,Salaried,719,6,Chennai,3
2704,52,21163,Self-employed,670,11,Bangalore,2
2705,47,77071,Self-employed,565,13,Mumbai,4
2706,41,31065,Salaried,578,12,Chennai,2
2707,59,137323,Unemployed,781,10,Jaipur,1
2708,47,132969,Salaried,816,10,Pune,1
2709,31,98456,Self-employed,381,1,Pune,5
2710,23,34154,Student,418,13,Pune,1
2711,20,120703,Retired,602,14,Chennai,2
2712,33,35229,Salaried,514,0,Pune,3
2713,24,67587,Self-employed,327,11,Delhi,0
2714,69,64713,Salaried,797,13,Ahmedabad,1
2715,31,36101,Self-employed,836,17,Lucknow,2
2716,26,55391,Salaried,818,2,Ahmedabad,0
2717,32,87723,Salaried,493,11,Jaipur,1
2718,38,115264,Unemployed,741,4,Kolkata,1
2719,52,52921,Salaried,335,2,Lucknow,4
2720,19,43460,Unemployed,557,6,Ahmedabad,1
2721,44,106725,Unemployed,412,15,Delhi,0
2722,19,73445,Self-employed,593,19,Lucknow,0
2723,52,97208,Salaried,313,16,Lucknow,3
2724,35,121283,Salaried,439,7,Ahmedabad,0
2725,31,100779,Retired,670,14,Lucknow,2
2726,37,18060,Salaried,726,19,Jaipur,2
2727,35,140806,Self-employed,396,14,Hyderabad,5
2728,27,28731,Self-employed,787,7,Hyderabad,5
2729,42,92830,Unemployed,641,10,Chennai,5
2730,19,130871,Student,791,9,Ahmedabad,1
2731,42,35719,Self-employed,799,17,Pune,3
2732,50,64116,Salaried,731,8,Jaipur,1
2733,53,41325,Salaried,488,15,Mumbai,3
2734,48,29551,Salaried,381,0,Lucknow,4
2735,31,108287,Unemployed,479,5,Ahmedabad,3
2736,18,39278,Self-employed,714,1,Ahmedabad,4
2737,63,30141,Student,404,12,Jaipur,5
2738,33,82913,Self-employed,680,5,Pune,4
2739,63,48615,Self-employed,628,8,Jaipur,1
2740,69,137058,Salaried,548,13,Lucknow,2
2741,20,127684,Salaried,371,6,Ahmedabad,3
2742,52,42452,Salaried,432,4,Jaipur,1
2743,58,65391,Self-employed,539,6,Jaipur,4
2744,23,135288,Salaried,377,2,Mumbai,4
2745,42,128535,Self-employed,760,12,Bangalore,0
2746,30,101711,Self-employed,424,11,Hyderabad,0
2747,51,92850,Salaried,310,5,Pune,3
2748,25,124733,Salaried,767,1,Chennai,2
2749,38,17365,Salaried,706,14,Lucknow,0
2750,51,112662,Salaried,326,14,Delhi,5
2751,21,58372,Self-employed,506,17,Chennai,5
2752,42,59134,Salaried,521,16,Hyderabad,4
2753,32,52823,Student,611,2,Chennai,1
2754,21,86158,Student,681,2,Lucknow,2
2755,62,111076,Salaried,614,8,Delhi,3
2756,29,148021,Self-employed,507,9,Jaipur,1
2757,49,64396,Self-employed,595,11,Mumbai,3
2758,49,123336,Self-employed,701,0,Lucknow,1
2759,45,46912,Salaried,734,3,Pune,1
2760,30,71947,Salaried,421,4,Jaipur,2
2761,48,59387,Salaried,405,16,Bangalore,3
2762,31,31508,Salaried,335,4,Hyderabad,0
2763,37,60592,Student,849,3,Jaipur,1
2764,35,124249,Self-employed,371,14,Jaipur,5
2765,46,16919,Unemployed,466,9,Chennai,1
2766,23,57595,Salaried,520,4,Ahmedabad,5
2767,49,48298,Salaried,375,13,Ahmedabad,0
2768,46,29456,Self-employed,510,12,Pune,2
2769,60,124599,Salaried,527,18,Hyderabad,2
2770,19,101676,Salaried,752,7,Bangalore,2
2771,40,98721,Self-employed,786,11,Chennai,4
2772,36,52924,Salaried,773,19,Jaipur,4
2773,48,39240,Self-employed,789,18,Lucknow,2
2774,68,102381,Salaried,675,18,Pune,2
2775,22,24228,Self-employed,530,5,Ahmedabad,0
2776,36,36686,Student,524,7,Hyderabad,4
2777,51,26920,Salaried,774,9,Mumbai,5
2778,27,22432,Unemployed,379,16,Jaipur,3
2779,42,125507,Self-employed,509,0,Bangalore,2
2780,19,145509,Unemployed,596,18,Bangalore,2
2781,28,86725,Salaried,471,11,Jaipur,2
2782,67,136764,Self-employed,388,1,Chennai,1
2783,48,74099,Salaried,525,16,Ahmedabad,4
2784,32,127557,Student,442,6,Chennai,3
2785,26,101760,Self-employed,353,13,Delhi,1
2786,40,33013,Salaried,495,13,Kolkata,1
2787,36,36446,Unemployed,788,11,Bangalore,3
2788,26,120209,Salaried,597,15,Chennai,3
2789,52,117261,Salaried,729,17,Bangalore,3
2790,38,110739,Self-employed,836,7,Mumbai,3
2791,26,15557,Self-employed,799,1,Chennai,5
2792,45,145878,Salaried,505,10,Jaipur,3
2793,63,114143,Salaried,436,0,Pune,5
2794,68,39578,Retired,707,9,Hyderabad,2
2795,24,89779,Self-employed,578,17,Lucknow,5
2796,33,72500,Salaried,744,15,Jaipur,5
2797,33,87534,Salaried,570,1,Chennai,3
2798,50,25129,Retired,740,16,Hyderabad,3
2799,21,26596,Self-employed,527,15,Bangalore,4
2800,21,80355,Unemployed,426,18,Bangalore,2
2801,56,27974,Salaried,569,4,Lucknow,1
2802,57,127004,Self-employed,786,5,Lucknow,2
2803,34,141794,Self-employed,847,16,Ahmedabad,0
2804,54,85202,Salaried,454,15,Kolkata,3
2805,56,89442,Self-employed,318,15,Ahmedabad,1
2806,69,70598,Self-employed,724,6,Jaipur,0
2807,46,148726,Salaried,357,15,Delhi,5
2808,69,48758,Student,722,8,Pune,1
2809,53,39204,Student,847,5,Delhi,2
2810,55,142309,Unemployed,401,15,Pune,5
2811,56,45552,Student,375,8,Bangalore,0
2812,67,62037,Salaried,365,3,Ahmedabad,5
2813,54,49831,Salaried,450,5,Chennai,5
2814,69,58563,Student,736,13,Jaipur,5
2815,52,33361,Salaried,367,2,Chennai,3
2816,24,56335,Salaried,534,16,Delhi,3
2817,44,89469,Self-employed,397,10,Chennai,0
2818,45,40816,Salaried,308,7,Kolkata,2
2819,39,107479,Self-employed,803,7,Ahmedabad,0
2820,31,41819,Salaried,789,3,Bangalore,2
2821,24,137330,Salaried,726,14,Jaipur,1
2822,54,23798,Retired,526,15,Jaipur,2
2823,39,64695,Student,316,10,Lucknow,0
2824,22,144544,Student,527,6,Bangalore,0
2825,19,24415,Self-employed,537,17,Ahmedabad,1
2826,44,102638,Student,680,5,Hyderabad,5
2827,38,33452,Student,686,3,Hyderabad,0
2828,55,125205,Self-employed,553,4,Delhi,4
2829,32,33170,Retired,607,2,Ahmedabad,5
2830,38,31259,Salaried,613,5,Pune,0
2831,27,37099,Unemployed,600,13,Delhi,4
2832,40,144394,Salaried,417,0,Chennai,0
2833,56,74258,Self-employed,349,19,Kolkata,0
2834,22,26805,Salaried,480,13,Jaipur,1
2835,18,58147,Self-employed,842,5,Lucknow,5
2836,30,89280,Self-employed,626,2,Delhi,4
2837,38,121777,Retired,802,16,Pune,1
2838,43,112841,Retired,795,13,Kolkata,4
2839,67,139726,Retired,545,18,Delhi,4
2840,62,143359,Salaried,842,6,Lucknow,3
2841,38,91215,Retired,401,10,Bangalore,4
2842,35,127909,Salaried,529,6,Kolkata,1
2843,54,110365,Unemployed,687,12,Lucknow,1
2844,62,25985,Salaried,510,13,Mumbai,2
2845,49,27391,Self-employed,729,10,Pune,5
2846,53,19861,Retired,638,7,Mumbai,5
2847,34,49364,Unemployed,483,11,Hyderabad,5
2848,52,97399,Self-employed,355,14,Hyderabad,0
2849,66,57923,Student,581,9,Mumbai,3
2850,28,100818,Salaried,427,1,Pune,0
2851,38,86160,Self-employed,807,12,Ahmedabad,1
2852,69,143165,Self-employed,515,9,Bangalore,3
2853,43,48529,Salaried,389,16,Lucknow,4
2854,21,16669,Salaried,613,9,Mumbai,5
2855,51,132373,Salaried,532,5,Delhi,1
2856,69,59859,Self-employed,546,19,Mumbai,1
2857,65,70786,Salaried,741,0,Jaipur,1
2858,35,35323,Salaried,434,16,Chennai,1
2859,57,21021,Salaried,301,0,Pune,3
2860,52,54807,Self-employed,460,4,Kolkata,0
2861,58,143305,Self-employed,439,14,Jaipur,0
2862,46,65355,Self-employed,603,0,Jaipur,5
2863,69,128415,Self-employed,759,16,Hyderabad,4
2864,46,23711,Salaried,424,13,Kolkata,1
2865,55,22904,Salaried,646,12,Lucknow,5
2866,59,79033,Unemployed,623,10,Mumbai,1
2867,38,101478,Salaried,706,11,Chennai,5
2868,59,135035,Salaried,768,5,Kolkata,0
2869,30,18093,Self-employed,463,10,Jaipur,5
2870,66,39918,Salaried,539,1,Delhi,4
2871,58,139501,Student,512,17,Delhi,5
2872,34,107510,Salaried,448,11,Bangalore,2
2873,26,108708,Self-employed,402,14,Bangalore,3
2874,58,112819,Salaried,482,8,Pune,5
2875,18,51303,Salaried,804,7,Mumbai,5
2876,19,42453,Salaried,824,17,Delhi,0
2877,65,123886,Student,679,15,Mumbai,3
2878,46,75695,Retired,323,9,Jaipur,0
2879,50,148412,Salaried,432,11,Lucknow,4
2880,27,53057,Student,349,19,Jaipur,1
2881,67,146669,Self-employed,325,11,Bangalore,2
2882,57,109655,Retired,310,9,Bangalore,3
2883,38,30025,Student,401,13,Mumbai,2
2884,45,22145,Salaried,310,3,Kolkata,1
2885,28,116206,Self-employed,411,14,Bangalore,0
2886,51,56723,Self-employed,466,19,Delhi,4
2887,25,88230,Salaried,706,8,Bangalore,1
2888,39,123138,Salaried,344,6,Ahmedabad,2
2889,25,77040,Unemployed,658,6,Ahmedabad,2
2890,66,123668,Unemployed,584,19,Mumbai,2
2891,32,70030,Student,699,8,Delhi,0
2892,34,71815,Retired,750,9,Mumbai,5
2893,40,127789,Student,743,19,Ahmedabad,2
2894,41,72923,Salaried,687,12,Mumbai,0
2895,62,82904,Salaried,655,5,Hyderabad,2
2896,36,92088,Salaried,724,3,Lucknow,3
2897,22,20608,Salaried,305,16,Ahmedabad,5
2898,49,60667,Salaried,740,13,Ahmedabad,3
2899,61,70547,Self-employed,655,2,Pune,5
2900,18,143391,Student,567,0,Ahmedabad,1
2901,40,90948,Unemployed,516,17,Ahmedabad,1
2902,54,86880,Self-employed,363,1,Lucknow,5
2903,25,72560,Unemployed,741,7,Bangalore,4
2904,30,130063,Self-employed,840,15,Delhi,2
2905,25,109218,Unemployed,574,3,Chennai,2
2906,40,129462,Salaried,769,18,Kolkata,0
2907,60,32997,Salaried,515,19,Delhi,5
2908,18,136266,Unemployed,493,9,Ahmedabad,1
2909,62,18679,Salaried,312,16,Ahmedabad,5
2910,68,55308,Self-employed,521,16,Chennai,3
2911,41,20695,Salaried,695,6,Kolkata,0
2912,52,73499,Self-employed,569,8,Kolkata,3
2913,41,38382,Retired,597,6,Kolkata,0
2914,34,29235,Salaried,731,2,Jaipur,1
2915,22,148438,Unemployed,707,11,Jaipur,2
2916,37,127468,Salaried,364,3,Chennai,5
2917,38,21764,Salaried,337,16,Mumbai,2
2918,57,128831,Salaried,327,2,Ahmedabad,1
2919,48,76836,Student,588,10,Mumbai,5
2920,63,46923,Salaried,536,7,Pune,3
2921,53,110711,Self-employed,425,1,Chennai,4
2922,28,31292,Salaried,683,13,Mumbai,4
2923,69,139913,Salaried,625,3,Chennai,1
2924,32,147686,Student,384,15,Pune,0
2925,36,35939,Salaried,545,13,Ahmedabad,2
2926,24,33800,Salaried,687,6,Delhi,3
2927,68,71440,Salaried,565,9,Jaipur,4
2928,45,142521,Self-employed,504,11,Kolkata,2
2929,68,136327,Self-employed,527,7,Ahmedabad,1
2930,60,64648,Salaried,539,10,Delhi,2
2931,22,130192,Salaried,372,19,Delhi,5
2932,22,108498,Salaried,687,12,Chennai,4
2933,47,44764,Salaried,677,11,Chennai,3
2934,49,47470,Unemployed,511,6,Bangalore,0
2935,25,72207,Student,470,11,Kolkata,0
2936,27,77157,Self-employed,451,9,Delhi,5
2937,55,149288,Salaried,403,6,Mumbai,5
2938,64,108778,Self-employed,521,18,Chennai,2
2939,49,145016,Student,581,6,Hyderabad,0
2940,65,139288,Self-employed,687,17,Hyderabad,4
2941,45,125573,Student,671,11,Delhi,3
2942,34,135730,Self-employed,428,3,Hyderabad,0
2943,48,79186,Self-employed,703,0,Chennai,0
2944,25,19960,Salaried,519,4,Lucknow,1
2945,57,33781,Self-employed,472,9,Mumbai,0
2946,42,46126,Salaried,771,6,Mumbai,0
2947,26,121034,Student,752,19,Delhi,4
2948,19,32883,Student,801,6,Chennai,0
2949,32,44782,Student,351,12,Ahmedabad,1
2950,67,71387,Salaried,393,13,Bangalore,1
2951,20,48746,Salaried,320,4,Kolkata,5
2952,66,81266,Salaried,405,1,Bangalore,1
2953,53,15056,Self-employed,499,13,Ahmedabad,0
2954,21,46457,Unemployed,651,7,Chennai,5
2955,31,148315,Self-employed,580,19,Ahmedabad,2
2956,58,147773,Salaried,581,1,Ahmedabad,2
2957,58,88839,Unemployed,838,7,Jaipur,4
2958,42,95636,Retired,544,19,Delhi,2
2959,67,122697,Salaried,728,4,Lucknow,4
2960,27,81483,Self-employed,337,11,Pune,4
2961,38,35505,Student,718,6,Lucknow,5
2962,53,48525,Self-employed,601,12,Mumbai,1
2963,29,111008,Retired,370,14,Chennai,3
2964,44,59348,Salaried,824,9,Chennai,4
2965,57,22273,Self-employed,473,3,Chennai,0
2966,19,79236,Self-employed,389,15,Pune,1
2967,30,149607,Unemployed,667,6,Kolkata,0
2968,49,122157,Unemployed,506,12,Kolkata,0
2969,48,15908,Retired,361,3,Bangalore,2
2970,33,123352,Self-employed,618,11,Lucknow,0
2971,49,110967,Student,359,19,Kolkata,5
2972,49,103989,Salaried,404,1,Kolkata,4
2973,51,50079,Salaried,538,4,Ahmedabad,0
2974,28,126889,Salaried,761,7,Delhi,0
2975,27,64323,Student,426,3,Ahmedabad,2
2976,32,104909,Retired,382,1,Chennai,0
2977,34,61105,Salaried,519,5,Jaipur,4
2978,57,147957,Salaried,707,2,Ahmedabad,4
2979,35,16049,Student,729,13,Kolkata,0
2980,26,68281,Self-employed,812,9,Kolkata,4
2981,42,58271,Retired,378,10,Jaipur,5
2982,57,81697,Salaried,364,4,Kolkata,5
2983,31,51534,Salaried,482,15,Jaipur,4
2984,42,108034,Salaried,365,8,Hyderabad,2
2985,67,73097,Salaried,507,15,Mumbai,1
2986,39,40037,Salaried,353,8,Ahmedabad,5
2987,69,42278,Salaried,520,16,Mumbai,1
2988,47,114173,Salaried,535,11,Delhi,3
2989,37,53294,Salaried,737,14,Hyderabad,1
2990,38,88277,Retired,402,9,Kolkata,5
2991,61,19694,Salaried,735,3,Delhi,5
2992,49,73150,Salaried,720,16,Hyderabad,0
2993,68,82470,Unemployed,407,17,Pune,4
2994,63,36556,Self-employed,823,17,Bangalore,1
2995,66,64086,Self-employed,742,9,Ahmedabad,2
2996,38,114468,Self-employed,805,10,Chennai,3
2997,52,48387,Student,703,0,Lucknow,0
2998,49,83602,Unemployed,642,9,Jaipur,1
2999,47,17460,Self-employed,626,2,Pune,4
3000,56,87356,Unemployed,513,5,Bangalore,2
3001,66,69698,Self-employed,621,16,Kolkata,5
3002,29,116746,Salaried,377,11,Jaipur,1
3003,58,31191,Unemployed,354,10,Jaipur,4
3004,64,99631,Self-employed,370,16,Ahmedabad,1
3005,35,25529,Unemployed,367,2,Ahmedabad,0
3006,38,47175,Salaried,479,8,Jaipur,3
3007,30,32675,Salaried,679,17,Kolkata,4
3008,38,61798,Unemployed,749,5,Jaipur,3
3009,25,85910,Salaried,560,2,Hyderabad,3
3010,63,145400,Unemployed,746,5,Hyderabad,5
3011,57,93678,Retired,430,10,Lucknow,2
3012,63,77821,Unemployed,533,10,Hyderabad,4
3013,24,27204,Self-employed,453,6,Pune,2
3014,40,22394,Self-employed,629,12,Jaipur,5
3015,61,79814,Unemployed,352,12,Bangalore,3
3016,49,48593,Student,767,6,Hyderabad,0
3017,28,130064,Self-employed,712,13,Lucknow,0
3018,39,68365,Retired,313,1,Kolkata,1
3019,39,146515,Self-employed,795,2,Chennai,1
3020,60,118700,Retired,816,3,Ahmedabad,4
3021,42,112077,Salaried,667,7,Bangalore,0
3022,39,149537,Salaried,838,0,Delhi,3
3023,45,83247,Salaried,751,8,Chennai,0
3024,46,69740,Salaried,840,16,Bangalore,4
3025,30,42898,Student,814,17,Pune,1
3026,35,147991,Salaried,780,6,Chennai,5
3027,19,77613,Retired,713,2,Lucknow,1
3028,46,111707,Salaried,527,15,Jaipur,5
3029,38,126777,Salaried,436,7,Kolkata,2
3030,32,62003,Salaried,539,4,Bangalore,5
3031,69,63478,Self-employed,771,16,Delhi,1
3032,44,74030,Salaried,817,18,Hyderabad,3
3033,67,148071,Salaried,760,17,Hyderabad,4
3034,48,67800,Self-employed,604,4,Mumbai,1
3035,32,20445,Salaried,480,6,Pune,1
3036,68,15246,Salaried,329,17,Kolkata,5
3037,40,46153,Student,339,12,Pune,3
3038,41,20212,Salaried,486,10,Chennai,1
3039,61,149411,Salaried,618,4,Kolkata,3
3040,30,71238,Salaried,526,14,Pune,1
3041,39,68871,Salaried,623,6,Hyderabad,3
3042,60,115672,Self-employed,342,4,Mumbai,1
3043,54,49607,Salaried,577,6,Mumbai,4
3044,50,67055,Unemployed,618,16,Delhi,2
3045,20,119509,Unemployed,473,8,Bangalore,2
3046,36,142378,Salaried,340,5,Mumbai,0
3047,40,102687,Retired,708,8,Lucknow,2
3048,46,80078,Salaried,622,16,Delhi,3
3049,47,149763,Salaried,479,1,Delhi,3
3050,56,149913,Salaried,458,19,Pune,5
3051,61,117652,Salaried,336,12,Hyderabad,2
3052,64,78197,Self-employed,705,16,Jaipur,5
3053,42,70773,Salaried,838,19,Lucknow,3
3054,54,133943,Student,675,5,Kolkata,4
3055,64,42584,Self-employed,555,18,Bangalore,3
3056,25,18338,Salaried,577,5,Mumbai,5
3057,59,77601,Self-employed,548,1,Mumbai,4
3058,33,51282,Unemployed,316,12,Delhi,4
3059,25,130447,Salaried,667,19,Bangalore,4
3060,18,110798,Salaried,424,9,Lucknow,1
3061,61,145963,Salaried,611,8,Lucknow,0
3062,22,123611,Salaried,511,12,Kolkata,5
3063,20,26158,Self-employed,771,6,Pune,3
3064,18,25547,Salaried,714,17,Chennai,1
3065,21,103713,Self-employed,799,13,Lucknow,5
3066,57,17459,Self-employed,480,3,Hyderabad,0
3067,52,78146,Self-employed,688,7,Hyderabad,1
3068,49,118577,Salaried,486,11,Delhi,3
3069,59,122761,Salaried,767,7,Hyderabad,5
3070,51,118727,Salaried,756,15,Kolkata,4
3071,60,65460,Salaried,433,0,Hyderabad,1
3072,42,97970,Unemployed,474,9,Chennai,0
3073,27,30419,Salaried,560,6,Mumbai,0
3074,38,50577,Salaried,616,13,Jaipur,0
3075,63,17921,Salaried,568,16,Bangalore,5
3076,56,55935,Student,769,18,Mumbai,1
3077,44,140534,Student,523,4,Chennai,0
3078,44,87828,Self-employed,551,18,Pune,2
3079,19,138649,Salaried,363,2,Chennai,5
3080,58,104062,Salaried,763,0,Chennai,0
3081,65,70152,Self-employed,423,7,Jaipur,0
3082,30,111491,Retired,537,8,Hyderabad,1
3083,26,101569,Self-employed,374,4,Jaipur,3
3084,69,87467,Self-employed,741,0,Delhi,1
3085,53,137537,Salaried,799,16,Pune,1
3086,39,68806,Salaried,821,13,Pune,2
3087,59,146332,Student,567,16,Ahmedabad,3
3088,43,90992,Salaried,786,8,Lucknow,1
3089,29,37320,Retired,349,2,Jaipur,2
3090,34,93971,Salaried,358,2,Ahmedabad,1
3091,31,63581,Salaried,753,12,Delhi,2
3092,31,108645,Self-employed,371,19,Bangalore,5
3093,51,35754,Salaried,489,4,Delhi,4
3094,37,84837,Salaried,455,5,Mumbai,0
3095,28,138746,Salaried,384,13,Pune,0
3096,33,129780,Self-employed,368,5,Ahmedabad,1
3097,68,102081,Salaried,684,16,Kolkata,2
3098,48,39016,Salaried,672,8,Lucknow,4
3099,23,75522,Self-employed,354,3,Jaipur,0
3100,36,135896,Salaried,384,14,Chennai,1
3101,54,127099,Unemployed,616,17,Mumbai,5
3102,21,119429,Salaried,463,14,Chennai,1
3103,64,16924,Self-employed,551,17,Kolkata,2
3104,21,100015,Salaried,451,6,Ahmedabad,3
3105,37,119987,Student,635,14,Kolkata,5
3106,27,69333,Self-employed,667,4,Lucknow,1
3107,41,141372,Unemployed,399,10,Jaipur,4
3108,52,146378,Salaried,419,13,Hyderabad,4
3109,43,103495,Salaried,684,7,Ahmedabad,3
3110,54,84767,Self-employed,602,3,Bangalore,4
3111,55,119332,Salaried,448,9,Bangalore,2
3112,38,54426,Salaried,500,6,Jaipur,1
3113,57,21336,Unemployed,302,0,Hyderabad,2
3114,56,127200,Salaried,699,19,Chennai,3
3115,38,32256,Retired,367,11,Ahmedabad,3
3116,27,48719,Salaried,453,12,Chennai,2
3117,55,57017,Self-employed,793,15,Chennai,5
3118,63,60704,Self-employed,481,13,Pune,0
3119,21,45013,Self-employed,824,12,Pune,3
3120,62,94991,Retired,488,4,Ahmedabad,1
3121,37,85258,Salaried,319,13,Lucknow,5
3122,34,93348,Unemployed,582,12,Pune,3
3123,24,25060,Self-employed,309,13,Ahmedabad,2
3124,21,64923,Salaried,830,11,Ahmedabad,2
3125,46,93563,Unemployed,602,19,Pune,4
3126,31,104779,Salaried,540,14,Mumbai,5
3127,20,114704,Student,451,18,Chennai,0
3128,41,144157,Salaried,636,10,Bangalore,2
3129,54,125234,Unemployed,487,14,Jaipur,4
3130,33,76687,Self-employed,763,11,Lucknow,4
3131,69,51491,Salaried,476,18,Ahmedabad,1
3132,21,87115,Self-employed,476,15,Jaipur,4
3133,41,132935,Salaried,714,3,Kolkata,0
3134,51,98778,Salaried,609,17,Kolkata,1
3135,47,35448,Salaried,301,8,Lucknow,2
3136,35,66550,Salaried,616,15,Kolkata,5
3137,36,64294,Salaried,808,6,Delhi,2
3138,48,36446,Self-employed,667,18,Pune,4
3139,36,91579,Salaried,525,10,Ahmedabad,3
3140,66,129679,Self-employed,779,16,Kolkata,0
3141,63,100615,Salaried,362,4,Ahmedabad,0
3142,36,32101,Self-employed,579,11,Hyderabad,4
3143,39,43016,Self-employed,313,18,Chennai,0
3144,41,105481,Salaried,327,1,Pune,1
3145,62,67802,Unemployed,441,0,Ahmedabad,4
3146,29,22549,Self-employed,772,3,Jaipur,3
3147,47,62842,Self-employed,823,10,Kolkata,2
3148,55,61539,Salaried,483,17,Jaipur,0
3149,48,48717,Salaried,616,15,Ahmedabad,5
3150,53,130042,Unemployed,660,9,Mumbai,2
3151,36,142922,Student,744,11,Ahmedabad,3
3152,65,107447,Salaried,595,1,Ahmedabad,3
3153,62,98402,Salaried,703,0,Pune,1
3154,53,57607,Self-employed,562,9,Mumbai,3
3155,47,27823,Self-employed,676,9,Hyderabad,3
3156,66,44986,Unemployed,367,9,Delhi,0
3157,50,136682,Salaried,770,1,Hyderabad,2
3158,35,79325,Salaried,346,19,Delhi,5
3159,69,142925,Salaried,357,2,Delhi,0
3160,66,72771,Salaried,323,0,Pune,0
3161,45,69973,Salaried,589,17,Lucknow,4
3162,64,54107,Unemployed,743,10,Mumbai,5
3163,28,72888,Self-employed,702,11,Kolkata,4
3164,62,25956,Student,323,0,Mumbai,1
3165,50,101839,Salaried,363,5,Jaipur,5
3166,34,116131,Salaried,538,15,Kolkata,1
3167,23,82594,Salaried,582,19,Kolkata,3
3168,21,26519,Salaried,741,2,Chennai,1
3169,37,16832,Student,599,16,Bangalore,1
3170,65,128922,Salaried,392,15,Ahmedabad,3
3171,64,120474,Salaried,674,10,Pune,2
3172,44,84715,Salaried,609,15,Jaipur,3
3173,32,86835,Salaried,466,11,Hyderabad,3
3174,23,88366,Student,306,0,Mumbai,2
3175,64,52570,Salaried,342,10,Kolkata,3
3176,31,53311,Self-employed,639,5,Kolkata,4
3177,28,105245,Self-employed,452,18,Pune,1
3178,56,118187,Salaried,342,11,Lucknow,3
3179,26,38434,Salaried,500,1,Mumbai,0
3180,43,101879,Student,847,9,Mumbai,1
3181,33,30739,Self-employed,525,18,Hyderabad,4
3182,22,81202,Salaried,820,14,Hyderabad,4
3183,69,113580,Salaried,638,7,Jaipur,3
3184,27,94599,Salaried,634,10,Bangalore,2
3185,67,131770,Salaried,480,15,Kolkata,0
3186,20,54470,Salaried,832,12,Kolkata,3
3187,30,89965,Salaried,571,12,Mumbai,2
3188,60,140332,Salaried,493,4,Hyderabad,4
3189,66,144681,Salaried,837,11,Chennai,1
3190,47,129300,Salaried,780,9,Hyderabad,4
3191,62,52997,Unemployed,397,18,Ahmedabad,3
3192,23,112805,Self-employed,729,16,Ahmedabad,2
3193,34,137202,Unemployed,811,0,Bangalore,3
3194,62,17526,Salaried,626,14,Jaipur,4
3195,68,88339,Self-employed,715,15,Chennai,0
3196,36,21574,Salaried,410,19,Mumbai,4
3197,59,23733,Self-employed,511,9,Jaipur,3
3198,52,65290,Salaried,329,9,Kolkata,2
3199,63,87793,Salaried,566,16,Ahmedabad,3
3200,43,51051,Unemployed,649,16,Pune,1
3201,68,30909,Self-employed,813,1,Kolkata,1
3202,22,92338,Unemployed,513,8,Ahmedabad,2
3203,46,88432,Salaried,550,3,Mumbai,4
3204,54,43133,Salaried,842,6,Chennai,3
3205,37,94062,Salaried,618,4,Kolkata,5
3206,66,126546,Self-employed,482,18,Chennai,5
3207,38,66458,Self-employed,488,3,Hyderabad,1
3208,27,70415,Unemployed,426,17,Jaipur,0
3209,22,69160,Salaried,595,2,Mumbai,1
3210,53,69399,Self-employed,322,3,Lucknow,4
3211,23,40298,Salaried,829,13,Delhi,2
3212,43,104407,Salaried,378,13,Mumbai,0
3213,21,77513,Self-employed,845,16,Pune,3
3214,56,66097,Self-employed,769,8,Delhi,3
3215,56,50198,Salaried,604,18,Jaipur,5
3216,67,64997,Salaried,747,2,Ahmedabad,2
3217,52,146639,Salaried,498,14,Lucknow,0
3218,18,17179,Salaried,490,0,Mumbai,0
3219,41,17019,Salaried,531,18,Bangalore,0
3220,53,96455,Salaried,323,3,Hyderabad,2
3221,23,141883,Salaried,760,13,Bangalore,2
3222,58,84445,Retired,482,17,Jaipur,3
3223,63,88551,Unemployed,732,11,Lucknow,1
3224,61,18420,Salaried,382,5,Lucknow,4
3225,48,74875,Retired,392,9,Delhi,3
3226,37,31740,Self-employed,577,3,Hyderabad,5
3227,41,80263,Salaried,384,15,Delhi,5
3228,42,120789,Salaried,507,0,Bangalore,5
3229,53,34465,Unemployed,743,2,Lucknow,0
3230,38,19131,Self-employed,669,6,Jaipur,1
3231,47,25652,Student,775,2,Jaipur,4
3232,41,62671,Unemployed,803,14,Delhi,0
3233,61,104342,Salaried,530,5,Ahmedabad,2
3234,59,34171,Salaried,659,15,Bangalore,1
3235,47,73541,Salaried,318,16,Delhi,2
3236,39,24470,Salaried,508,1,Lucknow,4
3237,45,59308,Salaried,430,9,Ahmedabad,5
3238,24,117840,Salaried,683,10,Bangalore,4
3239,52,64477,Salaried,391,5,Ahmedabad,0
3240,45,123261,Salaried,842,17,Hyderabad,2
3241,31,117466,Salaried,661,14,Mumbai,3
3242,27,48071,Salaried,423,15,Delhi,5
3243,33,85560,Salaried,572,12,Delhi,3
3244,33,91762,Salaried,654,15,Pune,2
3245,48,17369,Self-employed,399,1,Hyderabad,4
3246,59,124963,Unemployed,600,19,Delhi,5
3247,42,15528,Salaried,502,11,Mumbai,1
3248,30,123806,Salaried,320,13,Kolkata,5
3249,23,117979,Unemployed,497,7,Delhi,2
3250,61,34748,Self-employed,411,5,Lucknow,0
3251,26,50109,Student,448,13,Lucknow,3
3252,62,28919,Salaried,680,14,Hyderabad,5
3253,53,62498,Student,482,19,Delhi,0
3254,60,70808,Unemployed,636,2,Jaipur,1
3255,37,85441,Self-employed,637,6,Kolkata,3
3256,35,128843,Salaried,599,15,Pune,3
3257,60,89420,Unemployed,521,1,Chennai,3
3258,38,122447,Student,708,16,Delhi,5
3259,21,81896,Student,417,10,Bangalore,0
3260,67,118431,Salaried,473,2,Kolkata,4
3261,50,62020,Student,518,7,Mumbai,0
3262,44,37161,Salaried,675,18,Chennai,4
3263,24,42738,Salaried,618,17,Chennai,5
3264,23,149997,Self-employed,387,6,Delhi,2
3265,32,72153,Salaried,377,15,Jaipur,3
3266,35,76009,Self-employed,740,13,Hyderabad,0
3267,49,102938,Self-employed,500,7,Jaipur,1
3268,28,114546,Salaried,714,12,Hyderabad,1
3269,37,71271,Self-employed,303,2,Delhi,4
3270,41,24797,Unemployed,382,1,Mumbai,4
3271,32,101130,Salaried,792,12,Chennai,3
3272,65,86942,Self-employed,305,2,Mumbai,4
3273,24,133065,Salaried,646,0,Ahmedabad,1
3274,38,28965,Salaried,833,1,Mumbai,0
3275,59,28733,Salaried,750,9,Kolkata,0
3276,43,142182,Salaried,444,10,Jaipur,4
3277,61,98360,Salaried,301,2,Mumbai,4
3278,31,123378,Retired,587,7,Chennai,5
3279,54,43287,Self-employed,524,14,Ahmedabad,1
3280,38,97104,Self-employed,736,4,Ahmedabad,2
3281,35,101916,Salaried,513,7,Mumbai,0
3282,22,18188,Self-employed,465,17,Ahmedabad,4
3283,20,106205,Salaried,672,17,Bangalore,5
3284,40,112349,Salaried,806,11,Pune,5
3285,43,25204,Salaried,632,3,Lucknow,5
3286,54,57120,Salaried,511,7,Mumbai,5
3287,41,117903,Salaried,588,1,Kolkata,3
3288,66,52081,Self-employed,465,19,Chennai,4
3289,36,49986,Student,425,2,Chennai,4
3290,68,94322,Salaried,456,7,Kolkata,5
3291,42,109819,Salaried,331,11,Bangalore,0
3292,38,145015,Salaried,573,1,Pune,4
3293,29,65304,Retired,600,16,Delhi,3
3294,58,80592,Student,320,13,Mumbai,3
3295,50,73548,Self-employed,823,13,Hyderabad,5
3296,67,113447,Unemployed,575,5,Mumbai,3
3297,21,54986,Salaried,306,7,Pune,1
3298,59,89095,Retired,754,9,Ahmedabad,3
3299,24,106594,Salaried,429,17,Delhi,5
3300,39,103281,Salaried,598,0,Chennai,5
3301,50,81151,Self-employed,396,6,Pune,5
3302,34,88598,Salaried,576,6,Hyderabad,0
3303,41,43214,Self-employed,584,12,Delhi,2
3304,51,53745,Salaried,472,15,Chennai,4
3305,45,105810,Self-employed,631,11,Bangalore,4
3306,60,15944,Salaried,504,18,Jaipur,4
3307,58,108993,Salaried,402,5,Hyderabad,3
3308,56,24114,Unemployed,659,6,Delhi,3
3309,39,54846,Unemployed,430,16,Delhi,3
3310,66,47596,Retired,338,18,Bangalore,2
3311,34,119087,Self-employed,606,4,Kolkata,2
3312,51,21907,Self-employed,819,2,Hyderabad,2
3313,23,40009,Self-employed,345,17,Kolkata,2
3314,63,99846,Salaried,493,16,Mumbai,2
3315,23,65241,Salaried,817,10,Mumbai,4
3316,51,33996,Salaried,468,8,Pune,4
3317,18,43767,Unemployed,421,16,Lucknow,2
3318,27,31347,Salaried,548,18,Pune,4
3319,38,117063,Unemployed,506,12,Lucknow,2
3320,22,39102,Self-employed,414,5,Hyderabad,2
3321,19,19263,Self-employed,538,3,Jaipur,2
3322,39,123585,Salaried,375,17,Delhi,4
3323,65,82438,Salaried,468,11,Mumbai,1
3324,19,111359,Retired,347,3,Hyderabad,1
3325,27,145251,Salaried,369,4,Hyderabad,5
3326,51,42690,Salaried,807,11,Jaipur,5
3327,33,17994,Salaried,454,17,Lucknow,1
3328,65,118533,Salaried,760,16,Mumbai,0
3329,68,82546,Salaried,672,9,Mumbai,1
3330,56,93572,Self-employed,501,5,Lucknow,1
3331,39,41467,Salaried,616,16,Hyderabad,1
3332,29,146120,Self-employed,750,7,Kolkata,3
3333,41,62606,Salaried,395,1,Hyderabad,2
3334,64,113112,Student,795,11,Hyderabad,5
3335,57,88414,Student,661,2,Chennai,4
3336,55,108145,Salaried,756,19,Lucknow,3
3337,27,63115,Salaried,477,6,Ahmedabad,2
3338,52,104606,Salaried,428,0,Kolkata,1
3339,68,55647,Student,789,16,Hyderabad,1
3340,66,69607,Self-employed,338,7,Delhi,3
3341,49,36996,Unemployed,757,9,Mumbai,4
3342,24,98697,Salaried,649,16,Ahmedabad,3
3343,38,61022,Salaried,751,15,Hyderabad,3
3344,37,55148,Salaried,679,9,Jaipur,5
3345,43,82764,Salaried,408,14,Kolkata,2
3346,21,106901,Self-employed,507,15,Ahmedabad,0
3347,63,105724,Salaried,540,17,Pune,5
3348,69,139766,Self-employed,387,3,Lucknow,4
3349,39,23888,Self-employed,698,6,Mumbai,4
3350,32,113941,Student,561,11,Pune,3
3351,57,32333,Salaried,624,11,Chennai,3
3352,38,51355,Unemployed,670,0,Hyderabad,1
3353,32,144686,Retired,404,11,Jaipur,3
3354,39,118170,Unemployed,397,6,Jaipur,2
3355,69,90675,Student,786,14,Jaipur,1
3356,45,82664,Student,395,1,Kolkata,0
3357,31,101153,Self-employed,771,0,Chennai,2
3358,44,108616,Salaried,345,3,Hyderabad,4
3359,58,50285,Self-employed,330,7,Lucknow,4
3360,57,61996,Self-employed,707,16,Kolkata,2
3361,45,61947,Retired,674,17,Lucknow,5
3362,43,66030,Self-employed,681,4,Kolkata,3
3363,66,57443,Salaried,788,5,Ahmedabad,3
3364,19,143344,Self-employed,608,11,Lucknow,3
3365,42,80464,Retired,434,15,Kolkata,4
3366,20,143019,Salaried,627,8,Mumbai,2
3367,25,135454,Salaried,498,14,Kolkata,3
3368,61,139444,Self-employed,559,7,Kolkata,5
3369,50,127175,Salaried,423,11,Kolkata,1
3370,59,57460,Salaried,681,13,Bangalore,4
3371,69,15015,Salaried,806,16,Jaipur,5
3372,52,64757,Unemployed,408,13,Kolkata,2
3373,23,96541,Salaried,340,19,Delhi,5
3374,56,36292,Salaried,744,4,Kolkata,2
3375,69,137694,Student,445,12,Jaipur,2
3376,40,62046,Retired,475,5,Ahmedabad,2
3377,42,29817,Retired,578,13,Hyderabad,0
3378,67,24759,Salaried,679,5,Jaipur,1
3379,60,21412,Retired,464,2,Pune,5
3380,36,35504,Salaried,785,15,Delhi,0
3381,22,123500,Self-employed,660,11,Mumbai,5
3382,68,23507,Self-employed,472,13,Bangalore,3
3383,28,36050,Salaried,476,1,Chennai,5
3384,29,115153,Self-employed,348,17,Jaipur,0
3385,27,28587,Salaried,410,6,Kolkata,0
3386,25,72732,Unemployed,509,4,Delhi,4
3387,41,66921,Salaried,454,11,Lucknow,2
3388,45,132734,Self-employed,572,16,Kolkata,0
3389,58,145104,Salaried,754,11,Delhi,2
3390,53,46440,Salaried,615,10,Jaipur,1
3391,54,50183,Retired,514,0,Hyderabad,0
3392,38,111172,Student,629,8,Kolkata,4
3393,25,148461,Retired,443,7,Delhi,4
3394,26,129515,Salaried,653,13,Pune,3
3395,64,138183,Salaried,580,3,Pune,0
3396,32,81299,Self-employed,621,10,Delhi,1
3397,65,130503,Salaried,605,16,Lucknow,2
3398,63,54023,Salaried,778,7,Hyderabad,5
3399,57,54941,Self-employed,689,0,Lucknow,5
3400,35,136677,Salaried,363,17,Lucknow,5
3401,59,91054,Salaried,564,4,Bangalore,5
3402,37,80363,Salaried,305,7,Ahmedabad,0
3403,23,76742,Self-employed,467,7,Kolkata,3
3404,29,60215,Self-employed,654,8,Ahmedabad,4
3405,19,62857,Salaried,472,17,Pune,5
3406,24,70476,Self-employed,418,6,Ahmedabad,0
3407,33,74768,Salaried,525,9,Mumbai,3
3408,20,118591,Unemployed,473,15,Hyderabad,1
3409,62,61229,Unemployed,428,2,Bangalore,5
3410,20,126706,Self-employed,486,9,Kolkata,2
3411,44,77583,Salaried,362,7,Delhi,1
3412,67,141011,Self-employed,573,17,Chennai,1
3413,60,45104,Self-employed,509,3,Hyderabad,5
3414,57,52594,Retired,492,11,Mumbai,2
3415,55,18664,Retired,831,4,Delhi,0
3416,50,25528,Unemployed,481,3,Delhi,2
3417,45,143404,Salaried,527,18,Jaipur,3
3418,18,47899,Retired,388,18,Kolkata,1
3419,25,85979,Self-employed,443,4,Kolkata,5
3420,54,32241,Student,549,14,Hyderabad,2
3421,49,61211,Salaried,524,11,Lucknow,4
3422,65,78472,Salaried,467,12,Bangalore,2
3423,60,46346,Salaried,409,5,Jaipur,2
3424,54,96196,Salaried,472,16,Bangalore,3
3425,21,119451,Salaried,810,19,Chennai,5
3426,47,117908,Unemployed,596,9,Jaipur,1
3427,23,64167,Salaried,542,13,Lucknow,3
3428,63,51373,Salaried,508,14,Ahmedabad,3
3429,36,82143,Salaried,542,9,Hyderabad,4
3430,49,135623,Salaried,553,5,Ahmedabad,3
3431,26,125013,Retired,381,15,Mumbai,5
3432,29,17016,Salaried,733,1,Chennai,3
3433,28,84110,Salaried,774,9,Lucknow,4
3434,63,22274,Unemployed,842,4,Chennai,0
3435,33,30748,Unemployed,303,8,Delhi,3
3436,18,26826,Salaried,493,18,Delhi,2
3437,62,98008,Student,355,18,Lucknow,3
3438,38,144288,Self-employed,560,8,Jaipur,1
3439,47,120623,Student,679,15,Hyderabad,2
3440,30,98106,Salaried,786,18,Pune,2
3441,51,69638,Retired,395,19,Chennai,0
3442,21,84072,Salaried,635,3,Bangalore,1
3443,45,82309,Salaried,628,4,Bangalore,1
3444,55,139724,Salaried,795,17,Kolkata,1
3445,48,142843,Salaried,818,7,Hyderabad,3
3446,44,50326,Unemployed,424,12,Delhi,3
3447,22,20079,Self-employed,559,8,Pune,2
3448,42,136412,Salaried,849,9,Pune,0
3449,20,102340,Salaried,307,3,Mumbai,3
3450,50,100211,Salaried,672,18,Pune,5
3451,21,57749,Retired,521,3,Chennai,5
3452,42,133192,Self-employed,830,12,Chennai,3
3453,37,89534,Self-employed,649,16,Bangalore,0
3454,51,94233,Self-employed,330,10,Jaipur,1
3455,43,66818,Student,657,1,Bangalore,2
3456,22,126910,Self-employed,321,4,Chennai,3
3457,52,28429,Salaried,588,12,Bangalore,0
3458,45,72748,Unemployed,513,2,Ahmedabad,0
3459,46,63807,Self-employed,464,18,Ahmedabad,1
3460,26,22140,Self-employed,439,18,Lucknow,4
3461,69,78226,Retired,669,15,Ahmedabad,4
3462,55,103815,Student,619,15,Kolkata,4
3463,67,43525,Student,708,2,Pune,4
3464,23,35491,Retired,737,8,Bangalore,3
3465,36,23078,Salaried,312,18,Ahmedabad,5
3466,61,106654,Salaried,800,0,Lucknow,5
3467,28,144101,Self-employed,325,13,Delhi,0
3468,19,31997,Salaried,833,10,Ahmedabad,5
3469,64,146940,Student,375,17,Hyderabad,5
3470,61,112356,Student,665,19,Delhi,2
3471,61,128711,Self-employed,790,6,Hyderabad,5
3472,26,36246,Retired,391,5,Lucknow,5
3473,38,49512,Salaried,565,11,Delhi,5
3474,41,72865,Self-employed,798,1,Bangalore,3
3475,51,118393,Self-employed,469,12,Kolkata,4
3476,39,87144,Salaried,645,19,Mumbai,2
3477,20,132363,Salaried,527,0,Jaipur,2
3478,29,65665,Unemployed,502,14,Lucknow,5
3479,45,108542,Self-employed,745,19,Bangalore,5
3480,47,116311,Student,817,7,Mumbai,4
3481,43,29325,Self-employed,431,17,Hyderabad,2
3482,65,147825,Salaried,544,14,Mumbai,3
3483,38,83811,Salaried,390,7,Bangalore,1
3484,45,131737,Salaried,425,1,Pune,3
3485,43,15824,Retired,771,10,Chennai,3
3486,50,132718,Salaried,541,7,Jaipur,1
3487,38,81617,Retired,801,12,Pune,4
3488,52,26517,Retired,686,0,Kolkata,4
3489,69,118068,Retired,306,17,Jaipur,1
3490,51,130016,Salaried,387,4,Bangalore,5
3491,58,24982,Retired,444,0,Ahmedabad,3
3492,68,85210,Salaried,750,11,Ahmedabad,0
3493,64,84852,Salaried,630,4,Chennai,2
3494,35,128618,Salaried,463,15,Mumbai,2
3495,28,24695,Unemployed,641,17,Chennai,2
3496,40,63582,Salaried,300,1,Jaipur,0
3497,65,46094,Self-employed,419,14,Lucknow,3
3498,39,37187,Salaried,763,10,Mumbai,4
3499,34,133013,Salaried,761,9,Bangalore,5
3500,22,143721,Salaried,348,2,Ahmedabad,1
3501,61,121683,Unemployed,626,12,Bangalore,2
3502,28,16214,Self-employed,773,12,Delhi,5
3503,47,38940,Unemployed,667,2,Mumbai,0
3504,32,59406,Self-employed,586,9,Jaipur,5
3505,44,73414,Retired,323,3,Lucknow,1
3506,52,116440,Self-employed,592,13,Bangalore,3
3507,50,118569,Self-employed,748,16,Pune,0
3508,37,75481,Self-employed,362,0,Lucknow,5
3509,33,42740,Salaried,757,14,Bangalore,0
3510,51,78328,Student,829,1,Ahmedabad,1
3511,19,26881,Self-employed,712,17,Jaipur,1
3512,52,51996,Student,559,6,Ahmedabad,2
3513,57,137196,Student,483,12,Kolkata,3
3514,45,52177,Salaried,347,2,Lucknow,1
3515,64,81126,Self-employed,446,2,Delhi,2
3516,56,71531,Salaried,708,12,Hyderabad,5
3517,23,41119,Self-employed,739,3,Ahmedabad,2
3518,26,132744,Self-employed,757,15,Delhi,1
3519,37,131894,Retired,528,7,Hyderabad,0
3520,18,148780,Salaried,583,7,Pune,5
3521,25,59989,Salaried,644,15,Jaipur,0
3522,40,37106,Salaried,563,1,Jaipur,0
3523,20,32131,Salaried,677,8,Delhi,2
3524,21,61553,Student,402,12,Mumbai,0
3525,42,21553,Student,322,11,Pune,3
3526,64,32881,Self-employed,592,1,Hyderabad,0
3527,55,16379,Unemployed,566,8,Lucknow,5
3528,32,105791,Salaried,828,0,Lucknow,5
3529,38,120664,Salaried,775,5,Lucknow,0
3530,52,84306,Salaried,750,1,Chennai,2
3531,63,119512,Unemployed,584,2,Jaipur,5
3532,69,31350,Self-employed,612,14,Mumbai,4
3533,31,114599,Self-employed,461,6,Pune,3
3534,53,96397,Salaried,421,12,Kolkata,2
3535,29,94509,Salaried,780,15,Kolkata,3
3536,34,32769,Retired,411,12,Hyderabad,3
3537,56,116584,Salaried,538,11,Delhi,0
3538,26,61365,Student,509,16,Bangalore,3
3539,52,65185,Salaried,648,10,Jaipur,0
3540,30,148858,Salaried,810,6,Chennai,3
3541,32,141525,Self-employed,301,12,Hyderabad,5
3542,35,147692,Salaried,760,9,Bangalore,4
3543,68,51303,Self-employed,781,9,Bangalore,3
3544,50,34589,Self-employed,540,12,Jaipur,1
3545,23,17882,Self-employed,353,18,Jaipur,0
3546,44,144236,Student,766,16,Bangalore,4
3547,40,24745,Self-employed,408,19,Bangalore,0
3548,44,30861,Salaried,579,6,Hyderabad,4
3549,51,106707,Self-employed,356,3,Mumbai,0
3550,63,69261,Self-employed,513,16,Kolkata,1
3551,55,148909,Salaried,807,3,Jaipur,5
3552,31,89135,Unemployed,327,17,Jaipur,1
3553,53,69380,Self-employed,503,19,Ahmedabad,4
3554,25,101089,Unemployed,844,7,Hyderabad,2
3555,52,120025,Unemployed,608,7,Jaipur,0
3556,36,59397,Salaried,827,15,Bangalore,2
3557,47,92085,Self-employed,642,14,Jaipur,3
3558,31,78865,Salaried,517,17,Ahmedabad,1
3559,37,70956,Salaried,386,18,Mumbai,0
3560,66,115727,Unemployed,330,5,Jaipur,1
3561,42,29988,Student,399,8,Ahmedabad,3
3562,57,48800,Salaried,614,15,Ahmedabad,5
3563,41,102329,Self-employed,794,8,Hyderabad,4
3564,31,67284,Retired,770,19,Jaipur,0
3565,43,71232,Self-employed,814,16,Ahmedabad,0
3566,55,59420,Student,630,3,Delhi,0
3567,40,52710,Student,493,14,Hyderabad,4
3568,39,107035,Salaried,490,10,Ahmedabad,1
3569,65,46283,Salaried,551,13,Hyderabad,4
3570,36,40968,Self-employed,300,16,Jaipur,5
3571,63,77508,Salaried,758,12,Kolkata,1
3572,68,128435,Self-employed,389,8,Ahmedabad,5
3573,20,100366,Self-employed,817,15,Lucknow,0
3574,59,20738,Student,782,7,Delhi,4
3575,36,18098,Salaried,415,13,Kolkata,5
3576,26,110424,Salaried,372,14,Mumbai,3
3577,45,93672,Salaried,455,6,Kolkata,4
3578,37,53244,Self-employed,368,10,Pune,1
3579,62,69333,Salaried,770,2,Mumbai,0
3580,24,140349,Self-employed,791,6,Lucknow,1
3581,31,65969,Salaried,599,4,Bangalore,2
3582,26,105744,Self-employed,443,8,Hyderabad,0
3583,36,132286,Salaried,505,19,Mumbai,3
3584,64,90028,Self-employed,706,18,Bangalore,3
3585,69,50421,Salaried,596,12,Ahmedabad,2
3586,31,147526,Salaried,828,18,Jaipur,1
3587,55,53575,Unemployed,436,15,Pune,3
3588,53,18192,Salaried,518,1,Chennai,1
3589,57,126116,Self-employed,817,0,Pune,0
3590,34,142874,Unemployed,747,2,Pune,4
3591,47,96311,Self-employed,431,11,Pune,0
3592,26,95781,Unemployed,662,5,Ahmedabad,1
3593,50,51527,Salaried,643,1,Chennai,5
3594,69,67181,Salaried,317,15,Chennai,2
3595,42,106472,Salaried,715,4,Jaipur,5
3596,31,96219,Salaried,840,11,Ahmedabad,0
3597,28,134783,Salaried,452,3,Chennai,3
3598,52,98265,Salaried,631,13,Hyderabad,0
3599,58,65126,Self-employed,618,16,Jaipur,0
3600,31,35545,Unemployed,498,11,Hyderabad,0
3601,47,70114,Salaried,825,12,Kolkata,2
3602,58,108740,Salaried,309,16,Pune,1
3603,21,28890,Salaried,438,19,Delhi,2
3604,21,136284,Salaried,466,14,Ahmedabad,3
3605,45,67482,Student,446,8,Pune,1
3606,25,147812,Salaried,702,9,Hyderabad,3
3607,19,86591,Salaried,744,5,Bangalore,1
3608,58,103241,Self-employed,369,16,Jaipur,1
3609,63,49722,Unemployed,627,11,Delhi,5
3610,39,64431,Self-employed,528,8,Chennai,0
3611,58,57000,Self-employed,618,1,Delhi,0
3612,33,86975,Salaried,335,15,Hyderabad,2
3613,46,45921,Salaried,554,15,Pune,1
3614,66,114265,Salaried,612,0,Jaipur,3
3615,65,103747,Salaried,634,10,Hyderabad,0
3616,47,32601,Unemployed,319,2,Hyderabad,5
3617,29,108332,Self-employed,597,1,Kolkata,3
3618,52,138254,Salaried,320,13,Lucknow,5
3619,28,134004,Salaried,777,0,Lucknow,0
3620,63,43000,Salaried,771,5,Chennai,1
3621,67,145439,Self-employed,769,6,Lucknow,3
3622,38,134277,Salaried,648,1,Chennai,2
3623,38,45383,Salaried,685,1,Chennai,2
3624,22,55910,Self-employed,845,14,Kolkata,2
3625,65,39281,Salaried,745,4,Mumbai,0
3626,37,128838,Salaried,398,12,Delhi,0
3627,54,19841,Salaried,354,18,Bangalore,2
3628,20,112204,Salaried,302,18,Pune,3
3629,61,75155,Salaried,631,14,Mumbai,0
3630,50,71313,Salaried,734,0,Bangalore,2
3631,26,126688,Student,785,2,Pune,0
3632,26,147994,Self-employed,518,17,Hyderabad,4
3633,21,46976,Self-employed,510,16,Delhi,3
3634,52,119405,Unemployed,795,7,Chennai,1
3635,34,68744,Salaried,531,10,Mumbai,3
3636,51,17473,Unemployed,447,19,Kolkata,1
3637,41,43715,Salaried,506,7,Delhi,2
3638,49,52317,Salaried,659,5,Ahmedabad,0
3639,18,80516,Salaried,718,5,Lucknow,2
3640,25,69604,Salaried,716,5,Hyderabad,5
3641,62,19889,Retired,481,1,Mumbai,1
3642,40,88748,Salaried,509,9,Delhi,4
3643,64,46971,Salaried,549,9,Chennai,1
3644,57,65551,Salaried,811,8,Bangalore,0
3645,29,149273,Salaried,438,2,Jaipur,4
3646,29,123957,Salaried,530,1,Mumbai,0
3647,63,104882,Salaried,311,3,Pune,4
3648,64,52958,Salaried,572,7,Jaipur,0
3649,32,20681,Unemployed,787,8,Jaipur,1
3650,58,116982,Salaried,389,1,Hyderabad,1
3651,36,61870,Salaried,324,15,Pune,1
3652,43,143396,Self-employed,837,5,Ahmedabad,1
3653,69,82203,Retired,359,7,Bangalore,4
3654,46,65061,Salaried,470,2,Kolkata,3
3655,39,73235,Salaried,746,10,Chennai,3
3656,57,52890,Retired,309,19,Jaipur,2
3657,38,105073,Salaried,542,4,Jaipur,3
3658,68,76401,Self-employed,477,11,Chennai,2
3659,55,26217,Salaried,556,10,Delhi,1
3660,37,63351,Unemployed,609,4,Mumbai,0
3661,46,48741,Retired,815,19,Bangalore,3
3662,68,16408,Student,514,19,Delhi,3
3663,21,57903,Salaried,329,2,Kolkata,1
3664,24,122042,Salaried,645,8,Hyderabad,1
3665,45,147290,Salaried,364,17,Jaipur,3
3666,45,137189,Unemployed,452,11,Chennai,1
3667,21,124268,Unemployed,339,3,Chennai,3
3668,39,45105,Salaried,325,6,Chennai,0
3669,29,84634,Self-employed,572,19,Mumbai,5
3670,62,132426,Salaried,458,10,Bangalore,0
3671,20,33226,Salaried,300,1,Chennai,2
3672,39,40322,Self-employed,378,11,Mumbai,3
3673,61,132504,Salaried,527,8,Kolkata,5
3674,19,73215,Salaried,626,5,Lucknow,0
3675,41,109835,Salaried,800,6,Jaipur,5
3676,51,88079,Student,774,5,Mumbai,0
3677,44,38946,Unemployed,654,17,Pune,4
3678,58,125733,Retired,423,12,Delhi,5
3679,18,22253,Self-employed,723,8,Lucknow,0
3680,25,94311,Self-employed,551,18,Jaipur,2
3681,40,47813,Salaried,813,3,Chennai,0
3682,55,63365,Retired,806,3,Bangalore,1
3683,23,82593,Self-employed,785,12,Pune,4
3684,39,53485,Self-employed,777,10,Hyderabad,3
3685,42,126504,Self-employed,632,1,Lucknow,2
3686,35,31101,Student,531,5,Ahmedabad,5
3687,34,23831,Salaried,841,11,Jaipur,5
3688,29,66897,Salaried,329,7,Pune,0
3689,23,20004,Self-employed,472,4,Hyderabad,3
3690,43,60924,Unemployed,767,19,Ahmedabad,0
3691,44,52170,Self-employed,775,8,Jaipur,4
3692,25,58555,Salaried,616,3,Ahmedabad,3
3693,36,133115,Salaried,696,8,Hyderabad,1
3694,59,119216,Self-employed,424,11,Ahmedabad,5
3695,18,80930,Self-employed,379,3,Jaipur,1
3696,46,51365,Self-employed,826,16,Hyderabad,5
3697,62,77188,Salaried,822,19,Hyderabad,3
3698,66,113633,Unemployed,695,1,Delhi,1
3699,52,78471,Self-employed,388,12,Jaipur,2
3700,57,72287,Student,302,14,Ahmedabad,5
3701,31,147717,Salaried,835,7,Kolkata,4
3702,52,74076,Salaried,820,5,Lucknow,2
3703,65,131475,Unemployed,370,8,Bangalore,3
3704,62,65151,Salaried,438,10,Jaipur,2
3705,37,82384,Self-employed,309,11,Lucknow,5
3706,66,114865,Salaried,814,1,Pune,4
3707,30,48541,Student,830,1,Jaipur,4
3708,55,87847,Salaried,429,10,Pune,5
3709,66,65955,Salaried,700,7,Ahmedabad,3
3710,63,102780,Unemployed,520,5,Lucknow,5
3711,66,114919,Self-employed,736,17,Kolkata,2
3712,25,127854,Salaried,699,10,Lucknow,5
3713,60,76768,Salaried,412,5,Lucknow,4
3714,37,58262,Retired,751,8,Hyderabad,3
3715,50,35605,Salaried,517,13,Ahmedabad,5
3716,43,93590,Self-employed,357,18,Pune,4
3717,56,43231,Salaried,412,5,Mumbai,5
3718,38,94397,Unemployed,421,19,Lucknow,0
3719,66,92123,Student,707,18,Chennai,0
3720,59,28515,Self-employed,759,9,Ahmedabad,4
3721,60,102211,Salaried,384,13,Jaipur,3
3722,58,31600,Unemployed,699,4,Hyderabad,0
3723,26,84310,Salaried,655,11,Chennai,4
3724,41,129380,Unemployed,398,18,Delhi,5
3725,54,126780,Salaried,820,1,Jaipur,1
3726,66,81177,Self-employed,817,14,Mumbai,5
3727,58,70746,Salaried,407,5,Kolkata,2
3728,34,138075,Self-employed,451,7,Ahmedabad,4
3729,41,100195,Salaried,326,13,Chennai,0
3730,38,51818,Salaried,418,2,Mumbai,4
3731,68,36309,Salaried,399,5,Chennai,5
3732,56,43176,Salaried,302,10,Kolkata,3
3733,58,83879,Salaried,628,8,Kolkata,0
3734,56,82592,Salaried,828,16,Mumbai,3
3735,30,99728,Unemployed,405,18,Delhi,3
3736,28,23584,Salaried,529,1,Hyderabad,5
3737,63,139555,Self-employed,603,7,Lucknow,3
3738,36,108302,Salaried,476,9,Kolkata,4
3739,28,137408,Self-employed,383,2,Jaipur,0
3740,30,33830,Salaried,562,9,Pune,3
3741,63,92066,Retired,495,1,Kolkata,1
3742,62,18591,Student,548,6,Jaipur,2
3743,18,108878,Salaried,681,0,Mumbai,4
3744,57,140407,Student,757,11,Bangalore,1
3745,61,131869,Salaried,708,4,Delhi,0
3746,36,36395,Self-employed,380,8,Pune,2
3747,29,31738,Salaried,711,11,Jaipur,3
3748,25,148703,Salaried,505,10,Delhi,1
3749,25,34056,Salaried,687,11,Hyderabad,1
3750,62,136656,Self-employed,698,2,Delhi,3
3751,29,130316,Salaried,307,11,Bangalore,5
3752,65,69418,Student,816,0,Mumbai,5
3753,50,52190,Self-employed,749,5,Hyderabad,3
3754,62,41014,Salaried,775,10,Delhi,1
3755,43,140563,Self-employed,641,1,Bangalore,0
3756,56,16780,Student,372,7,Hyderabad,4
3757,45,57192,Unemployed,420,10,Hyderabad,0
3758,22,119875,Self-employed,601,11,Chennai,0
3759,25,114129,Student,533,18,Mumbai,4
3760,42,58923,Student,365,19,Pune,0
3761,44,104196,Salaried,529,8,Delhi,2
3762,63,17395,Salaried,842,10,Hyderabad,3
3763,40,117449,Salaried,350,17,Pune,1
3764,47,136747,Salaried,628,8,Delhi,4
3765,62,86028,Salaried,686,14,Hyderabad,0
3766,64,108176,Retired,337,17,Mumbai,1
3767,40,41924,Salaried,472,7,Hyderabad,5
3768,66,47577,Self-employed,792,3,Ahmedabad,2
3769,64,100548,Self-employed,754,12,Ahmedabad,0
3770,37,140093,Salaried,340,14,Pune,0
3771,35,81555,Salaried,428,7,Chennai,0
3772,35,104848,Self-employed,353,15,Chennai,2
3773,19,23254,Self-employed,385,10,Kolkata,3
3774,21,140410,Retired,568,12,Ahmedabad,1
3775,47,118025,Salaried,595,6,Chennai,0
3776,50,145509,Unemployed,320,17,Jaipur,5
3777,53,47963,Salaried,514,7,Bangalore,0
3778,35,18273,Self-employed,724,1,Jaipur,2
3779,54,30330,Self-employed,488,2,Delhi,2
3780,36,91422,Salaried,460,9,Hyderabad,1
3781,64,137089,Salaried,840,6,Kolkata,1
3782,45,18212,Salaried,680,6,Kolkata,5
3783,57,102594,Salaried,543,3,Hyderabad,0
3784,37,147152,Self-employed,482,7,Lucknow,5
3785,66,47675,Salaried,843,18,Pune,5
3786,50,37007,Self-employed,847,11,Chennai,5
3787,29,128805,Salaried,392,9,Chennai,0
3788,68,97641,Student,667,13,Jaipur,0
3789,32,110815,Student,458,11,Chennai,0
3790,58,61815,Student,697,19,Ahmedabad,0
3791,56,98482,Self-employed,479,3,Lucknow,5
3792,19,15639,Salaried,737,18,Mumbai,2
3793,46,78593,Student,672,6,Chennai,3
3794,58,93038,Salaried,605,0,Delhi,1
3795,27,108899,Salaried,678,7,Lucknow,2
3796,19,18736,Salaried,517,10,Kolkata,4
3797,68,31473,Self-employed,628,0,Delhi,4
3798,28,143771,Self-employed,642,0,Pune,4
3799,30,140801,Self-employed,462,3,Lucknow,1
3800,27,122598,Salaried,457,3,Pune,0
3801,31,101623,Salaried,409,10,Jaipur,4
3802,35,51820,Unemployed,649,0,Chennai,4
3803,68,72589,Self-employed,664,9,Kolkata,3
3804,26,33414,Salaried,314,3,Bangalore,2
3805,56,142378,Self-employed,452,6,Pune,5
3806,45,39220,Salaried,831,1,Kolkata,1
3807,20,75531,Salaried,699,12,Jaipur,1
3808,37,125002,Salaried,351,18,Pune,3
3809,23,24387,Salaried,768,3,Chennai,4
3810,44,91815,Salaried,620,5,Pune,5
3811,19,42584,Unemployed,666,16,Mumbai,5
3812,46,59783,Self-employed,785,8,Delhi,3
3813,55,139494,Salaried,315,1,Bangalore,0
3814,20,130814,Self-employed,710,19,Kolkata,4
3815,33,145752,Retired,573,5,Kolkata,5
3816,47,88588,Salaried,605,17,Pune,1
3817,57,28580,Student,391,14,Jaipur,5
3818,19,33240,Self-employed,757,15,Lucknow,2
3819,34,98446,Salaried,569,0,Jaipur,3
3820,58,119533,Salaried,351,9,Hyderabad,5
3821,29,95974,Salaried,420,9,Pune,5
3822,52,88401,Self-employed,349,5,Ahmedabad,5
3823,60,18646,Salaried,774,3,Chennai,3
3824,18,57816,Self-employed,791,13,Pune,1
3825,62,104460,Self-employed,679,16,Hyderabad,5
3826,32,59112,Salaried,686,2,Ahmedabad,5
3827,43,66048,Unemployed,588,1,Mumbai,4
3828,54,147850,Unemployed,753,17,Kolkata,4
3829,38,60752,Salaried,670,16,Bangalore,4
3830,66,85726,Retired,483,12,Jaipur,5
3831,48,59788,Salaried,504,18,Jaipur,5
3832,42,19747,Salaried,471,9,Bangalore,5
3833,40,15045,Salaried,521,3,Lucknow,2
3834,41,22758,Self-employed,467,16,Delhi,2
3835,55,140076,Self-employed,543,15,Kolkata,4
3836,45,71950,Salaried,517,18,Chennai,2
3837,38,34455,Salaried,355,13,Pune,3
3838,60,103552,Salaried,466,19,Ahmedabad,5
3839,35,61116,Unemployed,818,14,Chennai,4
3840,53,135461,Unemployed,441,18,Bangalore,2
3841,52,55484,Self-employed,424,2,Jaipur,5
3842,62,96638,Self-employed,389,19,Ahmedabad,5
3843,26,149476,Self-employed,610,19,Pune,3
3844,55,115647,Salaried,670,15,Ahmedabad,3
3845,47,80642,Salaried,515,6,Ahmedabad,2
3846,61,61009,Self-employed,740,17,Lucknow,4
3847,51,143824,Self-employed,485,7,Ahmedabad,4
3848,49,44605,Salaried,452,13,Mumbai,2
3849,20,125879,Retired,395,17,Chennai,2
3850,20,135827,Student,635,0,Lucknow,0
3851,45,20580,Salaried,814,19,Pune,3
3852,61,129902,Self-employed,448,5,Hyderabad,4
3853,32,20400,Unemployed,831,12,Bangalore,1
3854,58,111032,Salaried,701,0,Bangalore,3
3855,40,142319,Self-employed,630,18,Chennai,5
3856,57,121960,Salaried,526,6,Lucknow,4
3857,28,54015,Salaried,657,15,Hyderabad,5
3858,65,86713,Student,615,13,Mumbai,0
3859,49,103754,Salaried,335,1,Lucknow,3
3860,53,58148,Salaried,808,6,Chennai,3
3861,50,137790,Salaried,777,19,Jaipur,5
3862,41,101078,Salaried,727,19,Pune,4
3863,56,71879,Salaried,749,14,Hyderabad,1
3864,51,134894,Self-employed,389,13,Kolkata,2
3865,45,80839,Salaried,840,0,Delhi,1
3866,54,44756,Self-employed,475,16,Delhi,5
3867,24,107943,Self-employed,719,15,Hyderabad,0
3868,21,51744,Salaried,470,4,Jaipur,3
3869,54,139697,Self-employed,693,2,Jaipur,5
3870,18,131072,Self-employed,565,19,Mumbai,5
3871,18,148196,Salaried,803,18,Pune,4
3872,64,22176,Salaried,433,1,Pune,3
3873,37,106310,Self-employed,325,13,Lucknow,2
3874,36,60177,Retired,576,18,Delhi,1
3875,46,125623,Salaried,399,12,Lucknow,1
3876,27,15997,Salaried,741,12,Chennai,0
3877,35,135179,Salaried,724,5,Ahmedabad,4
3878,45,135403,Salaried,329,8,Hyderabad,2
3879,52,110287,Self-employed,795,19,Pune,5
3880,60,134574,Salaried,490,0,Lucknow,2
3881,64,136509,Salaried,486,9,Hyderabad,4
3882,48,100447,Salaried,439,2,Jaipur,0
3883,44,124522,Salaried,619,5,Lucknow,5
3884,28,96144,Salaried,668,15,Lucknow,2
3885,66,107693,Salaried,596,19,Jaipur,0
3886,66,109315,Salaried,499,5,Hyderabad,4
3887,55,42387,Student,678,11,Hyderabad,4
3888,22,19090,Unemployed,379,2,Jaipur,4
3889,25,135846,Salaried,746,17,Lucknow,2
3890,51,55239,Self-employed,800,2,Jaipur,4
3891,65,18743,Salaried,558,4,Bangalore,2
3892,69,45924,Salaried,843,18,Pune,0
3893,29,145160,Salaried,420,17,Bangalore,3
3894,55,106815,Salaried,354,7,Chennai,0
3895,18,120312,Self-employed,792,9,Jaipur,2
3896,48,83860,Salaried,317,18,Lucknow,1
3897,21,95399,Salaried,608,9,Ahmedabad,1
3898,66,63795,Student,409,1,Hyderabad,5
3899,62,66553,Self-employed,630,9,Hyderabad,3
3900,67,118976,Salaried,563,17,Ahmedabad,4
3901,22,128566,Salaried,567,3,Delhi,0
3902,47,134968,Salaried,734,2,Kolkata,0
3903,41,76600,Salaried,749,16,Pune,2
3904,20,65022,Salaried,596,16,Bangalore,5
3905,28,149271,Salaried,436,11,Ahmedabad,3
3906,62,65897,Self-employed,696,16,Bangalore,4
3907,21,53038,Self-employed,483,12,Chennai,3
3908,43,138323,Self-employed,711,8,Lucknow,1
3909,44,135278,Salaried,619,0,Lucknow,5
3910,63,126054,Salaried,625,14,Hyderabad,3
3911,60,22897,Salaried,716,18,Hyderabad,4
3912,44,79541,Self-employed,389,8,Delhi,5
3913,59,121968,Salaried,740,16,Delhi,4
3914,68,29892,Unemployed,374,14,Bangalore,0
3915,67,39815,Self-employed,566,1,Bangalore,0
3916,23,60612,Unemployed,611,3,Chennai,4
3917,32,31267,Self-employed,782,6,Chennai,0
3918,47,33268,Retired,327,7,Chennai,0
3919,59,129463,Self-employed,641,0,Lucknow,0
3920,54,110347,Retired,725,0,Lucknow,4
3921,54,109542,Salaried,834,4,Bangalore,0
3922,59,81612,Salaried,709,7,Mumbai,1
3923,54,103757,Self-employed,584,0,Jaipur,5
3924,52,113075,Retired,405,2,Delhi,4
3925,40,49609,Salaried,803,16,Bangalore,3
3926,23,117785,Salaried,345,2,Delhi,5
3927,21,38645,Self-employed,746,0,Hyderabad,2
3928,35,77233,Self-employed,443,3,Hyderabad,5
3929,26,126443,Salaried,836,8,Mumbai,2
3930,66,22771,Self-employed,361,12,Chennai,1
3931,46,117601,Retired,381,4,Lucknow,4
3932,30,148014,Unemployed,635,13,Kolkata,3
3933,64,140224,Salaried,510,18,Hyderabad,4
3934,69,98251,Salaried,699,13,Kolkata,3
3935,34,72042,Salaried,646,3,Bangalore,3
3936,62,68740,Salaried,497,3,Bangalore,4
3937,49,62024,Salaried,676,8,Bangalore,5
3938,65,71965,Student,461,1,Hyderabad,0
3939,39,25057,Salaried,507,9,Chennai,2
3940,21,23983,Unemployed,726,17,Chennai,0
3941,22,145469,Unemployed,343,6,Bangalore,2
3942,54,34995,Salaried,790,13,Chennai,0
3943,58,129587,Retired,578,14,Ahmedabad,4
3944,66,53886,Self-employed,445,9,Bangalore,4
3945,30,104025,Self-employed,368,4,Lucknow,3
3946,51,110149,Salaried,821,7,Bangalore,1
3947,62,109020,Self-employed,410,4,Hyderabad,4
3948,39,17673,Salaried,848,4,Mumbai,2
3949,40,92513,Self-employed,354,13,Lucknow,3
3950,68,38466,Salaried,522,0,Hyderabad,2
3951,20,107545,Self-employed,823,4,Jaipur,0
3952,59,65406,Salaried,445,18,Bangalore,1
3953,51,149760,Salaried,563,11,Delhi,4
3954,49,84284,Self-employed,843,14,Bangalore,0
3955,62,129579,Self-employed,767,2,Bangalore,3
3956,68,28665,Salaried,486,0,Delhi,2
3957,66,35641,Salaried,642,11,Chennai,5
3958,38,50797,Unemployed,398,12,Ahmedabad,1
3959,63,60950,Self-employed,605,13,Pune,4
3960,61,144554,Salaried,498,9,Lucknow,2
3961,38,117339,Self-employed,453,19,Jaipur,4
3962,61,128431,Salaried,395,13,Ahmedabad,4
3963,28,36173,Salaried,658,13,Pune,2
3964,56,33095,Self-employed,698,12,Hyderabad,4
3965,21,138554,Student,675,2,Bangalore,3
3966,68,147511,Self-employed,627,18,Lucknow,1
3967,18,140614,Salaried,571,19,Chennai,0
3968,45,104023,Unemployed,594,9,Ahmedabad,1
3969,41,122181,Salaried,694,11,Delhi,0
3970,52,35600,Unemployed,771,1,Hyderabad,3
3971,30,17466,Salaried,847,0,Mumbai,1
3972,64,124934,Salaried,317,3,Pune,3
3973,51,68276,Self-employed,376,7,Chennai,2
3974,28,21928,Salaried,348,16,Mumbai,0
3975,53,70309,Student,797,13,Kolkata,2
3976,68,131196,Self-employed,725,13,Kolkata,2
3977,34,24404,Salaried,428,18,Hyderabad,1
3978,52,128187,Self-employed,818,3,Ahmedabad,4
3979,35,125449,Salaried,603,19,Chennai,4
3980,57,42684,Salaried,411,15,Pune,3
3981,39,83591,Retired,662,18,Chennai,1
3982,41,134821,Unemployed,365,18,Delhi,2
3983,36,17682,Salaried,330,12,Ahmedabad,5
3984,54,126186,Self-employed,594,6,Kolkata,3
3985,56,36832,Salaried,618,13,Lucknow,2
3986,38,31997,Student,313,9,Chennai,3
3987,25,49640,Unemployed,541,13,Delhi,5
3988,45,55491,Salaried,652,19,Pune,0
3989,22,78043,Student,547,10,Kolkata,3
3990,34,127175,Salaried,767,10,Jaipur,3
3991,54,143568,Salaried,687,14,Pune,2
3992,53,129250,Unemployed,741,7,Jaipur,4
3993,36,87725,Self-employed,641,16,Lucknow,2
3994,44,143131,Salaried,815,5,Lucknow,1
3995,51,60520,Self-employed,344,13,Kolkata,2
3996,28,77919,Salaried,718,8,Hyderabad,5
3997,62,124869,Salaried,502,2,Ahmedabad,4
3998,64,79442,Unemployed,838,11,Lucknow,1
3999,29,120246,Self-employed,685,3,Hyderabad,5
4000,38,124687,Student,659,14,Chennai,4
4001,28,138447,Salaried,767,12,Delhi,1
4002,56,76477,Self-employed,504,17,Hyderabad,2
4003,45,15244,Retired,546,13,Jaipur,4
4004,22,94453,Salaried,348,12,Ahmedabad,5
4005,34,142962,Salaried,665,8,Bangalore,5
4006,37,86303,Self-employed,552,4,Kolkata,4
4007,58,43390,Salaried,377,18,Hyderabad,5
4008,63,25247,Salaried,716,7,Pune,5
4009,29,44583,Unemployed,334,12,Delhi,0
4010,23,43670,Retired,737,8,Hyderabad,0
4011,34,139920,Self-employed,611,16,Delhi,3
4012,68,25236,Student,442,4,Ahmedabad,0
4013,36,50568,Unemployed,496,8,Pune,4
4014,43,122327,Self-employed,559,10,Delhi,3
4015,65,125188,Salaried,665,1,Chennai,2
4016,61,31352,Salaried,491,12,Pune,3
4017,61,140721,Salaried,786,0,Jaipur,5
4018,69,70904,Salaried,833,7,Bangalore,1
4019,49,137141,Salaried,323,14,Lucknow,3
4020,23,31108,Salaried,374,1,Lucknow,0
4021,53,17853,Salaried,693,2,Ahmedabad,2
4022,55,99156,Salaried,757,16,Jaipur,1
4023,28,19176,Self-employed,409,17,Ahmedabad,3
4024,50,115459,Salaried,389,16,Chennai,2
4025,41,138225,Student,336,13,Chennai,0
4026,40,133458,Salaried,606,10,Pune,2
4027,32,125893,Student,361,13,Chennai,2
4028,44,88927,Retired,604,4,Lucknow,1
4029,28,133178,Self-employed,478,5,Lucknow,4
4030,68,55667,Self-employed,839,18,Pune,0
4031,67,21611,Unemployed,743,10,Jaipur,1
4032,34,103242,Salaried,818,1,Jaipur,1
4033,68,99612,Retired,335,9,Jaipur,1
4034,31,61902,Student,777,12,Lucknow,4
4035,44,48043,Self-employed,372,1,Lucknow,4
4036,35,87867,Salaried,329,13,Hyderabad,3
4037,45,92089,Self-employed,602,16,Mumbai,3
4038,68,73745,Self-employed,646,8,Ahmedabad,0
4039,64,100970,Self-employed,810,7,Hyderabad,5
4040,64,39464,Self-employed,816,7,Pune,0
4041,21,133523,Salaried,364,6,Delhi,4
4042,24,35662,Salaried,752,15,Bangalore,4
4043,62,33228,Salaried,828,18,Hyderabad,4
4044,52,75721,Salaried,668,16,Bangalore,1
4045,65,21862,Salaried,336,0,Kolkata,4
4046,26,55108,Salaried,680,12,Chennai,1
4047,25,106788,Salaried,518,15,Kolkata,1
4048,69,95140,Salaried,545,5,Ahmedabad,0
4049,62,83578,Salaried,849,14,Chennai,2
4050,34,64966,Unemployed,550,11,Jaipur,3
4051,34,25386,Student,645,7,Bangalore,3
4052,66,92228,Self-employed,771,0,Pune,0
4053,50,87197,Salaried,421,10,Pune,0
4054,49,58021,Self-employed,625,14,Mumbai,4
4055,25,133915,Self-employed,827,0,Bangalore,4
4056,36,132174,Retired,420,15,Lucknow,4
4057,55,101755,Self-employed,438,6,Mumbai,1
4058,20,81330,Self-employed,386,0,Ahmedabad,1
4059,22,87322,Unemployed,429,1,Lucknow,4
4060,30,117318,Salaried,551,7,Kolkata,1
4061,64,60313,Salaried,659,10,Chennai,0
4062,63,42032,Self-employed,729,12,Bangalore,4
4063,48,76710,Salaried,346,4,Pune,3
4064,33,110326,Salaried,800,17,Ahmedabad,3
4065,67,101157,Self-employed,724,18,Ahmedabad,5
4066,49,43365,Salaried,674,2,Mumbai,1
4067,39,28189,Self-employed,410,0,Pune,3
4068,46,22248,Unemployed,526,4,Kolkata,4
4069,39,19369,Salaried,338,18,Delhi,3
4070,60,43605,Salaried,434,8,Ahmedabad,0
4071,20,64616,Salaried,594,6,Delhi,1
4072,27,118719,Salaried,333,11,Hyderabad,3
4073,59,48055,Salaried,727,13,Kolkata,1
4074,38,131680,Salaried,367,15,Hyderabad,0
4075,33,22450,Salaried,498,12,Lucknow,3
4076,29,148997,Salaried,558,17,Ahmedabad,5
4077,19,65272,Self-employed,436,9,Jaipur,4
4078,58,20310,Unemployed,680,5,Bangalore,2
4079,41,46817,Student,823,2,Bangalore,3
4080,52,97641,Self-employed,537,3,Pune,0
4081,47,30457,Salaried,583,0,Bangalore,5
4082,47,57311,Self-employed,757,10,Lucknow,5
4083,64,138573,Salaried,434,16,Kolkata,2
4084,52,112427,Salaried,381,4,Lucknow,5
4085,36,51181,Student,508,11,Chennai,3
4086,67,147019,Salaried,702,19,Jaipur,1
4087,25,146094,Salaried,487,6,Ahmedabad,0
4088,43,16128,Unemployed,792,3,Jaipur,3
4089,66,94522,Unemployed,554,15,Hyderabad,0
4090,57,63929,Salaried,622,14,Delhi,4
4091,24,96696,Salaried,724,13,Ahmedabad,2
4092,47,130245,Self-employed,714,1,Mumbai,2
4093,24,24808,Self-employed,466,9,Kolkata,4
4094,20,110148,Salaried,784,19,Delhi,2
4095,18,36725,Self-employed,735,1,Pune,2
4096,53,87534,Retired,831,4,Kolkata,5
4097,42,54950,Salaried,780,12,Lucknow,4
4098,54,98576,Unemployed,479,9,Bangalore,1
4099,18,35557,Retired,370,12,Pune,5
4100,32,36825,Salaried,740,13,Bangalore,2
4101,54,23998,Student,438,17,Hyderabad,1
4102,30,51080,Salaried,401,19,Chennai,0
4103,57,57407,Self-employed,767,7,Lucknow,0
4104,25,135283,Student,582,4,Delhi,2
4105,22,28338,Salaried,328,19,Jaipur,0
4106,26,91289,Self-employed,317,11,Hyderabad,4
4107,18,146029,Student,807,15,Kolkata,2
4108,53,124367,Salaried,319,19,Kolkata,4
4109,52,80898,Salaried,625,18,Ahmedabad,1
4110,19,149526,Salaried,655,6,Kolkata,3
4111,57,132486,Self-employed,732,3,Ahmedabad,3
4112,40,101540,Retired,698,18,Ahmedabad,5
4113,26,140416,Student,317,9,Mumbai,2
4114,51,54963,Salaried,849,7,Chennai,4
4115,63,109929,Self-employed,675,15,Jaipur,3
4116,31,89935,Salaried,639,3,Delhi,2
4117,21,28686,Salaried,449,9,Chennai,5
4118,47,78528,Salaried,532,18,Chennai,3
4119,48,114811,Salaried,403,15,Mumbai,5
4120,55,37787,Self-employed,520,11,Lucknow,3
4121,28,130613,Retired,325,19,Lucknow,0
4122,52,119887,Self-employed,363,1,Pune,2
4123,25,76086,Self-employed,553,10,Mumbai,5
4124,20,117231,Salaried,548,19,Kolkata,5
4125,31,78308,Retired,430,12,Ahmedabad,3
4126,30,30797,Student,329,2,Chennai,5
4127,62,20302,Unemployed,309,16,Kolkata,2
4128,49,53059,Salaried,388,9,Lucknow,0
4129,51,146980,Self-employed,729,7,Bangalore,2
4130,62,29239,Self-employed,446,5,Kolkata,0
4131,36,42313,Salaried,426,13,Bangalore,3
4132,55,57103,Self-employed,423,18,Chennai,5
4133,33,103771,Unemployed,640,0,Bangalore,5
4134,19,141228,Salaried,817,10,Kolkata,3
4135,57,106665,Salaried,350,13,Delhi,3
4136,34,25534,Self-employed,697,12,Jaipur,0
4137,51,58060,Salaried,613,11,Bangalore,1
4138,59,32189,Self-employed,813,5,Lucknow,0
4139,33,143431,Self-employed,801,3,Mumbai,0
4140,55,101067,Salaried,829,8,Kolkata,5
4141,19,25967,Student,718,6,Chennai,4
4142,19,80563,Self-employed,493,6,Delhi,3
4143,43,23660,Unemployed,611,12,Ahmedabad,3
4144,30,133671,Student,598,1,Jaipur,4
4145,64,144909,Unemployed,628,1,Hyderabad,5
4146,48,90976,Salaried,775,14,Ahmedabad,1
4147,51,28107,Salaried,416,15,Delhi,2
4148,56,109182,Salaried,563,1,Hyderabad,3
4149,20,106787,Salaried,816,19,Mumbai,3
4150,25,30954,Unemployed,818,4,Lucknow,0
4151,40,31943,Salaried,320,1,Bangalore,1
4152,31,55725,Student,776,19,Pune,1
4153,44,60434,Salaried,848,6,Mumbai,5
4154,46,100751,Salaried,472,4,Hyderabad,1
4155,56,25110,Unemployed,361,10,Pune,1
4156,56,31462,Salaried,505,7,Bangalore,4
4157,18,94232,Student,478,16,Ahmedabad,0
4158,34,81567,Salaried,641,13,Ahmedabad,5
4159,58,142425,Unemployed,739,4,Kolkata,4
4160,47,71063,Self-employed,374,3,Delhi,4
4161,30,128394,Student,589,2,Delhi,2
4162,38,70240,Salaried,443,6,Kolkata,0
4163,36,96352,Salaried,507,10,Chennai,1
4164,36,95989,Unemployed,571,0,Chennai,5
4165,42,37222,Unemployed,714,17,Kolkata,0
4166,39,94794,Salaried,696,0,Mumbai,1
4167,48,78924,Salaried,683,15,Pune,2
4168,34,114854,Salaried,560,12,Bangalore,3
4169,40,93513,Salaried,466,5,Lucknow,4
4170,49,69649,Self-employed,317,5,Lucknow,2
4171,27,117986,Salaried,546,13,Ahmedabad,4
4172,27,98749,Salaried,595,4,Jaipur,5
4173,53,54369,Self-employed,713,7,Ahmedabad,1
4174,25,101379,Salaried,619,17,Delhi,5
4175,69,84392,Self-employed,480,5,Pune,1
4176,37,27661,Retired,595,4,Chennai,2
4177,49,86718,Salaried,360,9,Kolkata,3
4178,67,22970,Self-employed,508,17,Lucknow,3
4179,31,62922,Salaried,465,12,Kolkata,4
4180,67,45755,Salaried,599,19,Jaipur,1
4181,45,135926,Salaried,650,5,Delhi,1
4182,63,34416,Salaried,360,3,Delhi,3
4183,69,28672,Salaried,562,12,Bangalore,1
4184,41,143145,Salaried,423,17,Kolkata,5
4185,32,89095,Unemployed,537,12,Chennai,1
4186,39,15064,Self-employed,841,12,Lucknow,2
4187,47,83835,Retired,389,6,Lucknow,3
4188,21,102594,Self-employed,438,4,Jaipur,3
4189,30,131916,Salaried,661,2,Bangalore,5
4190,40,135308,Salaried,712,5,Mumbai,5
4191,25,97516,Salaried,392,7,Kolkata,0
4192,35,79666,Salaried,433,11,Ahmedabad,5
4193,29,133294,Self-employed,503,1,Mumbai,3
4194,48,25866,Self-employed,337,10,Mumbai,3
4195,31,18889,Salaried,756,19,Hyderabad,5
4196,51,133194,Salaried,833,2,Pune,0
4197,35,139714,Salaried,737,9,Ahmedabad,1
4198,51,46335,Salaried,523,7,Ahmedabad,1
4199,28,65547,Salaried,467,7,Bangalore,4
4200,58,113756,Student,406,13,Chennai,1
4201,29,25995,Salaried,679,3,Jaipur,3
4202,66,17631,Self-employed,323,14,Kolkata,4
4203,32,103294,Salaried,810,9,Jaipur,4
4204,48,102278,Salaried,606,17,Kolkata,5
4205,66,79471,Student,657,14,Kolkata,5
4206,46,52116,Self-employed,669,18,Jaipur,1
4207,43,107116,Salaried,470,2,Hyderabad,4
4208,35,148014,Unemployed,521,1,Bangalore,0
4209,49,62664,Salaried,742,12,Kolkata,4
4210,39,102342,Salaried,452,12,Mumbai,2
4211,55,29407,Student,675,8,Jaipur,0
4212,34,128926,Self-employed,580,2,Lucknow,3
4213,40,74201,Salaried,518,1,Lucknow,1
4214,41,95093,Salaried,785,13,Pune,1
4215,67,32878,Unemployed,809,15,Mumbai,5
4216,25,98100,Salaried,634,13,Chennai,2
4217,58,93629,Salaried,709,3,Delhi,1
4218,23,58168,Self-employed,353,1,Bangalore,3
4219,22,69862,Unemployed,374,15,Chennai,4
4220,61,43004,Salaried,648,7,Delhi,1
4221,46,35471,Student,692,0,Lucknow,3
4222,45,106820,Self-employed,456,17,Mumbai,5
4223,28,117229,Salaried,380,8,Chennai,0
4224,18,80308,Self-employed,507,11,Jaipur,3
4225,60,98969,Retired,385,4,Jaipur,5
4226,36,29568,Salaried,746,2,Jaipur,2
4227,26,24466,Salaried,476,7,Bangalore,3
4228,44,72324,Unemployed,810,15,Mumbai,1
4229,51,117208,Self-employed,438,17,Mumbai,4
4230,61,90955,Salaried,401,11,Bangalore,3
4231,21,109791,Self-employed,772,11,Lucknow,2
4232,53,123718,Self-employed,841,3,Ahmedabad,0
4233,35,37650,Student,493,9,Chennai,2
4234,32,103290,Unemployed,785,8,Ahmedabad,5
4235,68,92701,Salaried,613,3,Pune,0
4236,30,25683,Salaried,546,0,Ahmedabad,3
4237,36,95978,Self-employed,737,4,Delhi,4
4238,66,19860,Salaried,372,2,Ahmedabad,2
4239,23,149801,Self-employed,368,10,Jaipur,4
4240,65,46351,Salaried,451,12,Lucknow,5
4241,29,77744,Salaried,393,10,Hyderabad,3
4242,68,135198,Salaried,734,5,Bangalore,4
4243,54,89155,Self-employed,730,3,Pune,4
4244,34,136449,Student,756,6,Jaipur,2
4245,40,91700,Salaried,729,2,Ahmedabad,3
4246,43,21955,Salaried,528,9,Ahmedabad,4
4247,46,36662,Salaried,329,4,Pune,0
4248,50,21408,Student,634,18,Kolkata,1
4249,44,16225,Salaried,476,17,Delhi,0
4250,42,32279,Self-employed,708,16,Kolkata,5
4251,27,125401,Self-employed,536,0,Kolkata,4
4252,64,107404,Salaried,577,4,Delhi,3
4253,40,63481,Student,376,16,Lucknow,0
4254,38,59552,Salaried,839,8,Mumbai,3
4255,38,89474,Self-employed,457,10,Kolkata,5
4256,60,40168,Salaried,466,6,Hyderabad,0
4257,30,47099,Salaried,484,6,Pune,3
4258,54,76455,Self-employed,688,1,Delhi,4
4259,50,69240,Salaried,311,13,Hyderabad,2
4260,41,89796,Self-employed,468,15,Ahmedabad,0
4261,61,69592,Self-employed,725,4,Hyderabad,5
4262,28,137181,Self-employed,748,17,Bangalore,3
4263,34,116611,Salaried,793,3,Bangalore,0
4264,21,73046,Self-employed,748,11,Pune,3
4265,64,31488,Self-employed,405,18,Delhi,3
4266,42,133521,Salaried,726,12,Bangalore,2
4267,47,146467,Self-employed,397,5,Pune,3
4268,26,33394,Unemployed,525,10,Jaipur,0
4269,38,108993,Salaried,746,14,Mumbai,5
4270,37,74332,Unemployed,775,16,Kolkata,4
4271,36,57628,Salaried,502,1,Delhi,5
4272,36,36352,Salaried,596,12,Kolkata,1
4273,29,97971,Salaried,315,0,Hyderabad,3
4274,54,66993,Self-employed,677,3,Ahmedabad,1
4275,59,118027,Salaried,635,14,Pune,4
4276,34,135212,Unemployed,319,15,Kolkata,5
4277,54,23539,Student,739,10,Kolkata,1
4278,65,147335,Self-employed,543,2,Delhi,3
4279,56,68817,Salaried,543,11,Hyderabad,0
4280,45,64107,Unemployed,691,11,Bangalore,5
4281,58,144240,Student,561,10,Hyderabad,5
4282,52,114655,Salaried,519,15,Bangalore,2
4283,64,71132,Self-employed,307,12,Delhi,5
4284,65,140701,Self-employed,745,11,Ahmedabad,3
4285,35,120494,Self-employed,313,9,Chennai,3
4286,31,67979,Salaried,686,10,Kolkata,2
4287,52,73013,Salaried,321,17,Jaipur,2
4288,61,78797,Salaried,524,4,Chennai,5
4289,58,66798,Salaried,534,19,Mumbai,2
4290,24,91421,Self-employed,640,12,Hyderabad,2
4291,58,22434,Retired,433,16,Kolkata,2
4292,30,45028,Retired,477,11,Lucknow,3
4293,35,81558,Self-employed,819,16,Bangalore,1
4294,54,39331,Self-employed,838,0,Kolkata,0
4295,30,82573,Salaried,736,7,Ahmedabad,3
4296,53,144473,Self-employed,350,15,Mumbai,4
4297,48,97979,Salaried,742,14,Chennai,5
4298,19,19123,Salaried,580,18,Bangalore,3
4299,33,31603,Self-employed,343,9,Chennai,5
4300,26,80941,Salaried,664,1,Delhi,3
4301,26,57597,Salaried,568,3,Delhi,1
4302,55,99238,Student,592,3,Delhi,5
4303,28,56751,Salaried,493,19,Bangalore,2
4304,39,141462,Salaried,670,11,Jaipur,5
4305,50,101978,Salaried,377,16,Kolkata,4
4306,53,32693,Salaried,488,3,Chennai,1
4307,62,109524,Salaried,689,7,Chennai,0
4308,40,112869,Student,324,15,Bangalore,4
4309,62,78825,Salaried,601,14,Jaipur,4
4310,62,145475,Student,657,13,Lucknow,1
4311,51,60406,Salaried,393,18,Mumbai,4
4312,26,138371,Salaried,635,10,Hyderabad,3
4313,41,16617,Self-employed,463,12,Chennai,3
4314,25,58016,Self-employed,640,7,Ahmedabad,2
4315,24,39276,Self-employed,371,8,Pune,1
4316,53,87240,Unemployed,341,1,Bangalore,3
4317,35,121292,Salaried,710,19,Kolkata,4
4318,20,32959,Salaried,320,1,Chennai,4
4319,45,43522,Unemployed,300,7,Chennai,3
4320,23,41567,Salaried,375,17,Lucknow,1
4321,61,77708,Salaried,697,6,Ahmedabad,1
4322,61,141206,Salaried,387,10,Jaipur,0
4323,38,37560,Self-employed,316,19,Chennai,1
4324,45,73390,Salaried,628,0,Delhi,5
4325,57,140772,Salaried,509,15,Mumbai,5
4326,18,60104,Salaried,682,15,Lucknow,5
4327,53,72805,Self-employed,445,9,Chennai,3
4328,38,39496,Salaried,752,16,Ahmedabad,0
4329,60,106257,Salaried,692,9,Kolkata,4
4330,52,18515,Self-employed,609,5,Delhi,3
4331,30,19454,Unemployed,791,13,Chennai,2
4332,66,37873,Self-employed,729,14,Chennai,2
4333,27,88920,Student,300,3,Lucknow,1
4334,61,28727,Salaried,340,1,Kolkata,0
4335,64,143376,Salaried,511,18,Delhi,0
4336,27,84070,Salaried,632,12,Pune,4
4337,63,114059,Student,745,11,Kolkata,1
4338,30,139564,Salaried,603,12,Chennai,0
4339,54,132213,Student,453,14,Ahmedabad,3
4340,55,40465,Retired,822,1,Delhi,4
4341,41,74799,Salaried,324,7,Mumbai,0
4342,19,111129,Salaried,324,2,Hyderabad,2
4343,39,122288,Salaried,405,0,Lucknow,2
4344,34,27875,Salaried,418,10,Lucknow,0
4345,53,42219,Salaried,407,8,Ahmedabad,5
4346,31,51182,Unemployed,629,16,Pune,5
4347,27,94781,Salaried,479,6,Jaipur,2
4348,52,21457,Salaried,430,3,Mumbai,3
4349,42,48064,Salaried,467,12,Bangalore,4
4350,20,130256,Unemployed,522,4,Jaipur,3
4351,64,113297,Self-employed,768,11,Kolkata,2
4352,55,84918,Unemployed,577,19,Hyderabad,0
4353,34,105179,Retired,489,4,Pune,0
4354,29,89944,Salaried,830,10,Bangalore,4
4355,69,104142,Salaried,825,1,Pune,2
4356,41,42603,Salaried,489,3,Bangalore,2
4357,46,61458,Salaried,517,9,Hyderabad,2
4358,60,85605,Self-employed,598,6,Ahmedabad,1
4359,42,34623,Salaried,610,11,Pune,0
4360,53,59440,Salaried,535,7,Kolkata,2
4361,43,97427,Self-employed,467,15,Hyderabad,4
4362,55,108826,Self-employed,492,1,Chennai,5
4363,18,42460,Self-employed,541,2,Delhi,1
4364,37,125373,Salaried,461,16,Pune,2
4365,45,19870,Student,638,14,Chennai,0
4366,33,33909,Self-employed,754,17,Hyderabad,5
4367,64,24117,Salaried,434,9,Lucknow,1
4368,34,82474,Student,492,1,Delhi,3
4369,57,108926,Retired,701,16,Delhi,4
4370,45,142463,Salaried,691,15,Hyderabad,0
4371,29,116536,Salaried,341,6,Ahmedabad,3
4372,44,35128,Salaried,392,18,Mumbai,0
4373,59,84001,Salaried,514,15,Lucknow,4
4374,64,15440,Unemployed,648,0,Pune,2
4375,47,138491,Salaried,812,3,Hyderabad,3
4376,58,96662,Student,634,12,Kolkata,3
4377,51,15005,Self-employed,698,9,Lucknow,1
4378,54,22038,Self-employed,463,10,Ahmedabad,2
4379,23,21414,Salaried,405,18,Mumbai,4
4380,24,84506,Salaried,531,14,Kolkata,5
4381,49,91586,Salaried,832,10,Hyderabad,1
4382,49,148678,Salaried,476,2,Chennai,3
4383,42,31482,Salaried,593,1,Lucknow,0
4384,50,48948,Student,564,10,Lucknow,4
4385,24,104987,Salaried,819,9,Delhi,1
4386,69,35875,Student,569,2,Ahmedabad,5
4387,29,28057,Salaried,511,4,Kolkata,2
4388,33,47400,Student,462,14,Lucknow,5
4389,33,83607,Retired,352,3,Hyderabad,0
4390,60,102561,Salaried,532,16,Jaipur,1
4391,53,42503,Unemployed,737,0,Delhi,4
4392,30,116096,Self-employed,817,0,Kolkata,0
4393,24,61612,Student,343,11,Mumbai,1
4394,53,113318,Self-employed,815,9,Bangalore,1
4395,64,99335,Salaried,391,8,Hyderabad,5
4396,68,115989,Salaried,737,8,Ahmedabad,4
4397,26,108012,Salaried,636,19,Kolkata,2
4398,49,96748,Self-employed,593,19,Chennai,0
4399,28,80195,Retired,563,13,Kolkata,5
4400,25,104846,Self-employed,404,18,Chennai,1
4401,50,117404,Salaried,523,9,Delhi,5
4402,40,54142,Student,718,2,Mumbai,5
4403,42,86540,Student,414,19,Ahmedabad,5
4404,25,91948,Salaried,534,16,Mumbai,4
4405,62,73951,Salaried,573,2,Delhi,1
4406,39,26755,Salaried,529,11,Kolkata,4
4407,21,132985,Unemployed,333,14,Ahmedabad,4
4408,57,99553,Student,687,4,Lucknow,1
4409,20,149962,Salaried,800,14,Bangalore,5
4410,46,109376,Salaried,761,19,Jaipur,5
4411,58,32175,Student,748,15,Hyderabad,4
4412,46,80687,Unemployed,513,8,Bangalore,0
4413,51,99983,Student,345,7,Lucknow,5
4414,51,61629,Self-employed,704,10,Pune,4
4415,45,131779,Salaried,632,8,Pune,2
4416,30,83513,Self-employed,539,15,Pune,2
4417,32,97762,Salaried,553,13,Chennai,4
4418,40,147731,Student,527,14,Hyderabad,0
4419,61,72941,Salaried,465,13,Bangalore,5
4420,43,58473,Student,810,9,Chennai,3
4421,21,31040,Salaried,689,12,Bangalore,3
4422,43,84806,Student,722,0,Bangalore,0
4423,57,127076,Salaried,710,8,Mumbai,2
4424,26,70916,Salaried,746,16,Kolkata,4
4425,22,148363,Self-employed,702,16,Bangalore,1
4426,49,18811,Salaried,396,9,Mumbai,4
4427,37,46276,Unemployed,678,12,Jaipur,4
4428,67,96049,Self-employed,485,17,Chennai,3
4429,28,88062,Self-employed,543,12,Jaipur,4
4430,32,69499,Student,802,12,Delhi,3
4431,49,61281,Unemployed,587,9,Delhi,1
4432,45,59852,Self-employed,668,19,Chennai,4
4433,39,19595,Unemployed,364,6,Chennai,0
4434,58,110930,Salaried,461,6,Kolkata,4
4435,34,107676,Salaried,717,8,Mumbai,5
4436,43,34405,Self-employed,780,15,Kolkata,5
4437,61,73122,Salaried,568,14,Lucknow,0
4438,24,143909,Salaried,489,2,Delhi,3
4439,59,18447,Salaried,705,12,Kolkata,4
4440,43,25662,Salaried,788,10,Lucknow,3
4441,42,73282,Student,611,7,Lucknow,0
4442,27,43582,Self-employed,393,5,Hyderabad,3
4443,62,82471,Retired,689,9,Bangalore,2
4444,36,138513,Student,846,16,Chennai,5
4445,28,122578,Salaried,710,19,Kolkata,0
4446,30,90871,Salaried,511,8,Hyderabad,3
4447,25,98205,Salaried,668,13,Jaipur,4
4448,57,89081,Student,467,19,Jaipur,3
4449,21,120783,Salaried,313,12,Hyderabad,1
4450,64,98805,Salaried,506,0,Mumbai,0
4451,48,139698,Unemployed,342,18,Hyderabad,3
4452,45,25712,Self-employed,741,8,Lucknow,5
4453,28,96527,Salaried,814,16,Bangalore,2
4454,60,144453,Salaried,694,14,Kolkata,5
4455,18,141888,Unemployed,537,19,Kolkata,1
4456,66,102185,Unemployed,830,4,Lucknow,0
4457,64,114851,Salaried,703,3,Chennai,1
4458,69,27210,Salaried,513,3,Bangalore,4
4459,55,51972,Student,673,14,Mumbai,2
4460,41,49136,Student,431,4,Pune,4
4461,64,131445,Student,308,16,Ahmedabad,5
4462,48,30945,Self-employed,452,6,Kolkata,5
4463,58,94180,Unemployed,730,5,Ahmedabad,3
4464,63,85453,Salaried,782,14,Chennai,1
4465,67,100404,Salaried,604,19,Ahmedabad,4
4466,43,18052,Self-employed,583,13,Bangalore,3
4467,66,42272,Self-employed,771,9,Ahmedabad,2
4468,67,56150,Unemployed,489,5,Hyderabad,5
4469,22,112095,Salaried,827,9,Jaipur,4
4470,37,83774,Student,811,19,Kolkata,1
4471,69,58175,Salaried,642,8,Mumbai,4
4472,58,146637,Self-employed,729,12,Ahmedabad,2
4473,28,31375,Salaried,333,13,Bangalore,3
4474,50,40710,Self-employed,770,0,Kolkata,4
4475,67,122026,Self-employed,693,0,Delhi,4
4476,55,42597,Salaried,794,18,Pune,5
4477,44,89289,Salaried,812,8,Kolkata,0
4478,51,100687,Self-employed,621,4,Pune,3
4479,32,133968,Student,414,16,Pune,5
4480,49,55274,Salaried,513,15,Kolkata,0
4481,38,63634,Salaried,444,11,Kolkata,0
4482,63,45041,Salaried,477,4,Jaipur,5
4483,22,100365,Unemployed,659,5,Bangalore,2
4484,23,148275,Salaried,584,19,Ahmedabad,2
4485,55,66986,Salaried,544,10,Mumbai,1
4486,39,40370,Student,505,18,Chennai,5
4487,35,50247,Self-employed,641,5,Delhi,3
4488,31,139403,Salaried,659,9,Bangalore,3
4489,27,134544,Retired,798,14,Hyderabad,2
4490,63,146506,Self-employed,440,17,Chennai,2
4491,30,77982,Self-employed,521,6,Mumbai,0
4492,48,80180,Salaried,688,2,Kolkata,2
4493,47,123534,Unemployed,629,15,Bangalore,4
4494,20,39644,Salaried,692,12,Delhi,3
4495,47,53493,Salaried,657,16,Chennai,1
4496,23,98824,Salaried,693,3,Chennai,0
4497,46,62289,Student,339,18,Bangalore,4
4498,25,50481,Self-employed,572,3,Kolkata,2
4499,61,92097,Self-employed,719,11,Kolkata,1
4500,62,37578,Salaried,369,3,Ahmedabad,2
4501,60,87048,Self-employed,757,16,Lucknow,5
4502,61,110737,Student,533,17,Pune,4
4503,50,33687,Salaried,496,5,Jaipur,5
4504,34,137540,Student,808,18,Pune,5
4505,65,45183,Salaried,835,4,Delhi,1
4506,28,35758,Student,446,1,Bangalore,5
4507,30,147154,Salaried,758,10,Hyderabad,2
4508,67,111368,Self-employed,366,12,Mumbai,4
4509,28,60891,Retired,329,4,Ahmedabad,4
4510,48,61901,Retired,406,7,Pune,1
4511,45,118912,Salaried,689,10,Hyderabad,5
4512,61,86062,Salaried,705,3,Kolkata,5
4513,23,87008,Salaried,420,17,Lucknow,4
4514,58,148847,Unemployed,310,14,Kolkata,2
4515,33,32974,Self-employed,646,4,Ahmedabad,1
4516,21,95591,Salaried,552,11,Ahmedabad,5
4517,52,33615,Salaried,418,3,Bangalore,5
4518,65,37838,Unemployed,819,3,Jaipur,0
4519,43,55728,Self-employed,514,19,Bangalore,4
4520,29,131249,Salaried,379,8,Lucknow,2
4521,28,93000,Salaried,718,8,Ahmedabad,1
4522,54,67798,Salaried,588,13,Pune,5
4523,42,25248,Self-employed,533,7,Jaipur,0
4524,35,60291,Unemployed,560,0,Jaipur,0
4525,36,97629,Unemployed,321,10,Mumbai,3
4526,40,140612,Salaried,377,3,Mumbai,5
4527,55,32177,Student,313,16,Bangalore,3
4528,35,58815,Salaried,447,16,Pune,5
4529,43,53533,Salaried,329,18,Bangalore,1
4530,23,15026,Retired,737,12,Bangalore,4
4531,21,119997,Salaried,829,18,Chennai,5
4532,61,75611,Salaried,362,16,Ahmedabad,2
4533,68,102242,Retired,729,19,Mumbai,4
4534,46,119913,Salaried,434,11,Chennai,2
4535,51,57082,Student,456,19,Chennai,2
4536,34,118613,Unemployed,553,13,Ahmedabad,3
4537,60,113315,Self-employed,486,8,Pune,3
4538,60,104690,Salaried,678,11,Chennai,4
4539,33,110220,Salaried,626,16,Ahmedabad,1
4540,19,30389,Salaried,498,15,Bangalore,2
4541,51,106860,Salaried,470,11,Lucknow,3
4542,25,36797,Student,614,9,Pune,1
4543,30,126975,Salaried,305,1,Jaipur,3
4544,59,112169,Salaried,555,2,Hyderabad,2
4545,25,81332,Self-employed,619,4,Chennai,0
4546,47,38696,Self-employed,547,15,Chennai,3
4547,49,17024,Unemployed,303,12,Mumbai,1
4548,53,105998,Salaried,812,17,Hyderabad,4
4549,64,20285,Student,805,1,Bangalore,4
4550,47,22370,Self-employed,330,0,Bangalore,2
4551,18,32903,Salaried,574,8,Mumbai,5
4552,60,112904,Salaried,624,17,Pune,0
4553,56,37995,Salaried,476,4,Jaipur,3
4554,34,120160,Self-employed,586,2,Bangalore,5
4555,37,103377,Salaried,378,4,Pune,3
4556,41,52822,Unemployed,542,11,Jaipur,0
4557,67,122412,Self-employed,800,7,Bangalore,2
4558,39,66222,Unemployed,504,7,Jaipur,2
4559,46,109088,Salaried,759,6,Delhi,1
4560,39,105450,Salaried,682,1,Bangalore,1
4561,61,124366,Salaried,632,0,Chennai,1
4562,26,125078,Salaried,465,0,Pune,2
4563,54,78853,Unemployed,460,7,Jaipur,3
4564,27,138794,Salaried,305,16,Mumbai,4
4565,53,67442,Salaried,504,4,Jaipur,2
4566,54,24675,Salaried,831,13,Lucknow,0
4567,45,104590,Salaried,399,7,Kolkata,4
4568,45,123570,Student,344,19,Chennai,2
4569,59,46661,Self-employed,756,17,Hyderabad,5
4570,60,79289,Self-employed,526,6,Lucknow,2
4571,38,32184,Salaried,614,13,Kolkata,1
4572,41,62963,Unemployed,351,13,Kolkata,3
4573,59,20267,Self-employed,445,5,Kolkata,5
4574,57,77814,Salaried,580,2,Ahmedabad,3
4575,19,51025,Salaried,422,13,Lucknow,4
4576,25,136246,Unemployed,770,13,Ahmedabad,2
4577,65,92605,Self-employed,596,2,Lucknow,1
4578,44,147053,Self-employed,811,9,Chennai,5
4579,39,58436,Salaried,801,8,Jaipur,0
4580,54,92192,Salaried,501,6,Ahmedabad,2
4581,44,135591,Self-employed,714,6,Hyderabad,1
4582,46,99511,Self-employed,721,6,Delhi,0
4583,20,24665,Self-employed,819,11,Jaipur,0
4584,61,106277,Self-employed,372,3,Hyderabad,4
4585,30,67474,Salaried,644,19,Ahmedabad,3
4586,62,90911,Student,326,12,Hyderabad,3
4587,27,107643,Unemployed,468,2,Kolkata,4
4588,53,45484,Unemployed,508,19,Pune,2
4589,26,116165,Salaried,842,8,Chennai,5
4590,44,40835,Salaried,844,19,Lucknow,1
4591,51,111453,Student,609,12,Bangalore,5
4592,68,68790,Self-employed,479,0,Pune,5
4593,18,24643,Self-employed,737,5,Delhi,3
4594,49,90846,Unemployed,776,19,Lucknow,5
4595,42,28200,Self-employed,694,7,Bangalore,4
4596,46,67275,Self-employed,841,16,Mumbai,3
4597,24,104001,Salaried,356,17,Mumbai,3
4598,66,57448,Salaried,473,3,Delhi,3
4599,20,106685,Salaried,625,11,Mumbai,2
4600,37,25619,Unemployed,621,15,Delhi,4
4601,37,120454,Salaried,482,17,Mumbai,3
4602,47,16766,Salaried,534,9,Bangalore,3
4603,52,18549,Student,485,3,Jaipur,4
4604,52,122938,Self-employed,565,1,Jaipur,0
4605,66,142673,Self-employed,628,14,Ahmedabad,5
4606,56,63328,Salaried,664,8,Jaipur,2
4607,44,40301,Student,323,14,Chennai,2
4608,43,59763,Salaried,560,4,Ahmedabad,5
4609,31,59787,Salaried,654,18,Kolkata,1
4610,34,135675,Salaried,495,2,Chennai,1
4611,35,22425,Salaried,789,16,Chennai,5
4612,62,27857,Salaried,632,12,Delhi,0
4613,69,107999,Self-employed,620,2,Lucknow,1
4614,46,56457,Salaried,746,3,Jaipur,3
4615,37,146776,Self-employed,676,17,Jaipur,3
4616,44,20452,Salaried,502,2,Mumbai,5
4617,35,126153,Salaried,389,13,Chennai,1
4618,21,53862,Self-employed,476,15,Jaipur,5
4619,18,33300,Unemployed,331,11,Chennai,2
4620,67,16845,Unemployed,542,10,Delhi,0
4621,18,134342,Retired,369,1,Delhi,3
4622,43,54181,Self-employed,370,0,Lucknow,0
4623,62,49404,Self-employed,457,12,Jaipur,1
4624,37,37564,Self-employed,848,17,Chennai,4
4625,69,112898,Self-employed,625,17,Mumbai,5
4626,40,33227,Salaried,334,12,Mumbai,5
4627,27,110259,Self-employed,779,3,Mumbai,0
4628,28,139451,Salaried,759,0,Ahmedabad,0
4629,58,32215,Salaried,715,14,Mumbai,1
4630,58,145577,Self-employed,718,16,Kolkata,1
4631,22,86074,Salaried,810,5,Jaipur,3
4632,18,123621,Salaried,667,4,Chennai,4
4633,34,121759,Salaried,506,0,Jaipur,4
4634,39,143471,Retired,660,15,Kolkata,0
4635,51,36711,Salaried,735,13,Jaipur,4
4636,62,63398,Salaried,569,4,Delhi,1
4637,58,16286,Unemployed,532,2,Ahmedabad,5
4638,46,123304,Salaried,405,2,Pune,1
4639,21,119959,Salaried,317,11,Pune,1
4640,22,74967,Salaried,794,17,Bangalore,0
4641,28,112803,Salaried,559,8,Lucknow,2
4642,68,144745,Salaried,784,16,Delhi,1
4643,38,69583,Salaried,612,16,Lucknow,4
4644,52,139077,Salaried,401,19,Mumbai,4
4645,29,126359,Student,836,17,Mumbai,1
4646,43,42086,Self-employed,479,2,Pune,5
4647,68,119132,Self-employed,809,17,Jaipur,2
4648,36,74263,Salaried,776,14,Mumbai,0
4649,62,135155,Salaried,699,0,Lucknow,1
4650,24,75664,Student,649,2,Chennai,0
4651,64,135474,Salaried,514,6,Delhi,2
4652,24,91968,Unemployed,682,9,Ahmedabad,1
4653,43,149563,Salaried,423,8,Jaipur,5
4654,57,149464,Student,591,8,Bangalore,1
4655,22,82804,Salaried,627,7,Bangalore,1
4656,38,53400,Salaried,397,5,Pune,3
4657,31,43088,Student,599,0,Jaipur,1
4658,21,102893,Student,329,15,Pune,1
4659,40,20969,Salaried,373,9,Pune,5
4660,59,23981,Retired,471,10,Delhi,2
4661,37,69091,Salaried,383,11,Mumbai,2
4662,32,122154,Salaried,589,2,Delhi,3
4663,67,39408,Self-employed,384,5,Hyderabad,1
4664,69,62940,Self-employed,553,7,Lucknow,4
4665,62,18657,Retired,818,12,Ahmedabad,0
4666,46,36230,Salaried,751,18,Ahmedabad,5
4667,25,99731,Salaried,606,7,Hyderabad,1
4668,58,19329,Self-employed,483,12,Delhi,5
4669,65,50865,Salaried,613,3,Jaipur,3
4670,36,52869,Salaried,640,2,Lucknow,4
4671,65,135185,Salaried,526,19,Chennai,2
4672,56,98984,Salaried,563,2,Kolkata,0
4673,63,140172,Salaried,749,11,Mumbai,3
4674,45,116069,Salaried,550,4,Jaipur,2
4675,63,104711,Self-employed,707,5,Lucknow,1
4676,44,81252,Self-employed,469,17,Mumbai,3
4677,21,94386,Salaried,431,19,Pune,1
4678,32,133728,Salaried,345,13,Jaipur,3
4679,52,147783,Salaried,649,4,Bangalore,3
4680,54,40801,Salaried,398,10,Delhi,1
4681,18,105709,Self-employed,336,8,Lucknow,3
4682,20,68270,Retired,737,16,Ahmedabad,5
4683,64,70535,Self-employed,374,11,Chennai,2
4684,41,31220,Self-employed,357,0,Mumbai,5
4685,44,28392,Salaried,318,0,Ahmedabad,5
4686,57,148318,Salaried,701,3,Hyderabad,2
4687,53,35010,Unemployed,487,17,Hyderabad,0
4688,51,141951,Retired,438,16,Chennai,0
4689,46,83358,Salaried,442,11,Hyderabad,3
4690,41,111190,Salaried,407,19,Delhi,2
4691,41,130795,Student,520,11,Hyderabad,5
4692,59,137790,Salaried,444,4,Delhi,1
4693,21,140223,Student,809,0,Hyderabad,3
4694,20,90205,Student,675,18,Jaipur,5
4695,51,16082,Salaried,304,6,Pune,1
4696,66,90093,Retired,687,14,Chennai,4
4697,40,66952,Retired,462,13,Mumbai,0
4698,69,51719,Unemployed,664,2,Jaipur,3
4699,40,63737,Salaried,716,4,Mumbai,3
4700,62,122271,Salaried,808,5,Kolkata,1
4701,22,82839,Self-employed,320,10,Pune,0
4702,48,62931,Salaried,816,18,Lucknow,1
4703,58,54925,Salaried,496,1,Lucknow,1
4704,23,102745,Salaried,644,11,Hyderabad,0
4705,54,141298,Self-employed,629,13,Bangalore,4
4706,27,108709,Salaried,677,8,Ahmedabad,2
4707,57,57287,Salaried,510,19,Pune,5
4708,24,122252,Salaried,459,15,Jaipur,2
4709,56,124323,Self-employed,653,16,Mumbai,4
4710,55,27803,Self-employed,539,16,Ahmedabad,0
4711,38,133819,Salaried,378,1,Chennai,3
4712,37,108361,Retired,451,9,Pune,0
4713,20,28698,Salaried,816,10,Pune,5
4714,68,30376,Self-employed,682,2,Chennai,1
4715,39,28117,Student,651,1,Ahmedabad,5
4716,64,63786,Student,500,3,Mumbai,0
4717,21,128005,Salaried,432,7,Kolkata,2
4718,45,81480,Unemployed,468,18,Chennai,3
4719,29,147583,Unemployed,690,19,Chennai,5
4720,55,68233,Self-employed,684,17,Bangalore,4
4721,68,126022,Salaried,397,0,Mumbai,0
4722,53,107529,Salaried,676,1,Kolkata,3
4723,64,115919,Self-employed,639,7,Ahmedabad,5
4724,58,98533,Salaried,830,9,Lucknow,3
4725,22,84407,Student,431,18,Hyderabad,2
4726,30,88809,Salaried,509,6,Mumbai,1
4727,40,32229,Self-employed,304,16,Kolkata,3
4728,67,57176,Salaried,676,2,Hyderabad,3
4729,47,109825,Salaried,353,14,Jaipur,0
4730,54,149332,Salaried,797,3,Jaipur,4
4731,42,112555,Salaried,497,16,Kolkata,0
4732,65,18145,Self-employed,740,10,Bangalore,2
4733,44,112289,Student,479,5,Hyderabad,3
4734,68,17263,Self-employed,540,16,Ahmedabad,1
4735,31,72788,Self-employed,619,9,Kolkata,3
4736,65,146994,Self-employed,800,0,Ahmedabad,1
4737,64,60344,Salaried,322,17,Mumbai,1
4738,53,137819,Salaried,479,13,Ahmedabad,5
4739,56,88352,Salaried,474,18,Delhi,5
4740,33,55324,Self-employed,497,17,Pune,1
4741,39,109075,Salaried,837,0,Delhi,4
4742,38,92169,Salaried,753,0,Bangalore,0
4743,38,38384,Self-employed,398,8,Kolkata,5
4744,25,18512,Unemployed,726,13,Lucknow,2
4745,66,138775,Self-employed,752,2,Pune,5
4746,33,93743,Student,490,11,Jaipur,4
4747,48,100642,Self-employed,798,16,Kolkata,4
4748,59,144587,Salaried,490,16,Mumbai,1
4749,27,94858,Self-employed,440,1,Bangalore,4
4750,49,69800,Student,474,5,Kolkata,2
4751,51,115364,Salaried,719,0,Bangalore,2
4752,26,17387,Salaried,733,11,Ahmedabad,3
4753,34,147871,Salaried,739,3,Ahmedabad,4
4754,28,134095,Salaried,830,15,Mumbai,5
4755,49,50548,Unemployed,831,19,Ahmedabad,3
4756,27,105450,Salaried,660,10,Chennai,5
4757,39,120669,Salaried,745,19,Hyderabad,2
4758,34,95171,Unemployed,656,19,Lucknow,4
4759,21,60414,Self-employed,358,9,Ahmedabad,1
4760,65,88071,Self-employed,466,7,Delhi,1
4761,69,127808,Unemployed,562,1,Ahmedabad,4
4762,64,93591,Salaried,730,7,Pune,5
4763,42,19297,Self-employed,495,0,Chennai,3
4764,38,124513,Salaried,653,6,Kolkata,3
4765,54,143668,Salaried,346,13,Hyderabad,1
4766,55,101479,Salaried,608,3,Bangalore,3
4767,66,113752,Salaried,529,16,Delhi,1
4768,18,130481,Retired,710,1,Delhi,0
4769,42,82156,Retired,615,1,Chennai,1
4770,68,75263,Unemployed,376,7,Pune,0
4771,53,133996,Salaried,361,6,Mumbai,4
4772,34,114252,Retired,537,7,Mumbai,0
4773,58,133632,Self-employed,377,19,Chennai,2
4774,41,89855,Salaried,715,16,Jaipur,5
4775,19,31575,Self-employed,323,16,Kolkata,3
4776,57,27204,Salaried,328,6,Mumbai,0
4777,32,26952,Salaried,790,4,Bangalore,2
4778,49,98323,Student,434,14,Hyderabad,2
4779,56,41437,Self-employed,650,1,Bangalore,3
4780,23,142129,Salaried,649,10,Hyderabad,1
4781,18,102681,Self-employed,580,16,Hyderabad,2
4782,64,22903,Unemployed,775,12,Kolkata,5
4783,40,41863,Self-employed,591,3,Lucknow,0
4784,56,58381,Salaried,488,17,Kolkata,3
4785,34,43548,Salaried,718,13,Jaipur,0
4786,51,26467,Salaried,767,18,Bangalore,1
4787,58,72954,Retired,505,2,Lucknow,3
4788,46,38901,Salaried,541,3,Pune,2
4789,26,38301,Salaried,605,8,Chennai,0
4790,30,139686,Salaried,483,13,Delhi,5
4791,23,100180,Unemployed,777,16,Lucknow,0
4792,23,84903,Self-employed,803,1,Bangalore,5
4793,37,118955,Self-employed,427,13,Bangalore,2
4794,69,34755,Salaried,748,15,Bangalore,2
4795,20,74817,Salaried,529,18,Bangalore,1
4796,34,17093,Unemployed,340,15,Lucknow,1
4797,66,111319,Unemployed,691,10,Hyderabad,2
4798,29,37940,Unemployed,639,13,Hyderabad,3
4799,65,143714,Unemployed,320,6,Jaipur,2
4800,64,106544,Student,646,4,Ahmedabad,2
4801,62,99437,Self-employed,309,7,Lucknow,4
4802,18,107969,Student,386,16,Pune,3
4803,34,122001,Self-employed,844,13,Delhi,3
4804,20,102725,Salaried,638,9,Lucknow,5
4805,43,130784,Salaried,303,11,Delhi,1
4806,32,125675,Retired,322,4,Mumbai,1
4807,53,109266,Salaried,496,7,Pune,1
4808,49,24236,Unemployed,797,11,Pune,0
4809,49,87597,Salaried,572,3,Mumbai,3
4810,21,149974,Salaried,750,12,Hyderabad,4
4811,35,114656,Salaried,406,16,Pune,1
4812,66,49364,Salaried,677,4,Mumbai,1
4813,36,122071,Salaried,499,5,Hyderabad,1
4814,60,109410,Salaried,301,8,Lucknow,1
4815,69,73473,Student,420,4,Jaipur,1
4816,52,59153,Salaried,448,1,Mumbai,0
4817,57,53502,Salaried,451,2,Delhi,4
4818,31,30675,Salaried,605,10,Delhi,3
4819,50,133384,Self-employed,774,9,Lucknow,4
4820,31,93229,Self-employed,663,2,Bangalore,2
4821,51,104049,Self-employed,370,8,Chennai,5
4822,21,104157,Salaried,332,7,Pune,3
4823,41,120711,Salaried,456,15,Bangalore,1
4824,46,125090,Self-employed,629,1,Pune,2
4825,36,108321,Student,686,9,Kolkata,5
4826,23,41465,Salaried,458,13,Kolkata,2
4827,50,47286,Salaried,838,4,Pune,2
4828,66,69795,Salaried,526,0,Pune,2
4829,57,123139,Salaried,551,12,Pune,1
4830,36,118845,Self-employed,666,3,Jaipur,5
4831,18,64986,Self-employed,561,8,Mumbai,2
4832,22,90396,Salaried,837,15,Mumbai,4
4833,44,70178,Salaried,342,18,Bangalore,1
4834,33,25745,Retired,830,13,Hyderabad,2
4835,23,94637,Student,315,19,Delhi,2
4836,57,63566,Unemployed,404,7,Jaipur,4
4837,30,58722,Salaried,502,9,Mumbai,5
4838,65,101623,Self-employed,358,19,Kolkata,0
4839,52,126074,Salaried,347,0,Pune,0
4840,36,89974,Salaried,576,19,Lucknow,4
4841,29,99084,Salaried,711,4,Bangalore,5
4842,33,132353,Self-employed,477,14,Delhi,0
4843,60,119417,Salaried,413,7,Bangalore,3
4844,27,83099,Student,595,9,Pune,5
4845,42,40107,Salaried,737,5,Mumbai,3
4846,37,148768,Salaried,565,14,Ahmedabad,5
4847,48,68839,Salaried,461,14,Bangalore,3
4848,21,104241,Salaried,803,9,Kolkata,0
4849,61,38397,Salaried,335,18,Lucknow,3
4850,40,22704,Salaried,757,3,Kolkata,3
4851,19,31442,Salaried,670,5,Hyderabad,0
4852,39,144576,Salaried,785,14,Pune,4
4853,68,24765,Self-employed,571,5,Mumbai,5
4854,54,130828,Salaried,478,17,Hyderabad,1
4855,25,25002,Self-employed,779,10,Delhi,3
4856,24,26390,Self-employed,458,11,Lucknow,5
4857,31,21641,Salaried,503,7,Bangalore,0
4858,20,126119,Student,577,13,Kolkata,1
4859,67,30624,Self-employed,442,3,Mumbai,1
4860,33,24966,Salaried,819,17,Pune,5
4861,36,86301,Unemployed,811,5,Mumbai,2
4862,68,130123,Student,415,5,Ahmedabad,1
4863,35,93183,Retired,691,18,Hyderabad,3
4864,69,19959,Self-employed,642,1,Mumbai,4
4865,33,65802,Salaried,672,3,Pune,5
4866,25,139125,Salaried,668,4,Lucknow,3
4867,50,138795,Self-employed,514,14,Bangalore,2
4868,66,42215,Retired,810,2,Pune,1
4869,29,70046,Self-employed,626,15,Ahmedabad,5
4870,28,109593,Unemployed,336,12,Lucknow,2
4871,22,94036,Salaried,679,11,Bangalore,3
4872,44,124864,Salaried,811,8,Kolkata,3
4873,29,135333,Unemployed,623,10,Lucknow,3
4874,34,31772,Student,668,7,Delhi,4
4875,23,66943,Retired,523,6,Delhi,3
4876,50,83868,Student,399,3,Mumbai,3
4877,22,64855,Salaried,374,1,Bangalore,1
4878,45,116124,Self-employed,736,18,Chennai,5
4879,31,72205,Unemployed,667,11,Bangalore,5
4880,22,40874,Self-employed,362,2,Ahmedabad,5
4881,50,146007,Salaried,398,18,Mumbai,4
4882,67,16301,Salaried,524,2,Kolkata,5
4883,65,73017,Self-employed,374,18,Pune,1
4884,58,58319,Salaried,483,18,Jaipur,2
4885,36,37455,Self-employed,592,6,Mumbai,0
4886,39,72033,Salaried,356,13,Jaipur,5
4887,22,121924,Salaried,548,3,Jaipur,1
4888,19,47735,Student,768,5,Chennai,5
4889,47,87781,Salaried,439,13,Lucknow,4
4890,64,141031,Student,658,7,Kolkata,1
4891,56,143305,Salaried,707,17,Hyderabad,0
4892,21,123049,Retired,773,14,Chennai,1
4893,50,20630,Salaried,745,18,Hyderabad,5
4894,30,80488,Salaried,531,17,Kolkata,5
4895,37,149278,Unemployed,599,14,Bangalore,0
4896,24,71289,Student,725,11,Bangalore,4
4897,32,33953,Salaried,460,17,Jaipur,1
4898,40,115932,Retired,700,4,Kolkata,4
4899,31,93930,Self-employed,677,14,Bangalore,4
4900,40,16067,Retired,556,8,Ahmedabad,2
4901,36,65658,Self-employed,793,7,Ahmedabad,2
4902,46,67165,Salaried,788,7,Bangalore,1
4903,37,95781,Salaried,481,2,Pune,1
4904,46,44164,Salaried,825,12,Jaipur,5
4905,41,119946,Self-employed,399,12,Bangalore,5
4906,35,142580,Salaried,657,11,Ahmedabad,4
4907,27,114251,Salaried,530,14,Mumbai,2
4908,58,35773,Salaried,305,13,Bangalore,1
4909,25,48939,Salaried,389,0,Chennai,1
4910,43,113475,Unemployed,363,1,Bangalore,1
4911,46,27818,Self-employed,387,3,Jaipur,2
4912,27,24335,Student,332,12,Lucknow,1
4913,34,70008,Retired,371,9,Kolkata,4
4914,19,86745,Self-employed,552,12,Bangalore,1
4915,23,18577,Retired,406,0,Bangalore,3
4916,22,88916,Salaried,813,10,Delhi,5
4917,45,74314,Salaried,435,17,Lucknow,0
4918,58,56205,Salaried,708,8,Hyderabad,4
4919,22,128583,Salaried,420,5,Jaipur,1
4920,35,99715,Unemployed,777,12,Pune,3
4921,43,71680,Self-employed,393,4,Delhi,2
4922,37,43400,Salaried,804,9,Jaipur,4
4923,58,122345,Self-employed,306,4,Bangalore,4
4924,66,102110,Self-employed,490,9,Pune,1
4925,44,135120,Salaried,756,4,Lucknow,2
4926,66,43562,Self-employed,685,19,Pune,1
4927,29,33510,Unemployed,577,10,Chennai,3
4928,24,76608,Student,747,4,Chennai,0
4929,20,67182,Self-employed,351,4,Delhi,5
4930,27,41883,Salaried,704,16,Delhi,5
4931,51,26094,Salaried,695,4,Delhi,2
4932,42,148479,Salaried,510,0,Kolkata,0
4933,52,27644,Student,569,12,Bangalore,3
4934,33,100834,Salaried,844,3,Lucknow,4
4935,19,123982,Salaried,581,7,Pune,3
4936,41,67748,Unemployed,697,19,Pune,5
4937,27,74021,Student,515,5,Hyderabad,0
4938,55,77651,Self-employed,731,14,Ahmedabad,2
4939,39,51807,Salaried,620,14,Chennai,1
4940,43,43669,Salaried,792,15,Jaipur,0
4941,60,41539,Salaried,427,8,Lucknow,2
4942,56,149379,Self-employed,373,4,Lucknow,0
4943,44,32745,Salaried,775,15,Kolkata,5
4944,46,49555,Student,751,6,Chennai,4
4945,64,147145,Retired,761,2,Bangalore,5
4946,55,47683,Salaried,737,9,Jaipur,4
4947,37,40741,Salaried,555,15,Chennai,1
4948,44,18599,Self-employed,747,11,Jaipur,4
4949,58,143513,Unemployed,401,8,Mumbai,3
4950,37,42293,Unemployed,582,15,Kolkata,5
4951,61,30389,Salaried,503,8,Mumbai,5
4952,36,27318,Salaried,385,6,Jaipur,5
4953,37,18055,Student,623,10,Pune,1
4954,52,136164,Self-employed,463,16,Lucknow,5
4955,64,97579,Salaried,356,9,Jaipur,0
4956,19,119817,Self-employed,505,14,Kolkata,5
4957,47,19642,Student,728,9,Lucknow,3
4958,51,24321,Salaried,447,1,Jaipur,2
4959,39,94968,Unemployed,600,15,Chennai,0
4960,20,117770,Salaried,589,6,Bangalore,5
4961,23,124762,Student,320,14,Delhi,5
4962,32,129183,Self-employed,436,16,Chennai,5
4963,44,132159,Salaried,668,12,Bangalore,4
4964,27,40727,Self-employed,821,18,Jaipur,0
4965,26,88820,Student,735,7,Ahmedabad,4
4966,50,124062,Unemployed,329,8,Mumbai,3
4967,49,42476,Salaried,747,18,Delhi,5
4968,65,135355,Self-employed,524,16,Bangalore,3
4969,23,85047,Self-employed,685,9,Hyderabad,3
4970,58,18881,Self-employed,728,13,Kolkata,5
4971,53,30668,Unemployed,828,11,Kolkata,1
4972,19,43106,Salaried,327,19,Hyderabad,4
4973,46,30729,Salaried,425,6,Ahmedabad,0
4974,21,144354,Self-employed,798,8,Mumbai,5
4975,18,85320,Salaried,486,17,Kolkata,0
4976,36,69913,Unemployed,671,6,Hyderabad,0
4977,43,74402,Self-employed,437,3,Lucknow,1
4978,42,136649,Salaried,636,7,Hyderabad,1
4979,27,118930,Student,513,17,Jaipur,4
4980,32,74739,Salaried,590,14,Lucknow,1
4981,39,19507,Self-employed,670,6,Pune,5
4982,68,117552,Salaried,829,7,Chennai,3
4983,65,94059,Salaried,848,0,Pune,0
4984,38,145514,Salaried,595,10,Pune,3
4985,39,102680,Self-employed,718,9,Hyderabad,1
4986,53,40530,Salaried,660,4,Ahmedabad,0
4987,51,30305,Salaried,457,1,Ahmedabad,2
4988,47,124097,Salaried,374,1,Lucknow,3
4989,42,67044,Salaried,671,18,Hyderabad,2
4990,62,145436,Unemployed,820,15,Delhi,4
4991,45,104363,Salaried,405,10,Kolkata,5
4992,18,73817,Unemployed,666,13,Mumbai,3
4993,66,118038,Self-employed,701,4,Lucknow,0
4994,62,61666,Self-employed,402,3,Lucknow,0
4995,21,33909,Salaried,624,18,Lucknow,5
4996,24,37525,Retired,672,9,Jaipur,2
4997,66,127293,Salaried,637,8,Chennai,0
4998,26,116046,Self-employed,332,17,Mumbai,5
4999,53,52403,Retired,407,4,Bangalore,3
5000,36,149902,Unemployed,721,16,Lucknow,1
5001,18,146605,Self-employed,568,17,Delhi,1
5002,27,38504,Retired,372,0,Jaipur,5
5003,53,125551,Self-employed,480,13,Pune,0
5004,26,70715,Salaried,451,13,Lucknow,4
5005,62,51855,Salaried,811,13,Lucknow,3
5006,63,56721,Salaried,367,0,Hyderabad,4
5007,59,126597,Salaried,671,3,Chennai,2
5008,49,115659,Student,647,6,Chennai,5
5009,49,49723,Self-employed,331,11,Pune,0
5010,23,20539,Salaried,378,12,Ahmedabad,5
5011,65,131360,Unemployed,558,14,Chennai,2
5012,55,116140,Salaried,796,19,Pune,4
5013,34,84180,Retired,474,1,Bangalore,3
5014,27,131985,Retired,666,13,Jaipur,4
5015,67,100981,Unemployed,314,11,Bangalore,1
5016,44,50934,Student,350,12,Bangalore,4
5017,67,146255,Salaried,406,13,Lucknow,4
5018,52,24475,Self-employed,768,2,Delhi,4
5019,69,74577,Salaried,501,12,Bangalore,4
5020,38,41008,Salaried,517,7,Ahmedabad,3
5021,42,57756,Self-employed,340,15,Delhi,0
5022,45,95730,Salaried,684,5,Mumbai,3
5023,64,97702,Retired,635,10,Kolkata,5
5024,32,61840,Unemployed,404,14,Ahmedabad,2
5025,21,53623,Salaried,502,18,Hyderabad,1
5026,46,78303,Self-employed,809,1,Delhi,0
5027,26,61062,Salaried,394,10,Jaipur,5
5028,44,71690,Unemployed,476,19,Chennai,5
5029,43,113980,Self-employed,364,19,Bangalore,1
5030,36,60266,Salaried,523,8,Chennai,1
5031,45,102643,Salaried,679,3,Bangalore,0
5032,34,73704,Salaried,554,16,Ahmedabad,5
5033,60,132374,Retired,597,7,Mumbai,5
5034,58,23382,Salaried,470,15,Mumbai,0
5035,59,104609,Salaried,663,0,Jaipur,5
5036,67,61698,Unemployed,372,9,Pune,2
5037,37,16110,Unemployed,359,6,Jaipur,3
5038,62,130266,Unemployed,754,14,Bangalore,0
5039,57,146458,Self-employed,635,0,Bangalore,5
5040,56,62801,Self-employed,423,15,Delhi,2
5041,66,129012,Self-employed,754,1,Delhi,4
5042,40,111085,Salaried,313,2,Jaipur,0
5043,64,46566,Self-employed,715,14,Delhi,3
5044,49,38798,Salaried,326,17,Chennai,4
5045,69,38027,Salaried,349,14,Chennai,4
5046,64,20631,Unemployed,486,3,Jaipur,4
5047,50,71878,Salaried,356,2,Bangalore,4
5048,63,60206,Unemployed,333,6,Lucknow,1
5049,22,118473,Salaried,837,19,Delhi,3
5050,60,73334,Salaried,670,18,Bangalore,2
5051,65,87323,Self-employed,385,7,Jaipur,0
5052,51,68619,Student,459,6,Kolkata,2
5053,57,118536,Self-employed,724,3,Kolkata,1
5054,28,21734,Unemployed,405,9,Pune,4
5055,67,54008,Salaried,690,9,Mumbai,5
5056,20,64349,Unemployed,811,14,Lucknow,0
5057,50,139478,Salaried,574,17,Kolkata,3
5058,28,147672,Unemployed,588,9,Jaipur,0
5059,33,71614,Salaried,557,8,Hyderabad,0
5060,35,18692,Student,519,8,Ahmedabad,2
5061,47,141745,Self-employed,826,15,Lucknow,5
5062,65,35373,Salaried,832,16,Ahmedabad,4
5063,27,127413,Unemployed,358,15,Mumbai,3
5064,35,29507,Salaried,659,5,Ahmedabad,0
5065,55,77931,Salaried,412,4,Hyderabad,1
5066,36,90499,Student,575,6,Chennai,1
5067,53,129362,Salaried,556,12,Bangalore,5
5068,30,112449,Salaried,628,7,Kolkata,4
5069,63,111819,Self-employed,534,0,Kolkata,5
5070,20,54423,Student,350,9,Pune,0
5071,27,118612,Salaried,520,19,Jaipur,4
5072,55,101120,Self-employed,529,19,Mumbai,0
5073,18,132409,Self-employed,521,0,Jaipur,3
5074,44,105918,Unemployed,353,19,Bangalore,1
5075,63,81600,Unemployed,572,13,Hyderabad,5
5076,25,56848,Student,497,14,Hyderabad,2
5077,68,21820,Self-employed,427,5,Chennai,5
5078,63,23512,Salaried,308,19,Delhi,4
5079,59,66534,Salaried,526,1,Kolkata,3
5080,34,140191,Self-employed,433,6,Bangalore,1
5081,26,75945,Retired,315,19,Chennai,3
5082,23,98420,Self-employed,514,18,Hyderabad,5
5083,60,98488,Salaried,411,4,Pune,5
5084,42,24711,Salaried,456,7,Delhi,2
5085,56,101009,Self-employed,724,2,Bangalore,0
5086,66,24597,Self-employed,751,12,Pune,0
5087,45,75067,Self-employed,617,5,Kolkata,3
5088,50,63022,Self-employed,659,13,Chennai,3
5089,54,127673,Salaried,675,6,Chennai,4
5090,26,66782,Unemployed,595,10,Jaipur,3
5091,35,125716,Self-employed,497,8,Jaipur,0
5092,38,133030,Salaried,697,9,Lucknow,5
5093,19,87036,Salaried,541,19,Pune,3
5094,60,50342,Unemployed,728,16,Mumbai,1
5095,55,100745,Unemployed,305,7,Mumbai,1
5096,57,72396,Salaried,617,5,Bangalore,0
5097,53,129836,Salaried,511,10,Bangalore,3
5098,67,121998,Salaried,572,2,Pune,5
5099,60,65021,Salaried,383,5,Delhi,3
5100,54,145672,Self-employed,659,16,Ahmedabad,3
5101,32,133559,Self-employed,680,6,Mumbai,1
5102,45,81836,Self-employed,839,5,Ahmedabad,0
5103,35,92017,Self-employed,440,12,Jaipur,4
5104,51,117689,Salaried,809,13,Kolkata,5
5105,39,95291,Salaried,472,18,Chennai,1
5106,28,105450,Salaried,319,7,Hyderabad,0
5107,30,71006,Salaried,802,12,Hyderabad,0
5108,21,119268,Salaried,526,19,Ahmedabad,4
5109,39,65138,Self-employed,408,8,Ahmedabad,2
5110,24,77398,Student,619,4,Mumbai,4
5111,60,72228,Student,607,10,Jaipur,4
5112,41,77670,Student,386,6,Lucknow,0
5113,21,140613,Self-employed,527,5,Mumbai,2
5114,45,117071,Self-employed,609,11,Bangalore,2
5115,32,125572,Salaried,678,11,Pune,3
5116,18,18107,Retired,684,5,Kolkata,4
5117,20,101388,Salaried,412,3,Hyderabad,4
5118,31,110719,Salaried,592,12,Ahmedabad,2
5119,55,133018,Salaried,604,11,Chennai,2
5120,67,42617,Retired,590,14,Chennai,5
5121,18,89258,Retired,404,7,Ahmedabad,2
5122,55,65075,Student,590,12,Bangalore,0
5123,55,141998,Self-employed,776,10,Hyderabad,0
5124,38,37631,Self-employed,820,10,Chennai,0
5125,65,138120,Retired,359,10,Hyderabad,5
5126,46,112158,Self-employed,611,18,Chennai,4
5127,22,61221,Unemployed,405,16,Delhi,5
5128,66,120922,Salaried,388,0,Lucknow,5
5129,27,48550,Salaried,567,12,Bangalore,2
5130,45,29642,Unemployed,418,19,Ahmedabad,0
5131,38,121093,Salaried,744,8,Mumbai,3
5132,67,108885,Unemployed,728,10,Lucknow,2
5133,24,94538,Self-employed,650,8,Hyderabad,5
5134,20,77014,Unemployed,605,16,Jaipur,2
5135,62,34523,Salaried,501,6,Mumbai,5
5136,64,125285,Self-employed,322,7,Chennai,2
5137,37,120879,Salaried,389,1,Pune,0
5138,36,105629,Self-employed,770,13,Hyderabad,1
5139,52,91830,Self-employed,392,9,Hyderabad,3
5140,21,60538,Retired,584,8,Jaipur,3
5141,22,62310,Self-employed,608,0,Ahmedabad,1
5142,18,130266,Salaried,835,11,Kolkata,3
5143,21,27699,Unemployed,675,13,Delhi,0
5144,29,81912,Salaried,798,18,Bangalore,2
5145,44,94183,Salaried,441,10,Lucknow,1
5146,59,75282,Salaried,351,8,Bangalore,2
5147,40,73249,Unemployed,369,16,Chennai,5
5148,42,53176,Salaried,559,19,Delhi,3
5149,38,23163,Salaried,592,5,Ahmedabad,4
5150,69,69210,Unemployed,677,5,Ahmedabad,3
5151,41,138844,Student,338,19,Ahmedabad,3
5152,42,119587,Salaried,647,9,Lucknow,1
5153,62,86979,Student,824,9,Kolkata,2
5154,63,93860,Unemployed,805,16,Lucknow,1
5155,49,19920,Salaried,681,13,Hyderabad,0
5156,49,97911,Student,724,4,Hyderabad,2
5157,22,52996,Self-employed,735,2,Pune,0
5158,53,109071,Self-employed,621,10,Mumbai,0
5159,63,62252,Salaried,549,18,Lucknow,1
5160,59,137734,Self-employed,479,19,Bangalore,3
5161,66,67756,Salaried,328,18,Bangalore,5
5162,59,65235,Student,795,13,Pune,4
5163,56,105546,Salaried,625,14,Hyderabad,5
5164,33,146092,Salaried,486,2,Jaipur,3
5165,50,140802,Salaried,354,2,Jaipur,3
5166,66,123421,Student,813,8,Jaipur,2
5167,38,81635,Salaried,709,10,Chennai,1
5168,26,38225,Salaried,316,14,Bangalore,2
5169,23,121885,Salaried,387,16,Chennai,4
5170,68,100333,Student,522,11,Bangalore,1
5171,62,25807,Salaried,357,16,Pune,5
5172,52,21402,Student,529,8,Bangalore,5
5173,56,19521,Salaried,453,12,Mumbai,5
5174,39,129693,Salaried,572,7,Ahmedabad,3
5175,58,23382,Self-employed,345,5,Hyderabad,0
5176,22,125996,Unemployed,751,6,Kolkata,3
5177,59,30065,Salaried,605,0,Ahmedabad,3
5178,40,100470,Salaried,726,9,Ahmedabad,1
5179,34,29425,Salaried,417,14,Bangalore,3
5180,29,28111,Self-employed,550,13,Bangalore,4
5181,40,68257,Salaried,702,3,Lucknow,3
5182,33,138990,Student,499,3,Pune,0
5183,20,142813,Salaried,445,8,Bangalore,1
5184,47,96046,Salaried,350,14,Jaipur,5
5185,39,52851,Salaried,667,11,Ahmedabad,4
5186,26,23816,Self-employed,619,8,Ahmedabad,5
5187,46,17175,Self-employed,498,2,Jaipur,1
5188,64,26341,Salaried,740,14,Ahmedabad,0
5189,54,78908,Unemployed,444,10,Chennai,2
5190,40,74696,Salaried,358,5,Pune,4
5191,30,98115,Self-employed,442,14,Hyderabad,0
5192,49,45194,Self-employed,522,6,Mumbai,5
5193,63,99358,Salaried,399,18,Kolkata,2
5194,69,117548,Student,325,13,Delhi,5
5195,64,49579,Student,731,3,Jaipur,0
5196,65,111554,Salaried,825,0,Bangalore,2
5197,40,68294,Self-employed,421,12,Pune,2
5198,62,64777,Salaried,764,10,Delhi,1
5199,34,55751,Self-employed,564,17,Pune,3
5200,57,123750,Salaried,306,8,Chennai,3
5201,38,89180,Student,519,10,Hyderabad,0
5202,19,46644,Salaried,695,5,Jaipur,2
5203,54,48521,Salaried,756,15,Ahmedabad,3
5204,23,26564,Salaried,407,4,Jaipur,0
5205,61,120155,Salaried,791,0,Kolkata,0
5206,35,103747,Self-employed,759,13,Kolkata,4
5207,47,26202,Salaried,308,18,Chennai,1
5208,39,124407,Student,666,5,Jaipur,1
5209,50,149757,Salaried,424,11,Lucknow,5
5210,47,105197,Self-employed,461,6,Ahmedabad,2
5211,34,57637,Self-employed,335,9,Hyderabad,3
5212,60,39276,Retired,303,9,Lucknow,2
5213,49,95946,Retired,712,12,Hyderabad,3
5214,59,90214,Unemployed,386,6,Hyderabad,3
5215,68,56230,Student,782,18,Hyderabad,3
5216,31,139086,Salaried,357,0,Pune,5
5217,27,144526,Student,439,14,Hyderabad,3
5218,64,50059,Retired,471,13,Ahmedabad,3
5219,68,16532,Salaried,559,12,Pune,4
5220,53,117666,Self-employed,794,6,Delhi,4
5221,51,96551,Salaried,324,11,Lucknow,3
5222,26,86880,Self-employed,497,7,Chennai,5
5223,59,121734,Salaried,722,14,Pune,0
5224,45,128997,Self-employed,417,16,Delhi,0
5225,28,67168,Self-employed,305,11,Chennai,1
5226,31,128123,Retired,396,12,Delhi,3
5227,56,102897,Self-employed,371,7,Delhi,0
5228,64,119599,Student,731,9,Pune,1
5229,36,94239,Salaried,679,6,Delhi,0
5230,32,33642,Salaried,849,1,Chennai,1
5231,45,121862,Salaried,355,15,Pune,2
5232,41,51509,Salaried,402,3,Hyderabad,0
5233,25,94417,Salaried,515,5,Chennai,3
5234,60,64237,Self-employed,320,6,Jaipur,3
5235,26,78176,Self-employed,509,18,Kolkata,4
5236,64,143633,Self-employed,590,3,Delhi,2
5237,50,94865,Salaried,487,9,Pune,2
5238,50,132181,Salaried,450,3,Lucknow,0
5239,36,77059,Self-employed,490,19,Delhi,1
5240,20,64150,Salaried,706,4,Ahmedabad,5
5241,27,103367,Salaried,513,13,Pune,4
5242,57,56091,Salaried,777,10,Jaipur,2
5243,64,15903,Salaried,493,1,Hyderabad,2
5244,59,69235,Salaried,549,8,Pune,5
5245,18,70342,Salaried,340,11,Lucknow,3
5246,46,50572,Salaried,669,0,Jaipur,5
5247,67,32610,Self-employed,319,14,Pune,3
5248,51,49052,Salaried,308,5,Jaipur,1
5249,68,113993,Salaried,502,16,Ahmedabad,0
5250,30,102063,Unemployed,317,14,Kolkata,1
5251,18,112540,Student,618,13,Pune,0
5252,51,68533,Salaried,581,18,Pune,4
5253,46,138989,Unemployed,775,8,Mumbai,5
5254,65,135388,Salaried,551,2,Chennai,2
5255,64,43702,Salaried,639,14,Kolkata,1
5256,30,138482,Retired,761,16,Hyderabad,0
5257,65,23631,Unemployed,700,1,Pune,5
5258,66,102388,Salaried,670,3,Kolkata,4
5259,46,139798,Self-employed,581,13,Delhi,1
5260,56,85043,Self-employed,689,10,Kolkata,2
5261,41,50764,Salaried,636,11,Kolkata,4
5262,43,144014,Salaried,644,15,Pune,3
5263,34,128076,Salaried,818,11,Bangalore,2
5264,24,114007,Unemployed,572,1,Mumbai,3
5265,30,39940,Salaried,552,6,Hyderabad,4
5266,22,122418,Student,673,2,Pune,4
5267,43,86792,Salaried,305,2,Lucknow,3
5268,66,23367,Salaried,713,12,Ahmedabad,0
5269,20,126764,Self-employed,797,6,Pune,5
5270,24,23573,Self-employed,355,4,Pune,4
5271,66,30582,Salaried,697,4,Pune,1
5272,56,80296,Salaried,537,19,Mumbai,5
5273,18,80841,Self-employed,789,5,Jaipur,1
5274,66,36881,Salaried,321,12,Jaipur,4
5275,34,85233,Salaried,740,6,Pune,5
5276,60,80285,Self-employed,340,1,Jaipur,3
5277,42,74547,Self-employed,557,8,Chennai,3
5278,20,22933,Salaried,750,18,Pune,2
5279,32,98385,Self-employed,347,1,Delhi,3
5280,46,113706,Unemployed,802,12,Hyderabad,0
5281,60,99590,Salaried,438,7,Delhi,0
5282,49,121399,Self-employed,501,15,Lucknow,1
5283,43,74145,Salaried,808,0,Bangalore,4
5284,33,72520,Salaried,585,10,Mumbai,1
5285,42,19544,Salaried,532,7,Pune,4
5286,45,69812,Salaried,615,19,Delhi,1
5287,26,134090,Student,760,0,Bangalore,4
5288,18,114054,Salaried,849,6,Mumbai,4
5289,46,147689,Self-employed,620,8,Bangalore,1
5290,39,115834,Salaried,474,1,Chennai,2
5291,33,149405,Salaried,338,18,Pune,0
5292,58,55002,Self-employed,732,5,Hyderabad,3
5293,68,146583,Student,784,4,Mumbai,0
5294,61,127850,Student,357,12,Chennai,3
5295,68,145011,Student,795,9,Jaipur,4
5296,58,136548,Salaried,433,0,Bangalore,5
5297,24,46786,Student,808,17,Hyderabad,1
5298,31,51244,Salaried,455,13,Delhi,1
5299,46,82261,Self-employed,500,11,Kolkata,3
5300,36,33477,Unemployed,798,5,Jaipur,1
5301,36,23496,Salaried,701,13,Delhi,1
5302,19,135522,Salaried,795,16,Bangalore,1
5303,58,35724,Self-employed,787,6,Delhi,0
5304,62,45416,Self-employed,459,2,Delhi,1
5305,32,50575,Salaried,510,16,Hyderabad,2
5306,20,91614,Retired,752,9,Hyderabad,3
5307,28,108566,Self-employed,369,2,Kolkata,0
5308,63,142192,Salaried,613,15,Delhi,0
5309,47,34359,Salaried,730,5,Mumbai,4
5310,57,58634,Student,681,3,Bangalore,4
5311,35,132255,Salaried,466,19,Bangalore,1
5312,68,57864,Salaried,690,8,Jaipur,0
5313,65,109482,Self-employed,618,6,Chennai,5
5314,19,52355,Self-employed,416,15,Jaipur,0
5315,49,52690,Self-employed,811,5,Mumbai,1
5316,25,71630,Salaried,502,11,Bangalore,3
5317,39,36658,Student,461,2,Mumbai,0
5318,23,30797,Retired,761,11,Hyderabad,4
5319,29,73799,Salaried,500,19,Mumbai,1
5320,64,133301,Self-employed,530,13,Delhi,0
5321,57,67236,Unemployed,815,13,Jaipur,5
5322,53,21265,Self-employed,505,8,Mumbai,5
5323,32,140611,Self-employed,630,3,Chennai,4
5324,45,136754,Salaried,646,19,Hyderabad,2
5325,69,106426,Self-employed,648,14,Delhi,0
5326,66,124681,Self-employed,459,6,Mumbai,5
5327,62,58826,Self-employed,551,19,Chennai,1
5328,35,70597,Retired,521,18,Bangalore,4
5329,19,112375,Salaried,693,5,Pune,0
5330,30,32084,Salaried,695,18,Pune,4
5331,62,104447,Salaried,466,6,Lucknow,1
5332,32,19383,Self-employed,751,0,Pune,0
5333,37,107313,Salaried,437,6,Jaipur,5
5334,46,49361,Self-employed,509,2,Jaipur,1
5335,59,95294,Salaried,513,5,Chennai,3
5336,46,76331,Salaried,659,5,Jaipur,0
5337,20,110057,Salaried,534,10,Pune,0
5338,36,136685,Unemployed,696,1,Hyderabad,5
5339,20,111917,Self-employed,603,5,Jaipur,4
5340,31,45932,Unemployed,408,17,Chennai,0
5341,57,16908,Self-employed,689,13,Mumbai,3
5342,21,45412,Salaried,419,11,Hyderabad,4
5343,69,143319,Salaried,509,8,Mumbai,4
5344,28,98710,Retired,726,12,Lucknow,2
5345,48,17928,Self-employed,843,19,Jaipur,0
5346,60,80158,Salaried,629,0,Kolkata,2
5347,49,47309,Self-employed,525,7,Delhi,5
5348,44,24280,Salaried,446,8,Ahmedabad,3
5349,47,55449,Salaried,639,16,Lucknow,0
5350,60,41957,Salaried,479,12,Hyderabad,2
5351,19,85499,Student,589,3,Bangalore,2
5352,66,108057,Salaried,486,5,Delhi,4
5353,26,125065,Salaried,785,12,Lucknow,2
5354,45,89893,Salaried,636,16,Chennai,2
5355,48,40176,Salaried,407,18,Mumbai,5
5356,51,71967,Self-employed,425,7,Mumbai,0
5357,32,15987,Salaried,333,16,Kolkata,0
5358,65,111854,Salaried,737,16,Lucknow,4
5359,42,41015,Unemployed,575,14,Jaipur,0
5360,53,127350,Salaried,793,0,Kolkata,3
5361,25,81404,Salaried,481,1,Hyderabad,4
5362,26,131751,Salaried,538,19,Lucknow,3
5363,54,143807,Self-employed,647,9,Jaipur,0
5364,65,63231,Student,445,15,Bangalore,0
5365,62,43305,Salaried,343,3,Chennai,4
5366,56,69306,Unemployed,798,7,Delhi,2
5367,49,136139,Student,594,15,Chennai,1
5368,69,33318,Self-employed,830,6,Ahmedabad,1
5369,34,36584,Salaried,510,4,Delhi,0
5370,52,30169,Salaried,701,7,Chennai,3
5371,54,40968,Self-employed,530,2,Ahmedabad,4
5372,36,137684,Unemployed,638,2,Pune,2
5373,61,130391,Self-employed,304,17,Jaipur,5
5374,46,40444,Salaried,610,3,Delhi,0
5375,24,121081,Salaried,461,3,Chennai,3
5376,45,77497,Self-employed,515,14,Jaipur,0
5377,26,20362,Self-employed,470,14,Hyderabad,5
5378,45,114254,Salaried,551,3,Jaipur,1
5379,23,83354,Salaried,337,1,Jaipur,0
5380,46,51368,Salaried,527,2,Pune,3
5381,34,59109,Self-employed,577,9,Pune,1
5382,33,42426,Self-employed,584,0,Ahmedabad,5
5383,40,132632,Student,809,17,Delhi,5
5384,48,127637,Self-employed,665,4,Lucknow,0
5385,20,54023,Salaried,367,8,Pune,1
5386,38,137268,Self-employed,403,19,Hyderabad,5
5387,43,124211,Retired,700,5,Pune,4
5388,53,109897,Unemployed,545,18,Hyderabad,3
5389,59,94777,Unemployed,491,8,Bangalore,3
5390,54,59858,Salaried,595,17,Kolkata,4
5391,39,105042,Student,443,14,Bangalore,5
5392,59,98098,Unemployed,325,14,Hyderabad,5
5393,29,35239,Self-employed,550,13,Bangalore,3
5394,59,125951,Salaried,492,2,Delhi,3
5395,30,56291,Retired,680,7,Chennai,0
5396,28,53805,Salaried,301,18,Jaipur,2
5397,33,113831,Salaried,344,10,Mumbai,0
5398,25,24290,Salaried,302,3,Ahmedabad,4
5399,57,146283,Self-employed,748,14,Kolkata,4
5400,57,98634,Salaried,434,9,Delhi,2
5401,62,34072,Salaried,590,19,Jaipur,0
5402,19,58290,Self-employed,577,10,Delhi,0
5403,47,100186,Student,475,8,Bangalore,0
5404,47,30115,Self-employed,581,16,Mumbai,1
5405,29,20149,Salaried,419,8,Mumbai,5
5406,27,56992,Self-employed,473,8,Delhi,1
5407,61,32716,Salaried,738,8,Delhi,0
5408,28,112724,Salaried,758,1,Hyderabad,1
5409,32,28621,Salaried,640,12,Ahmedabad,0
5410,33,128065,Student,420,0,Chennai,4
5411,34,45399,Salaried,792,5,Bangalore,0
5412,43,134374,Salaried,575,5,Delhi,1
5413,19,58098,Salaried,328,15,Mumbai,2
5414,67,60511,Salaried,543,11,Ahmedabad,4
5415,29,68243,Unemployed,620,14,Pune,3
5416,68,130131,Unemployed,651,6,Delhi,2
5417,43,43750,Salaried,831,1,Pune,2
5418,40,70398,Salaried,380,11,Hyderabad,5
5419,35,59345,Salaried,592,19,Ahmedabad,3
5420,49,108430,Student,593,1,Hyderabad,4
5421,66,129921,Salaried,796,3,Chennai,5
5422,55,106729,Salaried,757,2,Ahmedabad,3
5423,64,66843,Self-employed,359,1,Mumbai,4
5424,20,146458,Salaried,842,17,Lucknow,4
5425,55,79334,Salaried,679,2,Mumbai,5
5426,20,82170,Salaried,623,9,Chennai,4
5427,47,55878,Salaried,361,11,Mumbai,2
5428,18,105352,Self-employed,445,3,Kolkata,4
5429,47,33383,Retired,661,19,Jaipur,5
5430,62,57889,Salaried,352,6,Jaipur,3
5431,49,29633,Salaried,701,19,Jaipur,2
5432,45,77244,Unemployed,748,18,Hyderabad,4
5433,38,144177,Unemployed,382,7,Mumbai,1
5434,63,98597,Salaried,678,2,Lucknow,1
5435,30,30115,Self-employed,757,14,Kolkata,4
5436,44,90379,Salaried,380,7,Lucknow,1
5437,53,54979,Self-employed,813,17,Delhi,0
5438,24,84377,Retired,608,13,Mumbai,5
5439,39,21416,Self-employed,793,18,Kolkata,2
5440,27,143785,Salaried,535,3,Kolkata,0
5441,56,146666,Salaried,336,2,Mumbai,2
5442,32,145364,Self-employed,624,8,Pune,3
5443,32,112507,Self-employed,355,9,Bangalore,1
5444,21,133243,Self-employed,420,7,Hyderabad,1
5445,49,118070,Salaried,613,19,Delhi,5
5446,40,51126,Self-employed,510,1,Jaipur,1
5447,23,95382,Self-employed,402,0,Delhi,4
5448,41,33228,Salaried,738,3,Delhi,2
5449,37,39009,Salaried,337,15,Mumbai,4
5450,54,15094,Salaried,713,4,Mumbai,1
5451,37,95636,Self-employed,523,17,Chennai,3
5452,29,113453,Self-employed,592,13,Pune,1
5453,50,69486,Student,454,12,Chennai,5
5454,45,105510,Salaried,331,15,Kolkata,4
5455,25,35860,Unemployed,533,14,Hyderabad,1
5456,18,87812,Self-employed,788,18,Kolkata,0
5457,54,81087,Salaried,632,3,Kolkata,0
5458,39,64607,Salaried,316,18,Chennai,4
5459,23,121664,Salaried,713,12,Jaipur,0
5460,38,33330,Retired,539,10,Kolkata,2
5461,49,135803,Salaried,585,17,Jaipur,5
5462,52,58336,Salaried,645,10,Chennai,2
5463,32,23070,Salaried,674,0,Jaipur,5
5464,22,16320,Student,315,14,Kolkata,5
5465,63,104043,Salaried,559,9,Ahmedabad,4
5466,67,53921,Salaried,660,3,Mumbai,0
5467,65,21589,Salaried,698,5,Chennai,2
5468,23,107995,Salaried,759,1,Chennai,0
5469,42,30589,Salaried,815,16,Delhi,1
5470,63,51375,Self-employed,384,11,Bangalore,5
5471,57,58085,Student,362,4,Ahmedabad,0
5472,46,75840,Student,399,18,Ahmedabad,0
5473,24,113704,Student,594,5,Mumbai,4
5474,57,112047,Salaried,461,16,Delhi,1
5475,30,45982,Student,477,18,Chennai,2
5476,55,74720,Salaried,743,19,Hyderabad,5
5477,35,43514,Salaried,627,2,Bangalore,5
5478,19,149923,Unemployed,627,7,Pune,5
5479,25,91034,Student,341,4,Bangalore,2
5480,28,113388,Self-employed,541,4,Ahmedabad,5
5481,50,59845,Unemployed,641,16,Hyderabad,0
5482,55,125853,Retired,390,18,Ahmedabad,3
5483,65,123417,Self-employed,327,18,Pune,3
5484,44,128436,Self-employed,758,9,Kolkata,5
5485,37,36159,Student,684,2,Kolkata,2
5486,29,104788,Salaried,786,12,Bangalore,0
5487,60,39003,Salaried,519,15,Chennai,0
5488,48,120722,Student,563,11,Ahmedabad,1
5489,44,50139,Salaried,420,16,Kolkata,4
5490,49,67452,Salaried,345,1,Jaipur,3
5491,27,37205,Salaried,579,15,Bangalore,5
5492,20,71955,Salaried,414,10,Lucknow,0
5493,62,22464,Retired,467,0,Bangalore,2
5494,44,24840,Self-employed,734,11,Ahmedabad,3
5495,52,55768,Self-employed,545,5,Ahmedabad,4
5496,48,35927,Retired,783,18,Pune,0
5497,32,113622,Unemployed,674,4,Hyderabad,3
5498,33,30329,Self-employed,579,2,Pune,0
5499,30,30791,Unemployed,321,17,Pune,5
5500,66,67627,Salaried,367,17,Hyderabad,4
5501,52,143885,Salaried,357,11,Jaipur,1
5502,69,124554,Salaried,826,17,Kolkata,3
5503,28,145436,Self-employed,563,9,Kolkata,4
5504,38,102073,Self-employed,722,3,Hyderabad,1
5505,68,49370,Self-employed,798,19,Lucknow,1
5506,28,66408,Self-employed,590,18,Chennai,4
5507,47,105941,Salaried,468,3,Lucknow,2
5508,65,50416,Salaried,761,10,Lucknow,4
5509,52,87439,Self-employed,652,2,Jaipur,0
5510,39,33242,Salaried,539,14,Delhi,2
5511,55,94324,Self-employed,582,15,Bangalore,1
5512,48,50249,Self-employed,748,11,Jaipur,3
5513,31,115124,Self-employed,365,17,Mumbai,1
5514,41,110049,Salaried,626,5,Kolkata,3
5515,67,100078,Self-employed,755,14,Bangalore,3
5516,66,47294,Student,776,1,Bangalore,4
5517,49,149756,Retired,584,11,Mumbai,4
5518,53,104627,Student,330,9,Ahmedabad,1
5519,49,105381,Self-employed,747,3,Bangalore,4
5520,32,105027,Salaried,513,7,Chennai,1
5521,60,85366,Self-employed,324,14,Kolkata,4
5522,52,109176,Unemployed,672,18,Kolkata,4
5523,20,134667,Salaried,696,15,Delhi,3
5524,33,87870,Salaried,636,12,Pune,2
5525,22,62387,Salaried,579,14,Hyderabad,4
5526,38,24304,Self-employed,847,13,Pune,5
5527,27,32032,Salaried,497,14,Lucknow,5
5528,36,106291,Salaried,778,11,Lucknow,5
5529,42,127889,Unemployed,369,10,Bangalore,4
5530,21,74486,Self-employed,804,2,Ahmedabad,1
5531,46,80552,Salaried,409,13,Hyderabad,3
5532,36,54244,Salaried,681,1,Pune,5
5533,60,65697,Salaried,696,17,Jaipur,3
5534,19,141031,Salaried,708,2,Ahmedabad,2
5535,27,17693,Salaried,650,8,Ahmedabad,2
5536,60,96098,Self-employed,833,10,Bangalore,2
5537,42,21259,Student,800,2,Mumbai,4
5538,37,134746,Self-employed,720,4,Mumbai,1
5539,65,122772,Salaried,410,8,Lucknow,5
5540,36,132928,Self-employed,508,9,Delhi,0
5541,40,62419,Student,738,5,Ahmedabad,5
5542,41,117092,Salaried,477,5,Lucknow,5
5543,28,71105,Salaried,724,10,Hyderabad,1
5544,63,38404,Self-employed,627,16,Hyderabad,3
5545,51,87656,Self-employed,310,1,Mumbai,2
5546,45,115965,Salaried,551,8,Delhi,0
5547,22,71332,Self-employed,534,17,Kolkata,3
5548,22,118182,Self-employed,553,4,Bangalore,2
5549,68,126395,Unemployed,777,5,Delhi,5
5550,38,117619,Salaried,428,3,Jaipur,0
5551,29,123269,Student,831,8,Lucknow,1
5552,67,88844,Salaried,399,4,Pune,5
5553,21,139983,Self-employed,589,3,Mumbai,3
5554,66,49142,Self-employed,525,8,Mumbai,4
5555,59,124699,Salaried,424,17,Bangalore,5
5556,37,111226,Student,737,10,Lucknow,0
5557,55,22393,Salaried,646,15,Hyderabad,0
5558,42,117281,Self-employed,482,1,Delhi,5
5559,31,24388,Salaried,650,15,Ahmedabad,5
5560,28,77969,Self-employed,814,18,Chennai,1
5561,49,51660,Salaried,677,9,Ahmedabad,1
5562,28,104244,Student,764,3,Pune,3
5563,35,94544,Student,639,11,Delhi,4
5564,44,146183,Student,440,8,Jaipur,2
5565,35,130370,Salaried,410,12,Kolkata,5
5566,40,32545,Self-employed,560,4,Hyderabad,0
5567,28,148451,Salaried,487,1,Delhi,0
5568,38,102346,Student,670,2,Bangalore,3
5569,61,32809,Self-employed,657,7,Lucknow,2
5570,22,42967,Self-employed,572,5,Ahmedabad,2
5571,40,38424,Self-employed,748,4,Kolkata,5
5572,58,123411,Salaried,716,3,Lucknow,2
5573,42,85069,Self-employed,687,19,Mumbai,3
5574,58,104119,Salaried,637,15,Jaipur,0
5575,27,52049,Retired,610,7,Mumbai,1
5576,39,42821,Unemployed,628,11,Jaipur,0
5577,36,110797,Self-employed,346,4,Lucknow,1
5578,18,92734,Unemployed,448,4,Hyderabad,1
5579,24,112445,Salaried,649,12,Pune,3
5580,21,18830,Unemployed,622,10,Mumbai,5
5581,18,101940,Salaried,419,10,Lucknow,2
5582,32,78867,Self-employed,697,18,Mumbai,5
5583,57,47419,Self-employed,496,6,Kolkata,3
5584,29,31668,Salaried,712,16,Delhi,5
5585,39,39996,Salaried,738,4,Lucknow,5
5586,39,66312,Salaried,336,5,Kolkata,1
5587,67,149137,Retired,486,17,Kolkata,0
5588,64,25467,Salaried,719,17,Hyderabad,1
5589,34,43702,Self-employed,759,8,Jaipur,3
5590,46,109369,Student,409,17,Hyderabad,5
5591,63,90569,Salaried,486,18,Lucknow,5
5592,31,68952,Salaried,770,16,Mumbai,0
5593,67,49169,Self-employed,377,8,Kolkata,2
5594,37,31829,Salaried,673,0,Delhi,3
5595,67,19522,Student,629,19,Ahmedabad,5
5596,65,100687,Salaried,424,17,Pune,5
5597,50,135334,Salaried,615,12,Hyderabad,4
5598,60,133576,Self-employed,619,7,Delhi,5
5599,32,132419,Salaried,774,13,Bangalore,1
5600,29,22699,Unemployed,788,2,Jaipur,2
5601,57,83165,Unemployed,813,3,Jaipur,2
5602,37,90692,Salaried,633,10,Pune,5
5603,47,32441,Salaried,370,6,Delhi,0
5604,55,45716,Salaried,764,4,Pune,3
5605,20,77175,Salaried,675,1,Mumbai,5
5606,45,21834,Self-employed,307,5,Jaipur,5
5607,43,33179,Student,463,19,Jaipur,1
5608,47,41219,Salaried,594,4,Hyderabad,5
5609,30,118153,Salaried,657,14,Lucknow,4
5610,30,89967,Salaried,380,10,Mumbai,1
5611,19,117454,Salaried,574,4,Ahmedabad,5
5612,54,24496,Self-employed,839,17,Hyderabad,5
5613,66,61025,Self-employed,346,7,Jaipur,3
5614,55,74886,Salaried,691,10,Jaipur,2
5615,19,18712,Salaried,378,16,Pune,4
5616,53,109067,Unemployed,812,13,Chennai,0
5617,43,60489,Salaried,322,1,Mumbai,3
5618,28,47664,Unemployed,527,6,Bangalore,1
5619,25,20315,Salaried,737,17,Hyderabad,3
5620,61,90033,Unemployed,597,0,Mumbai,0
5621,57,132862,Self-employed,559,14,Chennai,1
5622,60,94030,Salaried,309,0,Ahmedabad,4
5623,39,78910,Student,457,16,Ahmedabad,1
5624,37,136075,Self-employed,457,6,Hyderabad,1
5625,25,70919,Salaried,619,15,Hyderabad,0
5626,46,142153,Salaried,501,1,Bangalore,1
5627,57,56598,Self-employed,420,14,Pune,3
5628,43,83206,Self-employed,438,19,Ahmedabad,2
5629,47,89900,Self-employed,638,10,Delhi,0
5630,34,41296,Self-employed,559,1,Kolkata,0
5631,37,90577,Self-employed,732,10,Hyderabad,0
5632,69,92173,Student,343,15,Mumbai,3
5633,33,79771,Self-employed,458,1,Kolkata,3
5634,63,92865,Salaried,654,18,Bangalore,3
5635,60,114074,Unemployed,397,15,Bangalore,5
5636,24,51622,Salaried,837,7,Hyderabad,3
5637,33,50886,Salaried,538,19,Mumbai,1
5638,62,71377,Self-employed,774,4,Kolkata,0
5639,64,97910,Salaried,823,7,Kolkata,5
5640,65,133992,Salaried,691,13,Kolkata,0
5641,44,31312,Salaried,308,13,Bangalore,4
5642,40,16436,Self-employed,812,17,Hyderabad,2
5643,41,42569,Retired,688,4,Mumbai,1
5644,26,131787,Self-employed,509,9,Lucknow,2
5645,52,105485,Self-employed,353,14,Mumbai,1
5646,68,117555,Salaried,451,12,Delhi,1
5647,37,47646,Salaried,709,8,Chennai,1
5648,54,91126,Salaried,309,8,Lucknow,0
5649,59,132922,Salaried,567,18,Jaipur,2
5650,34,55430,Salaried,750,8,Lucknow,2
5651,64,137238,Salaried,496,4,Ahmedabad,3
5652,48,83659,Salaried,697,5,Lucknow,2
5653,25,130341,Self-employed,351,9,Delhi,3
5654,32,19158,Unemployed,768,9,Mumbai,4
5655,48,89236,Unemployed,667,5,Chennai,3
5656,47,91067,Self-employed,673,0,Kolkata,5
5657,63,24879,Salaried,358,19,Delhi,1
5658,37,127284,Self-employed,593,12,Lucknow,0
5659,56,99117,Salaried,409,7,Hyderabad,5
5660,29,58888,Self-employed,841,12,Ahmedabad,1
5661,66,45276,Student,406,5,Kolkata,4
5662,34,19799,Self-employed,596,18,Chennai,5
5663,59,127529,Retired,394,11,Pune,0
5664,47,139713,Self-employed,771,14,Kolkata,4
5665,46,105141,Self-employed,378,7,Ahmedabad,5
5666,36,130013,Salaried,549,10,Pune,1
5667,63,46668,Unemployed,638,8,Kolkata,0
5668,28,87392,Salaried,356,18,Ahmedabad,4
5669,51,31490,Unemployed,446,10,Mumbai,5
5670,67,132219,Salaried,316,5,Ahmedabad,3
5671,24,59104,Salaried,667,14,Bangalore,2
5672,61,20316,Student,488,16,Mumbai,1
5673,51,53130,Salaried,547,11,Jaipur,3
5674,37,122294,Student,449,1,Hyderabad,4
5675,67,44954,Salaried,512,3,Ahmedabad,4
5676,55,128437,Unemployed,516,2,Lucknow,5
5677,41,149116,Self-employed,305,1,Chennai,5
5678,27,78165,Self-employed,694,18,Delhi,0
5679,49,81775,Salaried,603,4,Hyderabad,3
5680,69,100311,Salaried,710,16,Delhi,4
5681,32,68149,Student,702,15,Mumbai,0
5682,54,149078,Salaried,679,15,Pune,2
5683,37,87561,Salaried,751,11,Pune,2
5684,20,105710,Self-employed,528,3,Hyderabad,0
5685,54,107199,Salaried,804,16,Delhi,3
5686,57,42326,Salaried,444,18,Kolkata,0
5687,25,132272,Salaried,349,1,Mumbai,5
5688,57,46139,Salaried,723,4,Delhi,0
5689,61,88638,Unemployed,399,0,Kolkata,3
5690,40,87652,Salaried,642,13,Kolkata,2
5691,57,27937,Retired,825,8,Pune,4
5692,28,45161,Salaried,312,16,Kolkata,2
5693,63,100856,Salaried,471,11,Hyderabad,5
5694,25,85043,Self-employed,788,19,Delhi,3
5695,46,74919,Salaried,658,11,Kolkata,1
5696,47,97055,Self-employed,405,14,Ahmedabad,3
5697,27,100455,Unemployed,488,15,Mumbai,2
5698,56,53135,Salaried,828,17,Lucknow,2
5699,45,99677,Student,349,13,Pune,3
5700,66,44696,Salaried,548,11,Ahmedabad,3
5701,53,149845,Salaried,709,10,Kolkata,3
5702,30,39956,Salaried,690,14,Chennai,2
5703,49,30819,Unemployed,678,7,Mumbai,5
5704,53,16528,Salaried,526,16,Jaipur,0
5705,54,142781,Unemployed,512,7,Delhi,1
5706,43,101491,Self-employed,828,3,Kolkata,0
5707,39,59588,Salaried,645,9,Pune,5
5708,21,114152,Salaried,718,5,Ahmedabad,2
5709,48,142872,Student,383,5,Lucknow,0
5710,35,25119,Self-employed,496,16,Chennai,3
5711,55,90893,Salaried,829,7,Lucknow,4
5712,41,31167,Unemployed,520,12,Mumbai,3
5713,40,125782,Salaried,475,14,Pune,1
5714,39,145775,Unemployed,621,3,Lucknow,3
5715,19,49889,Student,834,14,Jaipur,4
5716,48,60678,Self-employed,693,13,Mumbai,2
5717,28,75262,Student,623,10,Mumbai,0
5718,45,95291,Self-employed,384,19,Pune,3
5719,63,81008,Self-employed,726,16,Jaipur,5
5720,49,40912,Self-employed,567,9,Kolkata,0
5721,22,21473,Salaried,411,5,Chennai,1
5722,55,114500,Self-employed,697,5,Hyderabad,5
5723,27,53785,Salaried,351,0,Jaipur,5
5724,57,115956,Salaried,383,4,Delhi,0
5725,63,134006,Salaried,724,3,Kolkata,1
5726,41,25832,Salaried,320,10,Chennai,1
5727,52,97747,Salaried,355,16,Bangalore,5
5728,61,95107,Unemployed,590,6,Kolkata,3
5729,65,80428,Salaried,672,19,Pune,5
5730,40,101843,Self-employed,307,2,Bangalore,5
5731,34,26002,Salaried,423,1,Bangalore,5
5732,18,82501,Salaried,400,7,Hyderabad,4
5733,48,47556,Salaried,392,4,Kolkata,0
5734,48,82963,Salaried,684,4,Bangalore,1
5735,59,21563,Self-employed,379,9,Mumbai,1
5736,59,20840,Self-employed,597,11,Lucknow,1
5737,51,30154,Salaried,330,16,Delhi,2
5738,26,39194,Salaried,677,13,Bangalore,5
5739,39,38528,Unemployed,629,4,Chennai,0
5740,30,19352,Salaried,598,4,Kolkata,0
5741,42,15184,Salaried,581,5,Lucknow,1
5742,65,29319,Self-employed,311,14,Jaipur,0
5743,35,135497,Salaried,368,4,Chennai,0
5744,68,71333,Retired,822,7,Jaipur,2
5745,29,56205,Self-employed,322,0,Kolkata,1
5746,57,25426,Salaried,636,2,Bangalore,0
5747,34,22504,Salaried,726,18,Pune,4
5748,32,131775,Self-employed,508,14,Ahmedabad,1
5749,59,48368,Salaried,514,3,Jaipur,0
5750,32,118841,Unemployed,722,1,Jaipur,2
5751,32,131744,Self-employed,372,16,Hyderabad,5
5752,56,23724,Salaried,573,11,Jaipur,4
5753,30,97297,Self-employed,532,19,Bangalore,3
5754,34,140099,Salaried,340,7,Delhi,3
5755,49,93872,Salaried,588,4,Kolkata,5
5756,26,85333,Self-employed,569,9,Pune,4
5757,57,17596,Self-employed,738,18,Pune,3
5758,37,32167,Self-employed,613,8,Hyderabad,4
5759,43,102844,Salaried,809,15,Bangalore,5
5760,44,104751,Self-employed,693,0,Hyderabad,5
5761,38,144817,Salaried,327,14,Mumbai,0
5762,35,95520,Self-employed,569,1,Bangalore,3
5763,30,73326,Self-employed,766,13,Delhi,3
5764,33,92670,Self-employed,373,15,Chennai,4
5765,26,39022,Unemployed,545,9,Ahmedabad,0
5766,29,99458,Unemployed,709,11,Bangalore,0
5767,61,98796,Retired,797,12,Hyderabad,1
5768,55,125704,Retired,717,19,Lucknow,1
5769,36,149598,Student,510,8,Mumbai,0
5770,24,59361,Retired,522,1,Chennai,5
5771,52,53286,Unemployed,659,18,Kolkata,5
5772,65,44533,Self-employed,319,14,Kolkata,5
5773,35,142441,Salaried,722,14,Mumbai,4
5774,33,112079,Salaried,420,0,Jaipur,2
5775,56,115960,Student,472,17,Kolkata,2
5776,21,73465,Salaried,333,6,Jaipur,1
5777,42,38395,Student,370,9,Pune,3
5778,49,119162,Salaried,844,8,Kolkata,2
5779,57,145704,Salaried,834,18,Jaipur,3
5780,30,90937,Self-employed,313,10,Kolkata,3
5781,62,144647,Unemployed,605,3,Lucknow,5
5782,34,135650,Salaried,847,0,Jaipur,5
5783,66,145744,Unemployed,570,11,Kolkata,5
5784,54,106512,Student,352,0,Mumbai,0
5785,23,82009,Salaried,793,16,Pune,2
5786,36,47548,Salaried,762,19,Kolkata,2
5787,30,33371,Salaried,822,8,Kolkata,3
5788,43,120977,Salaried,623,7,Hyderabad,3
5789,31,29281,Salaried,823,3,Hyderabad,5
5790,48,115020,Salaried,742,7,Pune,0
5791,21,122508,Salaried,550,9,Ahmedabad,5
5792,56,81846,Student,459,17,Mumbai,4
5793,25,109682,Self-employed,335,14,Lucknow,2
5794,42,44312,Self-employed,497,18,Bangalore,5
5795,30,129186,Salaried,749,19,Hyderabad,5
5796,49,19257,Student,677,10,Mumbai,2
5797,55,41558,Unemployed,545,3,Kolkata,0
5798,55,58188,Self-employed,692,8,Kolkata,0
5799,45,48236,Unemployed,503,7,Lucknow,4
5800,47,60076,Student,343,15,Jaipur,3
5801,20,63402,Self-employed,614,12,Delhi,2
5802,45,109467,Self-employed,707,4,Pune,3
5803,20,95337,Salaried,505,12,Jaipur,2
5804,62,130827,Salaried,540,18,Ahmedabad,0
5805,51,89264,Salaried,340,1,Mumbai,5
5806,33,32335,Salaried,662,11,Mumbai,0
5807,39,58773,Salaried,394,8,Delhi,0
5808,49,43570,Unemployed,839,0,Mumbai,4
5809,55,102995,Salaried,443,13,Ahmedabad,2
5810,25,55658,Retired,358,6,Pune,0
5811,25,135640,Self-employed,808,16,Hyderabad,5
5812,23,87613,Salaried,812,13,Delhi,4
5813,31,73194,Salaried,321,16,Jaipur,3
5814,49,126872,Salaried,503,1,Mumbai,4
5815,52,123558,Retired,770,8,Mumbai,4
5816,27,83582,Student,583,14,Delhi,1
5817,20,64456,Salaried,671,15,Pune,3
5818,29,70491,Unemployed,797,8,Lucknow,1
5819,66,23043,Self-employed,631,3,Mumbai,5
5820,48,118212,Salaried,326,14,Bangalore,2
5821,46,83340,Self-employed,428,9,Lucknow,4
5822,22,46174,Self-employed,679,6,Ahmedabad,4
5823,69,97632,Salaried,806,5,Pune,4
5824,42,103768,Student,394,14,Ahmedabad,4
5825,58,140775,Salaried,476,1,Hyderabad,1
5826,48,123177,Salaried,772,14,Ahmedabad,2
5827,38,40909,Salaried,785,17,Kolkata,1
5828,37,59158,Retired,574,13,Jaipur,4
5829,56,139296,Student,722,17,Lucknow,2
5830,39,74331,Salaried,830,2,Mumbai,3
5831,21,102367,Salaried,619,19,Pune,1
5832,30,80382,Salaried,357,13,Hyderabad,0
5833,62,89319,Student,572,5,Ahmedabad,3
5834,59,26170,Salaried,497,13,Delhi,3
5835,67,134952,Student,378,1,Mumbai,4
5836,66,95145,Unemployed,340,15,Mumbai,4
5837,37,120626,Self-employed,544,15,Delhi,3
5838,69,31208,Salaried,322,16,Kolkata,1
5839,30,29990,Salaried,535,15,Pune,2
5840,34,144327,Salaried,425,15,Jaipur,1
5841,53,94314,Self-employed,439,7,Chennai,1
5842,50,41862,Self-employed,693,5,Jaipur,3
5843,18,108949,Self-employed,426,17,Bangalore,1
5844,32,145223,Salaried,413,13,Hyderabad,2
5845,30,18956,Unemployed,824,15,Jaipur,3
5846,34,103789,Salaried,527,7,Mumbai,1
5847,41,104451,Salaried,820,17,Chennai,4
5848,25,132782,Student,445,13,Kolkata,5
5849,67,17365,Salaried,462,16,Hyderabad,1
5850,44,87204,Self-employed,468,7,Ahmedabad,5
5851,62,72072,Student,837,15,Delhi,5
5852,40,67499,Self-employed,424,9,Hyderabad,5
5853,63,84211,Salaried,599,9,Pune,3
5854,25,100220,Salaried,549,17,Hyderabad,3
5855,25,108847,Salaried,821,17,Chennai,5
5856,43,124459,Salaried,404,8,Hyderabad,4
5857,64,92755,Retired,812,0,Chennai,3
5858,30,83783,Self-employed,805,15,Jaipur,5
5859,56,142851,Salaried,601,9,Mumbai,5
5860,54,21472,Unemployed,529,14,Jaipur,0
5861,66,118152,Self-employed,363,4,Chennai,3
5862,45,22008,Salaried,531,16,Bangalore,1
5863,42,102851,Salaried,482,8,Kolkata,2
5864,33,95799,Salaried,618,5,Bangalore,1
5865,19,31238,Retired,391,1,Mumbai,3
5866,35,32153,Self-employed,363,12,Ahmedabad,5
5867,34,74353,Unemployed,518,17,Jaipur,0
5868,47,67092,Salaried,546,19,Hyderabad,1
5869,56,64104,Unemployed,772,3,Delhi,2
5870,30,43887,Salaried,356,9,Hyderabad,5
5871,49,19355,Retired,344,10,Hyderabad,1
5872,67,48701,Unemployed,385,12,Hyderabad,4
5873,46,86442,Salaried,337,16,Lucknow,0
5874,63,27279,Student,481,10,Jaipur,3
5875,47,135738,Student,463,3,Chennai,1
5876,35,106414,Unemployed,425,13,Delhi,1
5877,30,43390,Salaried,506,2,Ahmedabad,1
5878,60,97174,Salaried,566,11,Hyderabad,1
5879,38,19787,Unemployed,653,3,Lucknow,2
5880,47,58724,Student,710,15,Mumbai,4
5881,38,25663,Salaried,421,6,Hyderabad,5
5882,65,148107,Student,807,19,Delhi,4
5883,34,115271,Salaried,768,18,Chennai,0
5884,57,82388,Student,432,17,Delhi,0
5885,36,67335,Salaried,678,8,Chennai,2
5886,69,58315,Salaried,617,10,Pune,4
5887,32,119922,Salaried,424,18,Ahmedabad,0
5888,26,61627,Salaried,750,16,Bangalore,3
5889,69,64334,Self-employed,507,17,Mumbai,4
5890,27,80700,Self-employed,599,5,Lucknow,1
5891,61,54726,Salaried,788,2,Mumbai,4
5892,48,45694,Salaried,441,13,Lucknow,3
5893,40,78545,Student,773,8,Pune,1
5894,69,21033,Salaried,603,2,Mumbai,4
5895,47,77461,Self-employed,329,1,Bangalore,1
5896,50,17665,Self-employed,676,18,Kolkata,1
5897,69,42025,Unemployed,640,5,Kolkata,2
5898,26,92661,Self-employed,508,2,Chennai,3
5899,64,135473,Salaried,542,8,Ahmedabad,2
5900,18,35998,Student,457,17,Bangalore,4
5901,61,76248,Retired,445,6,Ahmedabad,5
5902,52,119493,Salaried,639,1,Hyderabad,1
5903,28,38057,Retired,391,0,Chennai,4
5904,51,94244,Self-employed,628,4,Lucknow,4
5905,33,112031,Salaried,471,2,Bangalore,5
5906,26,127713,Salaried,330,6,Lucknow,2
5907,49,120887,Self-employed,571,5,Lucknow,4
5908,32,82173,Salaried,394,0,Delhi,3
5909,29,53734,Salaried,376,18,Hyderabad,1
5910,50,77072,Salaried,450,19,Mumbai,0
5911,62,109194,Salaried,441,13,Lucknow,5
5912,31,128272,Salaried,530,9,Ahmedabad,3
5913,25,82902,Self-employed,427,1,Kolkata,0
5914,25,137247,Salaried,796,10,Pune,5
5915,44,71959,Retired,579,15,Pune,0
5916,29,111623,Salaried,840,16,Lucknow,2
5917,18,146438,Salaried,829,4,Hyderabad,0
5918,60,63415,Salaried,430,17,Kolkata,1
5919,57,139716,Salaried,760,15,Delhi,2
5920,59,136209,Salaried,568,9,Bangalore,3
5921,68,24907,Self-employed,559,5,Bangalore,3
5922,28,110825,Student,350,7,Kolkata,3
5923,56,47780,Salaried,432,5,Delhi,5
5924,60,50085,Salaried,304,3,Mumbai,4
5925,48,35426,Salaried,801,4,Chennai,2
5926,34,22485,Student,483,5,Lucknow,2
5927,50,64527,Student,708,14,Bangalore,2
5928,49,139604,Salaried,390,5,Bangalore,1
5929,46,106005,Salaried,735,18,Lucknow,2
5930,38,73528,Retired,488,19,Hyderabad,1
5931,38,135631,Salaried,779,7,Jaipur,5
5932,57,42799,Self-employed,682,12,Lucknow,3
5933,40,109817,Salaried,621,3,Lucknow,4
5934,23,73260,Self-employed,742,16,Delhi,0
5935,39,27943,Retired,789,13,Kolkata,4
5936,67,136401,Retired,432,17,Delhi,4
5937,55,42371,Student,725,14,Hyderabad,5
5938,54,113746,Salaried,549,18,Mumbai,4
5939,62,116248,Salaried,360,10,Mumbai,0
5940,68,40727,Salaried,721,6,Jaipur,1
5941,25,129000,Retired,775,0,Lucknow,3
5942,58,78969,Self-employed,522,2,Kolkata,5
5943,66,83531,Salaried,737,18,Jaipur,0
5944,52,54097,Salaried,683,0,Ahmedabad,3
5945,68,65859,Self-employed,618,3,Jaipur,1
5946,28,71790,Retired,524,10,Jaipur,3
5947,41,80696,Self-employed,722,6,Ahmedabad,1
5948,66,30648,Salaried,490,6,Bangalore,0
5949,38,76779,Salaried,378,13,Pune,0
5950,68,121371,Salaried,664,14,Chennai,3
5951,19,51672,Unemployed,321,4,Ahmedabad,5
5952,57,84109,Retired,847,13,Pune,3
5953,36,49593,Unemployed,629,12,Jaipur,4
5954,56,24815,Self-employed,455,19,Ahmedabad,4
5955,45,36302,Self-employed,355,17,Bangalore,3
5956,34,100140,Self-employed,547,0,Kolkata,4
5957,23,88356,Self-employed,560,12,Bangalore,3
5958,36,64282,Self-employed,734,19,Jaipur,2
5959,55,143451,Salaried,826,6,Mumbai,4
5960,45,136347,Self-employed,777,5,Pune,3
5961,19,38814,Salaried,837,8,Jaipur,2
5962,55,96673,Salaried,834,9,Bangalore,4
5963,54,66940,Student,680,2,Pune,0
5964,68,101796,Unemployed,402,6,Pune,3
5965,69,51476,Self-employed,328,10,Delhi,0
5966,21,147841,Salaried,782,11,Kolkata,5
5967,39,57278,Unemployed,356,11,Lucknow,4
5968,43,30634,Self-employed,361,12,Pune,5
5969,66,141259,Salaried,347,7,Delhi,2
5970,60,67196,Self-employed,666,3,Lucknow,3
5971,53,113679,Salaried,846,19,Lucknow,2
5972,30,145861,Salaried,844,0,Delhi,0
5973,69,34420,Unemployed,626,5,Hyderabad,3
5974,49,21218,Salaried,565,1,Delhi,5
5975,34,139283,Salaried,475,13,Lucknow,0
5976,58,79057,Salaried,343,17,Mumbai,0
5977,53,93609,Salaried,518,9,Bangalore,2
5978,63,138108,Salaried,425,0,Mumbai,5
5979,36,25046,Salaried,678,2,Hyderabad,4
5980,52,132462,Salaried,618,19,Chennai,5
5981,63,124345,Salaried,604,3,Delhi,0
5982,57,52117,Salaried,499,17,Pune,0
5983,45,144980,Salaried,384,7,Pune,1
5984,18,32373,Self-employed,340,8,Ahmedabad,2
5985,59,60452,Self-employed,662,18,Pune,0
5986,35,21654,Salaried,568,1,Mumbai,5
5987,65,138319,Self-employed,661,8,Bangalore,1
5988,57,120646,Retired,666,2,Mumbai,2
5989,50,41583,Unemployed,480,1,Delhi,3
5990,29,109242,Salaried,530,6,Mumbai,4
5991,25,68968,Student,369,16,Jaipur,2
5992,41,149815,Salaried,788,16,Pune,0
5993,33,146590,Salaried,533,8,Jaipur,1
5994,67,31652,Salaried,728,0,Ahmedabad,1
5995,21,128114,Salaried,593,0,Lucknow,3
5996,55,117489,Self-employed,647,7,Delhi,1
5997,61,92001,Self-employed,398,16,Mumbai,0
5998,44,139269,Self-employed,660,7,Kolkata,2
5999,26,91757,Salaried,657,18,Pune,3
6000,64,39395,Salaried,429,3,Delhi,4
6001,33,148407,Salaried,818,17,Chennai,4
6002,29,116978,Salaried,682,12,Pune,0
6003,48,146572,Retired,363,6,Jaipur,3
6004,41,139541,Student,695,2,Hyderabad,3
6005,31,23083,Retired,480,13,Pune,0
6006,62,121598,Self-employed,488,8,Ahmedabad,5
6007,42,111171,Salaried,482,2,Ahmedabad,3
6008,51,135423,Salaried,791,6,Jaipur,1
6009,20,21613,Salaried,469,14,Lucknow,1
6010,41,125033,Salaried,621,3,Delhi,0
6011,59,91202,Student,471,4,Pune,0
6012,26,100666,Salaried,583,8,Delhi,1
6013,43,37068,Salaried,665,2,Pune,2
6014,37,64057,Student,410,15,Jaipur,0
6015,57,33946,Unemployed,377,15,Chennai,1
6016,27,100237,Salaried,552,18,Kolkata,2
6017,36,20769,Self-employed,535,8,Kolkata,2
6018,20,76340,Salaried,392,19,Delhi,5
6019,41,94199,Self-employed,333,0,Bangalore,1
6020,22,119222,Salaried,780,16,Lucknow,5
6021,20,48434,Salaried,703,11,Mumbai,1
6022,44,37102,Self-employed,521,8,Bangalore,3
6023,33,36536,Salaried,789,4,Kolkata,2
6024,66,119639,Self-employed,639,14,Jaipur,4
6025,32,65775,Unemployed,812,12,Mumbai,3
6026,52,46147,Salaried,551,18,Hyderabad,3
6027,29,65526,Self-employed,663,2,Delhi,2
6028,58,119663,Self-employed,826,1,Hyderabad,2
6029,61,127180,Salaried,441,12,Lucknow,2
6030,43,139233,Self-employed,610,6,Hyderabad,0
6031,64,38088,Self-employed,684,8,Mumbai,1
6032,51,83464,Self-employed,611,9,Kolkata,5
6033,40,120921,Unemployed,578,0,Lucknow,1
6034,48,74998,Self-employed,645,15,Delhi,1
6035,67,55382,Retired,686,10,Mumbai,2
6036,37,43184,Self-employed,601,7,Jaipur,3
6037,29,52739,Salaried,806,12,Hyderabad,2
6038,40,142937,Salaried,546,15,Mumbai,2
6039,21,32352,Salaried,787,2,Lucknow,3
6040,40,141788,Self-employed,538,12,Jaipur,4
6041,65,132843,Self-employed,828,16,Jaipur,5
6042,65,46828,Salaried,648,5,Pune,0
6043,18,83040,Salaried,651,9,Jaipur,4
6044,42,109279,Salaried,453,8,Mumbai,2
6045,19,109430,Salaried,809,17,Bangalore,1
6046,47,130957,Self-employed,485,16,Ahmedabad,1
6047,20,32748,Student,724,6,Bangalore,3
6048,38,103636,Retired,361,1,Ahmedabad,2
6049,42,130158,Salaried,700,10,Bangalore,3
6050,37,25246,Self-employed,358,17,Chennai,3
6051,66,74395,Self-employed,441,2,Chennai,0
6052,69,65300,Unemployed,765,13,Kolkata,3
6053,39,149158,Self-employed,448,19,Lucknow,2
6054,38,29860,Salaried,746,12,Lucknow,0
6055,50,32013,Salaried,473,16,Chennai,1
6056,69,48542,Self-employed,610,10,Pune,0
6057,55,39935,Self-employed,361,6,Chennai,2
6058,32,64079,Unemployed,466,2,Mumbai,5
6059,63,49111,Salaried,402,2,Kolkata,4
6060,69,71550,Retired,327,1,Ahmedabad,0
6061,32,91955,Salaried,807,15,Hyderabad,5
6062,63,55565,Retired,433,10,Chennai,4
6063,42,34283,Unemployed,358,13,Chennai,0
6064,38,81470,Self-employed,389,2,Mumbai,0
6065,41,101916,Self-employed,369,6,Lucknow,3
6066,22,94552,Salaried,484,7,Mumbai,4
6067,23,53233,Salaried,737,12,Bangalore,5
6068,66,37695,Salaried,773,18,Chennai,4
6069,60,141440,Salaried,467,10,Chennai,0
6070,65,96257,Self-employed,423,0,Delhi,2
6071,61,16505,Salaried,512,18,Jaipur,2
6072,64,58614,Unemployed,481,12,Ahmedabad,4
6073,40,16010,Salaried,370,16,Bangalore,3
6074,21,145560,Self-employed,494,8,Delhi,3
6075,44,84393,Self-employed,591,18,Mumbai,2
6076,35,79512,Salaried,356,18,Lucknow,3
6077,38,113026,Salaried,599,5,Jaipur,0
6078,45,90656,Salaried,617,6,Kolkata,0
6079,52,112686,Student,670,4,Ahmedabad,4
6080,39,30489,Self-employed,382,7,Chennai,5
6081,57,74789,Salaried,393,13,Delhi,1
6082,40,84925,Student,566,17,Kolkata,2
6083,20,64703,Salaried,675,19,Ahmedabad,2
6084,57,91625,Self-employed,460,2,Hyderabad,1
6085,67,122535,Salaried,801,7,Ahmedabad,3
6086,27,18051,Self-employed,676,13,Bangalore,0
6087,42,43805,Unemployed,411,13,Kolkata,0
6088,69,109978,Student,578,6,Delhi,2
6089,66,59557,Salaried,732,5,Bangalore,2
6090,25,148627,Salaried,541,5,Pune,3
6091,28,65241,Student,521,11,Mumbai,3
6092,22,142838,Salaried,585,14,Ahmedabad,2
6093,62,80994,Salaried,303,18,Kolkata,3
6094,54,129005,Self-employed,619,3,Delhi,1
6095,62,31066,Salaried,620,2,Bangalore,0
6096,55,92982,Salaried,307,12,Chennai,2
6097,46,21304,Unemployed,351,15,Delhi,1
6098,22,57967,Salaried,441,12,Lucknow,1
6099,26,93763,Salaried,579,9,Kolkata,5
6100,65,55462,Self-employed,387,12,Pune,4
6101,19,135356,Unemployed,459,7,Jaipur,2
6102,18,86834,Salaried,327,11,Mumbai,4
6103,57,126023,Self-employed,827,7,Lucknow,1
6104,68,132771,Student,571,8,Hyderabad,2
6105,47,90842,Salaried,399,9,Hyderabad,4
6106,28,17589,Salaried,503,6,Mumbai,0
6107,45,140023,Salaried,489,2,Delhi,2
6108,61,69918,Self-employed,845,4,Ahmedabad,4
6109,29,22711,Student,593,2,Hyderabad,3
6110,56,74430,Salaried,643,17,Mumbai,2
6111,43,117605,Student,352,18,Lucknow,5
6112,30,18970,Student,346,9,Lucknow,3
6113,25,84535,Salaried,721,8,Hyderabad,2
6114,45,101570,Self-employed,764,6,Lucknow,4
6115,47,136315,Salaried,728,0,Pune,4
6116,26,127111,Unemployed,696,9,Delhi,5
6117,56,56730,Self-employed,493,1,Chennai,2
6118,48,138252,Self-employed,365,5,Pune,1
6119,38,78944,Self-employed,775,5,Hyderabad,4
6120,64,122437,Self-employed,325,7,Ahmedabad,5
6121,51,141794,Unemployed,398,17,Hyderabad,2
6122,48,87123,Self-employed,775,6,Delhi,2
6123,69,37880,Unemployed,381,17,Mumbai,0
6124,42,102829,Self-employed,697,0,Kolkata,3
6125,29,147633,Salaried,692,13,Lucknow,0
6126,18,68205,Unemployed,343,19,Lucknow,3
6127,39,121948,Self-employed,777,6,Jaipur,3
6128,57,74810,Self-employed,390,19,Delhi,0
6129,54,128089,Retired,628,6,Pune,5
6130,64,79482,Salaried,713,3,Jaipur,1
6131,18,84192,Salaried,409,4,Chennai,2
6132,18,102154,Salaried,518,0,Chennai,4
6133,59,101066,Self-employed,762,19,Lucknow,2
6134,59,143514,Student,814,2,Kolkata,5
6135,38,47977,Retired,556,12,Hyderabad,5
6136,32,19983,Salaried,492,6,Pune,0
6137,34,64029,Student,369,5,Jaipur,1
6138,39,137668,Unemployed,758,5,Hyderabad,4
6139,55,57837,Self-employed,681,1,Bangalore,4
6140,52,132512,Salaried,793,15,Delhi,5
6141,62,81786,Self-employed,396,5,Hyderabad,1
6142,33,19758,Retired,523,7,Jaipur,4
6143,25,117667,Retired,580,10,Bangalore,4
6144,64,123119,Self-employed,632,17,Chennai,1
6145,34,115157,Unemployed,704,5,Bangalore,0
6146,34,97673,Salaried,795,13,Pune,0
6147,43,112639,Salaried,485,14,Chennai,5
6148,30,147940,Retired,337,10,Hyderabad,4
6149,34,129869,Salaried,787,14,Hyderabad,0
6150,55,34728,Salaried,805,12,Jaipur,0
6151,34,118542,Salaried,788,5,Kolkata,4
6152,65,108565,Self-employed,356,3,Pune,4
6153,31,140019,Self-employed,811,13,Mumbai,5
6154,62,117548,Salaried,547,12,Ahmedabad,5
6155,23,148236,Unemployed,403,9,Delhi,0
6156,52,136289,Unemployed,359,11,Chennai,5
6157,63,144068,Salaried,537,7,Lucknow,3
6158,31,94624,Salaried,670,19,Pune,1
6159,64,17821,Self-employed,325,4,Hyderabad,0
6160,25,70090,Self-employed,692,1,Chennai,0
6161,32,61454,Salaried,409,19,Ahmedabad,3
6162,44,119273,Salaried,691,11,Pune,2
6163,30,119472,Salaried,553,5,Hyderabad,5
6164,66,146935,Salaried,396,14,Kolkata,2
6165,48,31148,Salaried,837,17,Kolkata,5
6166,52,101545,Self-employed,403,17,Pune,1
6167,23,69459,Self-employed,795,9,Hyderabad,4
6168,22,99224,Student,513,6,Chennai,0
6169,39,81189,Salaried,412,9,Pune,3
6170,66,106954,Student,611,4,Kolkata,4
6171,40,38118,Salaried,400,15,Pune,4
6172,42,146515,Salaried,383,18,Pune,2
6173,51,104379,Student,601,2,Delhi,0
6174,43,36053,Self-employed,516,6,Chennai,1
6175,64,111384,Salaried,840,18,Lucknow,3
6176,22,132545,Self-employed,391,11,Chennai,0
6177,43,141675,Unemployed,751,9,Pune,4
6178,37,108749,Self-employed,370,4,Ahmedabad,4
6179,23,31285,Student,824,1,Mumbai,1
6180,23,76589,Retired,700,2,Pune,2
6181,67,28944,Self-employed,380,13,Hyderabad,1
6182,35,116041,Self-employed,399,14,Lucknow,1
6183,21,103876,Salaried,517,19,Mumbai,0
6184,34,110561,Salaried,424,12,Ahmedabad,5
6185,31,69391,Self-employed,500,16,Kolkata,2
6186,31,16607,Student,301,19,Pune,4
6187,30,17953,Salaried,319,3,Ahmedabad,2
6188,24,59941,Retired,479,18,Pune,0
6189,61,76683,Salaried,708,14,Lucknow,0
6190,32,124588,Self-employed,361,14,Mumbai,5
6191,36,137080,Salaried,572,8,Hyderabad,1
6192,60,26154,Salaried,309,2,Mumbai,5
6193,64,140542,Student,839,1,Chennai,0
6194,61,103529,Salaried,759,6,Chennai,2
6195,52,29323,Salaried,360,8,Ahmedabad,1
6196,34,52693,Self-employed,357,4,Hyderabad,1
6197,52,104170,Self-employed,599,16,Pune,1
6198,36,60111,Student,796,2,Lucknow,2
6199,37,54491,Retired,638,8,Pune,1
6200,53,64336,Salaried,551,7,Pune,3
6201,52,31905,Self-employed,706,8,Lucknow,3
6202,49,45273,Self-employed,555,16,Delhi,2
6203,65,140191,Retired,680,7,Hyderabad,4
6204,61,130936,Unemployed,444,13,Ahmedabad,5
6205,57,81538,Self-employed,640,15,Ahmedabad,4
6206,41,119570,Self-employed,702,17,Chennai,1
6207,34,108339,Salaried,587,16,Pune,2
6208,24,136132,Salaried,513,6,Jaipur,1
6209,60,143993,Self-employed,831,19,Ahmedabad,1
6210,67,26330,Self-employed,847,14,Delhi,3
6211,18,87553,Self-employed,510,6,Ahmedabad,0
6212,52,98537,Self-employed,470,1,Bangalore,2
6213,49,75985,Salaried,837,1,Chennai,0
6214,53,32044,Self-employed,562,6,Bangalore,3
6215,30,137304,Salaried,689,18,Ahmedabad,0
6216,23,38289,Salaried,720,5,Chennai,5
6217,31,48087,Salaried,361,11,Mumbai,3
6218,54,90952,Unemployed,385,14,Jaipur,5
6219,65,51368,Salaried,790,12,Jaipur,4
6220,32,135648,Student,359,6,Mumbai,3
6221,64,85815,Salaried,776,6,Ahmedabad,2
6222,21,105693,Salaried,619,14,Delhi,4
6223,57,73900,Unemployed,351,3,Pune,1
6224,33,30494,Self-employed,376,2,Mumbai,2
6225,45,131486,Salaried,418,0,Hyderabad,2
6226,33,48050,Salaried,481,6,Lucknow,5
6227,21,112799,Unemployed,805,8,Lucknow,2
6228,62,146016,Salaried,452,0,Ahmedabad,0
6229,43,103257,Self-employed,317,4,Hyderabad,0
6230,45,63070,Salaried,363,14,Jaipur,1
6231,49,20166,Salaried,796,3,Mumbai,0
6232,62,102409,Salaried,378,9,Jaipur,2
6233,19,52664,Self-employed,358,1,Bangalore,5
6234,48,144926,Self-employed,710,6,Delhi,3
6235,20,16293,Salaried,360,18,Ahmedabad,1
6236,25,64212,Student,766,5,Lucknow,1
6237,41,90276,Unemployed,378,14,Kolkata,2
6238,32,27559,Unemployed,787,19,Mumbai,4
6239,60,80231,Salaried,543,11,Mumbai,0
6240,48,123277,Salaried,507,10,Delhi,4
6241,26,36747,Unemployed,386,2,Pune,2
6242,56,15037,Salaried,338,19,Delhi,4
6243,62,119294,Salaried,475,16,Jaipur,2
6244,19,112847,Unemployed,777,6,Hyderabad,0
6245,25,118742,Salaried,319,17,Chennai,0
6246,24,63503,Salaried,520,16,Chennai,1
6247,61,43207,Salaried,574,15,Bangalore,4
6248,68,48241,Student,453,1,Jaipur,4
6249,56,146130,Salaried,762,4,Delhi,4
6250,59,111171,Unemployed,708,12,Jaipur,4
6251,33,132302,Self-employed,550,10,Bangalore,5
6252,52,87832,Self-employed,511,0,Chennai,3
6253,47,36383,Salaried,777,2,Jaipur,1
6254,27,139291,Salaried,718,17,Bangalore,1
6255,55,17674,Self-employed,471,3,Hyderabad,3
6256,35,129100,Salaried,806,8,Kolkata,5
6257,67,124369,Unemployed,502,10,Hyderabad,4
6258,22,37820,Salaried,791,16,Kolkata,3
6259,46,58794,Self-employed,594,10,Bangalore,5
6260,56,148148,Salaried,756,2,Delhi,4
6261,51,143544,Student,445,18,Lucknow,3
6262,60,52555,Salaried,537,19,Jaipur,1
6263,62,47406,Salaried,723,10,Chennai,3
6264,40,55262,Unemployed,591,13,Lucknow,5
6265,22,106320,Self-employed,455,5,Hyderabad,2
6266,47,45284,Self-employed,649,18,Jaipur,4
6267,23,105627,Self-employed,741,14,Kolkata,3
6268,63,104023,Self-employed,542,10,Pune,4
6269,61,56516,Salaried,506,17,Kolkata,0
6270,21,30577,Salaried,727,3,Jaipur,4
6271,46,30015,Student,557,18,Delhi,3
6272,40,106104,Salaried,334,2,Bangalore,4
6273,23,129412,Self-employed,428,11,Kolkata,5
6274,49,106740,Salaried,729,3,Delhi,2
6275,59,81640,Salaried,618,11,Hyderabad,2
6276,35,98190,Salaried,394,0,Lucknow,3
6277,32,144516,Self-employed,519,15,Bangalore,3
6278,57,149718,Self-employed,600,1,Kolkata,4
6279,49,102007,Salaried,484,2,Kolkata,1
6280,26,62728,Salaried,336,15,Lucknow,2
6281,54,29878,Unemployed,699,9,Ahmedabad,2
6282,27,143925,Salaried,441,8,Jaipur,0
6283,37,24145,Student,433,13,Chennai,0
6284,23,103578,Unemployed,744,7,Lucknow,1
6285,65,33226,Retired,587,1,Mumbai,2
6286,20,17802,Unemployed,557,10,Kolkata,3
6287,59,39119,Salaried,338,1,Chennai,2
6288,28,78560,Retired,604,14,Kolkata,3
6289,60,72353,Student,582,17,Jaipur,3
6290,34,138001,Student,825,4,Ahmedabad,1
6291,49,86641,Salaried,706,6,Ahmedabad,2
6292,21,66712,Retired,658,18,Ahmedabad,4
6293,21,145085,Student,677,18,Mumbai,2
6294,34,83285,Student,768,15,Pune,2
6295,58,130278,Salaried,580,18,Chennai,5
6296,36,39512,Salaried,310,16,Hyderabad,0
6297,22,117077,Retired,485,12,Chennai,1
6298,49,17064,Self-employed,848,7,Kolkata,4
6299,39,110614,Salaried,308,10,Kolkata,4
6300,23,132639,Student,327,17,Mumbai,4
6301,52,45011,Salaried,763,10,Hyderabad,3
6302,39,86152,Salaried,810,8,Lucknow,1
6303,18,25960,Salaried,801,13,Ahmedabad,0
6304,37,136789,Salaried,517,1,Kolkata,3
6305,39,73920,Salaried,728,16,Lucknow,4
6306,65,36387,Salaried,302,15,Hyderabad,3
6307,28,78960,Salaried,486,4,Kolkata,3
6308,30,137994,Self-employed,342,0,Mumbai,5
6309,59,47628,Unemployed,710,8,Kolkata,4
6310,20,136269,Self-employed,489,2,Delhi,4
6311,26,62452,Salaried,341,13,Chennai,0
6312,29,56098,Salaried,396,17,Delhi,1
6313,40,101861,Student,816,11,Ahmedabad,2
6314,31,42949,Retired,435,13,Pune,2
6315,50,88537,Salaried,809,15,Jaipur,5
6316,35,131003,Salaried,818,4,Chennai,2
6317,66,65701,Self-employed,336,19,Kolkata,0
6318,58,65511,Student,816,19,Jaipur,3
6319,26,95664,Salaried,357,14,Jaipur,4
6320,40,54427,Self-employed,454,8,Delhi,1
6321,27,112180,Self-employed,412,16,Mumbai,2
6322,36,118550,Retired,759,11,Bangalore,5
6323,64,92952,Salaried,741,12,Lucknow,1
6324,22,81046,Retired,527,9,Mumbai,1
6325,64,121918,Salaried,421,6,Hyderabad,4
6326,69,50200,Self-employed,656,6,Ahmedabad,5
6327,40,82442,Self-employed,567,7,Chennai,0
6328,47,106070,Salaried,784,14,Chennai,4
6329,42,73168,Self-employed,303,17,Lucknow,5
6330,45,63322,Salaried,777,0,Mumbai,0
6331,51,85246,Salaried,420,9,Jaipur,5
6332,62,30583,Salaried,785,18,Lucknow,3
6333,65,97720,Self-employed,518,2,Ahmedabad,1
6334,64,74757,Salaried,577,6,Bangalore,2
6335,42,21659,Unemployed,556,3,Bangalore,1
6336,27,16238,Salaried,603,4,Lucknow,4
6337,31,136270,Salaried,342,5,Chennai,5
6338,59,134211,Salaried,829,9,Chennai,5
6339,63,30064,Self-employed,449,11,Delhi,0
6340,47,114790,Salaried,309,13,Chennai,3
6341,58,117985,Salaried,511,1,Delhi,3
6342,42,59258,Salaried,559,2,Pune,0
6343,31,39668,Salaried,681,0,Kolkata,0
6344,52,92259,Student,688,2,Pune,0
6345,69,127192,Self-employed,635,14,Hyderabad,3
6346,65,111576,Salaried,304,15,Delhi,1
6347,51,120481,Salaried,382,19,Delhi,1
6348,27,126505,Unemployed,305,1,Mumbai,5
6349,52,20397,Salaried,451,19,Mumbai,5
6350,28,114925,Unemployed,480,15,Kolkata,3
6351,28,98481,Salaried,466,14,Kolkata,2
6352,38,75308,Salaried,769,6,Pune,4
6353,38,16130,Self-employed,377,4,Mumbai,3
6354,39,139293,Unemployed,711,4,Kolkata,2
6355,62,29071,Salaried,680,8,Delhi,4
6356,24,100517,Salaried,612,13,Lucknow,1
6357,34,125240,Salaried,694,18,Mumbai,0
6358,19,17118,Unemployed,842,17,Pune,5
6359,29,146735,Self-employed,303,8,Bangalore,4
6360,59,77408,Salaried,408,2,Jaipur,5
6361,35,66786,Salaried,392,10,Kolkata,0
6362,28,96271,Salaried,398,14,Kolkata,2
6363,33,34158,Salaried,491,3,Kolkata,5
6364,66,46087,Salaried,632,4,Jaipur,3
6365,68,103114,Self-employed,511,17,Lucknow,3
6366,35,34874,Salaried,506,11,Mumbai,0
6367,52,98443,Salaried,655,0,Kolkata,4
6368,43,55821,Self-employed,552,19,Lucknow,4
6369,33,130675,Salaried,495,1,Hyderabad,5
6370,23,75582,Salaried,561,8,Jaipur,2
6371,61,137603,Salaried,621,17,Bangalore,3
6372,60,84381,Salaried,719,4,Mumbai,0
6373,64,126800,Student,797,13,Ahmedabad,1
6374,64,145805,Self-employed,631,10,Jaipur,5
6375,65,97018,Salaried,595,2,Hyderabad,3
6376,59,115592,Salaried,535,8,Kolkata,3
6377,29,106626,Salaried,306,1,Ahmedabad,2
6378,30,101217,Self-employed,833,13,Hyderabad,3
6379,21,87799,Self-employed,371,1,Hyderabad,2
6380,56,77185,Salaried,799,9,Jaipur,2
6381,19,56538,Salaried,438,18,Jaipur,1
6382,43,35343,Salaried,685,1,Mumbai,5
6383,44,135026,Self-employed,841,15,Delhi,4
6384,44,68106,Unemployed,623,5,Mumbai,3
6385,32,129322,Unemployed,372,11,Delhi,2
6386,25,96227,Salaried,688,6,Bangalore,2
6387,24,57135,Self-employed,537,3,Delhi,4
6388,64,134599,Self-employed,621,7,Hyderabad,4
6389,63,98470,Unemployed,640,18,Chennai,2
6390,57,35910,Salaried,604,9,Kolkata,3
6391,29,60950,Self-employed,307,0,Lucknow,5
6392,30,31225,Salaried,506,4,Jaipur,3
6393,60,47959,Self-employed,710,5,Delhi,5
6394,34,64192,Salaried,557,18,Bangalore,3
6395,34,94711,Student,345,17,Lucknow,4
6396,53,18449,Unemployed,425,18,Mumbai,3
6397,38,119213,Salaried,320,18,Delhi,5
6398,25,115245,Self-employed,469,0,Mumbai,3
6399,22,112069,Salaried,843,19,Jaipur,3
6400,43,38908,Salaried,715,10,Bangalore,4
6401,33,119847,Salaried,754,2,Bangalore,0
6402,53,135910,Salaried,505,9,Pune,0
6403,45,29012,Unemployed,632,6,Mumbai,3
6404,46,32412,Salaried,320,16,Jaipur,0
6405,64,125030,Self-employed,364,15,Pune,3
6406,29,39657,Unemployed,387,6,Jaipur,4
6407,54,20656,Unemployed,778,12,Ahmedabad,3
6408,47,30873,Student,342,11,Kolkata,1
6409,40,109485,Salaried,440,11,Bangalore,2
6410,33,124383,Student,673,7,Jaipur,4
6411,31,16607,Salaried,815,7,Kolkata,5
6412,27,63447,Unemployed,799,12,Jaipur,1
6413,24,64757,Self-employed,578,10,Bangalore,1
6414,62,84201,Student,625,0,Hyderabad,2
6415,69,143765,Salaried,717,16,Delhi,1
6416,54,20462,Self-employed,607,18,Bangalore,2
6417,46,131832,Student,606,12,Delhi,3
6418,20,63465,Unemployed,769,14,Delhi,4
6419,32,105027,Salaried,483,11,Kolkata,4
6420,53,65528,Unemployed,590,16,Lucknow,4
6421,64,51230,Salaried,548,2,Chennai,2
6422,63,63242,Self-employed,623,6,Chennai,2
6423,69,129688,Self-employed,742,1,Ahmedabad,1
6424,36,16783,Salaried,358,1,Hyderabad,4
6425,30,43390,Salaried,568,5,Lucknow,1
6426,59,87102,Student,617,3,Delhi,3
6427,38,32426,Salaried,393,15,Mumbai,1
6428,54,45750,Salaried,553,14,Kolkata,4
6429,44,73188,Student,759,9,Pune,2
6430,69,25872,Student,814,13,Kolkata,1
6431,46,109231,Self-employed,832,8,Chennai,1
6432,37,144860,Salaried,403,14,Kolkata,2
6433,42,81770,Salaried,701,6,Lucknow,2
6434,23,139158,Self-employed,632,6,Ahmedabad,4
6435,53,98514,Self-employed,392,7,Kolkata,3
6436,19,107663,Self-employed,841,18,Jaipur,5
6437,39,149363,Student,736,17,Lucknow,4
6438,49,127808,Salaried,309,16,Pune,1
6439,33,125091,Salaried,755,17,Delhi,4
6440,35,114272,Unemployed,714,18,Jaipur,4
6441,22,64393,Self-employed,817,7,Delhi,2
6442,53,108558,Self-employed,674,12,Hyderabad,3
6443,47,84770,Unemployed,830,10,Ahmedabad,5
6444,62,41720,Unemployed,823,18,Delhi,3
6445,36,28368,Self-employed,672,6,Hyderabad,4
6446,40,62969,Salaried,738,4,Kolkata,2
6447,51,63838,Retired,494,4,Pune,2
6448,30,23734,Self-employed,564,7,Lucknow,1
6449,60,122187,Salaried,806,9,Kolkata,0
6450,46,114329,Self-employed,725,4,Bangalore,1
6451,53,83895,Salaried,398,14,Hyderabad,5
6452,39,135424,Unemployed,329,15,Pune,1
6453,69,116255,Salaried,590,9,Mumbai,1
6454,69,73073,Student,786,7,Ahmedabad,0
6455,64,30624,Student,705,18,Ahmedabad,2
6456,53,39315,Student,327,3,Chennai,2
6457,26,32422,Self-employed,445,13,Ahmedabad,3
6458,56,87663,Unemployed,587,7,Bangalore,3
6459,68,116216,Salaried,551,13,Kolkata,4
6460,36,47743,Salaried,461,11,Bangalore,5
6461,55,25108,Student,409,0,Delhi,4
6462,23,51180,Salaried,697,18,Kolkata,4
6463,69,33883,Salaried,570,17,Ahmedabad,3
6464,64,59400,Salaried,487,11,Jaipur,3
6465,32,62951,Salaried,831,9,Kolkata,1
6466,37,70262,Student,575,0,Bangalore,2
6467,26,98133,Self-employed,546,13,Bangalore,3
6468,49,130106,Salaried,623,8,Ahmedabad,0
6469,21,85496,Student,317,14,Bangalore,1
6470,67,76934,Salaried,707,13,Jaipur,0
6471,35,93886,Student,710,8,Lucknow,0
6472,22,45881,Salaried,424,10,Mumbai,2
6473,37,33409,Self-employed,619,4,Mumbai,0
6474,40,113171,Salaried,452,11,Kolkata,0
6475,28,63951,Salaried,319,15,Chennai,5
6476,54,23752,Student,546,19,Bangalore,0
6477,39,132339,Salaried,689,2,Mumbai,0
6478,21,59864,Retired,646,4,Pune,1
6479,46,87035,Self-employed,775,18,Mumbai,1
6480,61,101675,Salaried,502,4,Hyderabad,2
6481,51,37343,Self-employed,308,17,Lucknow,2
6482,30,34673,Salaried,830,3,Delhi,5
6483,59,110024,Self-employed,402,14,Chennai,0
6484,26,41520,Retired,545,4,Ahmedabad,4
6485,59,30784,Salaried,618,7,Bangalore,0
6486,48,132446,Self-employed,650,15,Jaipur,0
6487,24,53079,Salaried,533,0,Kolkata,5
6488,21,59220,Self-employed,336,4,Hyderabad,2
6489,36,127878,Salaried,644,17,Delhi,3
6490,59,131583,Salaried,591,15,Mumbai,2
6491,47,63720,Retired,316,9,Kolkata,1
6492,48,29718,Salaried,389,3,Mumbai,2
6493,52,76217,Self-employed,647,17,Chennai,5
6494,38,115668,Self-employed,743,16,Ahmedabad,3
6495,48,103378,Self-employed,552,12,Delhi,0
6496,36,23177,Self-employed,483,7,Hyderabad,3
6497,48,137318,Self-employed,589,7,Lucknow,5
6498,49,126145,Salaried,514,11,Kolkata,5
6499,19,28418,Unemployed,457,17,Mumbai,2
6500,69,103075,Student,692,5,Ahmedabad,4
6501,27,80227,Salaried,319,6,Kolkata,5
6502,19,32533,Salaried,770,16,Jaipur,1
6503,19,116457,Student,730,4,Delhi,5
6504,41,122504,Retired,367,18,Hyderabad,3
6505,34,139202,Retired,376,7,Pune,5
6506,49,25273,Unemployed,401,18,Mumbai,2
6507,33,48519,Salaried,506,7,Lucknow,0
6508,33,142024,Unemployed,512,18,Chennai,2
6509,63,139540,Unemployed,378,6,Delhi,5
6510,56,98460,Salaried,412,2,Pune,5
6511,48,119471,Salaried,432,5,Bangalore,0
6512,60,119668,Salaried,496,7,Jaipur,4
6513,41,82519,Self-employed,324,17,Ahmedabad,1
6514,18,105426,Salaried,771,14,Lucknow,3
6515,28,29629,Salaried,842,16,Pune,2
6516,38,64056,Salaried,589,3,Ahmedabad,2
6517,21,26273,Salaried,555,6,Mumbai,3
6518,24,135484,Salaried,505,16,Lucknow,5
6519,43,112275,Student,774,5,Hyderabad,0
6520,64,61073,Salaried,367,12,Pune,1
6521,67,60693,Unemployed,514,6,Pune,4
6522,29,39343,Unemployed,721,8,Jaipur,3
6523,48,58095,Unemployed,838,18,Pune,1
6524,34,137388,Self-employed,761,19,Pune,2
6525,50,129441,Salaried,754,12,Hyderabad,1
6526,28,115782,Salaried,600,14,Bangalore,5
6527,45,87590,Salaried,587,16,Hyderabad,4
6528,49,123263,Retired,301,4,Jaipur,1
6529,18,44373,Salaried,319,18,Lucknow,5
6530,64,42525,Self-employed,776,5,Bangalore,2
6531,45,142716,Student,790,11,Bangalore,4
6532,59,119513,Unemployed,556,14,Pune,4
6533,24,144401,Student,752,14,Pune,4
6534,19,111643,Self-employed,737,2,Kolkata,2
6535,59,112694,Salaried,697,3,Ahmedabad,0
6536,41,51136,Self-employed,452,4,Ahmedabad,2
6537,21,71539,Salaried,521,5,Delhi,0
6538,61,83363,Unemployed,735,5,Hyderabad,5
6539,36,96526,Self-employed,435,16,Kolkata,0
6540,43,50255,Salaried,827,7,Chennai,2
6541,28,133209,Unemployed,578,18,Pune,5
6542,57,101437,Salaried,784,19,Chennai,1
6543,67,147715,Unemployed,845,12,Kolkata,2
6544,60,130900,Unemployed,544,14,Ahmedabad,4
6545,28,38729,Student,317,16,Kolkata,1
6546,62,36818,Salaried,442,16,Jaipur,3
6547,20,80555,Salaried,800,1,Lucknow,5
6548,29,113979,Unemployed,826,2,Delhi,3
6549,20,68629,Unemployed,392,8,Delhi,3
6550,59,130296,Salaried,682,5,Jaipur,4
6551,44,70438,Salaried,578,0,Delhi,5
6552,66,24457,Salaried,748,18,Bangalore,5
6553,19,48922,Retired,587,3,Hyderabad,4
6554,66,123122,Salaried,775,12,Chennai,0
6555,33,117020,Salaried,470,19,Ahmedabad,5
6556,19,103405,Self-employed,824,7,Ahmedabad,4
6557,47,131130,Salaried,671,4,Delhi,5
6558,37,83038,Unemployed,692,9,Delhi,0
6559,55,77325,Salaried,484,19,Bangalore,3
6560,45,40600,Salaried,809,18,Delhi,2
6561,42,76526,Self-employed,731,11,Kolkata,2
6562,49,28149,Salaried,508,0,Mumbai,5
6563,27,127168,Salaried,628,8,Pune,4
6564,59,124813,Salaried,660,15,Ahmedabad,5
6565,57,106779,Salaried,743,16,Chennai,3
6566,50,149266,Unemployed,740,17,Pune,5
6567,30,47398,Salaried,668,13,Jaipur,3
6568,58,19789,Retired,405,16,Pune,0
6569,59,79967,Self-employed,624,0,Delhi,0
6570,64,113837,Salaried,531,14,Delhi,3
6571,54,116967,Salaried,548,18,Lucknow,5
6572,33,146201,Self-employed,616,1,Lucknow,4
6573,62,74683,Salaried,563,13,Lucknow,4
6574,39,60331,Salaried,802,1,Hyderabad,3
6575,37,49626,Salaried,562,14,Ahmedabad,5
6576,67,27342,Self-employed,715,0,Lucknow,5
6577,60,51417,Self-employed,369,0,Lucknow,2
6578,44,67664,Salaried,533,11,Bangalore,2
6579,58,23833,Self-employed,731,14,Mumbai,0
6580,33,75658,Student,353,17,Mumbai,5
6581,51,146809,Salaried,469,14,Delhi,3
6582,49,109965,Unemployed,335,6,Lucknow,2
6583,43,79054,Self-employed,558,11,Hyderabad,4
6584,42,16299,Retired,550,9,Delhi,1
6585,19,80875,Salaried,312,1,Hyderabad,1
6586,29,129286,Retired,840,1,Mumbai,5
6587,57,113730,Self-employed,356,5,Jaipur,3
6588,26,71298,Self-employed,460,19,Pune,0
6589,29,136035,Self-employed,736,5,Mumbai,1
6590,43,124825,Salaried,529,9,Jaipur,4
6591,26,130637,Unemployed,492,2,Jaipur,4
6592,27,87618,Self-employed,656,15,Lucknow,4
6593,49,40532,Salaried,651,4,Hyderabad,1
6594,51,123197,Salaried,557,4,Delhi,2
6595,65,145860,Salaried,592,9,Delhi,4
6596,37,75285,Self-employed,685,12,Ahmedabad,0
6597,56,33866,Self-employed,533,2,Jaipur,3
6598,19,24495,Salaried,595,17,Chennai,3
6599,18,22837,Salaried,836,18,Delhi,3
6600,68,45346,Self-employed,678,5,Kolkata,2
6601,53,123621,Self-employed,509,19,Pune,3
6602,41,38412,Salaried,838,0,Chennai,3
6603,44,133833,Salaried,477,9,Jaipur,1
6604,19,80206,Salaried,371,9,Chennai,2
6605,48,25934,Unemployed,807,0,Ahmedabad,2
6606,31,45723,Self-employed,521,18,Bangalore,1
6607,19,142968,Retired,527,10,Hyderabad,0
6608,46,136988,Salaried,532,12,Hyderabad,3
6609,32,51523,Unemployed,567,16,Bangalore,0
6610,29,116150,Self-employed,553,19,Delhi,1
6611,54,135950,Salaried,305,17,Hyderabad,1
6612,45,56646,Salaried,346,3,Pune,1
6613,37,67776,Self-employed,706,14,Pune,1
6614,56,34116,Unemployed,553,1,Lucknow,5
6615,41,127858,Salaried,748,5,Mumbai,4
6616,38,91620,Salaried,358,8,Hyderabad,1
6617,27,97604,Self-employed,692,10,Jaipur,0
6618,63,109452,Retired,490,19,Jaipur,1
6619,31,148991,Self-employed,564,15,Delhi,0
6620,54,38550,Salaried,442,7,Chennai,1
6621,35,85227,Salaried,545,16,Hyderabad,1
6622,41,38212,Salaried,515,3,Chennai,4
6623,31,55118,Unemployed,736,6,Jaipur,1
6624,51,43602,Student,775,10,Delhi,3
6625,29,32540,Self-employed,683,10,Lucknow,4
6626,39,86455,Salaried,846,10,Hyderabad,4
6627,23,37277,Unemployed,714,14,Mumbai,3
6628,53,134133,Self-employed,431,4,Jaipur,5
6629,62,24752,Retired,697,5,Mumbai,4
6630,53,140332,Self-employed,806,4,Ahmedabad,1
6631,39,33302,Student,452,8,Jaipur,3
6632,31,81236,Student,467,10,Mumbai,1
6633,33,79467,Salaried,529,2,Mumbai,4
6634,53,117350,Retired,703,19,Lucknow,2
6635,42,18048,Salaried,443,3,Pune,3
6636,49,73906,Student,830,14,Lucknow,0
6637,50,91637,Retired,367,17,Kolkata,4
6638,62,44778,Salaried,397,4,Bangalore,2
6639,53,135918,Self-employed,306,10,Jaipur,4
6640,37,105036,Self-employed,476,10,Delhi,1
6641,35,26957,Student,505,3,Hyderabad,5
6642,55,87644,Unemployed,598,15,Chennai,5
6643,20,128294,Self-employed,528,10,Kolkata,1
6644,40,32829,Student,569,0,Delhi,5
6645,49,20837,Salaried,380,12,Mumbai,1
6646,62,114770,Salaried,487,18,Jaipur,2
6647,33,41352,Salaried,800,5,Bangalore,1
6648,22,45215,Self-employed,786,19,Hyderabad,4
6649,21,56247,Salaried,787,18,Jaipur,4
6650,38,144692,Self-employed,777,5,Mumbai,5
6651,57,81714,Salaried,588,12,Kolkata,4
6652,68,50319,Student,405,10,Chennai,3
6653,31,134058,Salaried,522,18,Bangalore,4
6654,56,31025,Self-employed,681,6,Delhi,1
6655,48,24780,Self-employed,403,11,Bangalore,3
6656,31,37706,Unemployed,413,15,Mumbai,3
6657,23,90503,Self-employed,807,0,Mumbai,3
6658,29,118166,Student,354,14,Ahmedabad,3
6659,33,24179,Unemployed,420,12,Kolkata,5
6660,34,114423,Self-employed,516,9,Delhi,2
6661,62,138076,Salaried,302,17,Bangalore,5
6662,40,90138,Unemployed,391,3,Delhi,4
6663,31,101706,Self-employed,706,5,Lucknow,2
6664,24,131905,Salaried,740,7,Delhi,5
6665,63,43830,Self-employed,731,19,Chennai,0
6666,49,125076,Unemployed,360,8,Chennai,2
6667,32,45609,Retired,772,7,Pune,5
6668,61,32401,Retired,546,17,Delhi,5
6669,34,118480,Salaried,671,6,Jaipur,3
6670,58,133278,Salaried,588,18,Pune,4
6671,64,72391,Salaried,323,17,Chennai,5
6672,61,141543,Salaried,705,0,Pune,4
6673,51,143886,Unemployed,607,10,Lucknow,1
6674,22,109583,Salaried,671,8,Mumbai,5
6675,62,21015,Self-employed,514,9,Pune,2
6676,44,36506,Self-employed,561,9,Hyderabad,4
6677,69,39067,Student,645,0,Jaipur,0
6678,40,145819,Salaried,712,16,Ahmedabad,0
6679,57,17056,Salaried,422,11,Delhi,5
6680,31,44328,Salaried,619,11,Bangalore,2
6681,32,92712,Salaried,636,18,Bangalore,5
6682,60,67832,Retired,457,16,Hyderabad,5
6683,50,57771,Student,626,6,Delhi,1
6684,48,112421,Salaried,364,10,Delhi,5
6685,52,79538,Unemployed,668,1,Chennai,5
6686,34,55151,Salaried,303,15,Mumbai,0
6687,45,147701,Student,359,8,Mumbai,1
6688,36,98463,Salaried,344,9,Mumbai,2
6689,63,111853,Student,842,9,Kolkata,5
6690,40,104432,Salaried,455,2,Jaipur,4
6691,49,43155,Salaried,363,16,Chennai,1
6692,57,65588,Salaried,720,13,Ahmedabad,5
6693,30,26251,Salaried,622,18,Pune,0
6694,37,117420,Self-employed,408,17,Hyderabad,1
6695,52,24623,Salaried,762,17,Jaipur,4
6696,22,69715,Self-employed,846,13,Lucknow,5
6697,26,21123,Self-employed,550,2,Mumbai,4
6698,46,18061,Self-employed,809,9,Pune,0
6699,23,121393,Student,847,12,Jaipur,1
6700,42,117035,Salaried,740,11,Lucknow,1
6701,48,54095,Self-employed,753,8,Delhi,3
6702,39,96897,Unemployed,573,9,Chennai,0
6703,19,96443,Self-employed,359,18,Kolkata,1
6704,62,133005,Self-employed,641,15,Kolkata,2
6705,22,49814,Self-employed,693,2,Pune,3
6706,44,100141,Salaried,412,11,Lucknow,0
6707,42,44767,Self-employed,520,7,Ahmedabad,4
6708,25,61057,Unemployed,367,14,Jaipur,0
6709,18,101755,Salaried,614,10,Kolkata,2
6710,37,42946,Unemployed,766,12,Delhi,2
6711,61,18364,Salaried,562,5,Delhi,4
6712,40,92015,Salaried,430,12,Kolkata,4
6713,49,148524,Unemployed,723,10,Kolkata,4
6714,28,102208,Student,566,5,Kolkata,3
6715,56,138208,Unemployed,511,5,Hyderabad,2
6716,64,40345,Unemployed,587,4,Ahmedabad,4
6717,41,100895,Salaried,724,6,Kolkata,2
6718,28,144022,Self-employed,543,18,Bangalore,3
6719,46,66116,Salaried,633,10,Jaipur,5
6720,43,112599,Salaried,627,5,Chennai,3
6721,33,41521,Salaried,405,8,Ahmedabad,5
6722,52,69431,Self-employed,378,19,Jaipur,2
6723,37,25731,Self-employed,464,17,Pune,4
6724,63,78094,Student,356,7,Bangalore,5
6725,20,33423,Self-employed,487,17,Lucknow,0
6726,18,129612,Salaried,351,4,Hyderabad,1
6727,64,18934,Self-employed,371,5,Pune,2
6728,18,91945,Salaried,623,1,Pune,5
6729,34,145443,Salaried,637,3,Ahmedabad,3
6730,19,111946,Student,454,18,Lucknow,4
6731,46,111344,Self-employed,358,3,Kolkata,5
6732,37,42358,Unemployed,574,15,Kolkata,1
6733,23,144774,Self-employed,500,0,Delhi,2
6734,25,34763,Self-employed,594,15,Delhi,0
6735,46,100997,Student,621,0,Chennai,0
6736,65,82975,Salaried,628,16,Pune,3
6737,68,102189,Salaried,689,4,Ahmedabad,3
6738,50,102507,Salaried,583,15,Bangalore,3
6739,20,82525,Salaried,475,2,Mumbai,2
6740,52,114248,Salaried,648,9,Chennai,0
6741,22,39604,Retired,731,17,Hyderabad,0
6742,44,131585,Self-employed,681,17,Hyderabad,3
6743,61,144716,Self-employed,571,16,Jaipur,3
6744,29,25680,Salaried,791,10,Pune,4
6745,37,128508,Salaried,846,8,Jaipur,0
6746,62,110619,Salaried,630,10,Lucknow,3
6747,37,70037,Self-employed,457,8,Kolkata,3
6748,26,114969,Salaried,731,16,Kolkata,3
6749,56,126115,Self-employed,624,19,Kolkata,5
6750,21,73914,Self-employed,415,4,Kolkata,4
6751,68,122255,Student,819,11,Chennai,0
6752,36,25349,Salaried,734,17,Hyderabad,0
6753,55,43525,Student,821,15,Mumbai,0
6754,44,20948,Self-employed,565,8,Delhi,4
6755,62,29498,Self-employed,697,7,Jaipur,2
6756,60,74790,Salaried,401,5,Hyderabad,4
6757,30,41245,Salaried,362,16,Hyderabad,5
6758,30,146310,Salaried,810,13,Lucknow,1
6759,39,61659,Retired,521,13,Chennai,5
6760,45,140983,Salaried,735,3,Kolkata,4
6761,69,89874,Retired,489,7,Jaipur,1
6762,64,57517,Salaried,633,16,Delhi,5
6763,62,141618,Salaried,600,0,Bangalore,3
6764,39,90885,Self-employed,650,2,Lucknow,1
6765,60,61350,Salaried,414,16,Ahmedabad,4
6766,36,92179,Unemployed,821,19,Jaipur,2
6767,25,60013,Student,666,2,Kolkata,0
6768,69,54913,Self-employed,568,6,Bangalore,4
6769,25,60819,Self-employed,385,10,Mumbai,0
6770,59,97168,Self-employed,677,14,Delhi,5
6771,43,107680,Retired,446,6,Chennai,1
6772,65,109792,Salaried,417,4,Chennai,3
6773,68,148932,Student,434,16,Kolkata,3
6774,43,64875,Self-employed,826,4,Jaipur,4
6775,40,88947,Retired,505,0,Delhi,1
6776,60,24586,Student,532,6,Delhi,1
6777,30,66986,Retired,365,16,Kolkata,0
6778,45,104848,Self-employed,303,7,Delhi,5
6779,26,38055,Salaried,302,11,Lucknow,5
6780,37,43807,Self-employed,558,1,Kolkata,1
6781,36,62177,Self-employed,624,16,Kolkata,2
6782,65,83625,Student,539,19,Pune,3
6783,56,71317,Salaried,834,13,Chennai,5
6784,68,31433,Self-employed,617,2,Delhi,2
6785,29,48282,Salaried,350,18,Ahmedabad,5
6786,32,91519,Unemployed,769,13,Mumbai,2
6787,48,58578,Salaried,342,7,Lucknow,0
6788,31,145843,Self-employed,503,6,Mumbai,1
6789,28,123333,Salaried,646,4,Pune,0
6790,43,65317,Salaried,357,2,Chennai,5
6791,59,142878,Unemployed,358,0,Bangalore,3
6792,44,123745,Salaried,810,18,Mumbai,0
6793,28,144230,Salaried,617,14,Ahmedabad,5
6794,55,80950,Salaried,732,0,Ahmedabad,2
6795,51,74612,Self-employed,671,4,Chennai,0
6796,60,79873,Self-employed,506,19,Delhi,1
6797,36,130792,Salaried,410,10,Chennai,0
6798,23,139814,Self-employed,322,13,Pune,1
6799,63,30231,Salaried,727,17,Chennai,2
6800,69,102385,Unemployed,310,19,Bangalore,1
6801,55,56163,Student,814,8,Lucknow,1
6802,66,136880,Retired,443,14,Mumbai,5
6803,59,102592,Unemployed,820,10,Jaipur,1
6804,45,121564,Salaried,593,4,Kolkata,5
6805,18,70535,Salaried,624,14,Delhi,1
6806,52,125952,Self-employed,492,1,Hyderabad,3
6807,57,39507,Salaried,590,11,Delhi,4
6808,25,139225,Salaried,718,6,Hyderabad,5
6809,69,125282,Salaried,759,1,Jaipur,3
6810,64,85559,Salaried,347,7,Delhi,0
6811,24,15982,Self-employed,406,8,Mumbai,3
6812,28,144128,Salaried,563,4,Pune,3
6813,56,91737,Salaried,552,14,Ahmedabad,1
6814,21,97446,Self-employed,838,18,Delhi,0
6815,42,103567,Salaried,820,18,Chennai,0
6816,29,38636,Retired,457,12,Ahmedabad,2
6817,43,97850,Salaried,825,12,Chennai,1
6818,55,98866,Self-employed,328,5,Jaipur,3
6819,63,77726,Salaried,837,0,Mumbai,2
6820,29,95901,Salaried,442,9,Lucknow,2
6821,60,83896,Salaried,517,5,Pune,5
6822,68,55880,Self-employed,366,2,Bangalore,3
6823,54,67077,Unemployed,443,12,Lucknow,0
6824,63,18625,Self-employed,440,18,Bangalore,1
6825,41,53237,Salaried,645,9,Pune,1
6826,33,16223,Salaried,764,12,Hyderabad,3
6827,30,80197,Salaried,395,6,Bangalore,1
6828,42,89693,Salaried,707,14,Delhi,4
6829,69,126555,Salaried,417,3,Hyderabad,2
6830,21,52760,Retired,743,10,Lucknow,2
6831,28,125174,Self-employed,679,7,Pune,4
6832,49,142192,Self-employed,577,1,Jaipur,1
6833,66,44024,Self-employed,660,0,Jaipur,0
6834,24,38202,Student,669,0,Jaipur,5
6835,63,134414,Salaried,511,15,Lucknow,4
6836,28,66524,Student,558,17,Mumbai,4
6837,45,113228,Unemployed,396,10,Chennai,2
6838,58,119755,Salaried,509,7,Chennai,0
6839,40,30993,Salaried,847,18,Lucknow,0
6840,62,29620,Retired,320,11,Ahmedabad,1
6841,40,138271,Student,732,5,Bangalore,0
6842,67,35193,Salaried,670,15,Mumbai,1
6843,45,66559,Self-employed,692,7,Bangalore,3
6844,60,36248,Salaried,518,6,Hyderabad,4
6845,64,78410,Salaried,803,19,Pune,5
6846,43,19260,Salaried,395,2,Jaipur,5
6847,42,52596,Salaried,731,0,Kolkata,4
6848,46,24012,Self-employed,487,5,Kolkata,1
6849,36,40823,Student,800,2,Bangalore,1
6850,50,88851,Unemployed,674,18,Bangalore,1
6851,53,62027,Salaried,733,1,Jaipur,4
6852,31,98794,Student,722,16,Bangalore,1
6853,31,40099,Salaried,443,15,Bangalore,4
6854,52,116427,Salaried,839,6,Jaipur,5
6855,47,51992,Unemployed,798,5,Chennai,4
6856,45,134942,Salaried,305,10,Hyderabad,5
6857,34,132886,Salaried,616,14,Mumbai,2
6858,20,24218,Salaried,529,10,Delhi,5
6859,33,36788,Salaried,421,6,Bangalore,2
6860,63,35501,Student,794,14,Delhi,3
6861,47,118733,Retired,774,15,Lucknow,3
6862,69,30210,Student,807,7,Bangalore,5
6863,46,143476,Unemployed,474,4,Kolkata,0
6864,62,89225,Self-employed,820,16,Mumbai,1
6865,32,78721,Unemployed,570,1,Mumbai,5
6866,63,46449,Salaried,485,6,Pune,5
6867,42,104333,Unemployed,393,5,Jaipur,4
6868,68,35782,Salaried,813,11,Jaipur,0
6869,55,35243,Unemployed,477,15,Pune,2
6870,59,44379,Salaried,594,10,Delhi,4
6871,64,52780,Self-employed,530,16,Pune,5
6872,69,129944,Self-employed,535,9,Jaipur,0
6873,55,34984,Retired,392,15,Pune,5
6874,40,15050,Student,786,15,Delhi,2
6875,42,55205,Salaried,343,14,Pune,3
6876,59,30162,Self-employed,838,14,Chennai,1
6877,24,64746,Salaried,774,19,Ahmedabad,1
6878,39,26628,Salaried,338,3,Bangalore,0
6879,34,53516,Salaried,684,2,Kolkata,2
6880,35,102157,Salaried,734,13,Bangalore,0
6881,66,147548,Self-employed,588,9,Pune,2
6882,58,134558,Unemployed,547,5,Bangalore,2
6883,27,55800,Unemployed,658,10,Lucknow,1
6884,27,50788,Salaried,737,3,Kolkata,3
6885,24,135754,Salaried,508,9,Mumbai,3
6886,65,41240,Salaried,423,15,Chennai,4
6887,67,79198,Salaried,702,7,Hyderabad,2
6888,55,73739,Salaried,583,8,Delhi,1
6889,44,27089,Salaried,540,3,Hyderabad,2
6890,69,47600,Self-employed,466,16,Lucknow,5
6891,50,23167,Self-employed,447,9,Pune,4
6892,18,93352,Self-employed,564,12,Ahmedabad,5
6893,61,100965,Salaried,800,16,Bangalore,1
6894,51,140540,Self-employed,578,18,Lucknow,2
6895,21,46415,Student,458,16,Bangalore,3
6896,34,86895,Salaried,359,3,Kolkata,3
6897,21,94900,Salaried,798,5,Bangalore,4
6898,60,109330,Salaried,616,13,Jaipur,5
6899,43,73650,Salaried,787,8,Pune,3
6900,21,15615,Salaried,764,5,Kolkata,2
6901,18,92937,Salaried,527,9,Kolkata,4
6902,24,56936,Salaried,655,5,Mumbai,5
6903,47,122812,Salaried,765,8,Jaipur,0
6904,67,82875,Self-employed,526,12,Delhi,4
6905,26,96782,Salaried,468,15,Pune,3
6906,52,76700,Self-employed,583,15,Pune,1
6907,25,23109,Salaried,561,18,Delhi,4
6908,41,38758,Salaried,663,4,Ahmedabad,2
6909,36,123592,Unemployed,820,10,Ahmedabad,5
6910,53,28317,Self-employed,397,14,Jaipur,4
6911,67,40622,Salaried,311,7,Delhi,3
6912,69,21800,Self-employed,716,14,Mumbai,4
6913,60,50539,Self-employed,800,10,Jaipur,2
6914,44,148672,Salaried,434,12,Bangalore,2
6915,49,100163,Salaried,558,1,Lucknow,3
6916,31,31689,Unemployed,816,1,Delhi,2
6917,35,96459,Salaried,593,11,Lucknow,3
6918,45,53469,Salaried,739,19,Delhi,4
6919,46,147030,Salaried,450,8,Delhi,4
6920,33,75012,Student,780,19,Ahmedabad,0
6921,52,75021,Unemployed,557,14,Bangalore,3
6922,64,39642,Student,448,6,Mumbai,1
6923,48,94003,Student,441,13,Ahmedabad,3
6924,21,138714,Retired,550,16,Delhi,4
6925,54,15205,Self-employed,346,1,Hyderabad,5
6926,34,107945,Student,671,8,Ahmedabad,4
6927,56,27442,Retired,393,12,Lucknow,2
6928,65,106826,Salaried,655,4,Jaipur,0
6929,63,53909,Self-employed,831,3,Mumbai,1
6930,43,34504,Self-employed,571,0,Jaipur,0
6931,65,110698,Unemployed,728,8,Ahmedabad,3
6932,56,102087,Unemployed,363,15,Hyderabad,5
6933,58,56716,Student,463,18,Kolkata,3
6934,21,49571,Unemployed,688,2,Hyderabad,4
6935,47,108280,Self-employed,768,2,Delhi,2
6936,47,60038,Salaried,849,6,Bangalore,1
6937,39,87795,Salaried,830,17,Jaipur,5
6938,28,60168,Self-employed,316,19,Bangalore,2
6939,19,82690,Salaried,600,6,Lucknow,1
6940,61,129053,Salaried,387,15,Pune,5
6941,29,26230,Salaried,544,3,Chennai,0
6942,47,98301,Unemployed,766,12,Jaipur,4
6943,53,81758,Salaried,741,9,Chennai,2
6944,35,42050,Unemployed,412,1,Lucknow,3
6945,43,114805,Unemployed,741,18,Lucknow,4
6946,24,84110,Salaried,307,13,Hyderabad,1
6947,18,117033,Salaried,848,5,Delhi,5
6948,43,91693,Student,399,12,Pune,4
6949,40,137428,Self-employed,644,11,Bangalore,3
6950,43,34575,Salaried,780,11,Mumbai,3
6951,62,55244,Salaried,641,11,Pune,1
6952,23,29962,Salaried,533,10,Kolkata,4
6953,23,115695,Salaried,534,13,Pune,2
6954,61,105388,Salaried,425,3,Mumbai,4
6955,25,92332,Salaried,776,12,Kolkata,3
6956,41,142386,Self-employed,671,7,Delhi,5
6957,39,60037,Retired,419,2,Mumbai,1
6958,36,127666,Self-employed,841,13,Hyderabad,0
6959,54,142048,Unemployed,478,18,Kolkata,0
6960,35,98040,Student,393,17,Chennai,5
6961,48,126264,Self-employed,601,10,Mumbai,4
6962,54,25715,Salaried,717,12,Kolkata,3
6963,47,76726,Salaried,751,5,Pune,4
6964,59,147980,Student,716,17,Mumbai,1
6965,50,133208,Unemployed,421,19,Chennai,2
6966,27,68648,Salaried,356,0,Hyderabad,0
6967,54,36134,Salaried,438,1,Ahmedabad,4
6968,29,71143,Student,498,6,Pune,3
6969,47,84123,Salaried,660,4,Pune,5
6970,44,148485,Salaried,709,18,Ahmedabad,0
6971,56,136657,Student,827,1,Pune,0
6972,26,81686,Self-employed,542,2,Chennai,2
6973,38,127841,Self-employed,389,19,Hyderabad,4
6974,29,47264,Unemployed,815,9,Delhi,2
6975,46,124885,Self-employed,361,9,Ahmedabad,3
6976,50,67330,Self-employed,511,7,Bangalore,3
6977,60,129672,Salaried,547,8,Chennai,4
6978,32,53345,Salaried,796,1,Delhi,0
6979,19,54222,Student,355,2,Jaipur,1
6980,69,72755,Salaried,758,15,Delhi,2
6981,56,23933,Salaried,588,3,Hyderabad,0
6982,61,83207,Salaried,842,5,Bangalore,5
6983,35,119691,Salaried,769,12,Hyderabad,3
6984,20,120137,Salaried,688,5,Chennai,3
6985,24,113818,Self-employed,720,9,Ahmedabad,0
6986,60,113510,Salaried,812,16,Bangalore,0
6987,35,114251,Salaried,380,7,Ahmedabad,5
6988,61,33212,Self-employed,743,8,Bangalore,3
6989,55,43174,Unemployed,586,1,Kolkata,2
6990,54,119649,Salaried,583,16,Delhi,2
6991,50,66319,Self-employed,790,19,Hyderabad,0
6992,61,102846,Self-employed,687,10,Pune,4
6993,48,69808,Self-employed,707,17,Ahmedabad,3
6994,28,57616,Salaried,626,2,Chennai,1
6995,21,89329,Unemployed,475,8,Jaipur,3
6996,35,142957,Self-employed,820,7,Delhi,2
6997,21,71152,Student,682,6,Ahmedabad,2
6998,66,57351,Salaried,557,6,Hyderabad,1
6999,51,137377,Self-employed,646,7,Chennai,2
7000,46,75616,Student,571,19,Delhi,1
7001,41,38010,Salaried,560,4,Chennai,2
7002,39,136822,Salaried,695,2,Bangalore,5
7003,19,34050,Self-employed,453,18,Chennai,1
7004,61,36125,Salaried,826,1,Chennai,4
7005,23,107661,Self-employed,366,13,Pune,3
7006,59,103116,Salaried,647,1,Mumbai,2
7007,42,134233,Salaried,362,9,Jaipur,0
7008,38,105155,Self-employed,655,19,Kolkata,1
7009,33,144843,Salaried,580,9,Bangalore,1
7010,48,28869,Retired,340,16,Pune,1
7011,31,77167,Unemployed,839,1,Pune,2
7012,56,78576,Self-employed,666,0,Ahmedabad,3
7013,45,36677,Student,576,17,Lucknow,0
7014,49,140662,Unemployed,520,3,Chennai,1
7015,45,91794,Salaried,360,0,Jaipur,1
7016,68,90675,Student,402,16,Delhi,1
7017,66,57325,Salaried,484,2,Hyderabad,5
7018,26,55503,Salaried,446,1,Bangalore,1
7019,62,34514,Self-employed,374,17,Ahmedabad,0
7020,39,71196,Self-employed,772,3,Ahmedabad,1
7021,49,109633,Salaried,300,2,Hyderabad,5
7022,22,98324,Salaried,715,11,Chennai,0
7023,40,100550,Self-employed,768,15,Ahmedabad,0
7024,22,95331,Salaried,664,10,Hyderabad,1
7025,59,38653,Student,316,9,Jaipur,4
7026,49,112294,Self-employed,809,18,Pune,0
7027,27,58755,Salaried,738,9,Jaipur,4
7028,56,119296,Salaried,830,2,Ahmedabad,0
7029,32,113354,Self-employed,358,5,Chennai,5
7030,24,86988,Salaried,414,13,Hyderabad,2
7031,46,52921,Salaried,502,11,Pune,1
7032,64,61668,Salaried,842,7,Chennai,2
7033,20,70175,Salaried,493,1,Chennai,0
7034,36,68452,Salaried,771,8,Lucknow,2
7035,27,61149,Self-employed,405,13,Bangalore,1
7036,45,30839,Student,425,0,Lucknow,1
7037,46,17155,Self-employed,713,2,Hyderabad,0
7038,32,69512,Student,809,19,Delhi,0
7039,52,101150,Salaried,800,5,Chennai,4
7040,23,141041,Salaried,420,19,Ahmedabad,3
7041,29,41190,Self-employed,507,12,Bangalore,2
7042,64,25928,Self-employed,649,10,Ahmedabad,4
7043,55,63425,Self-employed,492,14,Pune,2
7044,30,89134,Self-employed,692,17,Pune,1
7045,46,124875,Self-employed,796,18,Jaipur,0
7046,36,139264,Salaried,691,18,Chennai,2
7047,20,125191,Self-employed,408,5,Ahmedabad,3
7048,25,118716,Self-employed,769,14,Delhi,1
7049,25,71321,Retired,649,13,Bangalore,5
7050,37,128782,Self-employed,448,4,Chennai,1
7051,64,124398,Self-employed,555,10,Jaipur,4
7052,21,73973,Self-employed,688,19,Mumbai,3
7053,68,67414,Unemployed,498,12,Pune,1
7054,38,44692,Retired,742,12,Delhi,3
7055,20,120958,Student,485,3,Kolkata,0
7056,62,63750,Self-employed,643,8,Mumbai,5
7057,25,83456,Salaried,407,12,Hyderabad,3
7058,40,39085,Self-employed,379,7,Bangalore,4
7059,33,37925,Self-employed,552,19,Hyderabad,4
7060,30,20615,Student,324,10,Ahmedabad,2
7061,20,52083,Salaried,582,18,Ahmedabad,5
7062,65,125764,Self-employed,537,0,Chennai,0
7063,26,24605,Salaried,615,8,Pune,0
7064,31,126093,Student,762,1,Hyderabad,3
7065,30,59608,Salaried,681,3,Delhi,4
7066,24,143788,Self-employed,764,3,Hyderabad,4
7067,32,34192,Salaried,449,0,Delhi,4
7068,24,149403,Salaried,651,17,Chennai,0
7069,55,66330,Self-employed,741,13,Kolkata,4
7070,51,64949,Salaried,694,12,Jaipur,2
7071,58,83382,Self-employed,664,7,Bangalore,1
7072,39,114233,Unemployed,305,5,Kolkata,4
7073,41,67243,Retired,833,16,Delhi,2
7074,66,115566,Salaried,519,10,Bangalore,2
7075,54,73618,Student,311,14,Kolkata,1
7076,61,133168,Salaried,684,6,Pune,0
7077,18,67494,Unemployed,757,7,Hyderabad,4
7078,27,38958,Student,524,10,Delhi,5
7079,60,122960,Salaried,635,1,Jaipur,2
7080,33,117478,Salaried,466,19,Ahmedabad,2
7081,63,20833,Salaried,615,10,Jaipur,1
7082,25,114341,Student,415,13,Jaipur,5
7083,66,109240,Salaried,797,12,Kolkata,2
7084,42,122955,Self-employed,447,7,Pune,4
7085,67,19073,Self-employed,335,11,Pune,0
7086,29,32667,Retired,706,8,Lucknow,2
7087,42,21732,Unemployed,684,9,Jaipur,0
7088,34,70097,Salaried,710,10,Jaipur,2
7089,43,18487,Self-employed,607,10,Hyderabad,2
7090,63,72702,Student,539,15,Bangalore,4
7091,65,109961,Unemployed,666,17,Ahmedabad,0
7092,31,100107,Salaried,603,8,Mumbai,5
7093,58,122721,Salaried,466,2,Lucknow,3
7094,53,86031,Salaried,600,3,Chennai,4
7095,40,99217,Salaried,504,19,Lucknow,0
7096,60,29781,Salaried,494,18,Delhi,0
7097,23,54865,Salaried,470,9,Kolkata,0
7098,64,23469,Self-employed,701,12,Pune,3
7099,22,60167,Salaried,338,0,Mumbai,4
7100,60,34928,Self-employed,551,11,Chennai,3
7101,42,54599,Salaried,582,10,Bangalore,2
7102,35,81504,Unemployed,506,4,Chennai,1
7103,30,85687,Unemployed,799,1,Hyderabad,3
7104,60,124122,Self-employed,442,16,Lucknow,2
7105,31,101284,Unemployed,318,16,Hyderabad,3
7106,45,100227,Salaried,319,19,Mumbai,0
7107,35,112556,Student,747,14,Bangalore,1
7108,45,58560,Salaried,525,3,Mumbai,1
7109,68,42256,Salaried,400,10,Mumbai,5
7110,44,21125,Salaried,593,0,Mumbai,2
7111,49,19370,Self-employed,849,9,Bangalore,5
7112,64,19838,Salaried,364,17,Delhi,3
7113,26,129479,Self-employed,798,14,Chennai,3
7114,57,72429,Salaried,375,18,Pune,3
7115,49,149206,Unemployed,424,3,Delhi,2
7116,37,58199,Self-employed,326,5,Delhi,3
7117,45,92092,Salaried,575,1,Pune,1
7118,50,139925,Salaried,382,12,Jaipur,1
7119,21,35113,Student,785,1,Bangalore,4
7120,63,111102,Salaried,762,12,Lucknow,3
7121,51,17669,Self-employed,305,14,Ahmedabad,3
7122,65,92818,Self-employed,667,17,Hyderabad,5
7123,20,94737,Salaried,770,10,Hyderabad,1
7124,43,39406,Salaried,748,4,Bangalore,1
7125,25,27873,Salaried,669,13,Lucknow,0
7126,23,140812,Salaried,639,15,Jaipur,0
7127,33,97048,Salaried,577,13,Jaipur,4
7128,41,38461,Salaried,639,8,Chennai,1
7129,65,28448,Salaried,379,5,Lucknow,4
7130,56,30198,Salaried,366,8,Hyderabad,3
7131,47,88158,Retired,514,4,Kolkata,3
7132,62,80470,Self-employed,715,10,Chennai,1
7133,30,35739,Student,444,11,Delhi,2
7134,22,99054,Salaried,585,16,Chennai,4
7135,42,73186,Salaried,839,5,Pune,2
7136,37,41547,Student,346,19,Bangalore,3
7137,35,109472,Self-employed,536,5,Bangalore,5
7138,64,100823,Salaried,416,14,Bangalore,4
7139,35,121887,Salaried,450,16,Jaipur,3
7140,19,25686,Self-employed,382,2,Mumbai,0
7141,27,49062,Student,356,18,Kolkata,1
7142,62,63216,Salaried,684,1,Jaipur,0
7143,67,46653,Self-employed,519,8,Pune,4
7144,64,36673,Self-employed,584,8,Mumbai,0
7145,29,34629,Retired,733,6,Chennai,5
7146,64,135756,Student,619,15,Hyderabad,4
7147,30,126641,Salaried,541,5,Kolkata,2
7148,67,40063,Self-employed,764,8,Delhi,1
7149,64,34322,Student,502,12,Mumbai,2
7150,28,27693,Self-employed,848,1,Chennai,5
7151,36,117379,Student,744,13,Lucknow,3
7152,52,27651,Unemployed,434,4,Kolkata,1
7153,56,24275,Salaried,840,10,Chennai,0
7154,43,60606,Salaried,786,14,Bangalore,4
7155,63,16658,Student,785,5,Lucknow,1
7156,31,87468,Salaried,704,5,Ahmedabad,3
7157,62,56150,Salaried,732,15,Hyderabad,2
7158,61,29999,Salaried,847,19,Bangalore,3
7159,41,21376,Student,549,3,Hyderabad,0
7160,58,66673,Salaried,379,4,Lucknow,4
7161,18,18476,Self-employed,314,5,Ahmedabad,4
7162,68,84902,Salaried,339,12,Pune,0
7163,60,106269,Salaried,380,13,Mumbai,4
7164,39,113331,Salaried,809,12,Hyderabad,1
7165,40,26164,Salaried,606,9,Mumbai,1
7166,36,54316,Student,696,16,Chennai,0
7167,35,77968,Unemployed,503,17,Lucknow,0
7168,29,149942,Student,510,6,Bangalore,3
7169,45,49094,Salaried,698,3,Pune,4
7170,45,70329,Self-employed,672,15,Delhi,5
7171,50,98138,Salaried,688,9,Chennai,2
7172,36,81141,Salaried,557,19,Kolkata,0
7173,45,143307,Self-employed,414,18,Delhi,3
7174,69,98197,Self-employed,633,2,Jaipur,0
7175,66,97318,Salaried,648,18,Delhi,0
7176,54,94023,Salaried,532,12,Hyderabad,1
7177,43,66962,Unemployed,808,7,Ahmedabad,5
7178,52,128037,Salaried,748,17,Pune,4
7179,51,102601,Unemployed,376,18,Hyderabad,5
7180,52,99859,Retired,397,17,Ahmedabad,0
7181,57,105933,Self-employed,761,18,Kolkata,4
7182,33,60957,Salaried,799,3,Lucknow,3
7183,55,97864,Student,337,12,Jaipur,0
7184,30,141358,Salaried,657,11,Delhi,5
7185,40,58739,Salaried,541,14,Hyderabad,2
7186,39,53733,Student,350,14,Lucknow,5
7187,33,60389,Salaried,724,9,Pune,1
7188,45,71922,Salaried,426,18,Jaipur,2
7189,65,32580,Self-employed,402,7,Kolkata,1
7190,52,130900,Self-employed,776,18,Hyderabad,0
7191,62,146895,Salaried,528,8,Jaipur,5
7192,63,22084,Salaried,735,6,Lucknow,0
7193,25,92991,Salaried,684,7,Hyderabad,4
7194,61,97455,Salaried,384,8,Mumbai,1
7195,39,127540,Student,658,16,Chennai,3
7196,38,129540,Self-employed,326,14,Chennai,2
7197,43,32333,Self-employed,371,15,Bangalore,5
7198,57,142182,Salaried,394,6,Ahmedabad,3
7199,38,51668,Salaried,725,9,Hyderabad,1
7200,42,26945,Salaried,305,18,Pune,3
7201,58,117528,Salaried,389,5,Jaipur,1
7202,18,61526,Salaried,521,11,Ahmedabad,4
7203,23,62717,Salaried,451,14,Bangalore,4
7204,40,105480,Salaried,511,9,Chennai,3
7205,68,27930,Student,562,17,Mumbai,3
7206,40,19333,Student,681,3,Chennai,5
7207,60,135384,Self-employed,356,10,Jaipur,1
7208,60,32839,Salaried,725,4,Kolkata,4
7209,40,66337,Unemployed,441,12,Bangalore,5
7210,49,35195,Retired,823,9,Delhi,3
7211,47,104229,Salaried,314,6,Hyderabad,5
7212,30,128251,Self-employed,307,10,Chennai,1
7213,60,127265,Student,530,3,Hyderabad,1
7214,35,116986,Self-employed,485,3,Bangalore,3
7215,40,65998,Salaried,352,4,Bangalore,2
7216,32,46558,Salaried,436,8,Mumbai,5
7217,50,17985,Self-employed,473,0,Jaipur,0
7218,38,76794,Salaried,518,15,Pune,1
7219,56,58585,Unemployed,562,4,Jaipur,4
7220,40,55264,Self-employed,554,4,Mumbai,5
7221,44,99816,Salaried,569,6,Ahmedabad,0
7222,62,49022,Self-employed,523,7,Delhi,1
7223,61,33065,Self-employed,433,18,Bangalore,5
7224,35,129382,Salaried,462,0,Mumbai,2
7225,41,143145,Salaried,372,17,Pune,0
7226,68,102191,Unemployed,842,10,Kolkata,4
7227,64,86819,Self-employed,783,15,Bangalore,0
7228,57,122158,Salaried,554,10,Chennai,5
7229,68,18143,Salaried,497,8,Lucknow,3
7230,59,72505,Self-employed,726,6,Hyderabad,1
7231,24,43896,Self-employed,792,14,Hyderabad,3
7232,67,65629,Salaried,381,10,Delhi,2
7233,65,54916,Self-employed,607,18,Pune,0
7234,37,76330,Salaried,673,6,Delhi,3
7235,44,22551,Salaried,758,15,Jaipur,2
7236,23,115972,Self-employed,800,2,Delhi,3
7237,44,134623,Salaried,656,15,Kolkata,4
7238,26,128216,Unemployed,595,7,Ahmedabad,3
7239,62,82782,Salaried,599,9,Ahmedabad,1
7240,48,80391,Self-employed,642,8,Chennai,5
7241,38,119957,Salaried,419,2,Pune,3
7242,43,138546,Salaried,485,6,Ahmedabad,3
7243,57,140006,Student,457,7,Ahmedabad,3
7244,65,78411,Salaried,527,2,Kolkata,3
7245,62,88185,Self-employed,607,15,Lucknow,3
7246,30,146960,Self-employed,533,13,Delhi,0
7247,66,142574,Self-employed,310,6,Delhi,0
7248,40,44424,Student,474,3,Kolkata,5
7249,37,56559,Self-employed,301,5,Chennai,4
7250,54,26075,Self-employed,481,6,Chennai,0
7251,45,24950,Student,649,11,Bangalore,2
7252,34,54305,Unemployed,681,6,Jaipur,1
7253,45,18569,Salaried,596,0,Ahmedabad,3
7254,58,81778,Self-employed,496,17,Chennai,3
7255,19,117633,Salaried,585,10,Pune,3
7256,42,45085,Salaried,821,10,Ahmedabad,4
7257,67,111307,Salaried,524,16,Hyderabad,4
7258,58,107174,Student,585,11,Delhi,2
7259,23,51163,Self-employed,630,18,Ahmedabad,3
7260,28,64592,Self-employed,462,17,Bangalore,4
7261,55,132431,Salaried,492,12,Chennai,3
7262,23,23039,Salaried,444,9,Chennai,0
7263,62,18824,Unemployed,837,18,Pune,3
7264,28,65420,Salaried,569,3,Ahmedabad,2
7265,31,104535,Salaried,350,14,Jaipur,2
7266,19,18436,Salaried,826,17,Mumbai,4
7267,57,108550,Self-employed,427,0,Mumbai,3
7268,20,31057,Salaried,345,18,Pune,2
7269,52,16310,Salaried,533,1,Chennai,0
7270,50,141913,Self-employed,747,9,Lucknow,4
7271,41,81013,Salaried,742,17,Ahmedabad,0
7272,36,75022,Student,802,3,Kolkata,2
7273,35,33546,Salaried,584,9,Mumbai,5
7274,66,113812,Salaried,431,3,Delhi,4
7275,69,87855,Self-employed,775,17,Lucknow,3
7276,41,48149,Student,843,19,Bangalore,5
7277,62,128591,Student,655,3,Delhi,1
7278,52,44858,Self-employed,336,14,Jaipur,3
7279,18,60330,Salaried,437,17,Pune,3
7280,53,107203,Salaried,721,8,Delhi,0
7281,42,40293,Salaried,744,19,Pune,3
7282,62,71869,Unemployed,541,16,Lucknow,1
7283,66,105429,Unemployed,544,2,Mumbai,4
7284,60,20704,Retired,838,12,Kolkata,4
7285,51,147848,Salaried,508,6,Kolkata,5
7286,42,63281,Self-employed,756,13,Jaipur,1
7287,33,131972,Self-employed,398,5,Chennai,0
7288,51,128532,Self-employed,801,13,Chennai,5
7289,46,81780,Self-employed,436,13,Hyderabad,1
7290,36,147405,Student,486,13,Delhi,4
7291,40,70333,Salaried,335,19,Lucknow,5
7292,36,148005,Salaried,778,17,Hyderabad,1
7293,42,104893,Salaried,354,8,Pune,0
7294,33,77958,Salaried,770,11,Chennai,5
7295,68,45844,Salaried,383,13,Lucknow,3
7296,26,129501,Salaried,305,15,Jaipur,3
7297,18,106200,Salaried,662,1,Kolkata,4
7298,59,15792,Self-employed,469,15,Bangalore,0
7299,36,98187,Unemployed,548,17,Jaipur,3
7300,50,57510,Student,509,8,Mumbai,3
7301,51,128104,Salaried,543,7,Ahmedabad,3
7302,33,54632,Salaried,440,0,Mumbai,2
7303,61,98568,Salaried,479,4,Lucknow,3
7304,57,80214,Retired,316,6,Ahmedabad,2
7305,35,59870,Self-employed,315,9,Kolkata,1
7306,51,63110,Salaried,684,10,Pune,4
7307,42,124414,Student,640,11,Ahmedabad,4
7308,62,33077,Salaried,345,0,Mumbai,5
7309,23,79874,Unemployed,803,5,Mumbai,5
7310,38,24754,Salaried,442,3,Pune,2
7311,23,40688,Salaried,584,2,Mumbai,0
7312,49,22048,Self-employed,654,3,Chennai,5
7313,58,37568,Unemployed,824,5,Hyderabad,5
7314,65,112583,Unemployed,346,4,Delhi,2
7315,60,109449,Self-employed,827,8,Lucknow,3
7316,56,60217,Salaried,406,3,Kolkata,5
7317,48,142873,Salaried,302,13,Lucknow,0
7318,59,40358,Retired,394,14,Lucknow,4
7319,27,129064,Self-employed,432,3,Lucknow,1
7320,47,26023,Student,500,13,Hyderabad,1
7321,69,110387,Salaried,553,9,Kolkata,2
7322,35,101728,Self-employed,482,6,Lucknow,5
7323,41,42410,Salaried,449,17,Ahmedabad,2
7324,69,120696,Self-employed,848,19,Chennai,2
7325,26,26447,Unemployed,789,14,Ahmedabad,2
7326,48,132954,Self-employed,804,7,Bangalore,4
7327,32,101569,Salaried,712,8,Pune,3
7328,21,110894,Salaried,807,4,Kolkata,4
7329,57,28907,Salaried,703,5,Kolkata,1
7330,26,36637,Unemployed,535,11,Hyderabad,1
7331,62,148661,Salaried,844,6,Kolkata,1
7332,26,38560,Student,841,6,Mumbai,3
7333,43,18034,Self-employed,733,14,Jaipur,3
7334,21,146241,Student,845,18,Chennai,0
7335,34,107449,Unemployed,507,12,Kolkata,3
7336,33,18239,Self-employed,439,17,Mumbai,1
7337,32,18415,Unemployed,606,9,Bangalore,3
7338,52,91944,Salaried,397,7,Bangalore,3
7339,69,149556,Self-employed,424,10,Ahmedabad,3
7340,22,68987,Student,648,7,Ahmedabad,2
7341,22,33225,Salaried,433,7,Jaipur,5
7342,37,95459,Self-employed,525,14,Lucknow,5
7343,32,35936,Student,848,1,Pune,3
7344,35,54612,Student,638,19,Hyderabad,2
7345,64,110533,Salaried,621,12,Ahmedabad,1
7346,19,135877,Self-employed,386,17,Bangalore,0
7347,46,117269,Salaried,394,11,Lucknow,4
7348,30,54952,Self-employed,495,7,Lucknow,5
7349,21,73945,Salaried,491,16,Lucknow,0
7350,59,20380,Self-employed,821,5,Ahmedabad,4
7351,62,95821,Salaried,312,15,Bangalore,5
7352,27,64744,Salaried,553,13,Delhi,1
7353,48,95262,Salaried,380,9,Jaipur,2
7354,58,72331,Salaried,672,1,Mumbai,3
7355,25,107551,Self-employed,693,12,Lucknow,2
7356,20,78815,Student,717,0,Lucknow,4
7357,65,86519,Salaried,358,17,Delhi,5
7358,63,107526,Salaried,427,13,Pune,3
7359,26,124365,Salaried,840,2,Mumbai,4
7360,47,51366,Self-employed,632,14,Kolkata,4
7361,28,114830,Salaried,581,8,Jaipur,5
7362,52,56911,Salaried,506,12,Jaipur,3
7363,54,98422,Salaried,571,4,Chennai,0
7364,59,68619,Salaried,608,4,Lucknow,0
7365,30,37791,Salaried,702,1,Delhi,5
7366,53,23301,Salaried,474,0,Jaipur,5
7367,30,141866,Self-employed,517,16,Chennai,4
7368,29,118623,Self-employed,625,18,Bangalore,1
7369,54,127824,Salaried,552,16,Bangalore,2
7370,27,51894,Self-employed,753,8,Pune,0
7371,26,94618,Salaried,488,9,Delhi,3
7372,69,85994,Unemployed,742,14,Kolkata,4
7373,24,56770,Salaried,429,12,Delhi,2
7374,19,37300,Self-employed,784,16,Pune,5
7375,40,133025,Self-employed,302,6,Pune,2
7376,56,135605,Salaried,650,3,Bangalore,4
7377,57,55285,Unemployed,432,2,Bangalore,2
7378,56,132713,Salaried,793,0,Ahmedabad,1
7379,38,63671,Self-employed,565,6,Pune,4
7380,40,133216,Salaried,323,4,Chennai,5
7381,46,35270,Salaried,833,16,Delhi,2
7382,31,134870,Self-employed,302,16,Bangalore,2
7383,43,142897,Salaried,726,14,Bangalore,5
7384,68,87265,Salaried,303,2,Kolkata,0
7385,22,26171,Salaried,802,2,Pune,2
7386,48,75684,Self-employed,531,1,Chennai,2
7387,42,64948,Salaried,371,7,Mumbai,0
7388,48,49725,Salaried,387,12,Bangalore,4
7389,67,34450,Self-employed,827,5,Bangalore,0
7390,37,140900,Salaried,749,4,Mumbai,3
7391,61,99600,Salaried,738,12,Ahmedabad,3
7392,34,126315,Salaried,831,0,Chennai,1
7393,62,35115,Salaried,734,17,Kolkata,2
7394,19,114405,Salaried,383,6,Bangalore,5
7395,42,102404,Unemployed,638,16,Chennai,3
7396,30,125670,Salaried,425,7,Mumbai,4
7397,56,57738,Salaried,317,18,Chennai,4
7398,45,147053,Salaried,839,15,Delhi,5
7399,59,96666,Salaried,644,13,Lucknow,3
7400,23,99351,Self-employed,767,19,Hyderabad,0
7401,20,25728,Salaried,440,9,Delhi,5
7402,52,120852,Salaried,305,1,Jaipur,1
7403,35,98911,Salaried,840,15,Delhi,0
7404,28,132616,Student,364,12,Chennai,1
7405,37,51214,Salaried,355,4,Chennai,5
7406,22,60588,Salaried,395,17,Mumbai,3
7407,36,83408,Self-employed,514,19,Pune,0
7408,39,49103,Salaried,357,10,Mumbai,3
7409,36,85949,Student,791,4,Ahmedabad,1
7410,64,28423,Self-employed,704,12,Bangalore,4
7411,33,53062,Salaried,483,0,Ahmedabad,5
7412,41,16987,Self-employed,581,5,Ahmedabad,0
7413,58,77979,Retired,462,10,Lucknow,3
7414,21,52597,Self-employed,388,9,Lucknow,1
7415,32,98905,Unemployed,396,0,Kolkata,4
7416,42,91970,Salaried,387,15,Bangalore,0
7417,61,78805,Salaried,817,12,Jaipur,1
7418,52,134779,Unemployed,362,15,Mumbai,0
7419,31,72467,Salaried,840,14,Mumbai,0
7420,66,122732,Retired,490,6,Delhi,2
7421,36,116460,Salaried,577,13,Lucknow,3
7422,55,149461,Unemployed,838,10,Hyderabad,2
7423,53,133105,Salaried,384,12,Delhi,0
7424,24,139535,Salaried,634,4,Chennai,1
7425,47,24458,Unemployed,740,17,Hyderabad,3
7426,36,83481,Salaried,471,2,Delhi,1
7427,66,89888,Salaried,638,11,Chennai,1
7428,42,91022,Salaried,528,6,Pune,5
7429,33,82628,Self-employed,478,19,Mumbai,4
7430,64,85648,Retired,546,14,Jaipur,0
7431,57,31937,Salaried,616,0,Lucknow,1
7432,68,16112,Salaried,585,18,Lucknow,0
7433,25,63355,Salaried,375,9,Pune,2
7434,35,90561,Self-employed,751,13,Jaipur,5
7435,45,133181,Salaried,503,14,Pune,5
7436,33,75482,Salaried,723,1,Mumbai,2
7437,69,94098,Salaried,492,16,Pune,1
7438,36,137978,Self-employed,592,9,Jaipur,5
7439,59,71625,Unemployed,712,4,Ahmedabad,0
7440,34,139359,Self-employed,738,5,Chennai,4
7441,62,86246,Salaried,600,5,Kolkata,3
7442,30,27588,Self-employed,559,5,Bangalore,2
7443,24,130910,Student,491,13,Lucknow,2
7444,44,143658,Salaried,570,12,Lucknow,4
7445,27,35967,Salaried,731,12,Delhi,1
7446,51,145153,Salaried,516,9,Bangalore,2
7447,53,39256,Self-employed,390,15,Pune,2
7448,42,143121,Self-employed,497,6,Ahmedabad,3
7449,23,95732,Self-employed,698,2,Delhi,4
7450,41,145145,Salaried,338,14,Jaipur,4
7451,35,148578,Salaried,770,4,Chennai,0
7452,40,113120,Retired,378,7,Delhi,4
7453,23,59840,Salaried,393,4,Pune,5
7454,46,127647,Unemployed,342,1,Delhi,3
7455,42,74321,Self-employed,431,18,Pune,5
7456,34,58202,Salaried,376,10,Ahmedabad,4
7457,63,149162,Salaried,531,10,Jaipur,0
7458,41,74231,Unemployed,338,2,Mumbai,3
7459,28,36552,Salaried,450,12,Delhi,2
7460,43,36661,Unemployed,718,19,Delhi,1
7461,68,146642,Salaried,485,18,Pune,2
7462,51,80843,Self-employed,617,14,Hyderabad,0
7463,45,84278,Student,763,5,Jaipur,3
7464,20,109328,Unemployed,731,12,Bangalore,2
7465,28,146837,Salaried,434,17,Ahmedabad,0
7466,55,141355,Self-employed,802,17,Kolkata,5
7467,31,39198,Salaried,568,0,Kolkata,2
7468,68,76201,Salaried,736,10,Lucknow,1
7469,43,88271,Salaried,797,15,Kolkata,5
7470,65,126578,Salaried,639,0,Ahmedabad,2
7471,38,55364,Salaried,541,18,Pune,2
7472,56,130227,Salaried,520,7,Pune,2
7473,47,115353,Retired,660,18,Chennai,0
7474,25,147735,Self-employed,489,15,Hyderabad,3
7475,68,92564,Salaried,712,2,Mumbai,4
7476,37,120447,Retired,628,1,Hyderabad,0
7477,65,34631,Salaried,521,11,Kolkata,5
7478,49,48500,Salaried,391,9,Mumbai,4
7479,39,73915,Self-employed,739,1,Mumbai,5
7480,24,117760,Salaried,405,4,Bangalore,4
7481,26,41897,Self-employed,544,4,Chennai,2
7482,62,116639,Salaried,604,5,Mumbai,5
7483,18,128849,Salaried,396,2,Lucknow,1
7484,46,126118,Salaried,776,9,Pune,4
7485,25,72320,Unemployed,565,4,Delhi,5
7486,21,83289,Self-employed,402,19,Chennai,5
7487,52,46941,Self-employed,553,4,Jaipur,4
7488,20,90172,Self-employed,754,14,Ahmedabad,2
7489,62,18376,Salaried,812,16,Delhi,1
7490,57,45783,Self-employed,792,16,Jaipur,2
7491,24,58025,Salaried,560,17,Mumbai,4
7492,44,31447,Salaried,334,9,Hyderabad,5
7493,18,31713,Self-employed,680,6,Bangalore,0
7494,44,143869,Salaried,696,10,Mumbai,5
7495,33,19858,Salaried,326,13,Ahmedabad,4
7496,55,74834,Student,605,8,Hyderabad,0
7497,24,97060,Self-employed,464,16,Chennai,3
7498,61,118898,Self-employed,557,1,Bangalore,1
7499,40,117207,Salaried,401,16,Lucknow,5
7500,58,101366,Salaried,754,16,Delhi,3
7501,28,15869,Self-employed,492,19,Kolkata,2
7502,59,77624,Self-employed,598,9,Ahmedabad,4
7503,50,108676,Self-employed,320,11,Ahmedabad,3
7504,67,18659,Retired,344,11,Bangalore,1
7505,53,121888,Retired,779,14,Jaipur,0
7506,54,73185,Salaried,795,8,Lucknow,0
7507,58,132136,Student,522,17,Kolkata,2
7508,34,77758,Self-employed,598,15,Pune,2
7509,52,147430,Self-employed,780,6,Jaipur,4
7510,65,106150,Salaried,323,13,Pune,3
7511,22,32216,Self-employed,637,3,Lucknow,4
7512,65,56209,Unemployed,383,2,Bangalore,0
7513,49,57987,Student,359,11,Delhi,0
7514,20,123024,Student,587,15,Pune,5
7515,69,57320,Salaried,816,3,Lucknow,3
7516,64,26301,Salaried,453,3,Ahmedabad,4
7517,52,141560,Salaried,580,2,Chennai,2
7518,69,15891,Salaried,733,8,Mumbai,3
7519,31,65457,Self-employed,641,13,Hyderabad,5
7520,65,128389,Salaried,385,11,Jaipur,2
7521,48,35932,Self-employed,490,9,Chennai,3
7522,48,19192,Salaried,551,13,Bangalore,2
7523,34,31128,Salaried,367,11,Hyderabad,1
7524,41,37836,Salaried,445,11,Hyderabad,0
7525,69,39837,Unemployed,554,1,Chennai,5
7526,40,132028,Salaried,430,18,Pune,3
7527,35,131481,Salaried,676,12,Delhi,5
7528,67,140176,Student,831,9,Mumbai,1
7529,31,140172,Retired,498,0,Hyderabad,3
7530,67,37778,Self-employed,520,0,Bangalore,0
7531,32,58130,Salaried,709,7,Bangalore,5
7532,32,31708,Salaried,470,5,Mumbai,0
7533,23,122481,Retired,444,19,Delhi,2
7534,44,19782,Student,787,2,Bangalore,5
7535,32,25052,Self-employed,653,12,Mumbai,0
7536,67,34521,Salaried,480,11,Ahmedabad,5
7537,53,84690,Salaried,460,19,Hyderabad,5
7538,25,50546,Salaried,763,15,Jaipur,0
7539,32,119713,Self-employed,359,10,Mumbai,0
7540,20,117617,Salaried,514,3,Chennai,4
7541,64,37030,Retired,491,7,Chennai,4
7542,30,104831,Salaried,787,6,Kolkata,0
7543,58,92400,Self-employed,524,15,Delhi,5
7544,51,33055,Salaried,691,11,Mumbai,5
7545,41,89861,Self-employed,460,5,Jaipur,4
7546,57,136184,Salaried,754,5,Kolkata,3
7547,49,131524,Student,410,10,Ahmedabad,5
7548,49,131826,Self-employed,358,11,Bangalore,1
7549,47,51775,Salaried,844,15,Chennai,1
7550,69,100909,Student,328,15,Chennai,4
7551,66,51253,Self-employed,484,15,Hyderabad,1
7552,30,66884,Unemployed,523,3,Chennai,4
7553,18,91497,Unemployed,656,11,Kolkata,2
7554,51,32705,Unemployed,791,4,Kolkata,5
7555,32,106640,Salaried,413,8,Ahmedabad,0
7556,61,22101,Salaried,677,17,Jaipur,1
7557,31,77495,Retired,584,8,Ahmedabad,0
7558,46,23951,Salaried,396,15,Kolkata,1
7559,51,51180,Salaried,423,0,Hyderabad,3
7560,35,71977,Student,455,4,Chennai,3
7561,24,78209,Salaried,409,18,Delhi,4
7562,46,123575,Self-employed,352,2,Kolkata,0
7563,48,65918,Student,473,0,Mumbai,4
7564,42,148542,Student,613,13,Mumbai,2
7565,55,135014,Salaried,689,17,Mumbai,4
7566,31,93950,Salaried,344,7,Chennai,5
7567,25,22749,Salaried,416,13,Kolkata,5
7568,44,39182,Salaried,421,19,Chennai,4
7569,19,92450,Salaried,781,19,Hyderabad,4
7570,34,95543,Salaried,469,12,Delhi,1
7571,54,111487,Self-employed,699,15,Kolkata,1
7572,31,125227,Self-employed,799,8,Hyderabad,2
7573,42,93578,Student,373,6,Kolkata,0
7574,47,131258,Self-employed,448,2,Hyderabad,3
7575,46,28181,Salaried,836,19,Ahmedabad,0
7576,37,59898,Self-employed,360,0,Delhi,3
7577,38,18405,Student,353,7,Pune,1
7578,39,25862,Salaried,522,13,Hyderabad,4
7579,52,43688,Self-employed,772,12,Lucknow,5
7580,54,63017,Salaried,615,6,Ahmedabad,2
7581,33,27939,Salaried,469,12,Jaipur,2
7582,67,119152,Unemployed,331,6,Ahmedabad,5
7583,66,54585,Unemployed,352,19,Kolkata,2
7584,60,131315,Self-employed,438,19,Chennai,0
7585,34,119447,Self-employed,673,4,Bangalore,1
7586,33,96560,Unemployed,346,3,Lucknow,1
7587,19,112435,Retired,389,3,Jaipur,4
7588,21,84283,Salaried,335,5,Pune,5
7589,38,24297,Self-employed,524,13,Mumbai,5
7590,56,79005,Salaried,568,2,Bangalore,0
7591,51,143833,Salaried,485,2,Bangalore,4
7592,47,147679,Salaried,670,2,Hyderabad,3
7593,23,145654,Student,534,3,Delhi,1
7594,34,101994,Student,421,8,Chennai,2
7595,56,71305,Unemployed,723,15,Delhi,5
7596,42,137688,Salaried,688,18,Kolkata,4
7597,22,22645,Self-employed,416,15,Chennai,3
7598,22,57238,Salaried,765,11,Chennai,2
7599,37,84694,Salaried,728,5,Chennai,2
7600,33,31786,Unemployed,741,19,Chennai,4
7601,68,55693,Salaried,338,2,Kolkata,4
7602,58,111447,Student,461,4,Delhi,4
7603,54,84702,Salaried,825,6,Hyderabad,1
7604,57,99845,Salaried,465,4,Mumbai,5
7605,26,30076,Self-employed,744,8,Lucknow,5
7606,22,34377,Salaried,742,14,Delhi,0
7607,59,142368,Salaried,630,19,Bangalore,5
7608,19,48539,Salaried,634,5,Delhi,4
7609,26,141552,Self-employed,411,7,Bangalore,5
7610,60,41245,Retired,438,19,Ahmedabad,1
7611,53,82092,Student,465,4,Bangalore,0
7612,39,124454,Retired,713,16,Lucknow,3
7613,39,147223,Student,468,9,Mumbai,0
7614,39,62427,Unemployed,423,0,Ahmedabad,1
7615,51,86839,Self-employed,849,15,Ahmedabad,1
7616,46,131801,Self-employed,397,0,Pune,5
7617,55,125845,Salaried,359,2,Chennai,0
7618,63,101298,Student,318,5,Kolkata,0
7619,50,104147,Salaried,423,16,Lucknow,5
7620,35,70413,Salaried,525,1,Hyderabad,1
7621,24,80958,Unemployed,623,4,Hyderabad,1
7622,18,46275,Salaried,316,10,Pune,3
7623,50,41597,Retired,379,9,Chennai,1
7624,18,92521,Self-employed,755,14,Ahmedabad,1
7625,41,109243,Salaried,840,17,Delhi,2
7626,21,83908,Self-employed,677,16,Jaipur,2
7627,21,70188,Student,490,13,Hyderabad,2
7628,35,49710,Salaried,790,12,Mumbai,4
7629,44,133493,Student,704,19,Mumbai,5
7630,60,64249,Student,571,1,Ahmedabad,4
7631,49,49247,Salaried,729,11,Lucknow,1
7632,50,41408,Salaried,819,10,Lucknow,2
7633,45,91313,Salaried,683,18,Pune,5
7634,59,20443,Salaried,491,11,Bangalore,3
7635,58,145270,Salaried,734,3,Ahmedabad,3
7636,53,146151,Self-employed,362,9,Ahmedabad,3
7637,23,111818,Salaried,515,11,Pune,1
7638,33,96785,Unemployed,433,6,Kolkata,5
7639,51,141691,Salaried,460,5,Ahmedabad,2
7640,40,50391,Salaried,557,7,Kolkata,1
7641,67,49171,Self-employed,724,10,Mumbai,1
7642,59,130019,Unemployed,827,5,Ahmedabad,3
7643,41,22485,Self-employed,657,2,Pune,2
7644,66,142628,Salaried,674,19,Pune,4
7645,30,125104,Unemployed,308,18,Delhi,0
7646,35,130427,Salaried,496,0,Bangalore,1
7647,30,105153,Salaried,416,3,Bangalore,2
7648,66,52748,Salaried,309,18,Lucknow,0
7649,54,149950,Student,818,19,Hyderabad,0
7650,60,148021,Salaried,648,16,Hyderabad,4
7651,56,102150,Self-employed,703,18,Bangalore,4
7652,59,104364,Self-employed,303,13,Kolkata,1
7653,34,130925,Unemployed,627,9,Jaipur,1
7654,32,24958,Salaried,811,8,Pune,2
7655,35,102160,Salaried,429,15,Jaipur,4
7656,40,30493,Salaried,783,14,Delhi,5
7657,68,36199,Salaried,657,15,Lucknow,4
7658,47,45493,Self-employed,684,17,Lucknow,5
7659,51,126545,Self-employed,553,9,Mumbai,2
7660,21,64002,Student,466,2,Delhi,5
7661,20,38731,Student,768,6,Hyderabad,4
7662,24,16071,Unemployed,792,6,Lucknow,3
7663,35,114926,Salaried,637,19,Pune,0
7664,59,142872,Retired,350,10,Ahmedabad,3
7665,24,56410,Salaried,355,2,Hyderabad,0
7666,57,109948,Self-employed,372,17,Hyderabad,5
7667,23,56041,Self-employed,351,11,Bangalore,2
7668,39,138616,Student,424,16,Jaipur,2
7669,18,68326,Salaried,561,8,Delhi,0
7670,21,68096,Student,847,4,Kolkata,0
7671,63,58167,Unemployed,820,17,Bangalore,0
7672,66,76292,Self-employed,629,8,Mumbai,0
7673,69,90419,Student,622,12,Delhi,1
7674,67,102753,Salaried,540,2,Hyderabad,4
7675,60,26093,Salaried,584,3,Lucknow,4
7676,46,119089,Retired,563,17,Mumbai,2
7677,38,87043,Self-employed,598,19,Delhi,1
7678,43,139534,Self-employed,504,14,Lucknow,0
7679,31,117865,Salaried,590,19,Kolkata,1
7680,26,139678,Salaried,510,5,Mumbai,0
7681,64,62287,Salaried,665,8,Lucknow,5
7682,29,48427,Salaried,763,10,Chennai,4
7683,59,144849,Salaried,621,12,Kolkata,0
7684,68,124839,Salaried,657,3,Kolkata,5
7685,68,107662,Self-employed,393,14,Kolkata,4
7686,23,32970,Self-employed,468,16,Lucknow,0
7687,37,85218,Salaried,596,11,Jaipur,5
7688,41,89362,Self-employed,815,5,Jaipur,2
7689,44,125949,Unemployed,397,6,Kolkata,4
7690,55,141895,Salaried,649,16,Hyderabad,5
7691,25,42315,Unemployed,700,10,Ahmedabad,2
7692,18,98804,Unemployed,750,11,Pune,1
7693,66,56581,Salaried,774,12,Hyderabad,0
7694,66,112357,Salaried,718,0,Chennai,1
7695,41,134761,Salaried,303,17,Bangalore,0
7696,64,128984,Self-employed,623,18,Chennai,4
7697,24,107449,Salaried,668,10,Bangalore,0
7698,36,145522,Salaried,694,17,Ahmedabad,5
7699,39,58030,Self-employed,418,9,Hyderabad,3
7700,52,77245,Salaried,489,5,Hyderabad,3
7701,47,50133,Retired,715,1,Mumbai,3
7702,46,58998,Salaried,405,4,Kolkata,2
7703,39,130603,Unemployed,464,9,Ahmedabad,3
7704,28,63245,Salaried,645,14,Delhi,0
7705,37,38557,Salaried,397,13,Bangalore,1
7706,46,85474,Salaried,785,5,Jaipur,2
7707,68,106228,Retired,630,13,Chennai,4
7708,58,80074,Salaried,669,13,Lucknow,2
7709,59,73204,Self-employed,741,11,Kolkata,5
7710,51,21846,Unemployed,419,3,Pune,5
7711,18,38694,Self-employed,598,11,Kolkata,1
7712,48,36740,Salaried,442,16,Delhi,3
7713,47,45996,Retired,392,18,Pune,1
7714,65,78874,Unemployed,596,15,Hyderabad,2
7715,35,112661,Salaried,746,17,Jaipur,2
7716,34,121945,Self-employed,779,5,Delhi,2
7717,55,37970,Retired,557,8,Delhi,1
7718,31,103890,Retired,821,18,Ahmedabad,0
7719,40,72300,Salaried,674,11,Lucknow,0
7720,42,76915,Student,726,10,Mumbai,5
7721,32,90147,Salaried,400,15,Ahmedabad,3
7722,63,91064,Salaried,543,1,Kolkata,5
7723,39,81535,Salaried,322,17,Mumbai,4
7724,20,18760,Salaried,653,5,Lucknow,1
7725,36,117715,Self-employed,765,4,Mumbai,0
7726,61,140491,Self-employed,524,8,Hyderabad,3
7727,51,145992,Salaried,743,12,Lucknow,4
7728,52,77399,Salaried,568,6,Delhi,3
7729,67,77278,Salaried,832,0,Delhi,3
7730,18,128286,Retired,613,9,Mumbai,5
7731,69,108515,Unemployed,419,17,Mumbai,5
7732,38,67142,Salaried,780,11,Chennai,4
7733,46,142157,Unemployed,419,2,Kolkata,2
7734,23,107930,Salaried,435,4,Chennai,0
7735,54,112812,Self-employed,376,13,Hyderabad,0
7736,18,85063,Retired,653,14,Ahmedabad,4
7737,68,145990,Salaried,357,11,Delhi,0
7738,18,27247,Self-employed,385,3,Mumbai,1
7739,44,32603,Salaried,300,15,Delhi,1
7740,38,117099,Salaried,376,10,Lucknow,1
7741,33,15527,Self-employed,821,3,Hyderabad,4
7742,61,20849,Retired,743,5,Chennai,5
7743,57,65314,Salaried,447,15,Pune,3
7744,43,32230,Unemployed,824,1,Delhi,3
7745,33,107229,Unemployed,485,12,Mumbai,2
7746,45,87495,Salaried,821,7,Kolkata,2
7747,18,116390,Salaried,461,11,Jaipur,1
7748,53,106937,Self-employed,589,5,Hyderabad,1
7749,27,128723,Self-employed,720,2,Hyderabad,4
7750,60,18323,Salaried,495,14,Mumbai,1
7751,34,146517,Retired,333,7,Mumbai,1
7752,40,97945,Student,707,1,Chennai,1
7753,24,135801,Salaried,596,15,Delhi,0
7754,61,96947,Self-employed,836,12,Bangalore,3
7755,24,149308,Salaried,335,0,Hyderabad,0
7756,61,76897,Salaried,563,10,Lucknow,5
7757,32,133636,Unemployed,681,0,Mumbai,1
7758,51,28487,Unemployed,413,7,Lucknow,1
7759,63,92384,Salaried,742,1,Delhi,0
7760,62,28155,Self-employed,462,12,Chennai,0
7761,21,26255,Self-employed,337,1,Hyderabad,4
7762,31,135860,Salaried,391,3,Bangalore,4
7763,31,148051,Salaried,400,1,Jaipur,1
7764,33,140596,Self-employed,806,12,Lucknow,0
7765,24,89543,Self-employed,478,3,Chennai,5
7766,49,50094,Salaried,583,14,Pune,4
7767,36,24734,Salaried,654,11,Kolkata,2
7768,19,54605,Salaried,596,11,Hyderabad,0
7769,27,92932,Salaried,834,4,Jaipur,3
7770,67,139109,Self-employed,787,9,Jaipur,2
7771,34,42881,Salaried,578,1,Hyderabad,2
7772,54,55122,Salaried,843,7,Delhi,5
7773,29,50297,Unemployed,654,4,Jaipur,0
7774,23,126513,Salaried,618,7,Delhi,5
7775,39,51680,Salaried,494,12,Delhi,1
7776,49,98452,Retired,392,12,Delhi,3
7777,58,66044,Self-employed,732,14,Pune,4
7778,37,105502,Self-employed,326,14,Chennai,5
7779,18,37152,Salaried,714,10,Ahmedabad,4
7780,64,99738,Salaried,461,9,Ahmedabad,1
7781,23,147267,Self-employed,400,5,Mumbai,3
7782,36,119533,Self-employed,772,4,Mumbai,5
7783,35,40433,Salaried,457,4,Chennai,3
7784,23,63648,Salaried,791,7,Delhi,2
7785,62,57113,Unemployed,308,0,Bangalore,2
7786,50,118504,Salaried,511,1,Lucknow,3
7787,40,145431,Salaried,738,16,Delhi,5
7788,40,48062,Salaried,410,6,Lucknow,5
7789,43,86633,Student,502,8,Jaipur,5
7790,30,56604,Student,364,3,Hyderabad,0
7791,24,47121,Student,460,6,Pune,5
7792,32,140015,Salaried,713,9,Hyderabad,0
7793,61,101940,Salaried,565,15,Mumbai,0
7794,44,31494,Salaried,504,9,Kolkata,3
7795,43,61235,Self-employed,455,6,Bangalore,4
7796,50,147720,Self-employed,472,1,Lucknow,0
7797,32,96213,Retired,607,1,Ahmedabad,4
7798,53,31489,Salaried,749,7,Pune,0
7799,62,92281,Self-employed,361,13,Jaipur,3
7800,44,123190,Self-employed,672,17,Mumbai,0
7801,22,139613,Salaried,759,0,Delhi,5
7802,19,119222,Salaried,774,16,Delhi,4
7803,50,16316,Self-employed,680,16,Mumbai,1
7804,33,75046,Retired,385,4,Ahmedabad,5
7805,40,93643,Salaried,442,15,Chennai,4
7806,55,112504,Retired,306,6,Pune,1
7807,33,130594,Self-employed,594,14,Lucknow,5
7808,31,79042,Salaried,818,18,Mumbai,4
7809,46,143295,Salaried,825,1,Ahmedabad,5
7810,43,129430,Salaried,333,15,Ahmedabad,5
7811,52,140782,Salaried,628,8,Lucknow,0
7812,32,65094,Salaried,333,19,Bangalore,0
7813,20,62719,Salaried,705,17,Jaipur,4
7814,40,136103,Retired,317,9,Kolkata,0
7815,46,143826,Self-employed,729,19,Kolkata,0
7816,51,65478,Student,727,3,Kolkata,3
7817,50,58677,Salaried,592,1,Mumbai,2
7818,58,26584,Salaried,379,13,Lucknow,2
7819,58,17106,Salaried,385,0,Delhi,5
7820,40,40223,Unemployed,347,7,Mumbai,4
7821,24,50706,Salaried,383,10,Delhi,2
7822,20,75369,Salaried,607,0,Jaipur,1
7823,49,25015,Self-employed,551,4,Jaipur,4
7824,48,97164,Self-employed,780,12,Kolkata,4
7825,35,66500,Student,479,16,Chennai,1
7826,60,78925,Salaried,609,9,Delhi,2
7827,24,105979,Salaried,725,6,Hyderabad,1
7828,58,111355,Student,785,12,Jaipur,0
7829,18,69909,Self-employed,338,3,Ahmedabad,4
7830,31,26565,Salaried,578,12,Lucknow,3
7831,69,42597,Salaried,675,0,Chennai,1
7832,49,80623,Student,340,10,Hyderabad,4
7833,23,89300,Retired,346,8,Jaipur,5
7834,56,106837,Self-employed,783,12,Lucknow,5
7835,27,64314,Unemployed,484,10,Lucknow,4
7836,24,56965,Self-employed,371,7,Chennai,1
7837,43,112449,Salaried,641,6,Jaipur,3
7838,51,82957,Salaried,542,19,Ahmedabad,4
7839,47,43317,Self-employed,627,14,Bangalore,0
7840,53,134191,Salaried,452,14,Jaipur,0
7841,38,81753,Student,554,11,Kolkata,0
7842,34,50242,Self-employed,723,16,Mumbai,3
7843,50,147001,Retired,531,5,Ahmedabad,2
7844,27,121262,Self-employed,828,12,Kolkata,0
7845,68,114806,Salaried,795,15,Kolkata,1
7846,64,113724,Salaried,475,0,Delhi,2
7847,59,28580,Salaried,442,12,Jaipur,1
7848,68,119134,Unemployed,316,6,Hyderabad,3
7849,29,110967,Salaried,548,12,Lucknow,0
7850,33,35742,Retired,334,6,Bangalore,4
7851,58,32833,Retired,445,7,Pune,0
7852,49,111421,Self-employed,464,17,Delhi,3
7853,32,86347,Salaried,410,16,Pune,0
7854,44,89155,Salaried,373,15,Delhi,0
7855,45,104791,Salaried,653,16,Kolkata,0
7856,34,129527,Salaried,573,7,Lucknow,3
7857,63,56057,Salaried,578,6,Lucknow,0
7858,67,59261,Salaried,330,17,Jaipur,5
7859,19,146114,Self-employed,825,3,Jaipur,4
7860,53,37769,Salaried,834,1,Hyderabad,4
7861,67,37449,Salaried,809,15,Bangalore,2
7862,24,51345,Self-employed,813,17,Chennai,2
7863,30,132926,Retired,477,7,Chennai,2
7864,32,139576,Self-employed,628,13,Jaipur,2
7865,42,84428,Salaried,471,17,Chennai,4
7866,40,19321,Student,695,18,Chennai,2
7867,39,20776,Self-employed,334,3,Kolkata,1
7868,43,31119,Unemployed,596,13,Hyderabad,5
7869,50,145078,Salaried,768,1,Ahmedabad,3
7870,28,67967,Unemployed,794,16,Mumbai,5
7871,27,90723,Salaried,534,5,Kolkata,3
7872,42,127620,Unemployed,338,7,Jaipur,4
7873,54,95880,Salaried,518,15,Lucknow,3
7874,65,23195,Unemployed,516,0,Chennai,3
7875,60,117658,Retired,719,17,Ahmedabad,0
7876,55,72995,Salaried,473,2,Jaipur,2
7877,58,145112,Retired,412,17,Mumbai,2
7878,62,53250,Salaried,473,9,Ahmedabad,0
7879,41,30376,Salaried,373,1,Ahmedabad,4
7880,57,79723,Salaried,835,18,Kolkata,1
7881,63,58442,Retired,331,10,Lucknow,4
7882,50,20392,Salaried,553,18,Delhi,1
7883,34,39809,Self-employed,796,2,Pune,1
7884,41,130095,Self-employed,412,9,Kolkata,0
7885,54,146765,Retired,494,15,Kolkata,4
7886,19,114473,Student,827,2,Hyderabad,2
7887,49,109769,Salaried,740,18,Lucknow,5
7888,41,89710,Salaried,788,19,Ahmedabad,4
7889,26,26352,Salaried,796,6,Mumbai,4
7890,21,68076,Self-employed,323,16,Bangalore,5
7891,34,38354,Salaried,589,7,Pune,1
7892,34,149384,Salaried,607,2,Jaipur,1
7893,67,60833,Unemployed,603,6,Lucknow,2
7894,65,19318,Salaried,337,9,Delhi,5
7895,47,127363,Self-employed,685,18,Chennai,5
7896,57,114992,Salaried,381,14,Chennai,2
7897,28,81003,Salaried,417,14,Pune,5
7898,38,122841,Salaried,349,4,Kolkata,1
7899,38,115726,Salaried,373,2,Kolkata,4
7900,35,104199,Unemployed,405,2,Pune,1
7901,46,134195,Salaried,625,3,Delhi,3
7902,41,122507,Salaried,655,14,Ahmedabad,3
7903,27,123173,Student,767,15,Hyderabad,1
7904,62,43273,Student,583,4,Kolkata,2
7905,34,44473,Student,484,7,Mumbai,1
7906,35,76410,Retired,453,9,Delhi,4
7907,59,143536,Student,417,1,Hyderabad,3
7908,65,107981,Salaried,566,13,Hyderabad,0
7909,37,60310,Student,684,4,Jaipur,2
7910,54,98406,Self-employed,554,6,Hyderabad,0
7911,62,127765,Salaried,540,10,Mumbai,2
7912,35,40992,Salaried,470,2,Pune,0
7913,34,44433,Salaried,847,11,Bangalore,0
7914,26,40933,Salaried,484,13,Ahmedabad,5
7915,31,84285,Salaried,709,0,Hyderabad,1
7916,66,125121,Salaried,445,15,Bangalore,2
7917,46,137747,Unemployed,337,14,Bangalore,5
7918,48,126682,Unemployed,789,0,Ahmedabad,3
7919,21,38439,Self-employed,561,12,Hyderabad,0
7920,35,110826,Student,425,14,Delhi,1
7921,37,107776,Salaried,644,16,Bangalore,4
7922,64,134070,Unemployed,560,8,Hyderabad,2
7923,60,107345,Self-employed,742,4,Pune,2
7924,61,127923,Salaried,407,11,Chennai,3
7925,26,98459,Salaried,736,16,Ahmedabad,0
7926,30,134598,Salaried,813,10,Bangalore,1
7927,32,102971,Salaried,389,10,Hyderabad,0
7928,44,138299,Salaried,514,7,Pune,1
7929,32,40236,Salaried,618,14,Ahmedabad,3
7930,45,129679,Salaried,356,1,Chennai,0
7931,54,95570,Salaried,701,9,Kolkata,4
7932,36,111621,Retired,521,13,Hyderabad,3
7933,43,24442,Salaried,774,4,Mumbai,3
7934,69,71437,Salaried,407,16,Jaipur,2
7935,43,93179,Self-employed,479,17,Bangalore,1
7936,42,140608,Unemployed,476,18,Delhi,5
7937,43,79557,Salaried,786,6,Pune,0
7938,43,87752,Unemployed,713,17,Chennai,1
7939,63,63534,Salaried,336,11,Chennai,3
7940,45,119303,Salaried,567,14,Lucknow,0
7941,66,138295,Salaried,687,13,Jaipur,4
7942,35,130287,Self-employed,653,9,Pune,1
7943,49,22288,Salaried,569,16,Jaipur,1
7944,20,124570,Self-employed,568,0,Mumbai,4
7945,19,110547,Salaried,741,3,Bangalore,5
7946,50,96122,Self-employed,604,8,Lucknow,5
7947,59,47400,Salaried,545,3,Lucknow,3
7948,36,137609,Salaried,477,18,Hyderabad,5
7949,34,147639,Self-employed,366,4,Mumbai,1
7950,61,62878,Self-employed,576,17,Kolkata,2
7951,50,63850,Salaried,507,14,Chennai,2
7952,29,147166,Student,606,19,Chennai,0
7953,66,94044,Self-employed,849,7,Pune,4
7954,20,60113,Salaried,837,1,Kolkata,3
7955,60,73791,Retired,817,12,Pune,2
7956,66,24684,Self-employed,573,12,Mumbai,0
7957,43,107783,Salaried,532,13,Jaipur,0
7958,52,86727,Salaried,413,14,Ahmedabad,5
7959,25,98378,Self-employed,433,11,Pune,1
7960,69,73552,Salaried,724,4,Lucknow,3
7961,53,19934,Salaried,324,2,Delhi,5
7962,24,16354,Salaried,579,17,Hyderabad,5
7963,63,119777,Self-employed,642,2,Chennai,2
7964,63,110352,Salaried,371,13,Bangalore,4
7965,53,68046,Student,500,1,Ahmedabad,5
7966,33,126098,Salaried,625,17,Chennai,1
7967,41,80064,Salaried,332,12,Bangalore,2
7968,18,72184,Student,396,1,Kolkata,0
7969,66,149035,Self-employed,562,11,Jaipur,5
7970,42,42424,Salaried,369,1,Lucknow,4
7971,27,149114,Salaried,592,7,Bangalore,0
7972,33,22139,Salaried,506,4,Jaipur,5
7973,33,26226,Self-employed,471,10,Chennai,1
7974,25,120234,Salaried,694,12,Lucknow,4
7975,46,98652,Self-employed,555,16,Chennai,4
7976,56,85647,Self-employed,563,15,Delhi,1
7977,45,83617,Salaried,563,18,Ahmedabad,0
7978,23,18531,Salaried,816,14,Chennai,5
7979,33,109311,Salaried,309,17,Bangalore,4
7980,37,97124,Salaried,570,5,Bangalore,3
7981,33,59069,Self-employed,611,3,Mumbai,3
7982,24,136907,Self-employed,669,3,Ahmedabad,5
7983,58,103074,Student,690,12,Kolkata,0
7984,31,123345,Salaried,414,8,Kolkata,4
7985,60,69203,Unemployed,643,9,Chennai,0
7986,43,30915,Salaried,709,13,Kolkata,3
7987,43,56477,Salaried,845,7,Kolkata,4
7988,31,131740,Self-employed,677,2,Jaipur,4
7989,24,137217,Student,755,8,Hyderabad,5
7990,50,104067,Salaried,722,0,Jaipur,5
7991,43,68520,Self-employed,743,14,Ahmedabad,5
7992,62,85053,Unemployed,496,14,Bangalore,5
7993,37,66464,Student,662,6,Delhi,0
7994,20,40357,Salaried,709,14,Hyderabad,4
7995,69,147316,Student,693,6,Delhi,0
7996,21,82952,Student,808,12,Bangalore,2
7997,43,63061,Self-employed,593,11,Bangalore,2
7998,28,21490,Student,324,17,Mumbai,3
7999,19,92219,Retired,536,6,Kolkata,3
8000,31,141305,Salaried,760,6,Ahmedabad,1
8001,61,20839,Salaried,620,14,Jaipur,2
8002,47,39992,Salaried,399,8,Pune,2
8003,66,128154,Salaried,707,5,Kolkata,5
8004,29,71249,Salaried,454,8,Ahmedabad,5
8005,43,118313,Self-employed,733,18,Jaipur,1
8006,61,65734,Salaried,733,19,Jaipur,0
8007,50,140626,Self-employed,442,15,Jaipur,2
8008,30,39260,Student,828,15,Delhi,5
8009,31,76852,Salaried,584,0,Bangalore,2
8010,41,43380,Unemployed,304,12,Delhi,3
8011,51,86257,Salaried,822,18,Kolkata,1
8012,61,19930,Student,735,3,Bangalore,1
8013,43,69017,Student,717,18,Jaipur,3
8014,38,95630,Salaried,380,9,Delhi,2
8015,45,46280,Salaried,844,12,Kolkata,4
8016,65,139130,Salaried,676,0,Kolkata,1
8017,53,21544,Student,458,12,Kolkata,2
8018,57,29388,Student,516,9,Mumbai,0
8019,19,16694,Salaried,344,14,Lucknow,1
8020,59,142727,Self-employed,514,14,Pune,3
8021,26,103202,Salaried,810,6,Delhi,1
8022,40,128057,Salaried,427,13,Delhi,3
8023,32,64294,Retired,553,7,Jaipur,0
8024,30,53769,Salaried,849,18,Mumbai,2
8025,40,128289,Unemployed,651,17,Jaipur,3
8026,34,117885,Student,840,14,Hyderabad,3
8027,65,52855,Retired,463,8,Kolkata,5
8028,19,147532,Salaried,834,11,Kolkata,0
8029,37,62646,Salaried,430,13,Kolkata,4
8030,37,128947,Salaried,803,1,Hyderabad,1
8031,63,25910,Self-employed,723,4,Pune,5
8032,20,97757,Self-employed,483,4,Jaipur,4
8033,29,23463,Salaried,822,13,Delhi,1
8034,57,41534,Student,534,3,Chennai,0
8035,19,148441,Salaried,430,1,Kolkata,0
8036,53,127296,Salaried,313,0,Hyderabad,4
8037,31,100094,Salaried,679,1,Pune,0
8038,33,102905,Salaried,359,12,Bangalore,2
8039,36,40407,Salaried,591,19,Bangalore,4
8040,51,77552,Salaried,459,16,Jaipur,3
8041,61,107303,Unemployed,746,12,Jaipur,3
8042,63,86908,Student,837,16,Delhi,0
8043,23,139506,Salaried,685,4,Chennai,0
8044,30,37369,Self-employed,369,7,Chennai,1
8045,53,20900,Self-employed,681,11,Kolkata,4
8046,39,55733,Salaried,524,8,Delhi,5
8047,35,102236,Self-employed,807,17,Chennai,4
8048,29,146661,Self-employed,339,15,Bangalore,2
8049,69,75044,Self-employed,445,18,Hyderabad,3
8050,47,100553,Self-employed,665,7,Chennai,3
8051,68,103435,Self-employed,547,6,Mumbai,2
8052,57,64008,Salaried,311,8,Bangalore,1
8053,24,81794,Unemployed,835,11,Ahmedabad,2
8054,49,94134,Salaried,809,13,Bangalore,1
8055,65,148938,Unemployed,544,9,Pune,1
8056,36,67890,Salaried,470,15,Delhi,5
8057,23,130259,Salaried,331,1,Kolkata,1
8058,37,44404,Self-employed,728,5,Pune,0
8059,44,80223,Salaried,334,10,Mumbai,0
8060,60,15637,Student,504,3,Mumbai,1
8061,54,118186,Salaried,683,4,Ahmedabad,2
8062,65,30828,Self-employed,565,4,Delhi,2
8063,24,116976,Salaried,742,16,Chennai,2
8064,22,60097,Salaried,784,4,Bangalore,0
8065,28,128271,Salaried,769,10,Kolkata,5
8066,32,47022,Self-employed,565,8,Delhi,1
8067,20,47202,Self-employed,408,14,Hyderabad,3
8068,22,43704,Self-employed,788,2,Ahmedabad,2
8069,40,106411,Retired,477,15,Kolkata,5
8070,54,144688,Self-employed,548,8,Pune,0
8071,26,38641,Unemployed,304,5,Kolkata,4
8072,32,52479,Salaried,456,8,Hyderabad,1
8073,20,37027,Salaried,529,18,Jaipur,2
8074,46,57912,Salaried,560,5,Lucknow,0
8075,23,123227,Salaried,620,10,Mumbai,4
8076,34,143773,Self-employed,426,1,Lucknow,1
8077,43,124658,Self-employed,327,17,Jaipur,3
8078,38,57692,Self-employed,809,6,Bangalore,1
8079,25,113884,Self-employed,527,3,Lucknow,1
8080,38,47209,Retired,840,6,Bangalore,2
8081,28,71738,Unemployed,478,16,Chennai,5
8082,55,52242,Salaried,587,3,Ahmedabad,1
8083,25,122966,Salaried,793,12,Mumbai,4
8084,59,81457,Salaried,564,19,Chennai,4
8085,41,144257,Salaried,766,18,Pune,1
8086,52,83309,Self-employed,694,3,Bangalore,1
8087,31,101496,Self-employed,731,12,Pune,5
8088,31,125078,Salaried,734,0,Kolkata,4
8089,27,16865,Self-employed,687,1,Lucknow,4
8090,29,111242,Self-employed,836,6,Jaipur,2
8091,55,43887,Salaried,444,16,Ahmedabad,3
8092,61,111047,Salaried,474,6,Bangalore,4
8093,63,143863,Unemployed,819,12,Chennai,3
8094,51,55478,Self-employed,613,16,Pune,3
8095,58,126750,Salaried,428,0,Delhi,4
8096,27,28394,Salaried,813,1,Lucknow,5
8097,34,19487,Salaried,309,5,Hyderabad,5
8098,34,123924,Salaried,646,11,Jaipur,2
8099,20,72268,Student,416,12,Jaipur,1
8100,48,44605,Salaried,710,19,Hyderabad,5
8101,68,86602,Salaried,696,19,Hyderabad,0
8102,18,93206,Salaried,310,8,Hyderabad,1
8103,29,108375,Student,697,16,Lucknow,0
8104,56,108937,Salaried,392,17,Hyderabad,4
8105,21,71921,Salaried,401,7,Bangalore,1
8106,59,75760,Self-employed,397,7,Chennai,1
8107,30,82847,Salaried,581,10,Hyderabad,0
8108,51,112547,Salaried,720,7,Lucknow,2
8109,59,58839,Salaried,663,17,Mumbai,5
8110,38,54673,Student,510,17,Mumbai,4
8111,39,18642,Retired,807,12,Pune,4
8112,21,66761,Salaried,375,0,Mumbai,5
8113,35,24622,Salaried,622,14,Kolkata,4
8114,22,63423,Salaried,751,5,Lucknow,1
8115,36,57873,Student,317,5,Ahmedabad,3
8116,19,62565,Self-employed,590,12,Hyderabad,0
8117,29,15757,Student,497,1,Bangalore,5
8118,34,21220,Self-employed,461,18,Delhi,1
8119,27,123408,Unemployed,716,16,Delhi,2
8120,51,106851,Unemployed,683,0,Chennai,2
8121,23,108329,Student,499,13,Jaipur,1
8122,25,142636,Salaried,797,15,Jaipur,0
8123,68,43288,Salaried,342,14,Mumbai,5
8124,28,89492,Self-employed,381,8,Kolkata,4
8125,29,34109,Self-employed,838,18,Jaipur,4
8126,26,149569,Self-employed,603,7,Chennai,3
8127,19,72326,Salaried,498,14,Pune,5
8128,25,24864,Self-employed,705,9,Hyderabad,1
8129,28,102562,Salaried,726,1,Chennai,3
8130,53,89310,Self-employed,760,17,Lucknow,2
8131,27,134454,Salaried,779,19,Pune,4
8132,38,36017,Salaried,423,1,Pune,5
8133,37,147893,Salaried,827,11,Delhi,4
8134,65,65337,Unemployed,825,9,Pune,3
8135,25,98557,Salaried,338,11,Jaipur,1
8136,53,25372,Salaried,498,6,Hyderabad,3
8137,46,115050,Salaried,407,1,Hyderabad,5
8138,59,108938,Self-employed,567,0,Hyderabad,2
8139,29,86333,Salaried,652,1,Delhi,5
8140,31,31283,Retired,610,16,Hyderabad,1
8141,65,55857,Self-employed,689,19,Hyderabad,5
8142,67,66772,Salaried,339,7,Jaipur,2
8143,38,110856,Self-employed,451,11,Delhi,1
8144,39,21107,Salaried,486,1,Jaipur,3
8145,38,50561,Student,729,8,Kolkata,0
8146,61,28138,Salaried,756,16,Jaipur,3
8147,67,139143,Retired,526,16,Lucknow,1
8148,47,33632,Self-employed,727,9,Lucknow,5
8149,56,62547,Student,503,12,Delhi,2
8150,37,27100,Salaried,417,4,Kolkata,3
8151,41,62930,Salaried,693,13,Delhi,1
8152,40,68025,Self-employed,521,13,Kolkata,2
8153,24,93944,Self-employed,362,14,Pune,2
8154,26,106641,Salaried,695,4,Pune,2
8155,18,111920,Salaried,304,5,Pune,5
8156,43,147533,Salaried,633,8,Kolkata,1
8157,55,57362,Self-employed,591,8,Pune,2
8158,55,43610,Salaried,807,3,Hyderabad,2
8159,61,119334,Salaried,444,0,Pune,3
8160,39,22717,Salaried,458,14,Kolkata,2
8161,61,79022,Salaried,310,13,Delhi,5
8162,27,66645,Salaried,368,0,Jaipur,0
8163,23,44550,Retired,843,5,Delhi,1
8164,34,149648,Salaried,501,7,Bangalore,2
8165,68,55868,Unemployed,565,2,Jaipur,2
8166,67,113039,Salaried,407,16,Delhi,4
8167,55,47800,Salaried,353,19,Ahmedabad,3
8168,41,25886,Salaried,637,4,Bangalore,2
8169,68,60805,Self-employed,489,17,Hyderabad,3
8170,27,47532,Self-employed,538,6,Jaipur,3
8171,25,127765,Salaried,642,16,Lucknow,0
8172,38,43688,Salaried,590,14,Lucknow,1
8173,23,38089,Unemployed,622,19,Bangalore,0
8174,38,48585,Retired,620,15,Jaipur,1
8175,56,17438,Salaried,341,12,Pune,4
8176,41,108095,Self-employed,497,6,Kolkata,0
8177,50,29026,Salaried,583,14,Ahmedabad,3
8178,35,135168,Salaried,481,4,Hyderabad,2
8179,45,65998,Salaried,310,11,Pune,4
8180,69,72013,Salaried,741,9,Bangalore,1
8181,49,66039,Student,723,18,Lucknow,0
8182,29,121446,Salaried,799,9,Hyderabad,4
8183,65,113452,Self-employed,687,6,Bangalore,5
8184,59,82182,Unemployed,753,14,Pune,0
8185,44,67147,Salaried,301,8,Lucknow,3
8186,27,90400,Salaried,541,5,Hyderabad,5
8187,63,61434,Student,359,10,Lucknow,0
8188,69,41515,Salaried,667,5,Ahmedabad,1
8189,59,73001,Salaried,339,19,Ahmedabad,5
8190,49,124591,Salaried,614,14,Hyderabad,5
8191,59,60778,Salaried,597,12,Delhi,1
8192,43,110849,Unemployed,749,5,Lucknow,2
8193,42,118083,Self-employed,694,19,Lucknow,2
8194,28,116276,Salaried,387,14,Hyderabad,1
8195,40,71908,Self-employed,832,5,Mumbai,1
8196,51,109048,Retired,687,15,Hyderabad,1
8197,69,49256,Salaried,680,0,Hyderabad,4
8198,57,142025,Salaried,730,5,Hyderabad,5
8199,40,142343,Retired,834,15,Jaipur,0
8200,46,24127,Retired,515,0,Chennai,4
8201,48,133251,Salaried,576,6,Pune,3
8202,24,96163,Salaried,493,9,Bangalore,2
8203,57,133279,Salaried,478,7,Ahmedabad,0
8204,50,116824,Salaried,442,4,Delhi,2
8205,38,53664,Self-employed,837,17,Delhi,3
8206,19,71795,Salaried,517,3,Kolkata,1
8207,35,136729,Salaried,810,19,Mumbai,2
8208,64,51079,Salaried,358,15,Mumbai,1
8209,50,99225,Retired,645,9,Bangalore,2
8210,54,39259,Salaried,718,15,Hyderabad,3
8211,51,41571,Salaried,523,7,Lucknow,2
8212,37,66119,Retired,649,18,Hyderabad,3
8213,52,23009,Self-employed,376,0,Ahmedabad,0
8214,68,125210,Salaried,507,8,Pune,4
8215,67,76829,Salaried,458,5,Mumbai,3
8216,35,53230,Salaried,823,12,Mumbai,2
8217,63,126364,Self-employed,524,12,Chennai,0
8218,41,71049,Salaried,657,17,Mumbai,3
8219,25,116762,Salaried,683,13,Mumbai,2
8220,47,138273,Salaried,843,1,Lucknow,5
8221,61,134466,Salaried,803,15,Mumbai,3
8222,27,134053,Self-employed,749,16,Bangalore,3
8223,40,110018,Salaried,541,15,Lucknow,1
8224,69,47795,Salaried,668,13,Delhi,2
8225,66,128812,Unemployed,770,12,Lucknow,4
8226,28,100411,Self-employed,587,15,Ahmedabad,3
8227,19,54191,Salaried,698,0,Pune,0
8228,43,27453,Self-employed,403,16,Lucknow,2
8229,53,135848,Salaried,610,0,Ahmedabad,4
8230,50,129165,Self-employed,426,9,Chennai,2
8231,64,64993,Self-employed,339,4,Jaipur,5
8232,30,125780,Self-employed,371,6,Kolkata,4
8233,57,60706,Self-employed,546,3,Pune,4
8234,42,106434,Salaried,546,0,Chennai,3
8235,21,65799,Self-employed,611,0,Mumbai,1
8236,59,134586,Salaried,333,9,Ahmedabad,2
8237,36,75964,Salaried,428,2,Jaipur,0
8238,35,112379,Unemployed,309,4,Jaipur,5
8239,54,124987,Self-employed,467,12,Lucknow,0
8240,47,76926,Retired,515,8,Ahmedabad,1
8241,36,18801,Salaried,707,7,Mumbai,0
8242,40,55144,Salaried,825,10,Bangalore,2
8243,33,109478,Salaried,317,13,Kolkata,0
8244,18,127364,Self-employed,639,7,Pune,5
8245,29,97819,Salaried,389,9,Ahmedabad,2
8246,41,33637,Salaried,584,2,Mumbai,4
8247,51,59621,Salaried,833,3,Kolkata,3
8248,25,62431,Self-employed,566,11,Bangalore,1
8249,35,114937,Salaried,732,8,Pune,1
8250,65,71172,Student,351,10,Hyderabad,0
8251,22,40437,Salaried,366,10,Mumbai,2
8252,43,38119,Salaried,549,15,Delhi,5
8253,47,83835,Salaried,630,12,Kolkata,3
8254,30,75805,Retired,714,13,Kolkata,5
8255,36,33201,Salaried,422,6,Mumbai,0
8256,46,43634,Salaried,501,11,Chennai,5
8257,20,101821,Student,305,18,Jaipur,3
8258,43,60775,Salaried,785,7,Jaipur,2
8259,57,141546,Self-employed,498,3,Kolkata,5
8260,29,129090,Salaried,312,16,Pune,0
8261,19,89676,Salaried,305,1,Delhi,0
8262,28,21798,Salaried,710,12,Mumbai,5
8263,61,92160,Salaried,420,6,Delhi,3
8264,45,92751,Student,661,17,Chennai,0
8265,35,55888,Student,837,9,Hyderabad,5
8266,30,64047,Self-employed,303,3,Bangalore,3
8267,54,124640,Unemployed,583,7,Delhi,5
8268,39,117614,Salaried,658,12,Pune,5
8269,29,60955,Salaried,581,13,Ahmedabad,2
8270,19,148054,Self-employed,648,16,Jaipur,3
8271,54,136298,Self-employed,329,11,Lucknow,2
8272,24,100490,Salaried,816,3,Ahmedabad,2
8273,43,54265,Self-employed,673,8,Delhi,4
8274,43,61313,Salaried,423,14,Bangalore,3
8275,41,59350,Self-employed,745,14,Mumbai,1
8276,29,124168,Student,693,17,Mumbai,4
8277,33,42924,Self-employed,355,5,Hyderabad,4
8278,40,97593,Salaried,431,1,Bangalore,3
8279,57,132490,Self-employed,421,8,Chennai,4
8280,26,22312,Self-employed,501,4,Lucknow,4
8281,49,45353,Salaried,564,11,Ahmedabad,0
8282,32,128744,Salaried,339,4,Kolkata,2
8283,54,31192,Retired,412,11,Hyderabad,1
8284,30,111548,Salaried,638,14,Jaipur,3
8285,22,113991,Salaried,361,1,Delhi,0
8286,28,93711,Salaried,526,10,Bangalore,5
8287,27,21774,Self-employed,473,18,Kolkata,5
8288,69,130107,Unemployed,433,16,Delhi,1
8289,30,87427,Self-employed,584,17,Ahmedabad,1
8290,58,102513,Salaried,407,9,Delhi,0
8291,63,79014,Self-employed,442,4,Chennai,5
8292,67,70256,Self-employed,593,16,Bangalore,3
8293,32,113743,Self-employed,576,0,Chennai,2
8294,59,106190,Salaried,791,12,Chennai,0
8295,24,66715,Self-employed,770,1,Hyderabad,4
8296,57,22466,Salaried,575,16,Lucknow,5
8297,45,32637,Salaried,533,14,Lucknow,1
8298,49,145424,Self-employed,541,7,Lucknow,4
8299,52,83745,Retired,557,1,Jaipur,3
8300,32,51317,Salaried,331,7,Bangalore,5
8301,65,149150,Retired,666,4,Mumbai,5
8302,53,18543,Salaried,647,16,Ahmedabad,2
8303,38,137790,Self-employed,431,3,Pune,2
8304,23,66052,Salaried,667,11,Delhi,2
8305,18,37064,Salaried,564,17,Kolkata,5
8306,21,87287,Self-employed,514,5,Lucknow,4
8307,28,95442,Self-employed,514,4,Chennai,3
8308,61,135550,Student,581,18,Jaipur,4
8309,43,29425,Self-employed,829,4,Chennai,5
8310,54,66481,Self-employed,301,9,Kolkata,1
8311,40,92347,Unemployed,812,18,Ahmedabad,2
8312,46,87317,Salaried,763,3,Bangalore,3
8313,38,65530,Salaried,746,12,Hyderabad,4
8314,65,96099,Salaried,662,12,Hyderabad,4
8315,62,40888,Salaried,515,16,Pune,4
8316,62,80836,Self-employed,463,17,Jaipur,4
8317,66,125478,Salaried,837,18,Bangalore,5
8318,44,63990,Salaried,810,16,Kolkata,4
8319,56,101544,Salaried,520,2,Kolkata,1
8320,57,78627,Self-employed,582,12,Kolkata,2
8321,30,143345,Salaried,370,12,Hyderabad,4
8322,40,87843,Salaried,673,2,Mumbai,1
8323,33,44251,Self-employed,558,1,Jaipur,5
8324,47,89418,Student,744,14,Bangalore,3
8325,21,67620,Salaried,500,2,Hyderabad,3
8326,57,25040,Self-employed,679,15,Chennai,5
8327,33,28162,Salaried,714,9,Pune,1
8328,48,80435,Unemployed,364,19,Ahmedabad,1
8329,59,133504,Salaried,677,1,Chennai,1
8330,42,89667,Retired,401,14,Lucknow,3
8331,61,143658,Retired,341,7,Hyderabad,4
8332,29,20037,Student,495,12,Lucknow,2
8333,43,75526,Salaried,659,0,Pune,4
8334,54,102914,Self-employed,398,1,Lucknow,0
8335,65,107162,Salaried,687,8,Pune,1
8336,50,74090,Unemployed,364,19,Jaipur,4
8337,45,148523,Student,596,19,Ahmedabad,2
8338,26,80560,Retired,726,18,Bangalore,4
8339,29,104552,Self-employed,522,11,Chennai,0
8340,22,31444,Self-employed,448,11,Jaipur,0
8341,69,55443,Self-employed,808,9,Pune,4
8342,45,112229,Salaried,741,18,Pune,5
8343,52,127314,Salaried,713,19,Mumbai,5
8344,22,39248,Self-employed,415,9,Delhi,5
8345,51,142521,Unemployed,752,18,Mumbai,2
8346,63,83008,Self-employed,619,8,Chennai,4
8347,51,75309,Unemployed,750,4,Chennai,1
8348,30,58237,Unemployed,378,2,Kolkata,2
8349,56,141967,Self-employed,656,18,Kolkata,3
8350,59,23104,Salaried,418,3,Mumbai,2
8351,62,98230,Self-employed,820,13,Pune,4
8352,65,105266,Salaried,578,5,Hyderabad,4
8353,31,49980,Salaried,344,12,Ahmedabad,3
8354,28,89990,Salaried,524,6,Chennai,0
8355,59,24554,Retired,827,11,Mumbai,4
8356,55,106049,Salaried,540,19,Bangalore,0
8357,21,63167,Self-employed,781,13,Jaipur,0
8358,50,82238,Student,394,12,Lucknow,1
8359,24,32038,Self-employed,664,10,Pune,5
8360,58,42397,Self-employed,484,5,Delhi,0
8361,25,89491,Self-employed,435,6,Bangalore,2
8362,54,44602,Salaried,324,9,Delhi,5
8363,68,69471,Salaried,617,14,Chennai,0
8364,27,112081,Retired,632,8,Delhi,5
8365,60,38116,Salaried,399,2,Chennai,1
8366,32,21674,Self-employed,669,4,Pune,4
8367,55,20446,Self-employed,311,9,Ahmedabad,4
8368,32,139809,Salaried,376,14,Lucknow,3
8369,22,35760,Retired,647,2,Hyderabad,0
8370,46,16963,Student,742,17,Jaipur,2
8371,36,123281,Salaried,387,2,Hyderabad,3
8372,68,20177,Retired,764,6,Bangalore,3
8373,27,26160,Self-employed,793,13,Mumbai,1
8374,29,117876,Salaried,521,15,Jaipur,4
8375,21,22543,Self-employed,814,18,Bangalore,0
8376,48,122211,Salaried,417,3,Mumbai,5
8377,35,54278,Self-employed,435,2,Delhi,5
8378,33,149395,Salaried,486,2,Bangalore,0
8379,57,67105,Self-employed,841,8,Ahmedabad,4
8380,53,91151,Self-employed,610,3,Ahmedabad,5
8381,42,81968,Unemployed,678,18,Delhi,1
8382,40,78830,Self-employed,711,10,Hyderabad,1
8383,29,88967,Salaried,720,14,Delhi,1
8384,51,23611,Unemployed,516,3,Pune,2
8385,53,28872,Self-employed,370,7,Lucknow,0
8386,54,64455,Self-employed,409,1,Bangalore,1
8387,20,49930,Salaried,584,17,Ahmedabad,1
8388,26,87022,Unemployed,597,2,Bangalore,4
8389,35,77714,Unemployed,798,2,Lucknow,3
8390,60,139906,Student,829,18,Hyderabad,3
8391,52,123722,Unemployed,497,11,Mumbai,3
8392,51,81704,Salaried,806,13,Ahmedabad,0
8393,58,15415,Unemployed,788,12,Pune,2
8394,31,91441,Salaried,326,15,Mumbai,0
8395,21,126736,Salaried,417,16,Pune,5
8396,46,85779,Self-employed,353,17,Kolkata,4
8397,58,103444,Self-employed,803,12,Delhi,1
8398,62,119448,Salaried,451,12,Mumbai,0
8399,67,24888,Salaried,778,7,Delhi,3
8400,32,139790,Salaried,461,6,Hyderabad,2
8401,45,73765,Salaried,515,7,Delhi,4
8402,59,30935,Salaried,719,16,Hyderabad,1
8403,33,88002,Salaried,647,0,Ahmedabad,2
8404,29,95631,Salaried,639,2,Ahmedabad,0
8405,69,16320,Retired,651,3,Hyderabad,0
8406,22,61032,Student,674,18,Kolkata,2
8407,51,92763,Salaried,836,1,Chennai,2
8408,59,53002,Retired,602,10,Hyderabad,1
8409,18,53912,Self-employed,541,10,Kolkata,3
8410,56,15552,Salaried,677,18,Lucknow,2
8411,49,35140,Salaried,688,1,Chennai,1
8412,43,100591,Salaried,586,4,Hyderabad,2
8413,34,48367,Salaried,458,18,Jaipur,5
8414,65,39061,Salaried,653,8,Jaipur,2
8415,44,111590,Self-employed,754,6,Ahmedabad,5
8416,41,57124,Self-employed,540,11,Lucknow,3
8417,52,148054,Student,511,18,Mumbai,1
8418,63,131322,Salaried,662,17,Jaipur,0
8419,59,121134,Self-employed,432,17,Kolkata,1
8420,56,50765,Self-employed,808,8,Bangalore,1
8421,43,97606,Retired,576,1,Ahmedabad,1
8422,66,111422,Salaried,564,1,Ahmedabad,3
8423,55,124910,Unemployed,659,14,Jaipur,3
8424,40,69681,Student,435,15,Delhi,4
8425,39,77349,Self-employed,727,13,Lucknow,5
8426,21,115063,Self-employed,328,18,Chennai,0
8427,66,78474,Salaried,629,14,Lucknow,3
8428,26,37592,Retired,333,2,Delhi,5
8429,21,127196,Salaried,803,5,Hyderabad,3
8430,24,38618,Self-employed,403,5,Mumbai,1
8431,40,66632,Salaried,793,19,Lucknow,1
8432,19,24529,Salaried,670,8,Bangalore,5
8433,66,137164,Self-employed,687,10,Delhi,2
8434,41,39154,Unemployed,536,3,Pune,2
8435,57,47882,Salaried,389,13,Ahmedabad,2
8436,48,59917,Retired,632,12,Delhi,5
8437,64,97488,Self-employed,676,14,Jaipur,3
8438,48,30701,Salaried,539,16,Mumbai,2
8439,64,83225,Salaried,481,7,Delhi,0
8440,57,134278,Self-employed,556,10,Bangalore,5
8441,65,17988,Salaried,488,10,Delhi,2
8442,68,50919,Salaried,714,15,Mumbai,4
8443,60,24013,Salaried,554,2,Ahmedabad,4
8444,51,149646,Salaried,344,14,Mumbai,1
8445,41,22838,Self-employed,500,12,Kolkata,3
8446,66,46368,Salaried,658,6,Hyderabad,5
8447,43,47228,Salaried,642,4,Pune,4
8448,33,61097,Salaried,511,11,Bangalore,0
8449,64,144802,Salaried,597,2,Pune,1
8450,30,53333,Salaried,454,11,Ahmedabad,4
8451,32,19435,Self-employed,496,4,Lucknow,2
8452,44,53418,Self-employed,781,18,Bangalore,4
8453,21,72955,Salaried,678,18,Kolkata,4
8454,33,74507,Salaried,666,0,Mumbai,1
8455,47,66033,Salaried,836,19,Jaipur,3
8456,61,87972,Salaried,370,11,Ahmedabad,2
8457,47,117012,Self-employed,327,5,Bangalore,2
8458,53,62219,Salaried,692,17,Chennai,2
8459,20,47326,Salaried,822,15,Mumbai,2
8460,39,127626,Student,648,10,Mumbai,3
8461,66,146197,Salaried,417,9,Hyderabad,2
8462,39,81735,Self-employed,679,2,Hyderabad,3
8463,67,119396,Self-employed,507,17,Jaipur,1
8464,67,31375,Salaried,722,11,Kolkata,0
8465,66,148783,Self-employed,392,13,Bangalore,3
8466,29,24182,Self-employed,440,3,Hyderabad,2
8467,38,108177,Salaried,654,9,Ahmedabad,1
8468,21,110066,Self-employed,822,6,Pune,1
8469,48,139401,Student,368,15,Lucknow,4
8470,61,103148,Retired,423,8,Bangalore,4
8471,48,118806,Self-employed,718,2,Mumbai,0
8472,40,37144,Unemployed,822,1,Chennai,0
8473,37,135270,Salaried,640,5,Hyderabad,4
8474,32,148637,Self-employed,604,9,Chennai,5
8475,40,103909,Salaried,456,3,Kolkata,4
8476,45,145661,Salaried,387,3,Lucknow,1
8477,33,48799,Self-employed,527,9,Pune,3
8478,54,49510,Self-employed,664,9,Kolkata,4
8479,38,102919,Salaried,565,12,Kolkata,2
8480,32,128043,Self-employed,383,5,Delhi,3
8481,34,68242,Salaried,511,6,Mumbai,5
8482,67,61546,Salaried,517,4,Chennai,3
8483,54,84939,Salaried,450,14,Lucknow,2
8484,30,136265,Salaried,439,7,Ahmedabad,2
8485,36,19897,Salaried,354,9,Bangalore,2
8486,47,146235,Self-employed,440,11,Hyderabad,1
8487,62,67540,Salaried,373,16,Lucknow,4
8488,35,45030,Salaried,434,15,Delhi,5
8489,31,70313,Self-employed,325,0,Jaipur,4
8490,53,143070,Self-employed,787,3,Jaipur,1
8491,53,44870,Salaried,734,7,Chennai,3
8492,37,131565,Salaried,361,5,Ahmedabad,1
8493,69,139703,Salaried,499,9,Delhi,4
8494,36,72255,Student,789,17,Lucknow,0
8495,62,107407,Unemployed,792,12,Delhi,1
8496,61,132952,Self-employed,767,4,Hyderabad,0
8497,24,124396,Salaried,415,11,Delhi,0
8498,61,38674,Self-employed,670,17,Mumbai,5
8499,21,55426,Salaried,531,7,Lucknow,2
8500,51,64584,Salaried,747,13,Delhi,2
8501,19,88251,Salaried,513,14,Delhi,2
8502,22,84353,Student,507,4,Kolkata,0
8503,27,110029,Self-employed,401,4,Hyderabad,4
8504,49,97990,Self-employed,309,16,Bangalore,2
8505,59,19600,Self-employed,772,12,Ahmedabad,5
8506,58,123286,Salaried,422,16,Delhi,2
8507,30,48762,Salaried,303,10,Lucknow,3
8508,56,134006,Self-employed,766,0,Bangalore,5
8509,22,32341,Self-employed,558,12,Chennai,0
8510,27,110140,Student,586,17,Kolkata,0
8511,27,99074,Salaried,330,5,Kolkata,2
8512,55,32015,Student,820,12,Hyderabad,3
8513,44,125180,Salaried,423,19,Chennai,3
8514,68,139581,Self-employed,429,10,Lucknow,1
8515,38,64849,Salaried,815,18,Pune,1
8516,25,129719,Unemployed,779,19,Ahmedabad,2
8517,18,30852,Salaried,841,8,Chennai,5
8518,45,70361,Self-employed,376,12,Jaipur,0
8519,66,126794,Self-employed,482,14,Hyderabad,5
8520,56,77355,Salaried,665,10,Ahmedabad,3
8521,31,139773,Salaried,591,15,Jaipur,3
8522,38,42410,Student,688,16,Mumbai,3
8523,47,48924,Salaried,456,4,Kolkata,0
8524,38,127622,Salaried,399,13,Pune,1
8525,66,85831,Retired,409,14,Lucknow,2
8526,26,43038,Self-employed,569,8,Delhi,1
8527,34,131936,Salaried,437,13,Pune,3
8528,22,24136,Self-employed,363,9,Pune,5
8529,48,28213,Self-employed,806,12,Bangalore,5
8530,69,123546,Student,649,16,Jaipur,3
8531,57,42431,Self-employed,446,0,Pune,0
8532,55,57290,Student,634,13,Lucknow,0
8533,60,111815,Salaried,831,11,Kolkata,0
8534,36,145374,Self-employed,706,6,Pune,2
8535,53,57747,Salaried,643,2,Pune,4
8536,67,90974,Salaried,820,0,Hyderabad,5
8537,50,94763,Self-employed,435,12,Chennai,4
8538,30,144132,Salaried,338,1,Ahmedabad,5
8539,31,87994,Self-employed,619,8,Delhi,2
8540,50,84015,Student,586,17,Ahmedabad,5
8541,46,15051,Salaried,762,3,Kolkata,2
8542,60,82695,Salaried,651,15,Pune,2
8543,66,43491,Self-employed,304,5,Bangalore,1
8544,53,31080,Unemployed,535,19,Pune,5
8545,61,49880,Self-employed,535,2,Jaipur,2
8546,27,126056,Self-employed,800,10,Pune,1
8547,48,62361,Salaried,404,4,Mumbai,5
8548,23,102685,Salaried,506,0,Jaipur,0
8549,18,95875,Self-employed,538,7,Pune,5
8550,24,109841,Salaried,351,18,Delhi,3
8551,44,103091,Unemployed,407,3,Kolkata,4
8552,38,48005,Salaried,656,8,Lucknow,3
8553,45,80471,Self-employed,332,2,Delhi,4
8554,33,141718,Student,321,4,Pune,0
8555,63,121379,Student,606,15,Jaipur,4
8556,40,65728,Self-employed,310,7,Chennai,0
8557,69,24756,Unemployed,741,5,Bangalore,5
8558,37,138670,Retired,497,2,Hyderabad,3
8559,55,51308,Unemployed,828,15,Ahmedabad,1
8560,42,79079,Student,343,7,Ahmedabad,5
8561,45,80524,Self-employed,484,12,Ahmedabad,5
8562,22,24327,Self-employed,688,4,Kolkata,4
8563,38,120561,Salaried,806,5,Hyderabad,5
8564,35,109436,Salaried,741,2,Delhi,2
8565,64,31533,Salaried,795,7,Hyderabad,1
8566,23,112417,Salaried,804,3,Kolkata,1
8567,46,108318,Salaried,436,16,Bangalore,0
8568,36,55429,Salaried,578,7,Ahmedabad,3
8569,50,101348,Unemployed,463,18,Chennai,2
8570,18,88065,Student,842,13,Delhi,3
8571,62,108396,Salaried,322,8,Bangalore,3
8572,20,28654,Salaried,806,11,Delhi,1
8573,59,148180,Student,809,12,Delhi,2
8574,38,84483,Student,743,7,Bangalore,4
8575,52,22899,Unemployed,441,2,Pune,2
8576,58,110909,Retired,580,14,Lucknow,0
8577,57,119971,Retired,506,19,Mumbai,5
8578,20,106724,Salaried,601,18,Lucknow,1
8579,42,44295,Salaried,696,3,Hyderabad,2
8580,62,95565,Student,617,1,Mumbai,0
8581,55,64574,Salaried,347,4,Bangalore,4
8582,62,116067,Student,689,1,Chennai,3
8583,37,45066,Self-employed,678,6,Ahmedabad,3
8584,69,44418,Student,516,10,Delhi,0
8585,61,97607,Salaried,550,11,Pune,1
8586,62,64874,Self-employed,733,3,Bangalore,3
8587,51,127158,Self-employed,583,2,Mumbai,1
8588,38,101257,Unemployed,782,7,Hyderabad,1
8589,65,145538,Salaried,566,17,Delhi,3
8590,40,64635,Unemployed,545,4,Bangalore,4
8591,23,128023,Student,457,15,Hyderabad,5
8592,68,114837,Self-employed,656,11,Bangalore,2
8593,30,32404,Student,847,8,Kolkata,5
8594,66,87629,Self-employed,535,7,Bangalore,3
8595,40,28156,Salaried,759,4,Pune,2
8596,26,64999,Salaried,399,19,Pune,1
8597,34,29694,Unemployed,418,18,Mumbai,4
8598,19,84549,Self-employed,653,14,Hyderabad,1
8599,36,47799,Salaried,387,19,Bangalore,4
8600,36,105288,Self-employed,335,10,Pune,5
8601,24,55645,Salaried,613,19,Mumbai,5
8602,59,92614,Salaried,839,12,Lucknow,5
8603,59,148387,Self-employed,621,12,Bangalore,0
8604,37,113369,Salaried,726,16,Lucknow,5
8605,26,27420,Salaried,816,15,Delhi,4
8606,34,33312,Salaried,308,16,Ahmedabad,4
8607,44,36395,Self-employed,658,18,Ahmedabad,5
8608,64,55301,Salaried,777,13,Jaipur,1
8609,19,61972,Salaried,356,6,Jaipur,5
8610,53,78294,Salaried,582,8,Delhi,5
8611,36,95853,Salaried,744,1,Pune,3
8612,34,135135,Salaried,760,18,Pune,3
8613,22,97504,Salaried,789,5,Chennai,2
8614,56,37854,Salaried,658,0,Hyderabad,0
8615,35,136373,Student,364,6,Mumbai,4
8616,24,85780,Salaried,728,15,Hyderabad,2
8617,34,121458,Salaried,756,1,Mumbai,5
8618,56,72103,Salaried,435,3,Kolkata,4
8619,53,78620,Salaried,347,19,Chennai,4
8620,57,104590,Student,493,13,Hyderabad,0
8621,62,99124,Salaried,416,10,Kolkata,0
8622,21,59590,Salaried,463,8,Kolkata,2
8623,55,115196,Salaried,778,4,Bangalore,3
8624,42,87554,Self-employed,586,2,Lucknow,4
8625,22,132781,Salaried,835,19,Delhi,1
8626,47,15973,Self-employed,793,1,Pune,2
8627,29,73786,Salaried,704,9,Lucknow,4
8628,21,119919,Salaried,395,9,Ahmedabad,0
8629,41,52097,Self-employed,796,6,Kolkata,5
8630,46,136403,Self-employed,553,14,Jaipur,0
8631,26,49245,Self-employed,713,4,Mumbai,0
8632,21,69841,Salaried,670,7,Bangalore,0
8633,68,40346,Self-employed,542,17,Ahmedabad,5
8634,41,120633,Salaried,672,19,Kolkata,3
8635,31,86980,Self-employed,338,5,Delhi,3
8636,22,105417,Self-employed,652,10,Lucknow,4
8637,35,91942,Salaried,725,7,Jaipur,4
8638,59,120147,Self-employed,376,3,Mumbai,2
8639,36,105975,Self-employed,809,6,Bangalore,0
8640,29,20972,Salaried,816,1,Chennai,0
8641,35,63063,Unemployed,439,14,Pune,5
8642,34,145017,Student,551,8,Chennai,1
8643,47,72055,Salaried,616,18,Delhi,1
8644,41,99834,Unemployed,719,18,Delhi,0
8645,28,72450,Salaried,374,4,Lucknow,1
8646,52,80252,Self-employed,328,18,Mumbai,1
8647,40,61904,Student,340,2,Pune,0
8648,34,67320,Self-employed,840,11,Jaipur,3
8649,18,46000,Salaried,791,6,Lucknow,3
8650,32,110341,Unemployed,399,4,Delhi,4
8651,49,17599,Salaried,619,11,Pune,3
8652,26,102636,Salaried,822,3,Ahmedabad,0
8653,32,15018,Salaried,488,19,Bangalore,1
8654,45,146930,Unemployed,749,18,Chennai,0
8655,41,85916,Unemployed,393,12,Jaipur,2
8656,52,134193,Salaried,480,14,Chennai,1
8657,39,73770,Unemployed,620,9,Hyderabad,0
8658,44,52487,Salaried,582,0,Ahmedabad,4
8659,36,117342,Retired,690,2,Lucknow,4
8660,62,76457,Self-employed,620,17,Delhi,1
8661,29,33836,Salaried,324,15,Mumbai,3
8662,37,116150,Salaried,559,11,Pune,4
8663,18,26394,Salaried,796,15,Mumbai,5
8664,38,87158,Salaried,512,10,Chennai,2
8665,66,139660,Student,414,10,Kolkata,5
8666,62,125599,Salaried,751,13,Delhi,5
8667,18,40280,Retired,789,16,Lucknow,5
8668,27,139221,Self-employed,827,18,Chennai,1
8669,64,92318,Self-employed,684,10,Lucknow,2
8670,49,147231,Salaried,717,3,Pune,1
8671,56,85162,Unemployed,518,9,Chennai,3
8672,39,67712,Self-employed,362,18,Mumbai,0
8673,35,124578,Unemployed,649,3,Lucknow,5
8674,65,63241,Retired,689,10,Chennai,1
8675,63,38233,Salaried,676,6,Hyderabad,0
8676,49,23177,Salaried,365,19,Kolkata,1
8677,44,129506,Student,418,8,Chennai,3
8678,45,76351,Unemployed,307,1,Delhi,2
8679,35,106908,Self-employed,326,0,Lucknow,0
8680,56,66827,Salaried,589,7,Hyderabad,2
8681,66,95501,Self-employed,327,18,Hyderabad,1
8682,46,83772,Salaried,458,15,Hyderabad,5
8683,35,30611,Salaried,444,13,Chennai,1
8684,61,56003,Salaried,766,3,Ahmedabad,3
8685,25,111629,Salaried,407,18,Mumbai,1
8686,48,101643,Salaried,738,5,Lucknow,3
8687,51,89684,Retired,502,14,Ahmedabad,1
8688,24,123610,Student,600,12,Ahmedabad,5
8689,53,135332,Unemployed,737,18,Kolkata,2
8690,35,98035,Student,310,3,Jaipur,1
8691,55,33165,Salaried,402,1,Jaipur,0
8692,26,124322,Student,785,2,Lucknow,4
8693,26,69515,Unemployed,409,13,Chennai,0
8694,63,124446,Unemployed,392,3,Delhi,0
8695,25,45480,Self-employed,840,15,Mumbai,3
8696,68,74789,Salaried,806,10,Ahmedabad,1
8697,52,47191,Salaried,476,12,Ahmedabad,2
8698,35,74488,Salaried,738,0,Pune,1
8699,22,102457,Retired,810,12,Bangalore,4
8700,31,117476,Salaried,408,14,Bangalore,1
8701,45,89525,Unemployed,371,6,Lucknow,4
8702,47,67648,Salaried,788,4,Ahmedabad,4
8703,21,28740,Self-employed,580,5,Ahmedabad,0
8704,56,110716,Salaried,513,8,Delhi,4
8705,37,144677,Salaried,756,5,Mumbai,4
8706,42,128917,Salaried,717,5,Mumbai,5
8707,45,116630,Self-employed,809,1,Mumbai,2
8708,29,40221,Salaried,622,5,Bangalore,5
8709,19,78265,Student,477,9,Mumbai,3
8710,60,15719,Salaried,403,4,Ahmedabad,1
8711,31,147141,Student,418,19,Ahmedabad,2
8712,39,69714,Salaried,356,11,Jaipur,3
8713,48,88285,Self-employed,708,5,Chennai,0
8714,40,27935,Salaried,357,5,Ahmedabad,2
8715,65,134362,Student,416,7,Pune,2
8716,37,59035,Salaried,724,16,Chennai,0
8717,55,141687,Self-employed,320,17,Mumbai,4
8718,21,111256,Unemployed,378,10,Bangalore,0
8719,32,33540,Salaried,407,0,Ahmedabad,1
8720,41,88480,Salaried,570,6,Ahmedabad,0
8721,42,63702,Student,775,7,Delhi,2
8722,18,93283,Self-employed,369,2,Pune,0
8723,24,69781,Salaried,686,18,Mumbai,1
8724,48,22087,Salaried,465,15,Chennai,4
8725,29,37789,Salaried,357,7,Pune,4
8726,59,148271,Salaried,750,5,Chennai,3
8727,22,102273,Salaried,544,1,Chennai,5
8728,61,130310,Student,344,11,Pune,3
8729,67,113231,Salaried,682,5,Mumbai,1
8730,59,28894,Self-employed,370,13,Kolkata,3
8731,55,68095,Unemployed,847,6,Hyderabad,4
8732,29,44272,Salaried,538,8,Pune,5
8733,56,69021,Self-employed,407,6,Pune,4
8734,35,48645,Unemployed,507,14,Pune,3
8735,19,127079,Salaried,601,11,Delhi,0
8736,27,36179,Salaried,729,16,Hyderabad,4
8737,32,25691,Retired,647,14,Jaipur,3
8738,47,144436,Retired,406,14,Pune,3
8739,61,60311,Salaried,827,13,Pune,1
8740,34,110381,Salaried,705,10,Delhi,1
8741,21,39967,Salaried,555,10,Pune,4
8742,24,43478,Salaried,600,19,Jaipur,2
8743,58,55332,Salaried,444,12,Bangalore,3
8744,48,54313,Self-employed,823,12,Delhi,0
8745,68,82857,Unemployed,659,7,Hyderabad,2
8746,56,60900,Salaried,823,6,Delhi,3
8747,51,141861,Student,783,19,Mumbai,2
8748,23,56098,Salaried,489,12,Lucknow,3
8749,67,23294,Salaried,595,10,Chennai,3
8750,55,111784,Self-employed,392,18,Jaipur,2
8751,62,55626,Salaried,429,5,Lucknow,1
8752,68,35703,Salaried,783,7,Bangalore,3
8753,51,118693,Unemployed,708,18,Bangalore,4
8754,61,149277,Salaried,640,4,Hyderabad,2
8755,32,26628,Self-employed,513,9,Hyderabad,5
8756,31,118655,Salaried,629,0,Ahmedabad,1
8757,23,21518,Salaried,474,11,Lucknow,0
8758,67,15610,Self-employed,743,6,Hyderabad,3
8759,54,49311,Student,500,7,Ahmedabad,5
8760,67,141419,Salaried,397,17,Ahmedabad,3
8761,49,56876,Self-employed,402,6,Pune,5
8762,20,65333,Unemployed,450,13,Kolkata,4
8763,20,99192,Student,567,19,Chennai,1
8764,39,56811,Salaried,651,17,Mumbai,3
8765,39,85072,Self-employed,766,3,Hyderabad,5
8766,27,130407,Self-employed,577,9,Ahmedabad,1
8767,68,57974,Self-employed,315,10,Chennai,3
8768,20,96983,Salaried,755,10,Pune,5
8769,29,60823,Salaried,478,19,Bangalore,0
8770,46,113863,Self-employed,433,18,Kolkata,5
8771,65,115037,Salaried,557,0,Pune,4
8772,34,82078,Self-employed,361,1,Jaipur,0
8773,24,122767,Unemployed,781,8,Jaipur,0
8774,30,82951,Unemployed,776,16,Pune,5
8775,19,124287,Salaried,341,4,Chennai,2
8776,21,36601,Salaried,672,1,Hyderabad,0
8777,27,118691,Self-employed,672,3,Chennai,4
8778,56,63435,Self-employed,598,6,Bangalore,4
8779,41,26246,Retired,351,16,Jaipur,5
8780,34,17458,Self-employed,678,2,Kolkata,3
8781,69,21028,Salaried,611,8,Ahmedabad,5
8782,23,134247,Self-employed,358,0,Bangalore,0
8783,36,66901,Self-employed,603,19,Jaipur,1
8784,22,121555,Self-employed,334,15,Mumbai,2
8785,49,42678,Self-employed,792,2,Delhi,5
8786,27,105444,Salaried,790,18,Chennai,2
8787,26,27363,Salaried,520,15,Delhi,2
8788,44,78804,Salaried,422,0,Jaipur,4
8789,30,129433,Salaried,401,11,Pune,4
8790,36,63544,Salaried,814,19,Delhi,3
8791,38,113247,Student,612,5,Chennai,0
8792,41,15189,Salaried,805,2,Hyderabad,4
8793,55,26752,Unemployed,793,6,Delhi,2
8794,21,22482,Salaried,498,2,Jaipur,4
8795,41,31679,Salaried,812,12,Bangalore,5
8796,52,138056,Salaried,629,15,Delhi,0
8797,20,15799,Salaried,626,13,Chennai,4
8798,21,136691,Unemployed,309,8,Kolkata,5
8799,54,72558,Salaried,426,7,Chennai,0
8800,57,74223,Salaried,530,14,Bangalore,3
8801,65,56556,Unemployed,314,18,Bangalore,4
8802,52,106467,Salaried,786,12,Bangalore,0
8803,48,125719,Salaried,741,13,Bangalore,5
8804,61,106404,Salaried,573,10,Hyderabad,5
8805,42,58558,Salaried,302,17,Chennai,0
8806,57,118018,Salaried,625,2,Pune,5
8807,30,26408,Salaried,552,3,Pune,1
8808,21,50607,Student,833,2,Chennai,3
8809,63,76684,Unemployed,354,12,Mumbai,4
8810,31,42326,Salaried,747,15,Jaipur,1
8811,30,28601,Salaried,596,12,Pune,4
8812,44,139594,Salaried,672,9,Hyderabad,2
8813,23,16135,Self-employed,768,17,Kolkata,2
8814,34,26913,Salaried,435,7,Jaipur,0
8815,53,25101,Student,545,6,Jaipur,1
8816,57,117820,Self-employed,369,16,Lucknow,0
8817,66,77110,Salaried,780,5,Hyderabad,0
8818,52,34215,Self-employed,829,14,Ahmedabad,0
8819,34,91949,Salaried,789,8,Pune,2
8820,58,96855,Salaried,802,9,Mumbai,5
8821,19,121279,Salaried,416,7,Delhi,0
8822,30,136898,Salaried,556,6,Jaipur,5
8823,69,15526,Self-employed,727,4,Lucknow,5
8824,19,16753,Self-employed,414,17,Chennai,0
8825,69,29656,Salaried,793,15,Bangalore,0
8826,45,38266,Retired,361,14,Delhi,0
8827,60,79555,Salaried,796,9,Ahmedabad,1
8828,43,77995,Salaried,379,0,Pune,4
8829,39,93277,Salaried,784,5,Jaipur,1
8830,64,117345,Self-employed,321,14,Bangalore,3
8831,60,111111,Retired,623,1,Mumbai,5
8832,20,80402,Self-employed,816,11,Jaipur,1
8833,52,138747,Unemployed,560,0,Kolkata,5
8834,29,29418,Salaried,428,14,Kolkata,5
8835,41,52185,Salaried,583,12,Bangalore,5
8836,22,56745,Self-employed,346,0,Ahmedabad,3
8837,37,95123,Self-employed,487,0,Ahmedabad,2
8838,56,102804,Salaried,318,3,Mumbai,4
8839,56,126055,Unemployed,307,13,Chennai,0
8840,30,134097,Salaried,336,16,Hyderabad,3
8841,58,63302,Salaried,371,12,Jaipur,2
8842,62,137561,Self-employed,680,11,Delhi,4
8843,29,72728,Self-employed,565,5,Pune,3
8844,30,113598,Salaried,366,18,Lucknow,2
8845,27,16238,Salaried,363,19,Mumbai,0
8846,50,96610,Salaried,329,15,Lucknow,2
8847,57,72193,Self-employed,315,15,Chennai,2
8848,33,81634,Student,577,11,Lucknow,0
8849,62,29679,Self-employed,576,19,Pune,5
8850,52,49505,Salaried,520,19,Bangalore,5
8851,20,66341,Retired,492,12,Bangalore,3
8852,22,65374,Student,323,0,Chennai,2
8853,43,61998,Salaried,440,17,Ahmedabad,0
8854,28,142203,Salaried,325,1,Bangalore,3
8855,24,48178,Salaried,397,1,Ahmedabad,0
8856,27,122373,Salaried,575,0,Lucknow,1
8857,59,119139,Unemployed,542,9,Jaipur,3
8858,69,115290,Student,732,0,Ahmedabad,1
8859,51,73951,Unemployed,308,13,Ahmedabad,5
8860,20,102629,Salaried,571,7,Jaipur,2
8861,25,83831,Self-employed,331,0,Chennai,2
8862,48,96223,Salaried,778,13,Bangalore,2
8863,28,60643,Salaried,427,9,Ahmedabad,3
8864,62,18582,Self-employed,316,18,Mumbai,4
8865,24,127781,Salaried,772,7,Lucknow,3
8866,62,119004,Self-employed,600,1,Mumbai,3
8867,19,55000,Self-employed,341,3,Chennai,4
8868,23,117592,Student,351,11,Lucknow,3
8869,58,16085,Salaried,487,8,Bangalore,5
8870,49,112994,Student,450,0,Lucknow,1
8871,37,132309,Retired,543,7,Delhi,4
8872,51,122114,Unemployed,790,16,Jaipur,4
8873,67,85410,Student,426,15,Kolkata,1
8874,33,41825,Self-employed,708,14,Bangalore,4
8875,42,99269,Salaried,643,8,Jaipur,4
8876,29,29332,Self-employed,397,7,Ahmedabad,1
8877,24,69895,Self-employed,367,19,Chennai,0
8878,56,137046,Self-employed,327,13,Lucknow,0
8879,34,82567,Student,328,11,Kolkata,5
8880,62,77713,Salaried,511,14,Kolkata,0
8881,28,73639,Salaried,779,3,Ahmedabad,1
8882,23,118603,Self-employed,371,3,Pune,2
8883,40,93488,Salaried,790,1,Bangalore,3
8884,44,107905,Salaried,409,3,Hyderabad,4
8885,63,17977,Salaried,412,19,Hyderabad,1
8886,23,130650,Salaried,696,17,Delhi,3
8887,55,69641,Student,531,14,Mumbai,1
8888,19,147340,Self-employed,342,7,Pune,4
8889,39,129465,Salaried,564,9,Bangalore,2
8890,37,69431,Salaried,345,1,Kolkata,1
8891,42,31756,Salaried,524,8,Ahmedabad,3
8892,32,24796,Salaried,400,15,Kolkata,5
8893,66,119583,Salaried,580,11,Kolkata,3
8894,46,96014,Unemployed,537,4,Kolkata,4
8895,25,35325,Salaried,545,6,Pune,5
8896,54,68096,Self-employed,398,14,Delhi,0
8897,66,79649,Unemployed,499,12,Mumbai,4
8898,69,23041,Retired,555,7,Chennai,5
8899,50,55058,Salaried,736,18,Kolkata,5
8900,39,63263,Self-employed,793,18,Pune,4
8901,67,119820,Salaried,735,4,Mumbai,0
8902,64,122645,Salaried,323,17,Jaipur,2
8903,22,43223,Salaried,662,16,Lucknow,1
8904,56,48575,Student,569,6,Chennai,3
8905,35,36661,Salaried,527,13,Hyderabad,1
8906,55,51432,Self-employed,427,14,Mumbai,1
8907,54,44114,Self-employed,842,16,Jaipur,3
8908,47,21030,Retired,357,2,Chennai,0
8909,68,105051,Self-employed,624,12,Kolkata,3
8910,48,62743,Salaried,405,10,Ahmedabad,0
8911,27,140756,Salaried,736,2,Hyderabad,0
8912,32,80615,Salaried,384,5,Lucknow,4
8913,59,62577,Student,301,5,Bangalore,2
8914,65,125436,Self-employed,736,5,Lucknow,5
8915,61,17966,Self-employed,750,5,Ahmedabad,4
8916,35,144356,Salaried,740,5,Hyderabad,2
8917,40,128838,Student,521,13,Delhi,0
8918,50,18728,Self-employed,324,10,Kolkata,5
8919,33,147019,Retired,334,15,Bangalore,5
8920,55,96380,Self-employed,642,18,Chennai,4
8921,52,81130,Salaried,665,6,Jaipur,1
8922,51,36414,Salaried,635,5,Bangalore,3
8923,45,108005,Salaried,732,10,Kolkata,3
8924,19,106742,Self-employed,756,3,Ahmedabad,3
8925,47,51973,Self-employed,778,0,Jaipur,2
8926,30,102091,Salaried,697,8,Pune,3
8927,58,77235,Salaried,642,12,Chennai,2
8928,33,44400,Salaried,579,7,Jaipur,2
8929,22,132240,Unemployed,651,1,Delhi,5
8930,45,67763,Salaried,496,15,Delhi,2
8931,56,121810,Salaried,524,18,Chennai,1
8932,62,104523,Salaried,346,7,Delhi,5
8933,37,124955,Salaried,484,11,Bangalore,0
8934,41,108137,Self-employed,461,10,Kolkata,1
8935,44,149308,Unemployed,594,8,Bangalore,0
8936,47,45312,Salaried,391,9,Mumbai,1
8937,62,128687,Self-employed,467,0,Bangalore,2
8938,44,124602,Salaried,557,18,Hyderabad,0
8939,43,51640,Retired,608,16,Bangalore,5
8940,24,115171,Salaried,428,3,Jaipur,3
8941,59,77293,Salaried,849,11,Bangalore,1
8942,64,129124,Self-employed,460,19,Bangalore,0
8943,55,100802,Salaried,475,7,Bangalore,3
8944,22,107024,Salaried,587,15,Kolkata,4
8945,40,126411,Self-employed,704,0,Pune,2
8946,45,57262,Self-employed,639,8,Kolkata,1
8947,51,131214,Salaried,567,10,Jaipur,1
8948,32,121435,Self-employed,517,11,Hyderabad,5
8949,49,101314,Self-employed,463,8,Mumbai,5
8950,43,101287,Self-employed,690,5,Jaipur,4
8951,65,134318,Self-employed,716,8,Bangalore,0
8952,48,145134,Self-employed,347,5,Ahmedabad,1
8953,36,139958,Salaried,493,5,Bangalore,1
8954,26,32528,Salaried,383,19,Ahmedabad,1
8955,46,15068,Salaried,346,2,Chennai,1
8956,68,84253,Salaried,533,2,Mumbai,4
8957,56,95754,Student,598,15,Hyderabad,2
8958,21,105938,Salaried,446,1,Pune,1
8959,20,57129,Salaried,495,3,Ahmedabad,4
8960,46,128996,Salaried,321,8,Hyderabad,3
8961,69,76321,Salaried,493,6,Mumbai,1
8962,28,26526,Self-employed,685,2,Kolkata,0
8963,50,122535,Salaried,663,12,Jaipur,4
8964,55,30063,Self-employed,573,13,Bangalore,0
8965,28,19213,Salaried,683,8,Kolkata,2
8966,44,37797,Unemployed,507,0,Hyderabad,3
8967,50,99946,Retired,574,11,Kolkata,0
8968,38,103918,Self-employed,795,0,Chennai,1
8969,56,38655,Unemployed,838,8,Delhi,4
8970,48,37555,Self-employed,826,6,Kolkata,3
8971,55,43071,Unemployed,458,2,Lucknow,4
8972,63,35239,Student,759,3,Mumbai,5
8973,19,138441,Retired,693,6,Mumbai,3
8974,44,112138,Self-employed,738,14,Ahmedabad,5
8975,53,64151,Student,678,0,Chennai,0
8976,28,17203,Self-employed,463,5,Mumbai,2
8977,64,147216,Salaried,629,4,Delhi,5
8978,35,106663,Salaried,446,10,Kolkata,4
8979,18,144844,Unemployed,409,16,Pune,1
8980,52,27213,Salaried,693,2,Kolkata,4
8981,52,31944,Self-employed,481,11,Lucknow,5
8982,48,81723,Salaried,742,19,Hyderabad,2
8983,45,83947,Salaried,429,9,Pune,5
8984,56,50191,Unemployed,702,6,Bangalore,0
8985,18,87264,Unemployed,804,14,Lucknow,1
8986,42,114846,Self-employed,321,17,Kolkata,1
8987,60,134550,Salaried,316,18,Ahmedabad,0
8988,55,99963,Salaried,581,0,Hyderabad,4
8989,37,15972,Salaried,526,12,Delhi,1
8990,20,114219,Salaried,719,3,Jaipur,4
8991,68,64738,Salaried,672,17,Delhi,4
8992,19,69777,Self-employed,600,11,Hyderabad,0
8993,35,29530,Salaried,585,3,Delhi,2
8994,61,61529,Self-employed,415,3,Lucknow,2
8995,27,117895,Salaried,448,4,Pune,4
8996,22,66714,Salaried,703,18,Mumbai,0
8997,26,139750,Salaried,389,8,Chennai,2
8998,19,135883,Retired,418,6,Ahmedabad,5
8999,51,103196,Self-employed,392,6,Jaipur,4
9000,55,75385,Salaried,746,11,Lucknow,1
9001,48,79736,Self-employed,611,9,Bangalore,1
9002,27,45268,Unemployed,617,19,Jaipur,5
9003,67,45138,Student,420,12,Ahmedabad,3
9004,29,139650,Self-employed,616,5,Chennai,3
9005,53,28432,Salaried,437,8,Mumbai,3
9006,38,82058,Self-employed,583,18,Lucknow,2
9007,66,73175,Student,819,15,Kolkata,5
9008,64,48329,Self-employed,804,10,Pune,1
9009,23,21677,Unemployed,690,3,Kolkata,1
9010,65,65357,Salaried,304,0,Kolkata,2
9011,66,70812,Salaried,666,11,Kolkata,1
9012,20,56616,Unemployed,791,3,Bangalore,1
9013,27,60534,Self-employed,765,4,Hyderabad,4
9014,22,79162,Salaried,534,5,Chennai,1
9015,63,59711,Salaried,661,13,Lucknow,4
9016,43,110980,Unemployed,821,0,Delhi,3
9017,38,35143,Salaried,541,7,Chennai,0
9018,62,123380,Salaried,741,14,Hyderabad,4
9019,43,56423,Salaried,487,11,Hyderabad,5
9020,55,56713,Unemployed,703,18,Jaipur,1
9021,61,89310,Unemployed,726,6,Ahmedabad,3
9022,43,17205,Self-employed,712,8,Kolkata,0
9023,25,68266,Self-employed,813,10,Lucknow,0
9024,22,96863,Salaried,453,7,Bangalore,3
9025,32,141233,Salaried,502,3,Chennai,3
9026,33,17808,Student,516,9,Kolkata,0
9027,18,28851,Salaried,781,19,Mumbai,0
9028,33,145982,Salaried,614,9,Jaipur,1
9029,54,29620,Self-employed,300,7,Chennai,5
9030,20,77995,Salaried,802,13,Ahmedabad,4
9031,69,51681,Self-employed,577,3,Kolkata,4
9032,64,79509,Self-employed,493,19,Kolkata,0
9033,48,82703,Self-employed,547,2,Delhi,0
9034,30,57136,Salaried,387,2,Ahmedabad,5
9035,33,108699,Salaried,733,3,Lucknow,5
9036,60,103456,Self-employed,719,11,Pune,2
9037,38,98086,Retired,552,17,Delhi,0
9038,19,132529,Salaried,728,18,Hyderabad,4
9039,44,33254,Retired,463,10,Jaipur,1
9040,55,76273,Self-employed,794,17,Ahmedabad,2
9041,43,132574,Student,461,13,Lucknow,4
9042,55,129847,Salaried,806,10,Bangalore,1
9043,63,120547,Salaried,564,13,Pune,5
9044,42,27926,Salaried,409,2,Chennai,5
9045,28,104527,Salaried,618,1,Chennai,2
9046,25,122387,Retired,431,8,Pune,2
9047,25,42563,Salaried,432,7,Pune,2
9048,50,15925,Self-employed,693,4,Mumbai,2
9049,24,66595,Salaried,334,8,Mumbai,2
9050,55,145249,Self-employed,671,4,Hyderabad,2
9051,38,31321,Salaried,330,12,Delhi,3
9052,25,31151,Salaried,473,10,Bangalore,5
9053,68,91133,Salaried,689,10,Delhi,1
9054,38,49187,Student,405,19,Delhi,4
9055,37,58835,Salaried,574,11,Ahmedabad,0
9056,25,15059,Salaried,395,18,Ahmedabad,4
9057,63,42235,Salaried,329,12,Hyderabad,3
9058,48,109208,Retired,460,8,Bangalore,3
9059,67,82114,Self-employed,605,3,Kolkata,2
9060,46,144191,Self-employed,495,6,Pune,3
9061,65,127831,Self-employed,637,4,Kolkata,4
9062,26,136889,Salaried,437,6,Pune,3
9063,32,96583,Self-employed,746,7,Lucknow,4
9064,47,47160,Salaried,609,13,Pune,2
9065,43,114011,Salaried,478,9,Chennai,2
9066,27,20277,Self-employed,636,5,Lucknow,3
9067,46,147852,Self-employed,533,4,Lucknow,5
9068,33,132101,Salaried,548,14,Hyderabad,0
9069,53,75750,Salaried,431,15,Jaipur,2
9070,37,71902,Student,548,1,Chennai,1
9071,62,131849,Self-employed,754,14,Lucknow,1
9072,54,112052,Salaried,798,7,Mumbai,2
9073,39,142894,Salaried,362,12,Ahmedabad,5
9074,24,64460,Unemployed,691,16,Chennai,5
9075,40,144424,Student,556,14,Ahmedabad,3
9076,58,85975,Retired,547,13,Jaipur,2
9077,57,148436,Salaried,563,18,Ahmedabad,3
9078,46,31568,Salaried,766,12,Mumbai,4
9079,33,77679,Salaried,660,6,Jaipur,0
9080,55,80781,Self-employed,692,7,Kolkata,0
9081,45,23430,Salaried,478,6,Ahmedabad,4
9082,65,53692,Salaried,805,18,Hyderabad,4
9083,55,45086,Salaried,798,14,Pune,4
9084,48,64671,Self-employed,591,6,Bangalore,0
9085,31,18907,Salaried,398,16,Jaipur,2
9086,50,43604,Self-employed,480,17,Jaipur,1
9087,26,52869,Unemployed,702,18,Lucknow,5
9088,44,134261,Self-employed,673,2,Delhi,5
9089,41,129639,Salaried,552,6,Chennai,3
9090,30,126690,Retired,421,9,Chennai,1
9091,43,140592,Salaried,741,6,Mumbai,3
9092,46,21073,Salaried,544,10,Chennai,0
9093,68,33101,Retired,790,2,Bangalore,2
9094,66,109877,Salaried,345,8,Delhi,1
9095,60,22313,Self-employed,751,3,Hyderabad,4
9096,45,74668,Salaried,595,7,Bangalore,4
9097,45,106956,Self-employed,440,11,Lucknow,4
9098,25,130087,Self-employed,820,7,Jaipur,5
9099,40,134451,Salaried,365,14,Jaipur,1
9100,46,107675,Self-employed,782,13,Ahmedabad,2
9101,22,106634,Student,608,4,Ahmedabad,2
9102,59,124119,Salaried,759,16,Delhi,4
9103,24,86791,Salaried,697,19,Hyderabad,1
9104,59,97158,Salaried,768,10,Chennai,4
9105,53,44715,Student,691,14,Lucknow,3
9106,58,103260,Self-employed,396,12,Delhi,3
9107,44,149724,Unemployed,489,3,Delhi,1
9108,63,41297,Salaried,494,12,Lucknow,3
9109,19,21307,Salaried,633,12,Pune,0
9110,42,73616,Salaried,382,10,Mumbai,0
9111,26,134828,Salaried,550,4,Ahmedabad,0
9112,44,23727,Self-employed,369,13,Kolkata,3
9113,18,32332,Retired,591,2,Lucknow,2
9114,40,128741,Salaried,639,17,Ahmedabad,0
9115,27,147475,Retired,684,2,Delhi,4
9116,59,71971,Salaried,757,5,Mumbai,2
9117,69,88042,Unemployed,440,7,Delhi,1
9118,42,110195,Salaried,439,16,Hyderabad,3
9119,20,142144,Unemployed,374,0,Chennai,4
9120,23,27996,Salaried,399,6,Ahmedabad,1
9121,23,67485,Unemployed,474,17,Jaipur,3
9122,19,62830,Salaried,622,3,Jaipur,5
9123,35,49370,Salaried,776,9,Kolkata,3
9124,40,72572,Salaried,309,4,Hyderabad,4
9125,19,44098,Salaried,345,7,Pune,5
9126,29,17196,Self-employed,815,12,Chennai,3
9127,39,64262,Retired,612,16,Lucknow,3
9128,54,35543,Self-employed,537,3,Bangalore,3
9129,37,117171,Self-employed,330,9,Delhi,2
9130,56,85540,Salaried,809,7,Lucknow,0
9131,41,55972,Self-employed,429,9,Chennai,5
9132,65,87613,Salaried,684,12,Jaipur,4
9133,37,110384,Unemployed,324,11,Kolkata,2
9134,18,93062,Salaried,560,12,Mumbai,4
9135,18,18261,Self-employed,697,9,Kolkata,2
9136,34,32046,Salaried,629,0,Hyderabad,3
9137,18,28397,Salaried,448,8,Lucknow,5
9138,69,105805,Salaried,708,2,Hyderabad,3
9139,62,40757,Salaried,418,16,Kolkata,5
9140,47,147974,Salaried,733,9,Ahmedabad,5
9141,58,133859,Salaried,527,18,Kolkata,5
9142,64,57399,Student,539,5,Lucknow,2
9143,20,63330,Salaried,531,6,Bangalore,3
9144,63,149918,Unemployed,589,10,Bangalore,5
9145,28,83056,Salaried,453,15,Chennai,0
9146,41,55832,Salaried,458,3,Lucknow,4
9147,39,132095,Self-employed,775,3,Ahmedabad,5
9148,61,119987,Self-employed,847,17,Jaipur,3
9149,62,103672,Salaried,312,17,Pune,5
9150,43,50885,Self-employed,806,6,Delhi,5
9151,30,36157,Salaried,517,10,Jaipur,1
9152,18,34674,Self-employed,521,4,Hyderabad,2
9153,41,47357,Self-employed,587,17,Hyderabad,5
9154,27,27578,Salaried,823,6,Hyderabad,2
9155,52,143457,Student,786,1,Mumbai,5
9156,41,148323,Self-employed,623,4,Jaipur,3
9157,45,118229,Salaried,475,4,Hyderabad,2
9158,53,138981,Student,340,18,Pune,1
9159,33,52077,Unemployed,624,1,Mumbai,2
9160,57,130136,Self-employed,566,18,Kolkata,1
9161,33,75530,Salaried,692,4,Bangalore,2
9162,34,133179,Unemployed,412,11,Jaipur,2
9163,68,42122,Salaried,583,12,Delhi,1
9164,32,44381,Salaried,502,19,Chennai,4
9165,33,120614,Salaried,443,6,Bangalore,5
9166,32,128271,Self-employed,542,1,Jaipur,0
9167,51,112354,Unemployed,334,13,Bangalore,5
9168,28,142728,Self-employed,352,4,Mumbai,1
9169,18,27822,Retired,802,19,Ahmedabad,0
9170,32,147508,Salaried,655,11,Mumbai,5
9171,43,126201,Salaried,449,3,Mumbai,5
9172,68,42281,Self-employed,736,16,Pune,2
9173,21,103017,Retired,749,15,Jaipur,4
9174,60,111005,Self-employed,824,9,Chennai,1
9175,22,99403,Salaried,566,2,Lucknow,4
9176,52,121023,Salaried,385,0,Chennai,1
9177,30,37766,Salaried,608,5,Kolkata,5
9178,27,108891,Salaried,564,2,Kolkata,3
9179,28,77239,Salaried,791,18,Delhi,1
9180,35,148866,Unemployed,316,6,Jaipur,0
9181,51,71764,Self-employed,488,8,Lucknow,3
9182,56,45858,Self-employed,821,11,Jaipur,2
9183,58,57850,Salaried,465,13,Jaipur,5
9184,59,142171,Salaried,644,0,Jaipur,1
9185,67,98017,Self-employed,518,12,Mumbai,5
9186,40,65790,Unemployed,393,1,Ahmedabad,0
9187,24,96120,Self-employed,457,2,Ahmedabad,2
9188,56,24850,Unemployed,333,10,Chennai,0
9189,20,121759,Student,715,4,Lucknow,2
9190,29,80696,Salaried,805,1,Mumbai,5
9191,24,102826,Salaried,789,13,Mumbai,1
9192,66,138152,Self-employed,823,12,Mumbai,4
9193,43,22081,Salaried,532,13,Bangalore,2
9194,50,117716,Salaried,406,2,Lucknow,5
9195,54,33722,Salaried,492,7,Bangalore,4
9196,65,102508,Salaried,767,12,Chennai,2
9197,32,144752,Unemployed,821,11,Delhi,4
9198,19,32985,Salaried,578,17,Jaipur,1
9199,58,135234,Salaried,427,17,Lucknow,0
9200,24,98845,Self-employed,640,16,Jaipur,1
9201,49,138446,Self-employed,358,6,Lucknow,2
9202,21,121747,Self-employed,481,12,Pune,3
9203,37,37036,Unemployed,813,12,Delhi,0
9204,67,44346,Student,542,5,Bangalore,4
9205,53,128507,Self-employed,527,18,Ahmedabad,0
9206,49,129673,Salaried,817,18,Jaipur,0
9207,45,41691,Salaried,444,15,Chennai,1
9208,30,120578,Self-employed,426,2,Jaipur,2
9209,18,32986,Student,634,13,Chennai,5
9210,52,64665,Retired,707,5,Delhi,5
9211,65,128408,Self-employed,420,16,Pune,1
9212,47,88728,Self-employed,584,15,Jaipur,2
9213,53,65054,Salaried,541,1,Delhi,3
9214,42,96499,Salaried,377,8,Ahmedabad,1
9215,33,114159,Salaried,749,12,Hyderabad,3
9216,36,81553,Salaried,769,13,Jaipur,2
9217,18,20279,Salaried,480,19,Kolkata,0
9218,22,22712,Salaried,564,11,Mumbai,3
9219,68,30817,Self-employed,594,19,Kolkata,3
9220,39,108616,Self-employed,546,10,Lucknow,2
9221,41,95667,Self-employed,723,18,Pune,2
9222,60,41093,Salaried,358,9,Pune,1
9223,62,126030,Salaried,757,17,Chennai,1
9224,69,132385,Retired,310,2,Lucknow,2
9225,54,44030,Salaried,646,15,Hyderabad,3
9226,53,59067,Unemployed,304,17,Hyderabad,4
9227,53,91433,Salaried,669,13,Lucknow,1
9228,21,41639,Self-employed,757,16,Lucknow,2
9229,53,148864,Salaried,544,4,Mumbai,4
9230,69,15420,Salaried,548,16,Kolkata,4
9231,35,34198,Salaried,734,13,Pune,4
9232,67,97951,Self-employed,719,2,Kolkata,4
9233,33,32875,Salaried,404,14,Ahmedabad,0
9234,58,85511,Self-employed,541,11,Mumbai,1
9235,35,106997,Salaried,571,16,Jaipur,4
9236,39,36331,Salaried,818,16,Delhi,4
9237,19,31893,Unemployed,343,18,Ahmedabad,2
9238,38,33243,Unemployed,325,6,Kolkata,5
9239,53,30535,Self-employed,480,4,Lucknow,2
9240,61,82394,Salaried,727,1,Pune,5
9241,56,94214,Salaried,567,15,Pune,0
9242,64,135295,Retired,450,12,Mumbai,4
9243,56,115369,Salaried,394,10,Ahmedabad,0
9244,46,127695,Student,681,6,Bangalore,5
9245,43,28346,Salaried,814,2,Chennai,2
9246,38,137580,Retired,727,5,Bangalore,5
9247,34,90324,Salaried,724,4,Delhi,1
9248,33,117746,Salaried,498,0,Pune,3
9249,48,89783,Self-employed,307,0,Lucknow,3
9250,68,31959,Retired,626,17,Kolkata,5
9251,26,104343,Retired,320,2,Pune,0
9252,48,66150,Self-employed,845,18,Mumbai,2
9253,31,36734,Student,554,9,Lucknow,3
9254,66,32400,Self-employed,732,19,Delhi,4
9255,54,113329,Student,804,10,Hyderabad,1
9256,19,139438,Unemployed,326,7,Hyderabad,2
9257,69,112753,Salaried,819,19,Bangalore,0
9258,65,123863,Self-employed,829,10,Lucknow,2
9259,63,19746,Self-employed,799,4,Mumbai,1
9260,31,138765,Self-employed,532,3,Bangalore,5
9261,50,78184,Unemployed,695,12,Chennai,2
9262,52,103898,Salaried,606,5,Mumbai,5
9263,56,56835,Salaried,809,1,Pune,0
9264,64,24133,Salaried,723,5,Bangalore,4
9265,68,116345,Salaried,449,9,Ahmedabad,2
9266,37,55533,Salaried,691,3,Pune,0
9267,19,43725,Unemployed,789,15,Hyderabad,5
9268,68,142240,Self-employed,346,9,Ahmedabad,5
9269,58,16236,Unemployed,611,0,Jaipur,4
9270,36,82916,Salaried,438,12,Delhi,3
9271,54,120481,Unemployed,704,13,Lucknow,2
9272,35,143357,Self-employed,313,11,Jaipur,4
9273,33,29538,Salaried,818,12,Lucknow,5
9274,21,114821,Self-employed,484,0,Kolkata,3
9275,29,53655,Retired,414,13,Mumbai,5
9276,46,75784,Salaried,409,7,Mumbai,2
9277,24,137547,Self-employed,580,13,Pune,2
9278,31,133177,Unemployed,842,0,Hyderabad,1
9279,29,105982,Salaried,385,16,Lucknow,2
9280,52,59191,Self-employed,437,15,Jaipur,2
9281,22,69112,Salaried,765,11,Mumbai,4
9282,34,26399,Salaried,376,19,Lucknow,0
9283,59,119365,Self-employed,436,4,Lucknow,1
9284,49,27685,Salaried,396,17,Lucknow,2
9285,27,102777,Student,830,3,Lucknow,4
9286,60,19487,Salaried,308,19,Pune,5
9287,34,27018,Salaried,382,10,Ahmedabad,5
9288,22,98220,Self-employed,346,7,Lucknow,4
9289,62,58118,Salaried,811,8,Chennai,0
9290,59,74615,Salaried,729,19,Mumbai,3
9291,26,94946,Student,389,9,Bangalore,2
9292,66,136869,Unemployed,812,6,Delhi,3
9293,50,30105,Unemployed,713,18,Bangalore,0
9294,53,116564,Self-employed,812,0,Hyderabad,4
9295,53,62342,Unemployed,376,4,Lucknow,3
9296,35,127016,Unemployed,380,5,Bangalore,0
9297,26,75506,Salaried,501,11,Lucknow,3
9298,46,39967,Salaried,746,11,Chennai,5
9299,67,51023,Salaried,406,13,Mumbai,4
9300,31,69288,Salaried,591,6,Hyderabad,2
9301,42,139939,Unemployed,611,19,Delhi,5
9302,32,116541,Self-employed,816,19,Chennai,5
9303,23,41622,Self-employed,725,13,Kolkata,1
9304,59,60201,Salaried,714,15,Kolkata,5
9305,46,31350,Salaried,434,8,Chennai,4
9306,32,69820,Salaried,818,1,Bangalore,3
9307,46,63709,Retired,663,16,Chennai,2
9308,21,103232,Salaried,683,3,Bangalore,1
9309,35,97418,Unemployed,331,13,Bangalore,5
9310,67,112739,Salaried,839,13,Chennai,0
9311,66,70214,Self-employed,786,14,Jaipur,2
9312,61,149016,Self-employed,664,11,Jaipur,4
9313,56,39336,Unemployed,563,12,Ahmedabad,3
9314,33,53624,Salaried,441,9,Chennai,5
9315,28,80206,Salaried,329,15,Delhi,1
9316,31,59764,Salaried,429,14,Jaipur,5
9317,20,109325,Unemployed,369,7,Hyderabad,2
9318,68,60420,Salaried,418,3,Ahmedabad,1
9319,67,119381,Salaried,626,0,Chennai,1
9320,59,80671,Self-employed,369,13,Ahmedabad,2
9321,55,122596,Self-employed,507,8,Hyderabad,5
9322,62,41447,Student,390,18,Hyderabad,3
9323,59,35497,Unemployed,419,5,Hyderabad,5
9324,35,94714,Self-employed,506,15,Jaipur,0
9325,37,141892,Unemployed,705,10,Mumbai,2
9326,65,74870,Self-employed,846,10,Mumbai,0
9327,42,112847,Salaried,423,13,Kolkata,1
9328,55,111134,Unemployed,411,10,Mumbai,1
9329,30,116110,Self-employed,506,13,Lucknow,3
9330,21,86918,Salaried,685,0,Jaipur,2
9331,31,18159,Self-employed,446,10,Chennai,5
9332,50,86192,Salaried,431,17,Delhi,2
9333,45,81988,Salaried,403,16,Bangalore,4
9334,69,122739,Self-employed,541,3,Jaipur,3
9335,54,33706,Student,630,13,Ahmedabad,2
9336,25,25219,Self-employed,448,7,Bangalore,1
9337,61,104017,Salaried,468,14,Ahmedabad,3
9338,51,49536,Retired,383,15,Chennai,4
9339,61,86632,Salaried,819,0,Hyderabad,4
9340,22,123798,Salaried,406,0,Chennai,5
9341,22,48937,Salaried,564,9,Kolkata,1
9342,48,36094,Salaried,330,1,Lucknow,5
9343,62,140312,Salaried,846,11,Jaipur,2
9344,26,119894,Self-employed,546,3,Delhi,1
9345,59,132118,Unemployed,829,18,Jaipur,4
9346,49,98325,Retired,323,0,Bangalore,3
9347,50,146195,Student,797,0,Kolkata,2
9348,20,86445,Salaried,603,8,Pune,1
9349,47,46854,Self-employed,697,19,Delhi,5
9350,67,75796,Student,702,12,Chennai,2
9351,29,84432,Salaried,615,10,Mumbai,3
9352,46,32111,Student,577,18,Bangalore,4
9353,20,87575,Salaried,841,16,Hyderabad,1
9354,43,125380,Salaried,442,2,Delhi,4
9355,47,39099,Self-employed,709,19,Ahmedabad,5
9356,26,123871,Self-employed,655,12,Pune,5
9357,43,30029,Self-employed,823,18,Bangalore,1
9358,19,30793,Salaried,502,19,Mumbai,2
9359,20,63106,Self-employed,549,8,Lucknow,0
9360,63,100662,Unemployed,402,18,Chennai,1
9361,21,147044,Retired,767,18,Chennai,1
9362,42,146432,Salaried,334,0,Kolkata,4
9363,68,148704,Salaried,623,16,Bangalore,0
9364,30,95882,Self-employed,831,13,Delhi,5
9365,56,128858,Salaried,567,11,Delhi,0
9366,61,92656,Salaried,352,1,Ahmedabad,0
9367,52,65908,Salaried,317,2,Pune,0
9368,40,45579,Student,403,4,Mumbai,3
9369,26,70178,Student,451,2,Jaipur,2
9370,19,128204,Salaried,713,13,Bangalore,1
9371,58,110373,Salaried,383,17,Bangalore,2
9372,61,147047,Self-employed,607,4,Mumbai,5
9373,48,31265,Salaried,450,2,Chennai,2
9374,61,78518,Self-employed,848,1,Lucknow,2
9375,64,135611,Salaried,678,8,Delhi,2
9376,19,130475,Salaried,757,17,Bangalore,3
9377,49,119968,Salaried,652,1,Mumbai,4
9378,35,126686,Self-employed,675,18,Bangalore,3
9379,30,91377,Self-employed,507,2,Chennai,1
9380,63,106671,Salaried,759,17,Hyderabad,0
9381,22,117263,Salaried,703,13,Bangalore,4
9382,59,136359,Salaried,829,12,Hyderabad,1
9383,61,113844,Self-employed,784,15,Delhi,5
9384,27,79927,Salaried,421,10,Ahmedabad,0
9385,60,88170,Salaried,419,11,Kolkata,3
9386,42,91150,Self-employed,550,2,Mumbai,2
9387,51,39866,Student,598,5,Hyderabad,1
9388,54,25282,Salaried,346,15,Bangalore,5
9389,47,30412,Salaried,598,11,Chennai,2
9390,24,139135,Unemployed,818,19,Lucknow,2
9391,23,135019,Unemployed,544,5,Ahmedabad,2
9392,20,39583,Salaried,517,19,Ahmedabad,4
9393,30,76922,Student,643,13,Ahmedabad,0
9394,20,21185,Self-employed,613,8,Kolkata,2
9395,43,101348,Retired,589,16,Mumbai,5
9396,41,106368,Salaried,496,11,Jaipur,1
9397,23,32423,Student,715,0,Jaipur,4
9398,60,66268,Student,605,19,Ahmedabad,0
9399,66,127692,Salaried,777,7,Bangalore,1
9400,59,110201,Student,835,11,Hyderabad,4
9401,29,98744,Salaried,519,15,Pune,4
9402,66,133222,Salaried,653,0,Chennai,5
9403,53,103590,Salaried,534,2,Lucknow,5
9404,19,137942,Unemployed,605,11,Pune,0
9405,28,149643,Self-employed,409,3,Jaipur,5
9406,56,34576,Self-employed,613,9,Hyderabad,2
9407,51,134641,Self-employed,312,1,Delhi,1
9408,43,130042,Salaried,466,8,Hyderabad,3
9409,35,148846,Salaried,352,2,Bangalore,2
9410,38,113908,Self-employed,485,19,Pune,3
9411,53,123724,Retired,575,19,Bangalore,1
9412,57,95225,Salaried,746,0,Ahmedabad,5
9413,69,97273,Salaried,651,4,Kolkata,3
9414,63,141170,Salaried,309,4,Bangalore,3
9415,61,113737,Salaried,709,1,Mumbai,0
9416,39,111537,Salaried,446,14,Kolkata,0
9417,47,72602,Self-employed,776,0,Lucknow,5
9418,67,81403,Salaried,727,4,Lucknow,0
9419,60,42182,Salaried,787,6,Bangalore,3
9420,47,94876,Student,829,10,Chennai,5
9421,25,62059,Retired,676,9,Lucknow,3
9422,51,15393,Salaried,411,1,Chennai,4
9423,64,76775,Self-employed,514,13,Bangalore,4
9424,26,60909,Salaried,809,4,Hyderabad,0
9425,68,67906,Unemployed,810,15,Hyderabad,4
9426,37,112435,Self-employed,325,1,Mumbai,2
9427,57,101290,Student,492,9,Chennai,4
9428,42,59389,Salaried,402,17,Mumbai,4
9429,36,35905,Self-employed,504,4,Pune,2
9430,22,72557,Self-employed,710,16,Pune,2
9431,28,131814,Salaried,350,10,Hyderabad,1
9432,32,99752,Salaried,430,4,Delhi,3
9433,25,19574,Self-employed,642,5,Chennai,3
9434,36,103291,Self-employed,699,15,Bangalore,5
9435,40,111777,Salaried,501,4,Ahmedabad,0
9436,44,39737,Self-employed,599,15,Delhi,5
9437,57,38390,Salaried,445,16,Lucknow,1
9438,49,106612,Salaried,761,8,Delhi,5
9439,43,67330,Self-employed,803,1,Mumbai,1
9440,44,86082,Salaried,450,18,Jaipur,1
9441,36,36037,Salaried,615,16,Bangalore,1
9442,67,131668,Salaried,498,4,Ahmedabad,4
9443,59,134229,Self-employed,728,1,Pune,1
9444,46,111342,Salaried,602,10,Mumbai,5
9445,56,104928,Retired,797,0,Hyderabad,0
9446,58,43087,Salaried,404,8,Ahmedabad,3
9447,50,124844,Self-employed,309,5,Hyderabad,1
9448,36,27803,Salaried,326,10,Jaipur,5
9449,54,81761,Self-employed,626,7,Lucknow,3
9450,36,143574,Self-employed,794,12,Bangalore,2
9451,50,93579,Salaried,426,11,Hyderabad,0
9452,64,51764,Salaried,415,8,Lucknow,2
9453,33,62055,Salaried,470,14,Chennai,5
9454,40,66599,Salaried,511,4,Lucknow,1
9455,24,97787,Salaried,488,14,Bangalore,4
9456,43,54720,Self-employed,789,1,Ahmedabad,5
9457,49,108120,Student,686,14,Pune,4
9458,29,142976,Salaried,429,19,Pune,5
9459,25,129067,Salaried,322,2,Kolkata,0
9460,22,28219,Salaried,478,9,Mumbai,1
9461,59,123508,Salaried,700,6,Hyderabad,1
9462,45,105351,Student,804,9,Hyderabad,1
9463,22,63865,Self-employed,710,9,Bangalore,1
9464,66,69457,Salaried,831,7,Kolkata,5
9465,43,105159,Salaried,628,12,Jaipur,0
9466,22,108391,Student,770,1,Pune,0
9467,39,65400,Salaried,719,11,Ahmedabad,0
9468,32,51258,Salaried,711,8,Jaipur,5
9469,30,126466,Self-employed,328,0,Hyderabad,4
9470,45,92264,Self-employed,544,11,Kolkata,1
9471,50,123877,Salaried,843,11,Lucknow,5
9472,60,26338,Unemployed,359,2,Kolkata,2
9473,40,26675,Salaried,438,7,Kolkata,3
9474,50,104606,Self-employed,656,12,Chennai,0
9475,60,35080,Salaried,511,16,Delhi,0
9476,35,28936,Self-employed,438,19,Pune,5
9477,67,25019,Unemployed,667,9,Pune,4
9478,47,103304,Salaried,785,14,Ahmedabad,4
9479,43,19486,Self-employed,792,8,Ahmedabad,3
9480,33,97021,Student,635,17,Ahmedabad,4
9481,30,133411,Salaried,477,7,Jaipur,5
9482,56,66697,Self-employed,812,13,Hyderabad,0
9483,50,70998,Unemployed,412,10,Chennai,1
9484,43,124537,Self-employed,582,12,Delhi,1
9485,65,112816,Salaried,415,15,Kolkata,4
9486,18,41576,Salaried,843,13,Hyderabad,3
9487,66,123064,Salaried,340,8,Pune,1
9488,55,96238,Salaried,466,8,Hyderabad,0
9489,19,140885,Self-employed,520,18,Chennai,1
9490,66,80729,Salaried,612,4,Chennai,3
9491,23,105853,Salaried,645,14,Pune,4
9492,63,136992,Salaried,770,10,Mumbai,2
9493,67,44144,Salaried,430,18,Bangalore,5
9494,55,140143,Self-employed,347,5,Lucknow,1
9495,59,92148,Self-employed,433,9,Delhi,0
9496,41,34307,Salaried,818,15,Delhi,3
9497,35,75598,Salaried,616,4,Pune,1
9498,44,106810,Salaried,737,17,Kolkata,2
9499,58,117870,Salaried,734,18,Bangalore,4
9500,25,87131,Salaried,385,9,Jaipur,1
9501,45,109138,Self-employed,347,9,Jaipur,3
9502,27,118412,Salaried,789,11,Bangalore,1
9503,34,49551,Unemployed,723,2,Delhi,4
9504,46,57926,Salaried,686,3,Bangalore,3
9505,23,105214,Salaried,539,11,Jaipur,5
9506,31,102750,Student,750,6,Ahmedabad,2
9507,39,53599,Self-employed,557,11,Bangalore,0
9508,23,124490,Self-employed,343,2,Chennai,5
9509,43,108330,Unemployed,467,17,Kolkata,4
9510,56,37593,Salaried,490,18,Chennai,1
9511,29,124865,Student,575,4,Delhi,2
9512,52,147192,Salaried,668,13,Jaipur,3
9513,31,58638,Student,605,7,Delhi,5
9514,39,20193,Salaried,404,14,Kolkata,3
9515,68,30213,Salaried,720,15,Jaipur,3
9516,40,94766,Self-employed,648,17,Ahmedabad,1
9517,65,44949,Salaried,618,10,Mumbai,5
9518,24,149599,Salaried,719,1,Bangalore,4
9519,57,117433,Salaried,356,9,Lucknow,5
9520,67,40412,Self-employed,539,10,Jaipur,2
9521,42,61545,Unemployed,726,4,Bangalore,3
9522,30,91519,Self-employed,439,16,Chennai,0
9523,38,111093,Student,361,0,Bangalore,4
9524,58,109324,Self-employed,451,13,Pune,2
9525,27,18768,Salaried,429,14,Jaipur,2
9526,26,16504,Salaried,730,6,Chennai,3
9527,32,82986,Self-employed,739,7,Jaipur,0
9528,69,131721,Salaried,511,15,Delhi,3
9529,19,23002,Salaried,699,12,Delhi,4
9530,42,90427,Salaried,840,4,Jaipur,1
9531,30,53787,Self-employed,481,2,Pune,4
9532,51,28898,Salaried,350,12,Kolkata,0
9533,68,95800,Student,825,18,Kolkata,1
9534,51,124023,Self-employed,649,11,Jaipur,5
9535,52,141718,Self-employed,357,18,Chennai,5
9536,55,48743,Retired,718,16,Mumbai,2
9537,20,145864,Salaried,436,10,Hyderabad,3
9538,59,31868,Self-employed,336,2,Bangalore,5
9539,23,17080,Unemployed,793,1,Delhi,4
9540,65,78271,Self-employed,658,13,Chennai,3
9541,66,92585,Student,384,16,Jaipur,4
9542,36,139147,Salaried,838,1,Ahmedabad,3
9543,20,30628,Self-employed,643,17,Pune,5
9544,35,140850,Salaried,470,14,Delhi,1
9545,56,143872,Retired,319,11,Mumbai,3
9546,26,27460,Student,602,15,Pune,0
9547,69,18477,Unemployed,496,15,Lucknow,0
9548,29,17202,Self-employed,626,6,Kolkata,5
9549,22,128846,Salaried,311,5,Ahmedabad,3
9550,20,104410,Salaried,660,13,Kolkata,5
9551,28,121753,Unemployed,595,7,Lucknow,2
9552,47,26850,Salaried,702,19,Kolkata,0
9553,21,148878,Salaried,737,18,Ahmedabad,4
9554,22,109368,Self-employed,674,18,Jaipur,5
9555,18,15185,Salaried,799,11,Delhi,3
9556,44,39718,Self-employed,725,8,Ahmedabad,3
9557,45,33458,Salaried,343,8,Pune,0
9558,46,145293,Self-employed,408,4,Ahmedabad,2
9559,35,137342,Unemployed,397,13,Bangalore,4
9560,29,91820,Salaried,744,0,Chennai,0
9561,30,119014,Salaried,380,2,Pune,0
9562,58,96234,Salaried,517,10,Kolkata,5
9563,19,144282,Retired,448,3,Pune,1
9564,54,24102,Salaried,375,19,Hyderabad,5
9565,62,82107,Salaried,362,0,Chennai,0
9566,33,141328,Self-employed,693,5,Delhi,4
9567,65,99079,Salaried,802,9,Hyderabad,1
9568,41,144169,Retired,666,3,Hyderabad,2
9569,52,109437,Unemployed,777,16,Hyderabad,2
9570,39,94570,Self-employed,554,4,Mumbai,0
9571,53,107656,Self-employed,358,1,Hyderabad,4
9572,28,133301,Salaried,819,0,Delhi,2
9573,63,53795,Self-employed,688,15,Lucknow,4
9574,46,66425,Self-employed,725,6,Kolkata,5
9575,52,72402,Salaried,801,2,Pune,5
9576,65,118127,Salaried,823,13,Lucknow,4
9577,32,64649,Unemployed,579,18,Mumbai,1
9578,48,110117,Salaried,344,15,Kolkata,0
9579,59,93156,Self-employed,480,5,Jaipur,4
9580,58,103340,Salaried,700,0,Bangalore,4
9581,60,45568,Salaried,673,6,Delhi,5
9582,33,23912,Student,533,10,Lucknow,4
9583,27,65426,Salaried,485,17,Delhi,0
9584,66,125363,Self-employed,374,8,Bangalore,1
9585,49,17355,Salaried,532,2,Mumbai,5
9586,68,111429,Salaried,467,7,Delhi,4
9587,19,126151,Unemployed,834,7,Hyderabad,3
9588,41,53526,Self-employed,706,0,Ahmedabad,5
9589,40,33088,Unemployed,529,9,Chennai,1
9590,19,80377,Unemployed,592,14,Delhi,0
9591,55,76788,Unemployed,699,9,Kolkata,2
9592,48,66529,Unemployed,337,7,Bangalore,4
9593,68,127833,Salaried,531,1,Kolkata,3
9594,57,118578,Unemployed,467,17,Bangalore,2
9595,43,54177,Salaried,584,1,Chennai,5
9596,46,131903,Salaried,402,18,Kolkata,2
9597,20,54056,Salaried,444,8,Pune,4
9598,31,81421,Salaried,665,9,Delhi,4
9599,42,54685,Self-employed,452,3,Hyderabad,2
9600,65,83590,Salaried,721,0,Hyderabad,3
9601,18,23977,Salaried,618,10,Hyderabad,1
9602,20,105568,Salaried,784,1,Pune,4
9603,43,63967,Salaried,382,3,Bangalore,4
9604,35,89072,Student,832,14,Kolkata,0
9605,26,36500,Salaried,587,19,Jaipur,4
9606,55,130475,Salaried,788,12,Jaipur,0
9607,40,25011,Salaried,567,0,Pune,2
9608,38,110335,Salaried,378,1,Jaipur,3
9609,18,15814,Self-employed,675,5,Bangalore,0
9610,38,35150,Salaried,450,6,Pune,0
9611,44,18825,Salaried,314,18,Mumbai,1
9612,59,65368,Salaried,400,3,Pune,2
9613,23,90535,Salaried,687,17,Bangalore,0
9614,61,101390,Retired,334,8,Bangalore,0
9615,53,120076,Salaried,650,10,Pune,2
9616,45,72899,Student,582,4,Ahmedabad,4
9617,62,37601,Self-employed,824,0,Chennai,3
9618,34,138355,Salaried,464,1,Mumbai,5
9619,57,106450,Retired,727,2,Kolkata,5
9620,69,143424,Student,557,16,Lucknow,2
9621,20,140451,Self-employed,742,1,Chennai,5
9622,29,81097,Salaried,419,0,Jaipur,1
9623,56,81741,Self-employed,368,1,Bangalore,5
9624,29,76377,Salaried,573,7,Chennai,1
9625,19,60161,Salaried,621,12,Lucknow,3
9626,63,27987,Student,661,13,Bangalore,1
9627,39,20239,Unemployed,798,11,Bangalore,2
9628,40,59785,Salaried,503,8,Pune,4
9629,47,38358,Student,805,18,Kolkata,5
9630,22,129759,Self-employed,408,19,Kolkata,1
9631,26,24096,Salaried,564,6,Chennai,2
9632,38,62582,Salaried,687,9,Lucknow,1
9633,28,126595,Salaried,715,2,Ahmedabad,0
9634,22,116494,Student,611,18,Mumbai,0
9635,52,84484,Student,551,16,Jaipur,4
9636,44,16287,Salaried,687,7,Jaipur,5
9637,66,38902,Self-employed,502,17,Kolkata,0
9638,19,71188,Student,409,6,Mumbai,0
9639,41,127894,Student,381,6,Delhi,1
9640,48,96204,Salaried,492,19,Delhi,1
9641,50,147844,Self-employed,438,15,Hyderabad,3
9642,56,141800,Unemployed,520,14,Lucknow,4
9643,47,73293,Salaried,488,13,Jaipur,0
9644,63,22213,Salaried,639,15,Bangalore,3
9645,54,29941,Student,777,8,Ahmedabad,1
9646,68,110881,Salaried,721,9,Delhi,5
9647,45,41855,Unemployed,496,14,Kolkata,3
9648,48,136739,Salaried,497,9,Chennai,0
9649,28,16046,Salaried,623,1,Kolkata,3
9650,40,29909,Salaried,559,4,Chennai,2
9651,19,131853,Salaried,498,7,Mumbai,4
9652,57,109135,Salaried,436,5,Mumbai,0
9653,58,86255,Self-employed,645,5,Hyderabad,2
9654,44,121378,Salaried,799,0,Ahmedabad,5
9655,52,25352,Unemployed,474,15,Pune,3
9656,19,111421,Self-employed,788,17,Chennai,5
9657,56,95539,Salaried,768,2,Kolkata,0
9658,54,24223,Salaried,615,6,Ahmedabad,3
9659,38,93254,Self-employed,679,11,Hyderabad,4
9660,22,81851,Salaried,741,9,Ahmedabad,5
9661,69,65044,Salaried,432,9,Hyderabad,5
9662,62,105218,Unemployed,326,8,Ahmedabad,4
9663,38,100000,Salaried,556,10,Chennai,1
9664,46,122240,Salaried,655,18,Lucknow,2
9665,37,46028,Self-employed,535,7,Delhi,4
9666,55,62953,Self-employed,658,17,Bangalore,2
9667,37,72965,Salaried,570,3,Kolkata,3
9668,67,84776,Student,848,1,Chennai,2
9669,42,46459,Self-employed,809,12,Kolkata,5
9670,19,105932,Self-employed,738,13,Mumbai,0
9671,49,97331,Salaried,770,19,Mumbai,1
9672,43,82982,Retired,610,14,Delhi,2
9673,23,149418,Salaried,516,12,Delhi,2
9674,58,129773,Self-employed,611,5,Ahmedabad,4
9675,20,55517,Salaried,529,19,Lucknow,0
9676,50,84678,Self-employed,639,5,Chennai,4
9677,18,127491,Salaried,794,0,Hyderabad,2
9678,68,87623,Salaried,463,14,Delhi,3
9679,22,112409,Student,415,5,Mumbai,4
9680,30,63575,Salaried,370,14,Pune,4
9681,36,123501,Salaried,352,14,Chennai,0
9682,29,60039,Self-employed,641,13,Chennai,5
9683,65,95260,Self-employed,631,9,Delhi,4
9684,42,70871,Salaried,378,7,Jaipur,4
9685,68,135773,Salaried,406,3,Delhi,1
9686,52,75693,Retired,381,5,Kolkata,2
9687,29,46433,Self-employed,501,19,Hyderabad,0
9688,47,89797,Salaried,691,16,Bangalore,4
9689,22,30804,Student,529,6,Bangalore,5
9690,51,60101,Self-employed,319,11,Hyderabad,5
9691,39,93363,Salaried,622,3,Kolkata,2
9692,56,122904,Salaried,767,13,Kolkata,0
9693,30,59700,Salaried,609,3,Kolkata,5
9694,64,129952,Unemployed,771,15,Jaipur,4
9695,20,92576,Salaried,373,0,Ahmedabad,3
9696,37,34477,Salaried,735,17,Chennai,5
9697,48,31127,Unemployed,761,18,Hyderabad,1
9698,22,41049,Salaried,449,9,Kolkata,0
9699,41,27473,Self-employed,614,4,Hyderabad,3
9700,57,76836,Salaried,549,12,Ahmedabad,0
9701,50,57464,Self-employed,573,5,Hyderabad,0
9702,25,28714,Salaried,781,3,Hyderabad,1
9703,41,75878,Salaried,381,15,Delhi,3
9704,67,112481,Self-employed,531,7,Pune,4
9705,37,56514,Self-employed,330,15,Bangalore,2
9706,33,111988,Self-employed,383,10,Pune,3
9707,67,20136,Self-employed,341,0,Kolkata,5
9708,69,113115,Self-employed,550,17,Chennai,0
9709,29,46516,Self-employed,809,3,Lucknow,5
9710,30,91982,Self-employed,686,10,Mumbai,3
9711,62,60099,Self-employed,565,19,Ahmedabad,2
9712,59,105060,Self-employed,321,9,Delhi,5
9713,56,28188,Self-employed,706,15,Lucknow,3
9714,42,126073,Salaried,375,9,Ahmedabad,2
9715,63,66188,Salaried,786,4,Pune,1
9716,49,139077,Salaried,650,17,Bangalore,0
9717,41,20560,Unemployed,539,10,Pune,4
9718,65,123763,Student,350,2,Mumbai,3
9719,64,138651,Self-employed,775,8,Kolkata,1
9720,61,53082,Salaried,824,14,Delhi,5
9721,26,56430,Salaried,456,18,Delhi,3
9722,57,55397,Unemployed,498,18,Bangalore,1
9723,67,144189,Unemployed,730,4,Pune,2
9724,40,40247,Salaried,417,5,Delhi,1
9725,67,56986,Student,374,3,Chennai,5
9726,30,59514,Salaried,666,11,Chennai,5
9727,49,82008,Salaried,477,4,Mumbai,2
9728,67,62367,Self-employed,407,2,Pune,1
9729,32,85408,Self-employed,778,9,Chennai,3
9730,53,58341,Student,392,12,Mumbai,4
9731,66,124786,Salaried,399,3,Bangalore,0
9732,22,19753,Salaried,480,7,Ahmedabad,5
9733,39,16833,Salaried,395,0,Chennai,4
9734,33,23645,Salaried,531,19,Mumbai,1
9735,58,130428,Self-employed,550,1,Pune,2
9736,27,110977,Salaried,318,3,Ahmedabad,5
9737,41,55024,Salaried,586,0,Kolkata,5
9738,35,123853,Salaried,506,6,Jaipur,3
9739,66,24940,Self-employed,610,4,Pune,0
9740,35,50169,Self-employed,402,12,Chennai,0
9741,24,93647,Self-employed,458,12,Jaipur,3
9742,21,60200,Salaried,677,7,Hyderabad,1
9743,43,98682,Salaried,523,16,Ahmedabad,0
9744,22,48677,Salaried,391,9,Delhi,3
9745,33,38022,Salaried,475,9,Kolkata,1
9746,52,15530,Salaried,409,1,Bangalore,3
9747,43,24551,Salaried,478,5,Kolkata,0
9748,35,43394,Self-employed,752,0,Ahmedabad,4
9749,46,57987,Retired,374,17,Hyderabad,0
9750,40,83096,Salaried,791,2,Mumbai,0
9751,31,99097,Student,402,6,Pune,4
9752,32,85639,Salaried,340,15,Lucknow,1
9753,66,17781,Self-employed,734,2,Mumbai,5
9754,50,32330,Self-employed,633,5,Mumbai,5
9755,42,20257,Unemployed,579,3,Chennai,3
9756,38,73642,Salaried,841,15,Jaipur,1
9757,34,66663,Salaried,805,2,Ahmedabad,1
9758,40,49956,Salaried,542,3,Lucknow,3
9759,60,30615,Salaried,378,10,Bangalore,1
9760,34,15881,Unemployed,736,16,Hyderabad,5
9761,31,147919,Student,760,18,Mumbai,2
9762,46,136265,Self-employed,496,7,Lucknow,5
9763,37,102646,Self-employed,330,13,Mumbai,0
9764,47,142148,Unemployed,329,15,Hyderabad,2
9765,36,52336,Salaried,412,18,Kolkata,3
9766,56,96850,Salaried,689,15,Hyderabad,5
9767,30,110654,Student,575,9,Jaipur,4
9768,35,37966,Salaried,519,14,Kolkata,4
9769,40,26320,Salaried,575,3,Delhi,3
9770,63,80125,Salaried,311,3,Mumbai,5
9771,50,132296,Self-employed,792,12,Delhi,5
9772,56,140355,Self-employed,348,11,Ahmedabad,3
9773,57,26780,Salaried,309,14,Mumbai,1
9774,35,91230,Self-employed,560,12,Hyderabad,0
9775,26,127696,Student,619,5,Kolkata,2
9776,50,121075,Unemployed,485,13,Lucknow,3
9777,49,148001,Self-employed,528,2,Jaipur,4
9778,34,110153,Student,320,7,Chennai,0
9779,36,134522,Student,315,11,Kolkata,0
9780,44,113415,Salaried,779,13,Kolkata,1
9781,23,124715,Salaried,305,4,Delhi,4
9782,52,137636,Salaried,597,1,Delhi,0
9783,54,130402,Salaried,558,9,Jaipur,4
9784,51,139281,Salaried,339,2,Bangalore,2
9785,37,26116,Salaried,575,9,Hyderabad,4
9786,42,98301,Salaried,818,8,Chennai,0
9787,21,38867,Salaried,810,16,Chennai,5
9788,27,124507,Salaried,607,5,Kolkata,4
9789,27,16208,Self-employed,832,8,Kolkata,4
9790,41,80572,Student,779,2,Pune,5
9791,38,98748,Self-employed,713,6,Pune,4
9792,28,100261,Salaried,822,11,Mumbai,0
9793,44,85883,Salaried,764,17,Hyderabad,2
9794,33,47171,Salaried,708,9,Chennai,4
9795,43,43517,Salaried,349,1,Delhi,2
9796,47,42648,Student,344,16,Hyderabad,0
9797,66,84654,Salaried,570,2,Pune,3
9798,33,32910,Student,574,0,Delhi,4
9799,24,64647,Self-employed,722,7,Delhi,2
9800,33,15424,Salaried,334,12,Lucknow,4
9801,52,41641,Self-employed,803,10,Pune,1
9802,33,137416,Salaried,787,7,Jaipur,1
9803,57,49001,Salaried,443,19,Bangalore,0
9804,29,29546,Self-employed,492,0,Bangalore,5
9805,52,16304,Retired,846,1,Ahmedabad,2
9806,66,137722,Student,477,17,Delhi,2
9807,38,127448,Unemployed,617,17,Jaipur,5
9808,67,97368,Salaried,690,8,Pune,5
9809,60,103327,Salaried,450,6,Ahmedabad,4
9810,53,25022,Salaried,746,8,Jaipur,1
9811,65,92354,Salaried,840,9,Bangalore,4
9812,34,135045,Salaried,449,1,Hyderabad,4
9813,49,84498,Self-employed,507,4,Ahmedabad,5
9814,58,138780,Self-employed,648,16,Mumbai,0
9815,23,49307,Unemployed,561,1,Hyderabad,3
9816,41,134645,Unemployed,712,19,Bangalore,0
9817,44,18244,Salaried,388,9,Ahmedabad,0
9818,37,40090,Unemployed,557,0,Jaipur,0
9819,42,79277,Salaried,791,11,Kolkata,4
9820,19,126559,Salaried,847,14,Delhi,4
9821,26,114895,Student,395,5,Pune,4
9822,45,137641,Salaried,703,13,Hyderabad,4
9823,55,22855,Unemployed,738,13,Hyderabad,5
9824,20,137963,Self-employed,336,14,Mumbai,1
9825,37,131815,Unemployed,780,0,Mumbai,2
9826,23,147673,Retired,479,16,Hyderabad,1
9827,56,126113,Self-employed,624,10,Hyderabad,2
9828,50,65374,Salaried,705,14,Chennai,4
9829,18,27521,Salaried,768,19,Ahmedabad,1
9830,54,115146,Salaried,570,15,Jaipur,2
9831,23,73933,Salaried,653,8,Hyderabad,3
9832,62,86101,Student,764,11,Lucknow,0
9833,51,58856,Salaried,663,1,Ahmedabad,2
9834,64,52256,Retired,368,14,Ahmedabad,5
9835,32,72352,Self-employed,607,8,Delhi,1
9836,62,136638,Salaried,722,15,Chennai,1
9837,43,16927,Salaried,813,16,Mumbai,3
9838,31,23301,Salaried,518,19,Mumbai,2
9839,24,101849,Salaried,344,3,Hyderabad,0
9840,63,83759,Self-employed,532,7,Pune,1
9841,48,103047,Salaried,666,6,Kolkata,4
9842,41,101991,Self-employed,421,5,Ahmedabad,5
9843,48,78058,Salaried,794,4,Jaipur,4
9844,46,45341,Student,448,9,Chennai,2
9845,59,122845,Student,775,2,Mumbai,5
9846,49,114878,Salaried,649,19,Hyderabad,3
9847,34,70820,Salaried,414,16,Mumbai,0
9848,31,59791,Self-employed,536,15,Delhi,2
9849,57,18255,Retired,346,10,Chennai,2
9850,53,19944,Salaried,573,12,Chennai,5
9851,65,45497,Salaried,412,17,Hyderabad,0
9852,41,42723,Salaried,844,13,Ahmedabad,1
9853,62,26845,Salaried,698,1,Bangalore,4
9854,44,104833,Salaried,591,11,Hyderabad,1
9855,42,108039,Salaried,615,9,Bangalore,3
9856,49,70569,Self-employed,461,6,Delhi,0
9857,69,96434,Salaried,389,1,Chennai,1
9858,35,15744,Salaried,350,17,Chennai,2
9859,63,67082,Salaried,723,16,Delhi,2
9860,35,91407,Unemployed,705,15,Bangalore,3
9861,54,94072,Salaried,443,1,Jaipur,3
9862,43,79766,Retired,827,10,Lucknow,0
9863,26,80711,Self-employed,432,18,Jaipur,1
9864,52,18217,Salaried,798,6,Lucknow,2
9865,25,127000,Salaried,689,16,Pune,0
9866,37,68509,Self-employed,469,14,Delhi,0
9867,59,37357,Self-employed,841,8,Kolkata,2
9868,39,57354,Self-employed,459,11,Ahmedabad,1
9869,36,53570,Student,711,7,Mumbai,4
9870,47,22034,Self-employed,683,1,Mumbai,3
9871,45,31263,Salaried,484,16,Hyderabad,5
9872,52,90348,Student,513,15,Pune,1
9873,60,100275,Self-employed,393,15,Pune,4
9874,28,34575,Salaried,518,2,Bangalore,4
9875,48,37231,Self-employed,518,18,Lucknow,2
9876,66,91935,Self-employed,312,15,Chennai,4
9877,65,38100,Salaried,722,10,Jaipur,3
9878,56,65697,Salaried,722,8,Lucknow,0
9879,53,26357,Salaried,785,13,Chennai,1
9880,47,86038,Salaried,676,1,Kolkata,5
9881,40,120912,Salaried,707,12,Hyderabad,3
9882,36,70149,Salaried,418,4,Pune,4
9883,29,20566,Salaried,570,19,Kolkata,0
9884,32,137474,Salaried,396,13,Pune,0
9885,48,56576,Unemployed,346,0,Delhi,4
9886,60,68318,Salaried,472,5,Pune,3
9887,54,84550,Salaried,646,10,Kolkata,5
9888,54,142059,Salaried,536,16,Lucknow,4
9889,32,66408,Student,842,13,Kolkata,1
9890,46,94149,Salaried,512,13,Hyderabad,0
9891,67,55167,Salaried,571,19,Jaipur,2
9892,60,48699,Salaried,706,6,Chennai,0
9893,43,64545,Retired,377,18,Kolkata,4
9894,61,128927,Self-employed,445,5,Kolkata,5
9895,19,38386,Salaried,311,12,Bangalore,4
9896,37,74273,Salaried,528,9,Bangalore,2
9897,32,127312,Salaried,640,18,Mumbai,2
9898,69,56585,Salaried,463,9,Chennai,0
9899,21,145126,Student,681,4,Jaipur,4
9900,39,22509,Salaried,721,12,Delhi,0
9901,67,91607,Self-employed,737,16,Lucknow,3
9902,55,127385,Salaried,362,4,Chennai,4
9903,40,78305,Self-employed,545,6,Jaipur,5
9904,43,116085,Salaried,349,19,Jaipur,0
9905,68,57851,Salaried,533,6,Ahmedabad,5
9906,28,91910,Self-employed,827,14,Delhi,4
9907,45,49407,Salaried,815,14,Bangalore,4
9908,19,61606,Self-employed,581,0,Hyderabad,1
9909,25,122277,Unemployed,519,11,Delhi,0
9910,46,145204,Salaried,647,1,Bangalore,4
9911,28,25515,Unemployed,663,17,Mumbai,2
9912,54,115578,Salaried,341,14,Chennai,2
9913,35,107345,Salaried,722,6,Hyderabad,1
9914,67,75631,Self-employed,434,8,Mumbai,4
9915,31,115784,Self-employed,558,2,Mumbai,0
9916,27,140496,Salaried,490,9,Ahmedabad,5
9917,52,36058,Student,555,1,Pune,0
9918,26,141226,Retired,793,11,Pune,5
9919,52,61696,Salaried,372,6,Pune,5
9920,28,53872,Unemployed,373,4,Kolkata,5
9921,61,69971,Self-employed,700,3,Chennai,2
9922,29,97083,Unemployed,378,0,Pune,3
9923,20,38306,Salaried,547,14,Bangalore,4
9924,56,60693,Student,486,8,Jaipur,1
9925,31,43239,Salaried,769,5,Delhi,1
9926,45,108366,Unemployed,755,13,Mumbai,5
9927,28,83917,Self-employed,575,1,Ahmedabad,4
9928,56,115368,Salaried,478,11,Hyderabad,4
9929,42,133469,Salaried,428,5,Chennai,5
9930,38,118434,Student,678,12,Lucknow,1
9931,27,41221,Self-employed,414,3,Jaipur,1
9932,60,107799,Salaried,621,15,Kolkata,0
9933,32,71467,Salaried,688,10,Mumbai,1
9934,36,88269,Student,763,5,Mumbai,5
9935,65,126414,Salaried,501,4,Pune,2
9936,39,85585,Salaried,846,0,Mumbai,1
9937,38,58086,Unemployed,708,18,Hyderabad,1
9938,69,125937,Salaried,451,6,Pune,2
9939,61,101624,Salaried,704,17,Lucknow,2
9940,49,96144,Salaried,790,9,Kolkata,4
9941,67,15638,Unemployed,461,9,Bangalore,5
9942,40,85679,Salaried,446,16,Bangalore,5
9943,30,81760,Self-employed,711,6,Delhi,1
9944,22,62234,Unemployed,555,0,Mumbai,2
9945,21,76049,Salaried,669,11,Ahmedabad,0
9946,45,78843,Student,590,16,Jaipur,3
9947,31,125406,Salaried,639,15,Delhi,2
9948,25,78004,Self-employed,375,19,Chennai,3
9949,26,76489,Salaried,839,14,Bangalore,1
9950,68,37991,Self-employed,804,18,Chennai,0
9951,52,120711,Salaried,620,19,Chennai,5
9952,54,137761,Salaried,606,16,Ahmedabad,0
9953,38,72304,Unemployed,646,3,Bangalore,5
9954,35,90103,Salaried,692,3,Bangalore,4
9955,50,122163,Student,498,2,Hyderabad,5
9956,25,133778,Salaried,481,7,Bangalore,5
9957,68,48103,Salaried,539,8,Kolkata,4
9958,66,30330,Student,365,1,Chennai,1
9959,34,148206,Salaried,470,18,Chennai,2
9960,60,139679,Unemployed,464,17,Delhi,0
9961,48,64409,Salaried,362,15,Jaipur,1
9962,51,15184,Salaried,654,17,Kolkata,1
9963,23,136529,Self-employed,350,17,Kolkata,5
9964,39,87799,Salaried,342,11,Pune,2
9965,31,70810,Salaried,620,1,Bangalore,0
9966,20,93727,Self-employed,617,0,Hyderabad,5
9967,29,65546,Salaried,515,15,Mumbai,5
9968,53,50120,Salaried,490,16,Kolkata,0
9969,29,90036,Student,789,0,Kolkata,0
9970,62,95528,Student,389,2,Jaipur,4
9971,19,25133,Salaried,721,19,Kolkata,0
9972,19,111993,Self-employed,790,15,Ahmedabad,3
9973,32,130742,Self-employed,553,13,Bangalore,5
9974,40,50702,Self-employed,406,15,Hyderabad,2
9975,46,61479,Salaried,593,8,Delhi,0
9976,34,94384,Retired,810,1,Jaipur,2
9977,49,102957,Salaried,535,12,Hyderabad,2
9978,24,29426,Self-employed,797,4,Kolkata,3
9979,47,61865,Unemployed,655,19,Jaipur,0
9980,45,62404,Self-employed,603,16,Mumbai,2
9981,31,106246,Unemployed,831,5,Bangalore,5
9982,61,72423,Salaried,791,16,Delhi,0
9983,47,105947,Salaried,416,1,Jaipur,3
9984,34,46152,Unemployed,666,6,Hyderabad,4
9985,49,118870,Salaried,758,16,Hyderabad,4
9986,63,45737,Self-employed,419,7,Kolkata,4
9987,23,69325,Salaried,512,0,Chennai,4
9988,68,148074,Student,482,18,Chennai,1
9989,41,97159,Self-employed,638,4,Delhi,2
9990,23,131632,Salaried,777,4,Pune,1
9991,44,70713,Salaried,793,0,Hyderabad,0
9992,35,56815,Self-employed,530,9,Bangalore,5
9993,41,102787,Salaried,663,9,Pune,4
9994,54,93243,Self-employed,745,2,Jaipur,0
9995,41,37743,Self-employed,783,11,Lucknow,3
9996,55,71739,Salaried,545,11,Mumbai,2
9997,51,134492,Student,524,6,Lucknow,3
9998,57,113156,Salaried,456,15,Ahmedabad,2
9999,64,145275,Salaried,664,19,Delhi,3
10000,32,45339,Salaried,485,2,Mumbai,3
