loan_id,customer_id,loan_amount,loan_term,interest_rate,monthly_income,existing_debt,previous_defaults,late_payments,default
1,6522,679770.11,36,12.58,47227,497582.13,0,4,0
2,5289,891925.08,24,9.09,149593,104759.12,0,1,0
3,2000,919153.38,48,13.66,106943,87815.15,0,9,0
4,9799,218690.69,36,18.13,41312,348387.3,0,11,1
5,9171,621652.08,48,20.42,44054,393540.81,0,10,1
6,4274,316294.41,36,20.19,106602,204045.47,1,2,0
7,923,736743.99,12,16.17,115419,369545.82,0,8,1
8,1161,125493.64,24,9.52,30228,213076.64,0,5,0
9,5942,167716.59,48,17.53,143180,359851.87,0,6,1
10,2378,688907.25,60,8.82,149679,405164.7,0,3,1
11,7622,570633.67,24,14.8,84855,344771.37,0,4,0
12,5940,901182.4,24,18.54,112831,182455.26,0,6,0
13,4580,76829.73,48,9.97,147680,37126.48,0,10,1
14,2597,716470.35,24,17.94,137048,199411.58,0,7,0
15,1993,728475.31,48,18.77,63682,154510.67,0,6,1
16,5544,837766.07,12,22.25,99248,410022.83,0,9,0
17,6977,782034.21,24,11.47,148405,418215.67,0,2,0
18,783,543014.39,60,21.11,140936,154438.8,0,6,0
19,9187,322599.84,48,13.5,124768,250303.55,0,9,0
20,4915,424440.35,12,14.21,66383,180322.7,0,1,0
21,4467,546433.13,12,23.44,44444,484635.75,0,4,0
22,2924,54271.44,36,16.13,26822,302550.85,0,1,0
23,515,135951.4,48,21.92,103906,432715.12,0,3,0
24,4400,565166.02,48,19.18,118691,269408.07,0,7,0
25,3612,996049.07,48,14.7,109875,116042.8,0,6,0
26,4159,407668.49,36,8.69,148795,165703.56,0,1,1
27,6962,808831.75,12,15.88,122784,271647.45,0,9,0
28,3151,412957.69,60,13.99,121702,218353.13,0,6,1
29,6778,168224.03,36,16.39,79581,406333.18,0,1,0
30,2628,849950.59,48,19.7,95557,42665.23,0,4,0
31,7277,674659.23,48,16.59,77329,121205.32,0,4,1
32,3802,176090.13,48,18.74,20093,472566.61,0,5,1
33,5463,464242.43,60,19.19,140626,322822.98,1,9,1
34,9153,264153.34,48,20.47,108369,399697.31,0,1,0
35,3506,683403.42,36,18.4,94182,497150.15,0,8,1
36,1331,491312.7,48,22.09,48179,364361.3,0,3,1
37,1410,333526.82,12,12.8,136566,9304.08,1,9,1
38,5589,578694.0,12,21.37,31535,136697.46,0,9,0
39,9776,910043.85,12,18.11,109876,347645.87,0,8,1
40,8241,444417.04,48,17.81,73556,432763.47,0,4,0
41,6507,967683.73,36,10.98,37593,471455.58,0,10,0
42,779,726119.26,12,21.5,133856,28681.61,0,0,0
43,1889,622477.31,12,17.63,71313,25856.07,0,7,1
44,8093,106755.78,24,10.89,38877,318250.91,0,4,1
45,2550,819586.07,60,8.8,97968,332884.26,1,0,1
46,8090,688916.04,48,15.78,127043,222024.82,0,11,1
47,3751,170578.3,48,12.52,25680,474638.94,0,6,0
48,7149,60077.99,48,12.75,133217,443187.47,0,4,0
49,2018,938914.46,12,9.23,30070,206850.08,0,6,1
50,1640,238530.11,36,11.58,118052,278964.92,0,10,1
51,5553,450868.16,12,23.48,25306,409979.54,1,6,1
52,3071,447892.14,36,16.96,124395,302777.97,0,3,0
53,1558,131668.9,48,16.56,56210,97802.98,0,0,0
54,2010,813948.95,24,16.09,114888,142468.52,0,4,0
55,8515,623478.7,36,20.3,85337,126362.55,0,7,1
56,194,558335.3,60,18.82,75994,218553.17,1,1,0
57,5942,869785.61,24,11.07,69057,356824.45,0,3,1
58,91,914785.35,36,16.02,142192,234953.98,0,2,1
59,9088,172232.36,12,19.34,44315,474890.93,0,4,0
60,8858,703217.93,60,15.21,111668,448751.02,0,7,1
61,1611,304878.79,24,16.67,99988,338832.88,1,10,1
62,5605,791397.86,36,9.3,93018,22626.88,0,2,0
63,2836,160949.6,48,8.19,83978,156640.83,0,9,1
64,6642,228593.39,60,20.3,41145,411763.14,0,2,0
65,9935,252329.47,24,20.4,127067,85053.24,0,7,1
66,229,641863.86,36,16.14,93196,445403.34,0,7,0
67,8034,684572.26,36,21.04,85368,328462.87,0,2,0
68,3977,922652.65,24,20.51,23260,337365.48,0,9,1
69,423,120420.67,60,13.72,113721,72861.92,0,3,0
70,3248,700015.17,12,15.85,123921,311068.79,0,3,0
71,4344,61866.88,24,15.59,24136,425989.82,0,3,0
72,8985,533838.54,12,8.31,53751,221443.32,0,8,1
73,7093,487465.72,36,8.0,45402,18805.67,1,0,1
74,563,92789.19,36,21.41,112570,257211.39,0,6,0
75,3551,227463.54,60,23.64,95212,374748.17,0,9,1
76,8498,811710.11,12,20.1,20559,226500.09,0,2,1
77,1650,338873.19,24,9.14,149458,178503.07,0,8,0
78,193,507977.83,36,17.74,76148,406949.01,0,11,1
79,2778,424555.72,48,18.01,135384,116253.14,1,7,1
80,2384,226336.12,24,12.3,107588,27921.54,0,10,1
81,1634,943931.01,60,15.8,142768,468331.46,0,7,0
82,5037,100309.53,48,8.2,54599,256387.23,0,4,0
83,9762,489116.26,36,15.49,35576,105998.61,0,11,0
84,8892,369533.62,36,12.31,83409,481252.54,0,3,0
85,1174,683410.56,24,11.47,107689,478132.41,0,2,0
86,4538,664643.05,60,23.59,35007,411434.16,0,11,1
87,8986,711866.14,36,18.77,35758,317613.77,0,9,0
88,5271,524220.51,36,22.28,23436,336677.77,0,10,1
89,4848,155138.61,48,10.33,39996,383120.27,0,10,1
90,8240,528099.1,36,11.67,90638,6510.47,0,0,0
91,1702,885271.98,36,22.83,78118,213019.0,0,4,0
92,8026,362325.64,60,12.5,123870,208324.66,0,7,1
93,6298,891848.28,60,22.07,37881,263690.84,0,10,0
94,4185,717700.91,12,19.83,126082,149726.33,1,11,1
95,7305,951087.32,48,8.6,73841,100158.2,0,11,1
96,6831,513722.61,48,10.43,111673,40207.38,0,8,1
97,1873,314916.8,60,16.92,23169,97488.99,0,10,0
98,6015,119570.96,60,22.67,120033,344408.9,0,8,0
99,7640,57774.8,36,17.22,35321,246725.46,0,8,0
100,5584,908978.09,48,19.18,99549,465141.05,0,11,0
101,102,586197.1,24,18.78,50768,103782.74,1,9,1
102,2588,152011.56,24,9.82,49595,205531.71,0,8,0
103,6483,383568.11,48,21.27,124537,136764.84,0,5,1
104,3250,606065.92,12,19.71,37599,50719.81,0,7,0
105,5281,925944.43,48,13.12,139862,30651.81,0,10,0
106,194,754171.14,48,15.37,56897,368374.38,0,0,0
107,2019,447855.28,24,15.68,91934,492049.59,0,3,0
108,8829,87807.98,24,20.71,147720,245183.04,0,0,0
109,1906,659398.17,12,23.24,70231,6498.73,0,4,1
110,7395,396215.54,12,21.72,71142,439828.98,0,6,0
111,1181,116495.82,48,15.66,77828,63798.05,0,8,0
112,2666,838851.73,24,13.41,75701,66324.04,0,3,0
113,1080,939681.2,60,11.7,142085,38026.67,0,9,0
114,4738,549736.65,36,18.98,51452,34454.25,0,0,0
115,9507,160161.86,12,14.68,84535,360038.47,0,9,0
116,3463,432304.06,60,10.28,95746,113282.58,1,4,1
117,8730,123370.67,12,8.79,82954,145144.22,0,9,1
118,584,811768.44,60,17.32,137891,219826.3,0,8,0
119,1849,564055.44,60,21.97,71552,142604.82,0,0,0
120,8497,423700.27,48,13.29,124799,132387.7,1,8,1
121,7905,743396.31,60,11.38,58031,128062.4,1,2,0
122,5643,845080.76,60,16.04,86519,275789.14,0,11,1
123,2518,793773.01,24,20.04,100616,171949.25,0,8,1
124,6008,830060.55,60,8.56,124985,353857.06,0,1,0
125,3284,874533.5,24,22.03,94747,194703.89,1,1,0
126,412,494903.37,12,23.86,108808,188971.41,0,4,0
127,8713,676313.04,24,15.14,147677,441499.06,0,1,0
128,9250,610920.57,24,21.51,135871,165601.82,0,5,0
129,3325,171467.55,12,14.69,115222,424061.16,0,1,0
130,9395,277045.43,24,9.68,61355,398220.86,0,1,0
131,4503,213197.91,24,16.04,139994,355993.79,0,2,0
132,6007,666696.11,60,10.84,100653,153960.43,1,8,1
133,4538,870069.88,24,11.06,77490,262660.23,1,4,1
134,5260,770428.18,60,20.73,143439,25696.62,0,11,0
135,1220,408362.86,48,9.65,128689,18718.82,0,10,1
136,3691,675208.76,48,12.7,149655,75658.75,0,11,1
137,3248,439455.63,24,13.8,64449,243577.36,0,3,0
138,4531,310766.64,12,22.55,92044,412756.75,0,8,0
139,388,898869.11,12,17.76,99775,320456.37,0,3,1
140,1820,244473.27,36,8.91,98008,213924.23,0,0,0
141,9841,652702.31,36,12.5,103680,225101.26,0,8,1
142,9290,763107.39,12,9.02,123101,495567.57,0,11,1
143,9775,637619.35,60,19.77,118999,194091.3,0,5,0
144,785,164098.14,24,11.11,54375,160865.78,0,5,1
145,8107,306128.06,36,11.57,61853,196572.0,0,7,1
146,1331,63851.43,24,9.93,46212,473746.72,0,11,1
147,26,770748.42,24,19.02,66232,32288.72,0,2,0
148,8768,225819.18,60,16.29,116941,315792.57,1,7,0
149,1626,863397.85,48,12.24,77248,437456.17,0,11,1
150,4968,207188.67,12,20.68,46865,260101.7,0,11,1
151,7943,403219.64,36,17.31,137443,182697.72,0,0,0
152,9438,185059.17,36,10.91,67338,174505.79,0,7,1
153,1912,556107.38,48,8.3,135501,33266.79,1,7,1
154,4952,614100.27,48,9.44,37226,268142.66,0,8,0
155,7628,267070.14,36,13.35,141150,410324.9,0,7,1
156,4700,436906.08,12,9.26,131541,376003.78,0,11,0
157,4257,161258.25,36,11.9,70570,177196.42,0,2,0
158,8495,798437.98,12,9.24,20688,441016.95,0,6,0
159,140,797234.9,24,9.19,93620,74644.92,1,7,1
160,5261,295554.63,60,12.93,30388,417257.46,0,8,0
161,8933,301019.65,36,16.22,66386,435770.3,0,1,0
162,2950,629169.47,24,13.49,100629,398208.31,0,9,1
163,307,628544.04,24,9.64,21337,472776.55,0,11,1
164,2019,746659.18,36,8.89,115373,467691.92,0,1,0
165,6330,141701.99,12,11.13,145068,8822.53,0,2,0
166,3204,688418.02,36,19.2,132929,256719.8,0,0,0
167,8157,748733.93,60,18.69,69248,71167.38,0,10,1
168,4069,314957.96,24,22.31,107952,468191.68,0,5,1
169,8190,295272.08,12,22.6,76619,251350.18,1,8,0
170,5345,681387.91,36,20.35,44903,246612.4,0,0,0
171,5176,160751.8,12,8.27,145784,318610.6,0,2,0
172,4931,564499.46,12,9.74,35120,85473.67,0,9,0
173,1974,526788.53,36,19.84,98169,304591.07,1,11,1
174,7260,688923.58,12,21.22,36452,185732.56,0,5,1
175,6730,625859.43,24,17.79,83508,270886.73,1,0,0
176,4212,823635.04,12,13.82,146954,456152.97,1,2,1
177,17,107825.01,24,10.95,126191,491988.62,0,2,1
178,7360,664325.74,60,18.82,57905,67945.58,0,1,0
179,4307,731739.65,24,14.6,66009,213058.24,0,4,0
180,9949,802839.74,36,13.93,24803,99287.84,0,7,1
181,2906,401669.05,12,15.52,147912,379965.74,0,2,0
182,3884,327830.9,36,21.38,37396,87759.7,0,5,0
183,313,681375.9,48,18.28,112042,155248.34,1,3,1
184,2839,539283.04,60,16.89,71179,305632.44,0,7,1
185,8783,407512.77,36,13.11,125291,173796.53,0,3,1
186,9838,757821.07,48,13.21,68984,225580.85,1,1,0
187,422,507027.17,24,23.81,76892,28884.43,0,9,1
188,7316,485065.02,24,15.55,144146,234605.41,0,1,0
189,3443,390606.04,12,11.71,60037,255306.65,0,11,1
190,8627,96618.0,24,19.54,91129,400550.25,0,11,1
191,9367,841904.53,24,20.01,51008,204881.33,0,11,0
192,6641,375605.92,12,14.07,135295,137363.36,0,1,0
193,8785,464736.8,48,20.59,52730,471180.74,0,8,1
194,9947,162178.79,36,21.92,132072,190646.13,0,0,0
195,6246,633047.45,60,21.27,138897,58675.88,0,8,0
196,814,614811.92,60,9.16,32121,410572.91,0,1,0
197,6700,339075.7,12,20.68,83358,60775.79,1,10,1
198,7908,390250.92,48,14.42,132906,239569.56,1,6,1
199,4403,761707.45,24,9.71,36704,435710.46,0,1,1
200,7255,557605.18,48,22.28,149686,397348.25,0,4,0
201,4512,287600.01,12,15.83,25633,340907.71,0,10,0
202,6143,585542.76,36,22.03,58043,278108.93,0,9,1
203,114,881213.16,24,17.58,34063,414752.9,0,9,0
204,8854,996822.47,60,13.21,22005,25830.27,0,3,0
205,1627,136050.35,36,17.25,21625,486541.79,0,4,1
206,5683,475348.52,24,23.33,104973,3380.11,1,2,0
207,7076,474561.41,24,17.95,106334,259533.01,0,5,0
208,1227,946633.82,36,21.03,58677,110004.39,0,9,1
209,9165,924270.9,60,21.84,27516,442984.2,0,3,0
210,9061,476815.25,48,14.26,53401,455088.07,0,8,1
211,2442,304808.16,48,10.51,132179,127536.53,0,1,0
212,4842,662613.31,48,23.61,75940,476441.58,0,4,0
213,8786,164517.92,48,22.22,30189,352037.95,0,8,1
214,7797,243290.28,36,17.48,102676,449958.87,0,9,0
215,8426,830910.0,48,23.14,121061,330440.46,0,8,0
216,9682,845735.66,48,17.8,131142,492667.46,0,7,0
217,7154,909481.44,24,17.95,43202,142757.74,0,4,0
218,4833,758307.03,48,18.07,23379,49485.96,0,5,0
219,2293,208533.59,12,21.2,81069,358454.94,0,4,1
220,4145,327013.46,48,13.0,58897,279281.14,0,11,0
221,7356,489777.0,24,12.96,96881,412855.23,0,1,0
222,7949,353739.55,36,8.52,126443,244167.5,0,5,0
223,9783,557409.63,12,20.94,52609,457961.04,0,11,0
224,6015,140097.65,24,12.21,128141,252752.95,0,4,0
225,2760,954510.1,36,11.51,117279,420211.85,0,5,1
226,7267,980472.56,12,15.61,109440,409218.67,0,4,0
227,472,119664.48,24,21.73,90074,152303.02,0,1,0
228,1111,88360.78,12,17.58,105517,305908.78,0,0,0
229,8604,512824.97,48,21.48,104890,158543.33,0,11,1
230,709,186278.63,12,8.01,35761,279737.89,0,2,0
231,3045,181755.48,48,11.03,117319,345274.53,0,11,1
232,4584,399246.17,48,19.47,149538,390223.1,1,3,1
233,488,960419.21,12,12.54,81746,320707.17,0,8,1
234,196,939963.46,48,23.01,80685,482265.94,0,11,1
235,4336,931485.64,48,20.08,37979,177914.19,0,9,1
236,9485,209883.32,60,19.21,66982,212428.44,0,5,1
237,7722,130775.35,48,8.26,128695,276811.27,0,3,1
238,7058,154660.27,12,19.07,72672,305096.26,0,5,0
239,8974,610585.99,36,16.4,98197,251603.18,0,1,0
240,3795,372193.15,36,10.77,45459,145418.95,0,1,1
241,6953,881523.58,12,17.39,43901,108893.09,0,5,1
242,7278,675922.97,36,9.69,97059,334647.42,0,9,1
243,6596,998228.72,48,15.78,127291,456340.77,0,4,1
244,192,912943.34,36,11.06,96527,434588.3,1,3,1
245,8029,592126.6,60,8.17,80617,299018.9,0,8,0
246,7380,839791.91,12,13.93,73630,114675.02,0,5,0
247,7118,202291.84,24,13.9,28541,472414.22,1,5,0
248,387,867201.84,48,16.26,29137,214271.03,0,9,1
249,9215,730076.56,36,23.39,131931,44298.74,0,1,0
250,9273,417908.65,24,9.27,83059,335396.99,0,7,0
251,4079,816681.59,60,11.58,47040,461810.21,0,2,0
252,2915,674297.31,36,15.21,57269,80128.99,0,5,1
253,8440,132576.67,60,13.59,135156,278040.24,0,8,0
254,3960,979982.08,48,17.03,41955,347189.95,0,9,0
255,2113,307614.79,48,20.86,142991,60981.86,0,0,0
256,8651,569896.79,12,14.69,59807,189672.03,0,10,1
257,9653,875786.77,12,12.95,24935,321916.23,0,2,1
258,8812,324266.35,12,11.65,48479,464610.7,0,7,0
259,8074,269357.8,36,20.61,25584,138302.69,0,1,0
260,3161,577568.18,48,9.48,100625,23299.82,0,5,0
261,784,384250.23,36,15.77,41568,343514.77,0,1,1
262,6916,707283.75,36,13.97,146167,205516.54,0,7,1
263,8305,355709.35,24,18.12,85872,457437.65,0,3,0
264,6763,989800.56,36,16.68,59580,114190.97,0,4,1
265,4145,318661.45,60,13.55,68134,37437.83,0,0,0
266,2916,655534.09,48,9.69,143221,342684.84,0,10,1
267,632,307886.11,36,10.18,37932,471600.31,0,3,0
268,1849,488360.58,36,18.9,120173,279759.83,1,8,1
269,6823,326730.22,12,15.89,92635,235121.77,0,9,1
270,6175,445087.71,12,20.62,130460,118600.09,0,6,0
271,7971,650343.5,60,22.8,121002,50772.86,0,8,0
272,5596,720497.77,36,18.79,72878,418795.06,0,4,0
273,3761,273894.23,24,22.59,37753,163853.31,0,11,1
274,3801,904181.94,12,8.44,93470,65956.79,1,0,0
275,3986,356127.5,12,16.6,43338,202909.66,0,3,1
276,4459,108752.74,48,12.27,108281,393160.39,0,5,1
277,1175,949532.8,36,11.15,53965,230836.04,1,4,0
278,8503,308714.23,12,12.49,40164,174137.3,0,11,0
279,7554,996918.14,36,21.11,141105,136643.99,0,10,1
280,9535,569897.37,24,18.08,85003,244972.47,0,7,1
281,9075,856362.98,60,20.43,20832,292713.47,0,0,0
282,6021,152955.62,48,16.0,112545,39550.1,1,0,0
283,2954,574003.59,24,12.28,121372,253253.05,0,9,0
284,5046,67786.45,36,15.49,137370,44919.71,1,9,1
285,7155,410782.87,36,11.44,137890,172592.59,0,5,1
286,7475,89075.93,36,23.86,80412,247961.19,0,1,0
287,7696,489134.16,12,20.37,128900,228384.61,0,3,1
288,2875,727430.69,60,9.0,58513,31426.41,0,1,0
289,3009,883689.3,48,23.97,84422,152690.72,0,3,0
290,5933,681837.7,60,10.4,29407,182221.52,0,8,1
291,551,738914.76,36,18.53,42991,236763.75,1,0,0
292,2471,256909.19,12,14.07,84883,381017.22,1,1,0
293,2803,328246.32,60,16.7,60865,22126.86,0,2,0
294,8477,940892.56,12,19.43,104304,268711.95,0,3,0
295,1106,204938.34,12,12.84,62708,368892.08,1,7,1
296,1915,991167.25,24,9.64,147004,166957.81,0,8,1
297,9650,848500.46,12,18.51,114739,182374.75,1,10,1
298,4722,812253.87,48,8.41,99710,271536.95,0,1,1
299,353,817955.05,36,11.6,37529,490956.66,0,2,0
300,4411,404013.77,36,8.14,29414,28475.84,0,5,0
301,5005,803058.81,60,19.76,133137,250202.56,0,1,0
302,3430,386630.33,12,22.12,52464,186046.37,0,2,0
303,1738,398025.47,36,13.2,89775,352497.34,0,9,1
304,2431,804220.8,60,13.04,63096,27695.48,0,6,1
305,9624,420838.06,36,9.56,79809,177279.34,0,10,0
306,629,817561.36,12,8.68,76598,562.14,0,3,0
307,2176,60774.18,24,11.77,105480,257241.8,0,4,0
308,4968,213024.97,36,21.75,67591,42111.48,0,11,0
309,5950,936721.57,24,17.63,100554,419765.63,0,11,1
310,9928,647980.54,48,8.18,86083,432299.04,0,4,1
311,7453,494655.47,48,17.75,36599,375306.63,0,3,1
312,1814,601070.99,48,8.81,46890,43616.34,1,5,0
313,6836,431969.83,60,14.7,99361,133497.28,0,11,1
314,3537,176114.37,48,22.95,60923,4173.1,0,2,0
315,902,896616.08,12,18.04,25347,373745.56,0,8,0
316,4984,766397.76,60,17.79,120575,429726.02,0,6,1
317,1361,713011.89,12,18.79,129509,277588.13,0,4,0
318,7671,851630.19,12,10.22,67701,448573.5,0,5,0
319,3719,758378.08,12,9.49,33486,25300.22,0,6,0
320,7777,540030.32,60,13.96,86895,273353.47,0,5,1
321,7403,180270.67,24,11.03,121323,385193.22,0,5,0
322,8970,152007.54,12,8.37,88748,419320.84,0,0,0
323,3259,79871.69,12,13.44,60361,40983.13,1,0,1
324,4659,517146.54,12,15.96,30426,189294.47,0,5,1
325,4201,201560.0,24,8.81,111053,32107.11,0,8,0
326,3425,309312.83,48,23.55,61467,303693.62,0,9,1
327,5395,883967.13,48,20.24,75553,164433.37,0,10,0
328,9833,627239.24,36,19.8,37422,466848.87,0,8,1
329,7474,986160.7,60,22.08,66958,149925.36,0,1,0
330,5648,952470.6,60,17.44,75233,259395.45,0,0,0
331,907,470032.81,24,15.01,62965,77793.15,0,6,0
332,14,674585.43,24,15.75,125165,181148.14,0,4,0
333,8436,950781.43,24,11.15,89981,470501.47,0,4,0
334,7206,795244.17,36,14.08,65845,402745.05,0,9,1
335,4056,673068.43,48,20.76,87051,63071.37,0,1,0
336,5218,612868.76,60,16.04,79276,379569.29,0,8,0
337,5712,565320.2,36,10.94,96413,177804.2,1,3,1
338,4617,181772.73,12,21.8,47336,145603.49,0,2,0
339,1256,150845.56,48,18.4,94148,435387.98,0,10,1
340,5642,278584.35,36,17.58,95800,191072.59,1,3,0
341,9496,594859.0,48,23.51,20424,470135.77,0,2,0
342,7991,933977.92,12,22.8,76531,24043.95,0,6,0
343,2985,424238.41,60,10.34,70495,174856.64,0,5,0
344,727,865637.87,12,19.88,41241,369935.31,0,8,1
345,1972,70803.15,36,22.46,93998,67526.65,0,4,0
346,201,753253.45,12,21.79,84407,37788.64,0,7,0
347,4015,135026.82,24,22.22,111885,266589.22,0,6,0
348,9365,905529.9,36,20.9,116825,313863.21,0,8,0
349,7511,509613.49,24,23.82,49032,12461.09,1,2,0
350,8215,532173.37,36,12.36,112952,253235.42,0,1,0
351,3528,922832.41,12,10.55,109842,346300.88,0,4,0
352,653,466989.2,60,9.21,123040,309638.37,0,10,1
353,7136,907459.81,24,21.18,22981,58483.55,0,6,0
354,8221,697091.16,12,15.24,59045,434605.46,0,3,0
355,8223,318622.66,24,12.13,102825,46819.4,0,4,0
356,582,107697.76,36,18.84,64643,207688.68,0,7,0
357,6153,909498.38,36,8.01,64155,124808.51,0,1,0
358,1669,358504.54,60,11.15,90856,311403.4,0,8,0
359,3480,73309.76,48,14.05,21078,181805.03,0,6,1
360,2293,911394.18,12,11.4,51021,259407.74,0,11,1
361,3793,555985.46,48,13.48,91262,364605.56,0,4,0
362,5689,712504.83,36,10.65,103042,226136.87,1,11,1
363,5540,955477.19,24,8.06,48417,345377.73,0,0,0
364,6638,237471.76,48,15.94,63289,431149.42,0,0,0
365,7985,649810.23,60,9.13,57798,98330.25,0,9,0
366,2809,214661.92,24,19.53,80337,230962.75,0,0,0
367,9531,296140.27,12,8.98,136858,319248.92,0,0,0
368,7404,563921.04,36,20.26,106442,303276.7,0,0,0
369,7589,261735.85,36,8.99,40976,205252.88,0,2,1
370,3050,497290.27,24,23.57,39690,129731.13,0,2,0
371,1885,65208.97,24,13.78,59891,8248.12,0,3,0
372,8254,667493.37,24,12.8,65441,475745.21,0,4,0
373,6699,777528.52,12,12.89,26425,38074.74,0,2,1
374,3214,271350.79,60,11.87,111433,225583.09,1,9,1
375,6963,76799.7,12,10.84,108594,211942.52,0,6,0
376,7420,114068.81,48,21.27,47781,461627.76,0,8,0
377,8632,650054.08,48,15.38,122748,106757.59,0,5,1
378,400,999773.98,48,9.6,20341,388293.14,0,4,0
379,5140,701577.88,36,21.1,78189,56694.13,0,7,1
380,9546,58822.61,48,21.77,84042,29629.75,0,3,1
381,7499,940908.93,60,22.78,144621,479321.25,0,0,0
382,7969,864902.45,60,8.75,43080,36562.61,1,7,1
383,2110,546580.96,12,15.59,135558,83733.46,0,6,1
384,8164,819899.22,36,17.67,140490,377161.24,0,8,0
385,3167,329429.81,60,21.48,27843,396064.45,0,9,0
386,4819,165994.2,36,17.92,53406,39800.71,0,5,0
387,3136,198909.03,36,15.32,73283,96207.05,0,4,0
388,6257,274304.4,60,20.22,22409,83132.17,0,1,0
389,2312,308167.97,60,15.41,102061,349895.13,0,3,1
390,1588,450527.98,60,12.57,125059,417691.55,0,3,0
391,5587,705341.9,60,17.34,49110,113052.18,0,5,0
392,689,175228.52,24,16.18,32228,460790.61,0,0,0
393,2799,239030.82,48,15.81,130552,36730.12,0,6,0
394,7393,158199.85,24,11.07,30440,371818.86,0,3,1
395,2657,509538.05,12,21.53,86757,35225.65,0,6,1
396,5404,727993.07,24,8.91,108383,433107.85,0,6,0
397,6229,470554.69,12,8.86,20726,478417.53,0,0,0
398,1953,756941.07,24,10.24,52031,38990.5,0,7,1
399,2159,589472.17,12,9.79,122478,202292.44,0,2,1
400,2241,350539.47,48,22.12,128361,428356.51,0,1,0
401,1337,567700.33,48,20.65,149201,479127.1,0,5,1
402,1663,839726.44,48,12.56,36168,233934.61,0,7,0
403,4072,214305.92,60,12.25,74781,252544.71,0,4,0
404,8229,585160.21,36,14.49,56409,74660.15,0,0,0
405,3021,690873.93,12,16.34,98394,93973.9,1,4,1
406,5762,908809.39,12,13.29,52263,398137.76,0,6,1
407,6688,623672.03,60,22.49,81988,228350.89,0,11,0
408,9673,90447.62,48,8.77,71111,380354.19,0,11,1
409,7789,590283.11,12,23.38,56410,254916.86,0,0,0
410,4998,243081.41,48,17.11,134915,470622.12,0,2,0
411,3923,490988.49,48,23.12,118550,85219.43,0,6,0
412,8849,588493.52,24,19.13,69974,35468.57,0,11,1
413,2771,675718.53,48,10.43,103419,185923.58,0,1,1
414,8745,119566.1,12,19.1,55998,401376.03,0,7,0
415,2502,854671.01,48,23.5,145466,211887.17,0,5,0
416,3379,946635.29,48,16.0,53675,360757.31,0,4,0
417,190,713598.81,36,22.04,27444,333804.54,0,4,0
418,9761,623220.97,48,23.84,59217,453047.48,0,9,0
419,5633,637828.35,60,13.42,121368,295473.03,0,8,0
420,950,713099.18,48,14.6,30714,256239.23,0,8,0
421,2750,886533.56,48,12.4,147067,53794.36,0,4,0
422,7132,192963.27,36,22.8,42239,27845.38,0,3,0
423,6303,82626.39,60,18.02,144935,4533.99,0,3,1
424,4650,117639.45,60,20.12,32787,419881.37,0,7,0
425,4284,314234.02,24,11.19,149573,182735.58,0,4,0
426,8346,432651.42,48,14.87,88370,55550.86,0,6,0
427,3734,492341.24,24,18.19,38643,298913.04,0,4,0
428,9980,263566.03,12,19.77,132637,198887.02,0,4,0
429,7307,121551.34,12,18.51,125378,103812.57,0,2,1
430,2502,286326.34,36,19.35,123499,329056.27,1,8,1
431,4900,783742.3,24,17.85,22552,207624.75,0,3,0
432,9810,628858.01,12,11.11,122431,195610.33,0,6,0
433,74,753442.55,36,16.73,142921,427412.52,0,7,0
434,4066,550466.2,12,22.31,83548,449469.87,0,8,1
435,9878,292110.84,24,9.94,102239,354204.81,0,4,0
436,5655,967052.08,24,11.78,79719,465189.74,0,6,1
437,7794,855710.11,36,15.05,129507,417452.53,0,6,0
438,6624,915217.07,24,9.17,101216,59273.98,0,3,0
439,6443,254098.55,48,14.06,116806,342978.32,1,0,0
440,763,712629.27,24,14.67,49930,28153.49,0,6,1
441,8873,570565.35,48,21.15,112699,79838.19,0,0,0
442,8779,253969.42,60,23.77,138700,499063.9,0,9,1
443,1558,826600.72,36,11.04,106926,419011.78,0,7,1
444,9879,53000.79,36,11.34,34636,126536.22,0,5,1
445,2137,212868.65,12,22.59,93139,150023.32,0,11,1
446,3370,208041.46,60,22.24,113002,480279.07,0,10,0
447,7283,601354.92,12,23.4,65486,161228.76,0,5,1
448,7634,535709.21,12,21.45,80195,268813.12,0,1,0
449,2684,932907.8,36,16.75,123314,478236.26,0,8,0
450,5272,837281.99,48,17.23,49594,166746.14,0,3,0
451,6540,363541.35,12,14.84,141611,48445.69,0,3,0
452,4116,552098.91,24,8.17,53462,398652.61,0,8,0
453,2152,344599.96,60,15.92,41514,76646.85,0,2,1
454,2218,240840.92,36,22.07,32401,348364.58,0,2,0
455,6646,630278.6,36,9.74,93554,25810.8,0,0,0
456,399,834099.72,48,11.34,89414,107002.86,0,7,0
457,5298,78497.44,60,10.79,30240,85388.93,0,5,0
458,407,96759.99,60,8.19,44370,202806.65,0,8,0
459,6272,85411.54,60,10.22,145961,118095.57,0,7,0
460,4129,716565.61,36,15.25,54649,491018.03,0,5,0
461,6713,381035.73,24,20.88,125054,141909.56,0,10,1
462,1064,723540.76,36,8.64,120780,157022.65,0,9,1
463,2626,261640.08,36,14.74,81773,78062.2,0,10,0
464,7858,59939.08,36,21.52,137681,414671.66,0,1,0
465,4069,681629.36,24,22.81,105109,487238.94,0,11,1
466,1100,234847.62,36,9.23,63843,210430.93,0,3,0
467,3018,578502.49,36,18.62,122738,446237.62,0,3,0
468,2361,462116.08,60,19.05,37521,435215.14,0,4,1
469,1103,896032.99,60,23.49,43267,342164.01,0,6,1
470,7728,85887.81,48,8.5,96445,403688.63,1,7,1
471,7788,474127.87,12,20.83,48641,366671.73,0,2,0
472,1897,845948.46,24,17.84,37573,339496.76,1,0,0
473,668,696280.22,48,9.13,52153,119474.8,0,1,0
474,706,884635.99,36,13.44,147252,282513.47,0,6,0
475,7789,991703.12,36,16.79,22163,38704.84,0,8,1
476,2062,579012.36,12,8.85,40946,303201.35,0,3,0
477,3187,378123.08,60,19.29,75883,329127.74,0,0,1
478,2104,126838.53,24,21.98,119964,400621.83,0,5,0
479,11,646803.68,48,16.76,131770,253494.15,1,10,1
480,8006,788144.23,60,18.89,110722,80977.08,0,8,0
481,634,524426.16,48,18.07,117393,207063.26,0,3,0
482,8040,244802.81,12,8.93,145003,481152.48,0,7,0
483,3016,909578.84,48,13.13,109286,433948.0,0,4,0
484,3711,901071.92,48,21.47,102856,493080.54,0,1,0
485,7089,413980.45,60,20.56,34224,209994.05,0,8,0
486,1741,674467.2,36,13.49,105192,401690.49,0,9,1
487,4647,781222.92,36,16.33,50071,77835.53,0,2,0
488,6971,146708.81,48,22.87,34521,498564.05,0,0,0
489,1042,852728.63,48,23.68,29552,460208.82,0,9,0
490,180,745991.55,12,20.87,102637,471466.11,0,8,1
491,3548,545573.95,24,12.43,20032,21354.08,0,6,1
492,3076,924114.61,48,9.6,57242,210056.97,0,5,0
493,9506,795966.36,48,22.34,78122,323664.93,0,0,0
494,7757,517960.54,36,18.57,143541,453923.81,0,0,0
495,3586,883606.23,24,21.38,74550,196420.49,0,10,1
496,6896,882657.85,12,9.24,78968,353358.51,1,5,1
497,1927,639211.28,48,17.01,31257,216918.32,1,4,1
498,9561,891894.99,36,21.98,58357,409802.77,0,9,1
499,9854,743900.13,60,8.98,141508,9492.4,0,3,0
500,9190,141765.93,60,22.91,107729,214968.02,0,8,0
501,2243,883038.58,24,18.53,110316,418671.41,1,0,0
502,3003,762640.44,12,13.89,93942,215848.96,0,5,0
503,4071,365207.22,36,18.83,20186,50316.95,0,9,1
504,9340,184953.1,60,19.43,26352,278097.2,0,11,1
505,8457,120994.24,60,18.18,125715,193820.29,0,1,0
506,6862,965624.72,48,19.63,102548,154773.28,0,7,0
507,8725,613166.99,12,10.13,65615,430688.03,0,6,0
508,9663,110140.94,60,16.62,114821,220509.53,0,7,1
509,6026,73484.64,12,13.05,137888,98826.61,1,6,1
510,2167,152329.44,60,10.07,149741,51459.11,0,8,1
511,5163,700236.79,60,19.28,55370,464808.8,0,3,0
512,3218,248777.44,60,17.61,88488,354305.94,0,10,0
513,3195,539373.0,24,23.99,128590,59041.57,0,1,0
514,6213,840160.34,12,21.43,112957,35686.61,0,7,0
515,4137,779624.09,24,14.54,125688,270734.33,0,9,0
516,9765,429492.37,36,20.47,139411,174360.74,0,0,0
517,5417,850128.58,36,10.98,51391,306375.38,0,1,1
518,4250,343774.9,48,15.53,83404,318807.7,0,4,0
519,7540,284677.1,48,14.46,113694,167088.97,0,10,1
520,9505,765985.63,24,17.77,20623,231317.73,0,10,0
521,9997,522031.01,48,20.88,97680,441509.81,0,8,0
522,7721,950493.41,12,15.39,31063,398442.65,0,5,0
523,2155,306908.01,24,21.84,89335,340364.49,0,11,1
524,7297,553219.79,24,20.05,111167,429096.17,0,4,0
525,2102,242397.66,24,12.32,79405,368455.28,1,5,0
526,4834,126242.47,60,16.53,54054,358708.22,0,7,0
527,7272,228303.22,24,21.61,90364,223345.83,0,5,0
528,8413,106036.19,48,20.05,23977,202256.85,0,6,0
529,4692,240312.75,60,21.13,47003,123663.62,1,5,1
530,7953,71605.27,36,12.13,106994,462958.09,0,11,0
531,6542,179775.35,60,20.48,100333,299966.06,1,2,1
532,4503,461031.14,60,14.49,49265,361567.63,0,10,1
533,2496,314501.46,48,23.36,131946,26962.45,0,6,0
534,8675,362429.93,48,15.45,51078,430687.21,0,9,1
535,4394,212481.76,36,22.35,124217,101066.7,0,9,0
536,2834,934450.39,24,18.61,27142,333582.53,0,2,0
537,5883,900494.4,48,22.93,101780,84044.94,0,0,0
538,4629,364347.7,24,17.05,97480,43614.42,0,4,0
539,6053,921498.2,48,11.8,95318,122016.12,0,2,0
540,738,467108.63,48,18.44,139806,176026.31,0,11,1
541,4153,330809.88,60,12.11,96877,38904.49,0,7,0
542,8995,990163.66,60,21.61,68124,138511.0,0,5,0
543,1612,458322.67,60,9.37,127543,294297.13,0,2,0
544,2365,129385.74,48,11.84,47893,236471.02,1,8,1
545,6091,604211.89,24,20.54,60816,363139.34,0,4,1
546,4548,222623.79,48,14.68,80680,294628.16,0,5,1
547,2660,633420.36,48,10.54,149702,406777.01,0,8,0
548,8323,95658.1,60,23.91,127993,320116.66,0,1,0
549,6040,155224.69,24,15.3,72300,58246.2,0,1,0
550,6775,346958.66,48,15.65,137822,352042.7,0,0,0
551,8641,635510.83,24,13.64,116775,162901.47,0,8,0
552,8961,663856.11,48,9.06,68718,12792.96,0,8,1
553,4280,665223.57,12,11.87,20507,3702.56,0,9,0
554,3749,534641.91,36,12.48,48593,111712.33,1,7,1
555,6380,364126.27,48,17.14,35014,95162.17,0,3,1
556,9992,879575.11,24,22.98,131386,196525.62,0,6,1
557,6551,479270.53,60,10.24,133835,462237.05,1,2,1
558,9895,793549.49,36,23.59,24265,287209.51,0,10,1
559,4016,498185.12,36,15.58,52242,5103.38,0,3,0
560,5490,864979.56,12,17.33,136098,439114.26,0,7,0
561,1321,76596.32,12,8.56,22419,24340.43,0,10,0
562,2665,304837.3,48,21.61,112395,476731.29,0,3,0
563,9378,791036.74,36,21.88,120313,457276.26,0,9,1
564,346,706764.01,24,20.05,49736,219755.06,0,9,1
565,7826,911746.07,60,10.32,55288,280180.58,1,9,1
566,3310,612516.44,36,14.47,73981,198036.64,0,8,1
567,4376,957828.04,60,23.29,66557,45047.41,0,1,0
568,5715,919379.73,48,14.75,132308,7232.83,0,10,1
569,9413,930036.87,12,13.58,109450,236461.52,0,10,0
570,4344,633975.79,12,9.37,46137,463043.07,0,0,0
571,9334,895624.35,60,9.27,87065,27353.07,1,9,1
572,7955,458292.79,24,14.92,43762,365845.63,0,5,0
573,9383,976062.98,24,16.65,140602,70396.06,0,5,1
574,3131,207930.78,48,21.2,131605,364588.18,0,5,0
575,3481,334004.84,48,22.51,30884,226705.47,0,9,0
576,9814,536372.57,24,14.4,100106,220939.84,0,1,0
577,3997,963131.96,48,21.5,101653,402782.39,0,11,1
578,1001,599019.72,60,16.7,99859,88000.81,0,0,0
579,4266,109461.03,60,23.56,48902,227819.7,0,9,0
580,9620,636901.91,36,22.87,35648,39503.86,0,1,1
581,7402,955667.28,12,19.41,100631,343778.19,0,11,0
582,9087,461151.12,24,11.03,98644,101254.71,0,7,0
583,738,336183.27,60,22.79,42991,300078.72,0,3,0
584,3080,619084.12,36,9.87,87480,214625.69,0,6,0
585,3317,699801.33,24,21.09,73033,448701.9,0,0,0
586,4368,433033.56,36,15.91,74450,254912.5,0,3,0
587,8393,122694.41,24,17.78,65487,404873.93,0,4,0
588,9756,405145.35,48,21.94,60622,452757.61,0,6,0
589,6898,512757.67,12,20.69,40527,29423.49,0,6,0
590,3697,543396.3,24,8.94,27653,120492.97,0,4,0
591,3796,715814.49,60,13.92,148322,62925.53,0,5,1
592,238,65630.11,48,23.53,43638,60296.58,0,11,0
593,1482,889310.65,36,13.69,101200,12676.57,0,2,0
594,5484,625563.53,24,20.89,91628,278742.37,0,2,0
595,7395,552580.78,48,19.66,72245,145041.33,0,3,0
596,4829,203184.09,24,23.3,92691,209586.82,0,4,0
597,2463,164942.3,48,23.2,97505,312864.85,0,8,0
598,1263,581125.87,36,15.32,71117,284793.28,1,7,0
599,8535,731399.33,24,11.65,82117,222410.79,0,10,0
600,5346,774204.27,60,12.82,35183,295782.57,0,0,0
601,7137,592425.11,36,12.71,39680,83318.41,0,7,1
602,4622,387099.97,48,18.08,39763,253264.19,0,11,1
603,2762,184495.78,60,13.87,85728,481125.74,0,6,1
604,3027,587895.67,24,21.89,104615,472667.55,1,5,0
605,6396,366183.07,60,12.83,84210,398395.28,0,10,0
606,6754,818400.89,36,23.84,133343,305472.56,1,5,0
607,2192,531925.72,24,18.6,135596,190013.34,0,11,0
608,5494,263226.58,24,13.69,102225,67480.3,0,5,0
609,4206,838993.41,60,17.38,40463,433493.48,0,1,0
610,2540,918329.77,24,13.79,143035,401521.91,1,10,1
611,9717,224310.62,36,16.24,50471,213611.09,0,5,0
612,3272,573317.05,60,16.41,56399,292737.74,0,8,1
613,7947,854995.2,12,20.24,117708,273144.26,0,7,0
614,3675,872393.22,60,15.15,65013,54345.03,0,6,1
615,2361,603629.75,12,23.18,102518,369067.01,0,3,0
616,1881,555448.66,24,9.58,69418,169353.62,0,8,1
617,7234,94788.51,12,13.14,143274,215140.4,0,6,0
618,3853,744555.83,48,19.95,108941,286537.74,0,9,1
619,8917,223776.6,48,17.54,79559,485350.9,0,1,0
620,7506,889901.09,60,9.98,20364,305519.75,0,2,0
621,4286,799187.67,48,21.02,52493,146911.78,0,8,0
622,7781,994366.8,48,18.63,118772,11610.99,0,8,0
623,6345,568755.41,12,17.34,85312,154095.72,0,0,0
624,6359,490219.05,24,22.02,146223,286937.37,1,9,1
625,961,339304.24,12,21.35,43719,264427.83,0,0,0
626,2694,87412.86,60,13.06,42788,399591.34,0,11,1
627,8321,653537.44,60,16.72,95038,3303.61,0,2,0
628,8270,949808.9,24,21.75,58221,463938.88,0,8,1
629,1323,499415.87,36,9.04,149599,414263.23,0,1,0
630,479,329511.45,36,13.26,109389,112363.21,1,8,0
631,3418,694863.56,48,14.22,146789,51731.39,0,6,0
632,6528,728742.78,12,12.36,25275,361473.41,0,6,1
633,8460,730020.9,24,16.13,21937,272346.72,0,2,0
634,9426,960128.89,48,20.74,28341,385727.94,0,10,1
635,8998,165949.97,60,15.67,133733,96424.14,0,6,0
636,9323,820971.77,60,8.68,68504,295964.46,0,6,1
637,6968,128248.24,24,21.66,100203,454091.24,0,11,0
638,6668,717090.47,36,11.28,47772,490265.24,0,7,1
639,8897,766922.18,60,14.9,121862,375334.83,0,0,0
640,851,434184.69,48,8.33,53527,495517.88,0,6,1
641,7087,732755.59,60,15.03,88914,480126.34,0,3,1
642,6763,243508.82,36,13.99,46876,482669.45,0,10,1
643,6129,80938.25,24,12.63,102051,206490.25,0,9,0
644,6969,219011.62,48,23.0,40985,62603.32,1,9,1
645,167,180887.75,36,18.85,44654,67809.01,0,6,1
646,5039,847846.96,24,22.65,44215,43256.32,0,10,0
647,325,307901.08,60,15.47,74905,147.24,0,10,1
648,853,737563.05,60,16.26,123276,197874.77,0,6,1
649,7413,839822.36,48,23.18,34863,485643.45,0,2,0
650,4263,957216.93,60,15.32,45129,38779.21,0,10,0
651,4792,833955.28,36,8.5,131298,266589.09,0,6,0
652,7557,851577.43,24,18.32,86926,412508.21,0,11,0
653,6712,376648.01,12,11.17,101815,479332.51,0,9,1
654,9264,325410.79,12,23.25,23839,327211.64,0,4,0
655,7943,449160.48,24,9.11,79451,450278.31,0,2,0
656,8232,693415.58,24,22.36,41810,234378.39,0,1,0
657,543,343972.96,48,10.32,148951,126085.09,0,6,0
658,1658,78040.69,12,12.13,138607,39421.96,0,2,0
659,2107,567870.63,36,10.43,40689,173639.23,0,2,0
660,3525,81711.35,36,13.33,82109,293540.01,0,4,1
661,2077,792417.17,60,9.71,51467,491115.11,0,4,0
662,3863,165376.8,12,13.99,85152,104036.42,0,9,0
663,1736,918620.26,48,12.96,93547,275007.74,0,11,0
664,480,567366.11,12,19.87,85154,270974.64,0,11,0
665,4080,657820.53,12,17.78,86922,70832.83,0,1,1
666,1533,402195.36,60,18.93,80135,13226.8,0,6,0
667,7388,668044.99,48,15.85,66213,480971.59,0,9,1
668,596,291067.81,48,21.65,41307,480782.34,1,7,1
669,4751,822099.29,12,13.66,108301,186242.48,0,1,0
670,4391,355064.26,60,14.44,85180,101691.31,0,3,0
671,8744,655027.73,12,9.55,108163,402375.43,0,5,0
672,6821,735376.32,24,23.98,133969,76929.69,0,0,0
673,6579,350835.12,48,15.23,87515,426187.12,0,1,1
674,5860,657237.51,36,22.65,99106,219340.8,0,6,0
675,4680,405902.12,12,21.64,143006,52828.76,0,8,1
676,7858,565530.89,12,12.15,45972,486781.15,0,4,1
677,2721,796335.09,48,16.02,30484,24243.31,0,3,1
678,6575,743132.95,36,17.41,53628,188931.86,0,9,1
679,2845,274506.96,24,21.52,125344,306159.03,0,0,0
680,3860,719174.93,24,9.56,142698,98998.78,0,2,1
681,4016,820245.54,36,21.25,91526,315305.47,0,1,0
682,2487,186224.88,24,9.79,133260,256765.7,0,11,1
683,237,90000.32,24,15.18,20716,277689.8,0,4,0
684,6403,474080.11,60,21.79,143426,174596.56,0,6,1
685,5891,284687.2,48,11.74,39006,456142.6,1,5,0
686,8518,143881.79,24,8.74,45846,398354.8,0,7,1
687,8016,888819.22,36,8.76,148552,204863.65,0,9,0
688,3263,82190.36,60,11.02,64223,343417.93,0,8,1
689,1339,366842.22,12,16.66,112244,145102.58,0,9,1
690,7227,783981.19,48,22.29,124989,450051.39,0,3,0
691,9502,88260.69,60,19.34,122100,269398.44,0,11,1
692,9824,260048.76,24,20.88,59722,275886.25,0,4,1
693,5792,643041.82,24,11.95,105642,5709.63,0,2,0
694,2266,493690.95,36,14.12,86747,320295.56,0,4,1
695,8041,133337.79,12,16.39,99040,13844.91,1,6,1
696,6544,431503.42,36,13.88,111465,342995.96,0,9,0
697,6885,340882.62,24,20.04,72854,228373.9,0,11,1
698,6053,714147.97,12,23.53,20641,258449.88,0,9,1
699,7993,580838.97,24,20.31,96447,470397.43,0,7,0
700,9541,551837.67,36,23.04,110745,460220.95,1,5,0
701,5312,772106.52,48,23.66,39327,27272.01,0,3,0
702,4031,250864.8,36,13.14,65625,474638.25,0,7,0
703,4265,639367.0,60,17.86,93297,45194.35,1,10,1
704,9006,230074.25,48,20.26,137968,152006.99,0,7,0
705,5316,523148.42,48,17.9,32781,284670.68,0,0,0
706,9393,730544.42,48,17.57,140359,351214.46,0,5,0
707,529,716160.48,36,13.89,83154,411095.43,0,8,0
708,6264,481706.11,48,16.48,66306,258801.49,0,2,0
709,7635,297861.89,12,13.45,86399,159892.4,0,1,0
710,5378,70260.63,60,11.61,32017,270394.97,0,5,0
711,9300,418926.65,36,14.08,53478,43839.66,0,1,0
712,7244,616000.89,36,14.39,147800,57169.85,1,6,0
713,9057,327509.22,36,10.31,103875,320473.68,0,7,1
714,328,819233.76,12,15.82,105859,180575.81,0,11,1
715,2184,851417.31,24,18.19,78725,23393.86,0,4,1
716,1321,449107.7,12,9.67,123923,293664.62,0,10,0
717,4827,481942.29,24,16.5,117926,474652.46,0,6,0
718,7508,219954.07,48,9.41,23685,179924.4,1,4,1
719,5473,199176.59,12,21.7,68175,270847.11,0,8,0
720,6694,269504.29,48,14.54,124415,481033.01,0,6,1
721,9562,440364.63,48,11.89,40152,123958.64,0,0,0
722,1396,973013.2,36,14.04,58148,406159.92,0,11,0
723,3829,643498.34,48,18.43,109171,134974.64,0,11,0
724,1092,451776.3,48,15.64,24498,429378.71,0,4,1
725,8993,257232.55,48,17.65,129785,95007.5,0,10,1
726,3735,790023.86,12,17.54,90263,99810.88,0,10,0
727,6842,658713.41,60,19.13,67836,13007.83,0,5,0
728,7506,436372.84,48,22.91,45943,83124.98,0,10,0
729,2521,629484.33,60,18.45,39945,180850.63,0,9,0
730,9329,598810.07,48,10.64,139090,262027.15,0,7,0
731,2048,601469.22,60,15.3,21705,444612.32,0,6,0
732,4319,117522.55,12,11.05,148901,314885.47,0,4,1
733,7553,906221.11,36,10.18,97232,226279.62,0,7,0
734,5840,859714.99,24,19.91,100413,466739.17,0,8,0
735,8634,128278.03,60,10.48,27359,185857.69,0,1,0
736,8611,654024.2,60,20.49,67544,53288.83,0,0,0
737,4288,522034.58,48,16.36,97162,473168.3,0,8,0
738,7733,755406.73,48,14.78,75067,306419.48,0,0,0
739,5777,430961.74,24,21.97,38550,420288.31,0,11,1
740,7405,978825.44,60,22.4,119699,32819.24,0,8,0
741,5067,954267.21,48,11.45,118353,474325.14,1,7,0
742,9613,141105.19,36,20.8,107562,489977.95,0,1,0
743,4091,340464.68,48,17.7,108594,5841.24,0,5,0
744,1099,246862.82,48,15.94,95526,290643.01,0,7,0
745,9047,352358.52,48,11.81,76592,207065.06,0,3,0
746,3857,503528.51,12,20.84,119083,255139.65,0,10,0
747,611,159522.17,60,22.1,110259,89435.52,0,0,0
748,7080,725407.06,60,19.68,106726,383688.54,1,2,1
749,1826,595434.57,36,12.42,30812,131400.64,0,7,0
750,9267,189799.12,36,9.14,57432,313515.29,0,7,1
751,2667,693603.24,36,15.66,66243,57597.56,0,5,1
752,3799,661854.89,48,12.29,79142,274904.52,1,3,1
753,5416,888923.09,48,13.48,43507,214786.74,0,3,1
754,2439,251090.8,36,13.28,25869,55401.38,0,5,0
755,6776,628636.44,60,11.38,91025,22205.6,0,1,0
756,5540,882181.63,24,23.75,69819,426705.91,1,4,0
757,7720,299989.61,60,21.69,115025,270382.46,0,9,0
758,1736,270194.73,48,9.32,46422,337375.94,0,4,1
759,1647,311349.47,36,21.42,43747,341820.23,0,8,0
760,4330,774995.0,12,8.4,129989,141296.42,0,6,1
761,159,818845.14,36,21.32,88853,363841.38,0,10,1
762,4583,82771.67,48,11.12,40321,19193.01,0,5,0
763,5047,348525.43,24,15.5,67112,37667.98,0,2,0
764,8913,170450.14,36,13.1,74377,77508.27,0,9,0
765,1638,195920.99,60,17.25,110659,270159.25,0,10,1
766,5053,825138.19,48,15.14,138239,429244.48,0,7,1
767,539,965702.09,12,8.57,124254,230917.83,0,4,0
768,6234,443000.54,48,20.02,75008,355948.49,0,10,1
769,2857,971577.42,36,15.71,103581,161825.94,0,10,1
770,6955,408861.52,12,11.36,109591,125350.64,0,2,0
771,9367,730342.82,60,17.53,106314,407616.74,1,5,1
772,3533,391059.83,36,10.94,34883,137144.38,0,2,1
773,3463,353977.99,48,16.7,127547,209750.82,0,9,0
774,7535,608163.76,60,14.88,60252,421182.06,0,6,1
775,9584,876042.47,24,16.55,52119,299709.26,0,7,0
776,153,613627.61,24,17.18,47372,299936.43,0,2,0
777,215,591533.47,24,8.66,140400,47240.3,0,7,0
778,5088,529191.68,60,18.2,107631,129747.97,0,7,0
779,6092,951107.44,24,12.79,57615,182804.03,0,5,0
780,1723,823934.08,12,13.43,80135,243088.34,0,4,1
781,3509,436456.0,60,20.38,117886,299585.46,1,9,1
782,8122,833014.73,12,10.9,108965,22882.29,0,11,1
783,128,153061.04,36,13.41,140618,471165.48,0,2,0
784,1167,463641.33,24,9.09,83881,454403.17,0,10,0
785,3408,156187.14,48,23.45,76557,425216.58,0,4,0
786,9515,997297.9,12,11.63,135260,282268.5,0,4,0
787,5495,94689.37,24,22.02,46290,321113.76,0,11,1
788,3877,912734.15,24,17.64,48818,376227.91,0,7,0
789,7753,935210.63,36,14.88,121886,89423.17,0,6,0
790,8993,328188.85,12,17.3,109334,479267.19,1,9,1
791,7734,952060.22,48,17.08,101255,350550.72,0,10,0
792,280,525565.73,12,17.55,96504,52242.56,0,9,0
793,4996,941162.1,48,13.42,87905,274742.89,0,10,0
794,4609,511355.28,12,22.16,71896,114432.03,0,5,0
795,8767,496884.35,60,20.48,54602,120774.2,0,3,0
796,5408,765729.33,24,23.65,145303,357999.91,0,0,0
797,5486,271837.86,36,21.35,142681,212395.05,0,6,1
798,3087,908947.41,60,13.8,35445,55683.45,0,11,1
799,5968,855956.05,12,13.09,40350,76103.25,0,2,0
800,5549,178296.24,60,15.47,103755,44411.27,0,9,0
801,8969,77895.83,36,8.96,106420,15148.75,0,8,0
802,7684,725026.46,48,14.29,35134,421149.3,0,8,0
803,7891,384127.3,60,8.53,138989,28274.05,1,11,1
804,5338,146979.7,12,10.75,39761,247700.98,1,3,1
805,7800,900647.18,12,13.02,105236,16266.68,0,9,1
806,5885,994530.88,24,18.3,89134,371006.56,0,7,0
807,5296,352720.04,60,23.59,115454,27696.32,0,8,0
808,3694,226012.67,48,10.59,83245,29450.5,1,8,0
809,937,863861.7,12,9.59,91571,181338.39,0,0,0
810,3687,553089.88,24,22.8,46197,180524.2,0,0,0
811,5652,986203.38,60,15.95,20816,133578.8,0,6,1
812,159,655843.97,36,17.8,124312,472781.6,0,11,0
813,396,587904.02,60,8.33,74058,163125.94,0,8,0
814,2777,931416.83,24,13.22,50656,60457.54,0,11,1
815,2914,811469.3,12,16.08,35455,479754.36,0,8,1
816,3894,437004.27,36,12.15,124625,312044.16,0,10,0
817,6618,60137.03,12,20.89,74732,129.96,0,1,0
818,6783,764508.65,48,17.71,69941,168580.56,1,4,1
819,5169,872047.81,24,23.29,90849,450305.47,0,1,1
820,7799,173553.19,60,19.16,107516,283379.67,0,3,1
821,2472,900460.33,48,10.46,130131,158934.25,0,7,1
822,4400,873124.66,48,16.36,73228,82144.31,0,3,0
823,8796,66694.47,36,10.47,75642,355899.84,0,4,0
824,7077,742079.35,36,21.77,76840,277841.96,0,5,0
825,3162,414252.04,48,13.29,110169,393378.72,0,8,1
826,1312,98324.37,12,15.0,26677,298404.2,0,9,1
827,4678,364279.81,24,21.94,51095,401681.71,0,3,0
828,6563,624696.05,48,12.23,49694,130974.87,0,0,0
829,9347,340994.24,60,15.36,94257,92280.59,0,9,0
830,6000,798193.91,24,20.56,70599,305272.13,0,6,0
831,150,520282.18,24,9.06,32981,364026.46,0,1,0
832,1831,83678.06,60,12.44,128432,485712.71,0,3,1
833,451,582601.37,36,9.77,147703,310252.31,0,10,1
834,9267,465889.35,60,19.92,78707,365467.53,0,11,1
835,7360,140021.09,36,10.35,30343,185621.76,0,3,0
836,6108,469778.1,36,23.34,44836,350248.51,0,9,0
837,2802,807636.01,24,14.09,33185,386618.18,0,1,0
838,8711,151069.85,36,16.47,26006,190118.2,0,3,0
839,4329,284319.9,24,11.56,63661,436121.23,0,9,0
840,6449,987321.84,12,21.5,39146,307576.37,0,3,1
841,3184,443832.22,60,11.82,118701,15455.85,0,5,0
842,173,838604.84,60,15.68,122145,123826.97,0,6,0
843,9388,528786.82,36,23.45,142837,360664.53,0,4,0
844,5514,270393.59,36,15.56,127829,255773.5,0,9,0
845,9844,131612.14,12,16.06,94709,220566.47,0,8,0
846,9317,759060.98,12,21.81,51000,484680.42,0,10,1
847,9181,510796.43,24,22.27,78218,200368.98,0,2,0
848,9633,980414.29,48,19.28,94731,60279.98,0,0,0
849,4992,907586.67,12,8.36,122921,182406.59,0,4,1
850,7636,196513.05,12,19.58,123903,482316.77,0,4,0
851,5004,674239.65,60,19.95,41188,447817.97,1,0,0
852,930,224145.4,60,13.68,62958,420924.2,0,3,1
853,3505,396674.37,12,18.2,51462,389961.74,0,1,0
854,5182,366260.24,12,12.33,107878,265777.75,0,9,0
855,4850,539215.08,60,13.22,64494,175629.24,0,10,1
856,4208,842662.15,12,13.73,52802,392236.59,0,2,0
857,2576,890496.15,12,21.91,26081,109211.27,0,8,0
858,3043,698915.99,48,22.87,87532,221767.36,0,3,1
859,4572,648694.15,12,19.55,28630,421757.45,0,2,0
860,8804,926848.63,36,10.99,21482,179662.11,0,8,0
861,6116,146778.68,36,19.23,125868,359949.6,1,8,1
862,9813,422580.62,48,12.09,20922,223869.88,0,4,0
863,385,257148.95,12,10.28,105956,70182.82,0,8,0
864,9566,179905.7,48,16.17,84708,232562.09,0,1,0
865,1261,687363.77,12,22.44,118129,114.7,0,4,1
866,8351,232489.98,12,13.91,49674,382985.32,1,0,1
867,8661,962334.87,12,18.28,115607,107934.46,0,2,0
868,6742,551384.96,36,20.0,46867,185614.83,1,0,0
869,4931,497915.0,36,21.57,129967,174653.23,0,11,1
870,9124,389757.18,24,8.67,25109,248087.66,0,7,0
871,1125,310050.83,48,16.07,133484,372659.89,0,0,0
872,3833,915738.21,60,22.36,29341,327605.53,0,7,1
873,6334,634385.55,48,12.69,139897,322176.55,1,10,1
874,6638,274638.23,48,9.19,88689,479500.97,0,5,0
875,4021,699200.01,36,13.94,40274,36845.25,0,5,1
876,8789,275600.68,12,19.45,64125,79210.0,0,3,0
877,237,782121.61,48,23.63,45433,27793.42,0,8,0
878,875,575527.45,48,17.01,140021,142800.72,0,4,0
879,5342,470110.16,48,22.89,108567,78814.03,1,1,1
880,3867,671981.25,24,22.97,115109,169872.19,0,6,1
881,6079,877907.52,36,21.04,41400,284619.0,0,11,1
882,326,433081.17,36,15.12,118996,69363.89,0,10,0
883,6080,703997.52,24,19.69,108519,61596.62,0,0,0
884,8224,394998.87,24,22.71,45190,307165.24,0,7,0
885,3912,392817.5,24,21.62,58458,122126.39,0,0,0
886,3632,846869.27,24,17.02,67224,135339.01,0,11,0
887,1768,570712.48,36,22.12,129396,145361.05,0,5,0
888,4457,434412.16,24,21.45,103138,118774.78,0,0,0
889,3086,241358.76,36,10.06,51842,298605.99,0,9,0
890,3628,806352.88,12,12.52,52167,68178.72,0,5,1
891,4854,648613.06,48,21.46,21315,138291.46,0,9,1
892,1733,734080.35,60,20.24,125593,490977.31,0,9,1
893,7637,464154.43,36,14.14,57986,194966.42,0,2,0
894,3982,342743.33,36,16.44,91745,258337.07,0,7,0
895,7380,738195.01,60,23.77,36517,141269.57,0,4,0
896,7877,132014.15,12,14.14,117000,370490.08,0,0,0
897,9458,677013.6,12,11.55,111961,265838.94,0,4,0
898,7881,977969.08,48,18.86,94587,202983.72,0,5,0
899,2977,823792.12,24,10.8,26752,489215.49,0,6,1
900,4637,745575.19,48,9.6,28951,13899.77,0,2,0
901,1954,468930.45,60,22.07,94979,99937.46,0,5,0
902,7605,65468.54,24,22.07,23811,467835.55,0,8,1
903,5484,985638.41,24,20.3,95831,497568.01,0,6,0
904,5194,924632.95,60,8.28,34792,266475.76,0,0,0
905,9813,523240.36,36,11.31,47998,453447.18,0,8,1
906,5844,702978.98,48,20.68,132499,348340.75,0,10,0
907,4802,581761.57,60,20.91,140101,476676.51,0,4,1
908,9380,705446.17,60,15.76,94212,202414.19,0,0,0
909,3349,101039.31,48,21.41,23766,305322.37,0,9,0
910,2790,998512.95,60,21.67,100049,420978.53,0,6,1
911,1694,791496.12,36,21.03,89248,85799.32,0,4,0
912,7892,302581.26,48,20.12,134323,78006.46,0,2,0
913,330,565298.84,60,21.18,127183,208472.02,1,9,1
914,7332,499670.39,24,9.86,114008,65472.93,0,11,1
915,8272,386615.58,48,16.31,106179,125117.32,1,2,0
916,5875,466728.49,60,15.02,104649,334247.98,0,4,0
917,9857,590734.24,36,8.89,25622,83975.99,0,6,0
918,3155,535803.26,24,23.84,74138,337857.01,0,9,0
919,405,846247.38,36,16.54,109377,207289.11,0,5,1
920,3913,163233.97,60,21.33,60135,495311.35,0,4,1
921,6479,103039.34,24,14.87,25709,423699.73,0,2,0
922,525,530400.88,48,13.1,119379,397640.04,0,3,0
923,521,494089.82,24,16.27,50403,148403.7,0,10,1
924,7378,663146.18,36,10.32,84229,395486.15,0,9,0
925,3006,325659.74,12,10.98,65357,199855.17,0,11,0
926,3403,135146.34,60,8.93,98523,286216.86,0,6,0
927,383,814104.01,12,21.73,60333,231159.0,0,1,0
928,7779,468441.07,60,16.7,25968,385531.83,0,8,0
929,6672,179103.62,12,23.78,73293,272903.33,0,1,0
930,6002,957840.95,24,21.24,53688,313507.2,0,10,0
931,1066,946902.22,24,16.85,114384,279285.95,0,8,0
932,7331,204433.72,48,16.47,65438,448030.0,0,3,0
933,7490,816405.1,24,16.04,132338,473312.14,1,9,1
934,6448,563268.55,24,8.9,64589,214917.63,0,4,0
935,6486,333490.19,12,8.86,46949,253706.58,0,5,1
936,6221,423710.4,60,15.83,130443,86536.81,0,10,1
937,8947,966268.69,24,22.39,88028,155707.4,0,8,0
938,4934,367213.51,24,18.4,138648,379229.78,0,0,0
939,2916,252984.67,36,16.5,49838,322011.24,0,11,0
940,928,493599.64,12,17.84,56680,303819.55,0,11,1
941,9497,634124.36,24,13.01,59885,231610.48,0,4,1
942,8647,320376.56,24,13.59,20331,202435.25,1,4,1
943,7315,785135.3,48,19.84,36762,116805.63,0,11,1
944,6396,625368.14,36,11.34,100708,456477.86,1,3,1
945,8756,931553.94,60,10.74,93439,487494.81,0,6,0
946,7545,354497.45,12,16.3,103134,107095.43,0,7,0
947,4830,680857.64,60,19.86,85080,205889.41,0,5,0
948,4014,891735.76,24,12.91,68129,86098.31,0,9,0
949,6326,54198.19,48,14.64,110740,354855.48,0,7,0
950,7186,519863.03,36,16.79,23927,331889.48,0,5,0
951,5754,576632.1,12,22.21,148359,10645.2,0,4,0
952,6232,532503.0,36,18.01,26636,155752.69,1,2,1
953,6846,327107.49,36,21.67,138188,162062.85,0,11,1
954,7539,135727.33,36,14.19,21844,358279.87,0,10,0
955,2501,871660.41,60,17.4,44935,87694.82,0,6,0
956,1610,534418.71,36,18.41,78604,460483.47,0,7,0
957,9496,118859.75,24,22.63,90491,40788.31,0,5,0
958,1175,439893.52,24,20.91,113998,107100.86,1,7,1
959,4639,224087.65,24,10.34,135220,12582.53,0,2,0
960,7736,345191.53,48,18.76,132516,495873.3,0,8,1
961,3218,825820.2,48,8.83,25598,414872.14,0,5,0
962,4425,543806.11,36,23.9,59585,339230.45,0,0,0
963,5156,274146.33,12,14.54,57671,493330.74,0,0,0
964,4175,819860.57,48,18.69,66194,8024.43,0,4,0
965,3159,233192.56,60,11.0,127450,418930.66,0,9,1
966,4833,351478.69,24,20.51,70984,342322.42,0,2,1
967,1336,81547.67,36,19.12,91176,79620.1,0,6,0
968,6379,959235.48,60,13.6,141950,398356.05,0,4,1
969,8929,447492.64,60,13.76,142427,388730.05,0,7,0
970,408,208355.25,12,18.9,96652,148981.38,0,0,0
971,4814,536128.35,24,13.89,120642,237805.53,1,7,1
972,8335,150600.05,24,23.2,102896,17144.78,0,2,1
973,8082,904654.04,48,13.2,80394,3019.81,0,7,0
974,5492,108331.77,48,12.27,86890,131202.15,1,4,0
975,7165,639620.76,60,20.17,128426,152697.37,0,9,0
976,6294,897184.54,60,9.67,121280,427615.79,0,10,0
977,3469,285303.79,60,17.01,23086,230782.0,0,3,0
978,2759,143344.11,24,17.98,94692,470723.75,0,2,0
979,8833,490719.0,60,12.93,45535,328760.76,0,1,0
980,3202,611304.45,24,23.22,47695,312278.84,0,4,0
981,221,325301.96,48,14.66,145872,161400.22,0,7,1
982,8944,358874.99,12,12.48,37319,115878.13,0,2,0
983,5605,656142.86,48,18.95,44813,231245.12,0,9,1
984,226,977796.37,24,19.54,111274,374191.22,0,7,0
985,9747,453573.74,24,14.83,58588,183608.4,0,8,1
986,2167,471585.08,48,10.9,108978,418764.91,0,8,1
987,2554,876970.82,48,18.11,42302,350672.52,0,8,1
988,7597,420264.23,24,11.98,102845,78535.85,0,7,0
989,9192,362010.17,36,11.56,58802,170786.71,0,5,0
990,7439,492504.8,48,17.25,38127,23491.83,0,11,1
991,6964,89979.2,60,23.78,102873,194203.48,0,5,1
992,7061,915031.1,48,19.08,108936,241570.0,0,5,1
993,1859,142954.41,12,20.96,46900,415472.99,0,5,1
994,4164,905486.41,24,19.41,63051,204928.36,0,1,1
995,4325,937283.66,12,13.96,119050,309805.16,0,4,0
996,8397,891584.67,12,22.51,71972,179473.6,1,8,1
997,5196,132597.93,36,20.94,40149,343352.42,0,11,1
998,6839,568760.37,48,19.06,138362,86609.97,1,4,1
999,5951,386821.26,60,16.66,57150,109146.24,0,0,0
1000,9312,212932.22,48,13.79,30799,429642.78,0,8,0
1001,5664,564504.93,24,15.19,141369,178110.56,0,2,0
1002,4944,89594.83,48,12.97,60391,125050.46,0,2,0
1003,537,338963.22,36,22.72,65126,5886.6,0,4,0
1004,7636,546322.85,60,13.26,113521,358693.8,0,4,0
1005,6851,981796.66,24,23.0,22212,233999.43,0,1,0
1006,7115,541534.12,24,15.09,120199,86744.29,0,5,1
1007,7513,345774.76,12,21.4,89910,437482.04,1,8,0
1008,8284,574693.01,24,12.02,93651,399207.6,0,2,1
1009,2308,96375.27,36,23.44,126208,138502.16,0,4,0
1010,2270,825777.57,12,22.35,109175,111266.39,0,1,0
1011,4994,906722.04,48,19.19,111104,208438.57,0,5,0
1012,8392,87398.02,60,22.71,34304,182447.98,0,11,1
1013,8044,246438.14,60,17.94,110353,78545.62,0,2,1
1014,8383,83721.86,24,8.23,79699,490596.42,0,11,0
1015,5422,906180.32,60,12.02,146363,167196.14,0,5,1
1016,7538,67370.2,48,9.43,132705,265090.58,0,2,0
1017,4029,70884.0,60,9.05,46861,371418.38,0,4,0
1018,7556,594777.12,12,15.53,96526,463868.35,0,9,0
1019,5938,227238.85,24,23.63,142848,74553.2,0,9,1
1020,9273,928776.26,36,14.3,124739,70809.44,1,4,1
1021,9389,822119.7,60,23.48,136837,303211.7,0,6,1
1022,3313,253532.9,60,22.26,98331,130364.98,0,11,1
1023,10000,470058.21,24,10.81,98673,332910.1,0,3,0
1024,1063,850464.46,12,22.14,23381,79346.01,0,3,0
1025,8955,66497.28,24,12.12,95656,288676.56,0,4,0
1026,6035,500824.56,36,8.84,117304,366249.53,0,8,0
1027,4570,485996.75,24,9.92,58241,361027.46,0,8,1
1028,8243,938863.5,24,16.26,27387,363887.05,0,9,1
1029,3595,375976.16,60,17.98,90435,324510.78,0,3,1
1030,2279,251668.8,36,8.4,45101,496393.58,0,11,1
1031,5662,355536.17,48,19.26,89364,480567.04,0,4,0
1032,9493,328894.3,12,9.18,54403,47762.26,0,6,1
1033,3787,825745.58,24,18.4,117289,185354.21,0,11,1
1034,5635,700272.42,48,8.96,92435,404960.03,0,6,0
1035,9960,466350.12,60,12.79,90664,229034.73,0,0,0
1036,747,862864.91,36,22.14,126344,148097.5,0,2,0
1037,3840,612117.95,36,23.36,44696,444245.22,0,5,0
1038,9401,168497.9,60,8.84,76066,194028.27,0,10,1
1039,8900,695398.57,60,21.17,47266,13266.14,0,0,0
1040,5078,300498.48,12,17.61,20521,229385.37,0,9,1
1041,2873,700354.6,48,22.95,88531,201621.13,0,0,0
1042,6551,540012.29,24,14.21,89016,109769.12,0,8,0
1043,1508,764111.29,60,18.97,35894,179695.37,0,10,1
1044,3577,509090.99,36,9.35,42128,61605.19,0,3,0
1045,6799,889005.43,60,12.85,32554,286571.29,1,0,1
1046,2879,396149.43,60,15.43,93621,209902.44,0,7,1
1047,5908,332862.25,36,14.92,60244,53242.77,0,7,0
1048,3241,260897.27,36,20.41,124898,497402.98,0,10,1
1049,3631,564213.09,36,9.56,116814,488120.9,0,2,1
1050,5638,326308.69,60,8.95,71305,428015.12,0,8,0
1051,5698,733456.11,24,9.34,30488,124226.19,0,4,0
1052,5548,281254.89,36,8.05,137388,47753.41,0,9,0
1053,9747,539098.29,12,12.71,41109,195097.46,0,5,0
1054,1310,638854.58,12,22.68,24765,386812.62,0,3,0
1055,7281,506844.84,24,19.14,99021,435422.93,0,6,1
1056,3874,90183.33,24,13.38,115863,196070.52,0,2,0
1057,4534,369257.03,60,11.29,133505,206054.02,0,6,0
1058,8787,850858.49,12,19.64,141501,3969.77,0,2,0
1059,352,720106.63,24,19.13,70775,425440.42,0,8,0
1060,1948,989022.99,48,17.61,21722,188815.1,0,1,0
1061,5690,327775.47,12,21.97,27680,493402.51,0,1,0
1062,9358,934024.83,60,17.8,32579,173473.16,0,9,0
1063,1915,455360.37,24,13.8,83755,1368.56,0,11,1
1064,8105,119971.93,60,19.77,133171,108705.9,0,6,0
1065,4549,391064.3,48,11.8,70551,271154.71,0,6,1
1066,3407,241929.14,36,17.85,60321,399530.18,0,5,0
1067,9238,320330.01,48,8.6,148088,11587.46,0,2,0
1068,4293,367375.06,12,14.83,50652,6909.64,0,6,0
1069,2511,345669.0,36,9.31,46783,135091.32,0,3,0
1070,8133,81975.42,12,23.42,96140,90138.12,1,7,1
1071,7417,329781.45,24,10.4,34048,242738.7,0,11,1
1072,3858,612686.61,24,12.86,23358,449111.48,0,10,1
1073,2040,787744.48,60,12.22,22019,116314.51,0,11,0
1074,5735,55824.17,12,13.03,143795,182445.31,0,1,0
1075,8498,144918.42,36,15.1,61527,361809.77,0,4,1
1076,451,642124.23,36,12.24,88375,276041.45,0,0,1
1077,6421,124434.88,36,14.03,124939,92028.85,0,10,0
1078,2290,65409.33,24,12.27,142728,139990.09,0,8,0
1079,9511,349555.16,48,23.62,63100,383471.95,0,3,1
1080,9569,708023.94,24,12.61,53833,56741.22,0,9,1
1081,329,860075.9,36,12.85,96523,20074.15,0,8,1
1082,5456,554565.78,60,13.93,137122,405258.03,1,0,1
1083,113,502096.2,36,18.07,61411,20753.43,0,7,0
1084,274,548977.96,36,23.52,105998,136814.66,0,9,1
1085,8681,474801.12,48,17.41,143971,289610.5,0,9,0
1086,4846,792441.54,60,23.75,29420,10317.4,0,6,0
1087,7992,637822.77,60,13.54,62830,449474.13,0,5,1
1088,5617,188012.72,48,22.73,27494,458166.32,0,10,1
1089,9789,940897.04,12,14.23,130179,194138.92,0,4,0
1090,9211,228828.51,48,18.06,77848,422434.85,0,9,1
1091,234,214320.55,36,8.83,130474,10437.2,0,4,0
1092,1077,398265.75,24,8.07,37300,60406.15,0,1,0
1093,6938,404680.1,36,11.6,75590,102665.11,0,2,0
1094,4275,127113.5,60,8.62,52139,134984.62,0,0,1
1095,3357,143272.19,48,14.78,79069,305413.46,0,0,0
1096,9300,973789.65,60,15.15,125680,485034.27,1,3,0
1097,9823,163046.12,60,23.28,85301,78244.83,0,10,1
1098,5081,961633.08,36,10.77,20510,422703.52,0,1,1
1099,9292,706279.93,60,15.24,45233,383698.56,0,1,1
1100,332,256967.76,12,12.93,149219,190228.59,0,2,0
1101,7550,441591.66,36,8.96,54629,284451.57,0,6,0
1102,7996,269469.89,24,9.71,132366,176602.26,0,2,0
1103,1048,272377.38,36,22.04,25883,121467.89,0,10,0
1104,2408,665512.14,60,14.36,134063,66539.68,0,4,0
1105,2069,369502.33,24,20.25,61958,329860.22,0,10,1
1106,6840,855532.48,36,15.18,73704,90510.28,0,7,1
1107,67,550512.86,60,22.61,110573,433569.89,0,2,0
1108,9784,298521.81,12,19.23,28422,298492.77,0,2,0
1109,3791,82824.31,60,13.46,79551,342230.42,1,0,0
1110,9997,613466.32,12,21.8,55892,308570.27,0,10,1
1111,3751,940493.11,48,9.39,98640,321597.23,0,6,0
1112,40,530840.45,60,9.22,77721,447598.62,0,3,0
1113,1546,564695.42,60,16.88,88786,161761.38,0,3,0
1114,1266,306229.33,12,19.7,24875,355907.78,0,0,1
1115,7723,673676.28,12,17.62,64918,82877.49,0,2,0
1116,4320,532202.9,36,18.6,121558,321111.31,0,5,0
1117,1349,728539.07,12,12.17,99366,202771.89,0,7,0
1118,7849,164734.14,24,22.05,99001,422691.8,0,4,0
1119,9272,269076.71,60,23.55,49595,173075.39,0,6,0
1120,9719,833490.07,24,14.21,20264,427617.21,0,4,1
1121,9460,968523.65,48,14.54,96264,228571.58,1,5,1
1122,4684,827240.36,48,15.26,100021,448065.07,0,11,1
1123,3568,473871.0,24,11.2,96856,499587.38,0,11,0
1124,5475,118631.63,48,10.26,68301,490192.62,0,0,0
1125,1876,881407.4,60,20.43,128919,219891.1,0,2,0
1126,40,818003.36,60,17.7,133898,483020.32,0,5,1
1127,3768,962383.88,36,10.4,43170,424593.3,0,8,1
1128,2124,439052.45,36,15.94,31734,6235.96,0,3,1
1129,756,706144.84,12,23.94,24369,163004.17,0,1,0
1130,8264,200795.51,12,16.43,105828,44811.86,0,3,1
1131,8402,921605.74,48,22.6,75798,66994.28,0,4,0
1132,9512,714491.94,36,21.37,59205,455451.7,0,5,0
1133,6517,735939.09,12,9.77,80693,150649.33,0,8,1
1134,4969,689927.02,36,14.47,58049,290415.99,0,8,0
1135,2824,734328.9,48,16.96,144301,229380.85,0,0,0
1136,1103,194238.56,48,18.39,70587,460691.81,0,4,0
1137,7676,692730.11,48,12.66,90311,117429.1,0,9,0
1138,7027,423394.59,36,8.12,78201,220829.87,0,0,1
1139,8772,368385.13,12,12.95,145490,42683.29,0,1,0
1140,9823,296420.98,48,17.06,105953,314815.3,0,1,1
1141,1318,871208.61,12,13.61,119423,443054.08,0,2,1
1142,185,751859.89,36,14.09,83566,152825.23,0,11,1
1143,9144,331876.93,24,21.39,50640,396664.41,0,7,1
1144,2748,153747.79,12,14.67,63725,67528.22,0,7,1
1145,4801,454137.81,24,23.49,47469,233474.94,0,0,0
1146,2345,635149.32,24,10.62,129999,138735.07,0,10,1
1147,9664,59554.1,48,9.44,23348,334186.34,0,9,1
1148,3034,544966.82,12,11.41,137984,344528.15,0,4,0
1149,907,148406.49,12,9.41,53891,203900.85,0,5,0
1150,3244,827673.97,48,11.99,52439,167122.4,0,9,0
1151,5424,687436.13,36,16.7,49119,388177.72,0,0,0
1152,3054,411035.14,12,12.14,115864,271367.25,1,4,0
1153,5535,261998.28,24,21.09,128645,272815.37,0,11,0
1154,6627,414168.2,60,13.74,66306,394615.89,0,2,1
1155,5596,900115.8,60,14.46,51587,310584.96,0,1,0
1156,3583,114144.99,24,9.39,36872,74551.41,0,10,1
1157,6428,922939.84,24,12.33,21960,54087.79,0,4,0
1158,4765,121085.66,12,9.93,24849,128810.75,0,8,1
1159,1074,84878.87,36,11.72,116860,183707.11,0,6,1
1160,643,239482.35,36,18.54,130270,134803.72,0,4,1
1161,1261,188951.24,12,14.11,39584,118731.04,0,10,1
1162,7576,935304.41,48,8.31,55990,30393.71,0,3,0
1163,6230,282354.94,60,12.28,73471,257939.82,0,4,1
1164,8563,833659.98,24,21.94,72932,10308.68,0,2,0
1165,1354,354348.49,36,14.05,132619,258378.0,1,2,0
1166,3607,190714.82,48,17.01,123356,68531.34,0,8,0
1167,1219,449828.97,60,15.66,92984,437181.61,0,9,0
1168,3400,142934.47,24,23.58,149813,196589.75,0,5,0
1169,4144,622975.0,12,12.46,56727,386802.75,0,6,0
1170,8977,202293.22,48,19.31,42182,124040.43,0,6,0
1171,4721,582520.55,24,17.54,46816,495683.08,0,6,0
1172,6228,274249.58,12,17.91,149046,227572.12,0,3,0
1173,3768,921422.37,24,20.9,117938,342995.97,0,7,0
1174,104,256988.65,12,10.67,33831,453725.96,1,2,1
1175,1466,494129.94,12,21.51,130217,146856.0,0,9,0
1176,7112,66519.44,60,9.65,72460,199559.83,1,2,1
1177,9565,164818.62,48,18.64,47237,327269.84,0,11,0
1178,2870,203596.74,36,11.31,121772,79746.53,0,3,1
1179,7348,836284.33,60,18.27,82185,350802.65,0,5,0
1180,5371,642617.97,36,9.85,67204,407303.81,0,1,0
1181,7212,88038.5,60,19.35,149137,300570.62,0,8,0
1182,2330,221540.61,12,13.15,130283,160285.29,0,11,1
1183,5185,875031.23,60,18.64,105851,310760.73,0,3,1
1184,8517,341286.07,12,16.76,98572,443920.72,0,9,0
1185,7571,248607.26,48,11.59,69810,126548.63,1,11,1
1186,7565,806699.97,24,16.51,99780,435284.51,0,0,0
1187,116,426711.32,12,10.54,101235,366834.14,0,6,0
1188,1185,509651.25,36,23.88,142366,220711.31,0,1,0
1189,5815,719778.82,12,17.54,36605,499258.1,0,3,1
1190,5610,912645.91,12,16.17,37716,69905.64,0,10,0
1191,5782,713614.09,36,22.7,26471,217081.25,0,8,0
1192,5402,424060.3,12,12.8,73553,350609.25,0,2,0
1193,5207,965997.12,12,11.65,31302,7426.37,0,0,0
1194,9766,570862.14,36,18.18,89673,446758.4,0,3,0
1195,8293,907198.1,24,22.52,109447,174888.35,1,7,1
1196,9921,893241.19,48,18.4,103830,101252.57,0,9,1
1197,3789,535341.93,12,8.35,39195,154289.78,0,3,1
1198,3563,247966.73,12,21.8,67078,98901.94,0,5,0
1199,7674,403348.84,24,12.76,142416,1765.36,0,9,1
1200,5294,216554.14,24,21.91,123833,25140.8,0,5,0
1201,8310,200724.4,48,23.7,83395,88242.85,0,0,0
1202,8462,900186.01,12,18.42,86586,333897.32,0,6,1
1203,6774,183755.79,48,12.49,145531,489.91,0,4,1
1204,6889,976127.3,24,11.61,34387,348593.52,0,10,1
1205,3251,314114.49,24,19.27,115536,71198.67,1,4,0
1206,9990,485662.68,12,8.86,135711,253518.22,0,6,1
1207,3715,226240.62,36,18.4,140342,182750.39,0,8,0
1208,3432,404629.9,60,12.95,67832,237606.1,0,9,1
1209,2726,619129.68,24,8.04,92693,336343.61,1,10,1
1210,2947,920230.94,12,18.14,66248,97659.87,1,8,1
1211,7725,945238.29,36,17.31,122325,78708.1,0,6,0
1212,5944,100549.23,48,16.46,144074,464433.07,0,2,1
1213,3183,555235.6,48,11.98,76113,21276.39,0,4,0
1214,9567,179250.52,48,22.63,70547,260733.79,0,8,0
1215,3941,187931.79,36,8.51,94312,263448.05,0,1,0
1216,8910,829843.94,60,9.77,61081,10953.39,0,6,0
1217,362,359824.24,36,14.22,105521,202366.27,0,11,1
1218,3899,985379.65,36,14.22,104933,220531.91,0,6,0
1219,4850,807971.9,24,10.05,74722,450009.17,1,0,0
1220,1409,569633.48,12,23.73,119060,43994.73,0,4,1
1221,5082,83800.52,36,23.8,128263,372678.55,0,11,0
1222,963,118634.15,48,20.37,55994,289485.71,0,9,0
1223,910,625039.07,24,12.87,85649,433121.96,0,7,1
1224,1655,848054.29,48,13.46,85326,22446.87,0,0,0
1225,3100,540724.02,12,22.27,129534,209656.0,0,1,0
1226,519,878772.27,24,8.12,26426,278167.24,0,10,1
1227,1759,431680.14,12,10.49,82168,73373.85,0,3,1
1228,4708,924454.28,36,12.47,36526,94040.47,0,1,0
1229,948,895862.63,24,23.98,21717,282335.99,0,11,1
1230,4223,647104.0,12,8.73,77800,292665.36,1,0,1
1231,3118,903671.28,48,18.38,53650,66342.71,0,0,0
1232,683,560501.07,36,20.95,36017,238202.43,0,1,1
1233,8056,147855.83,24,9.67,132128,72909.36,0,9,0
1234,585,752818.58,36,9.98,62363,36112.42,0,2,0
1235,2849,660881.45,24,12.49,33195,396524.52,0,10,1
1236,1951,695654.95,24,17.4,77242,58091.53,0,1,0
1237,5670,89303.17,60,11.93,77080,60054.39,0,8,1
1238,4352,146593.19,24,16.09,48333,295349.59,0,8,0
1239,8868,998034.4,12,11.02,55014,134946.09,1,4,0
1240,1149,778784.27,12,20.02,66481,263147.08,0,11,1
1241,2238,494645.98,12,14.47,97601,23254.64,0,3,0
1242,5836,686840.49,36,11.33,138641,287923.44,0,11,0
1243,7320,841351.45,60,20.76,127536,260174.9,0,6,0
1244,1024,914118.19,12,11.84,44611,482598.07,0,1,0
1245,7204,865620.89,48,16.31,41092,348837.39,0,10,1
1246,543,566862.93,36,8.58,61401,497467.16,1,7,0
1247,3463,915017.32,60,12.97,94987,414795.47,1,9,1
1248,9823,799794.35,36,10.77,45397,481447.42,0,3,0
1249,5276,120478.27,60,12.09,89761,449181.24,0,11,1
1250,3137,147752.87,36,23.78,52165,476830.67,0,8,0
1251,793,746173.8,36,13.92,125932,352792.16,0,9,0
1252,2639,858301.65,12,10.38,36810,72308.36,1,9,1
1253,7268,470822.94,12,23.8,47042,454259.18,1,9,1
1254,7845,776156.97,12,12.8,97962,254157.49,0,11,1
1255,5464,759037.87,48,19.87,57600,249145.68,0,2,0
1256,1084,499437.31,24,22.16,61498,273918.68,0,8,0
1257,2921,434102.97,24,13.64,75543,104979.59,0,2,0
1258,3664,120845.01,60,18.32,94537,104421.15,0,11,1
1259,3236,981113.36,48,8.85,71310,283811.82,0,2,0
1260,5266,244067.3,60,14.3,79828,388265.58,0,6,1
1261,839,191778.43,60,22.33,147812,50784.03,0,4,1
1262,9519,126814.87,48,20.82,34950,369587.32,0,4,1
1263,3521,534906.45,48,11.91,33168,91843.47,0,2,0
1264,7460,114161.24,48,8.3,109486,207234.53,0,4,0
1265,5166,883782.84,24,17.9,101270,35185.89,0,6,0
1266,1239,241468.72,60,9.92,32900,307931.77,0,10,1
1267,1453,921292.7,24,21.03,37846,426153.03,0,6,1
1268,263,864940.92,48,15.46,50085,230578.35,0,1,0
1269,6789,87876.2,48,14.36,94335,429343.52,0,10,0
1270,5594,597014.99,36,11.95,35466,350037.66,0,1,0
1271,3020,223147.83,36,16.79,78928,371793.39,0,2,0
1272,6933,179392.57,24,21.12,130066,183069.69,0,9,0
1273,6961,539919.78,36,15.55,42776,168958.53,1,2,1
1274,4008,231376.57,36,9.55,142478,66544.81,0,5,0
1275,2474,479106.63,36,16.91,51130,287752.72,1,1,0
1276,6088,100064.97,12,13.23,77217,493844.3,0,6,1
1277,3999,497033.29,60,16.26,84358,268228.96,0,6,0
1278,2713,211876.88,60,9.38,103221,269352.14,0,4,0
1279,3711,160131.95,60,9.19,40245,186129.88,0,1,0
1280,5103,129362.44,60,19.76,112882,121247.04,0,8,0
1281,8739,656203.73,48,15.82,27493,486805.44,0,6,0
1282,2116,111376.91,36,14.52,95540,212676.96,0,5,0
1283,581,603086.66,48,23.26,88126,73107.81,0,0,0
1284,5445,124775.8,60,11.08,30246,154657.34,0,0,0
1285,1168,517554.12,60,22.49,30779,366223.99,0,1,0
1286,1503,268252.96,24,21.32,64016,479322.05,0,11,0
1287,7294,184463.39,24,16.48,32784,120592.59,0,5,0
1288,8618,962418.34,24,15.23,110488,236682.6,0,6,1
1289,4398,381006.61,48,9.99,31459,154255.64,0,11,0
1290,4394,357943.18,36,13.93,29338,164608.8,0,10,0
1291,6546,973300.87,36,16.66,84064,45075.14,0,6,1
1292,8708,766574.26,24,13.65,117544,298067.79,1,11,0
1293,3962,616386.87,60,22.69,40722,137788.61,1,11,1
1294,1569,236807.47,60,8.72,140198,109572.08,0,7,1
1295,5532,643317.87,60,12.83,87510,66354.56,0,2,0
1296,4427,803956.85,12,22.88,29797,219998.57,0,2,0
1297,9451,871634.97,48,9.31,84579,202636.75,0,11,0
1298,2930,872591.35,12,15.45,137164,379145.57,1,1,0
1299,6066,138717.51,48,19.97,44349,209373.72,0,3,1
1300,2281,316369.37,60,13.41,119757,472335.96,0,10,1
1301,7929,506908.82,48,20.95,48911,225108.1,0,2,1
1302,5840,500575.57,48,10.38,112191,256619.34,0,7,0
1303,3410,512283.49,36,23.78,86454,459800.71,0,5,1
1304,1747,940725.54,48,18.29,76844,56514.81,0,5,1
1305,7438,428319.15,36,12.7,101833,189267.58,0,10,0
1306,1757,823655.0,60,9.12,29822,91356.76,0,3,1
1307,7453,502644.31,12,16.91,58127,268558.16,0,6,0
1308,1843,463691.53,36,17.41,74613,413146.97,1,3,0
1309,6338,946609.7,12,15.07,95264,445621.27,0,1,0
1310,2662,334034.59,36,23.01,143214,19467.02,1,0,1
1311,9238,335294.68,24,13.16,21037,187732.74,0,3,0
1312,9103,851760.1,12,17.27,38191,187467.78,0,9,1
1313,3220,474164.17,36,9.09,112606,366259.97,0,11,1
1314,6956,629527.33,36,15.32,49799,414328.36,1,11,1
1315,8443,113573.27,24,20.56,131664,167996.01,0,11,0
1316,1875,547531.67,36,19.96,68235,235045.99,1,0,0
1317,9893,567019.05,36,15.65,71673,42827.6,0,7,0
1318,9117,645011.28,60,21.71,86712,42909.61,0,6,0
1319,1235,130678.69,36,23.2,87278,363923.27,0,0,0
1320,4492,869101.16,24,14.95,95827,413430.82,0,6,0
1321,8794,449072.82,12,13.61,105030,138337.12,0,7,1
1322,173,331294.81,60,18.14,49579,279316.59,0,4,1
1323,234,597146.61,48,23.97,141671,266677.48,0,6,0
1324,3001,566118.31,12,8.64,66618,441848.26,0,3,1
1325,228,227421.08,36,13.86,41660,35004.04,0,11,1
1326,6645,339999.76,48,15.85,113398,314829.58,0,4,1
1327,214,707148.15,24,23.68,40982,161247.68,0,2,0
1328,7031,250413.1,48,21.21,149326,383422.24,0,7,1
1329,3465,497867.63,24,12.76,116725,74734.59,0,3,0
1330,931,880100.84,12,20.53,41447,345480.95,0,10,0
1331,8687,74164.4,12,11.33,79881,438212.47,0,8,1
1332,8611,846909.01,60,17.44,48236,416160.53,0,8,0
1333,1131,871815.13,60,8.64,42517,476130.89,0,10,0
1334,1109,734428.73,36,14.79,96120,63037.07,0,0,0
1335,2537,622612.03,36,20.26,22912,314982.39,0,2,0
1336,6208,488897.92,36,12.59,128220,34844.53,0,8,0
1337,2229,683359.64,48,19.66,75748,265198.79,0,5,0
1338,256,816262.02,60,13.24,98232,233469.48,0,6,0
1339,2585,272032.26,12,9.15,110052,93183.76,0,1,0
1340,7335,914275.52,60,22.42,129727,33451.87,0,2,0
1341,9270,321019.31,60,14.72,126239,441074.99,1,0,0
1342,2987,62903.13,60,19.83,63126,297621.01,0,2,0
1343,519,704687.35,12,17.5,76694,232125.38,0,1,0
1344,3506,921398.09,12,18.79,57997,211666.93,0,6,1
1345,6347,874108.65,12,16.61,130899,320252.33,0,3,0
1346,4652,230802.41,12,16.77,97517,165799.08,0,1,0
1347,6429,954804.89,36,21.88,147578,363013.21,0,0,0
1348,1367,943382.7,36,17.06,134347,95403.01,0,0,0
1349,1472,670173.31,24,20.94,85694,106196.59,0,4,0
1350,5418,292803.25,36,15.15,85081,452621.81,0,2,0
1351,3713,447520.78,12,23.57,53762,174390.56,0,6,1
1352,5759,558706.34,24,8.99,111144,385700.15,0,11,1
1353,7473,550661.3,24,14.06,90557,21448.98,0,0,0
1354,4143,600603.17,60,10.86,42716,247996.95,0,10,0
1355,8033,293249.67,48,12.75,132884,223895.49,0,10,0
1356,8899,231408.48,60,9.95,88655,35722.36,0,0,0
1357,7171,975901.58,24,15.99,135812,356322.83,0,5,0
1358,4976,166702.63,36,8.21,78532,163880.6,0,6,1
1359,4827,358633.21,48,17.35,100192,393280.77,0,10,1
1360,764,971923.8,24,23.02,138350,125552.93,0,6,1
1361,595,735693.06,48,10.59,148471,154171.77,0,5,1
1362,7868,584598.04,24,18.53,30054,56435.9,0,4,1
1363,5709,63108.59,60,12.15,24588,103141.81,0,9,1
1364,2156,878070.32,48,10.33,138369,477023.52,0,11,1
1365,2110,775363.75,24,21.4,75643,313832.41,0,3,0
1366,9674,145905.63,48,15.57,51630,405527.29,0,7,0
1367,2236,819293.05,24,9.07,98900,49710.02,0,10,1
1368,3541,298868.05,24,16.67,94705,237757.53,0,3,0
1369,7279,818560.48,48,23.66,105794,4250.86,0,1,0
1370,6234,850641.14,36,20.87,141145,43166.38,0,5,1
1371,5365,461922.48,24,16.9,64206,83598.92,0,8,1
1372,5125,126033.21,36,23.21,77866,332500.81,1,6,0
1373,9786,582014.03,24,20.84,149079,264072.13,0,8,1
1374,9011,575879.89,24,15.16,56015,422090.15,0,6,1
1375,569,814525.69,24,15.52,31882,225437.77,0,4,0
1376,1940,137875.1,36,22.83,76517,299502.68,0,3,1
1377,9049,714315.88,24,8.72,80429,314136.99,0,11,0
1378,2271,851445.19,36,13.25,50527,36988.62,0,4,0
1379,3486,551312.26,60,15.02,35772,434777.76,0,5,0
1380,7228,346163.34,48,11.23,104603,241231.23,0,8,0
1381,84,282979.43,36,10.84,143215,344741.32,0,8,0
1382,8080,348061.36,12,16.02,24547,221939.48,0,11,0
1383,5548,900392.98,24,17.38,71197,281859.61,0,5,1
1384,1538,712544.91,48,15.35,50277,236674.95,0,5,1
1385,9051,681624.08,48,14.51,140019,330194.1,0,11,1
1386,9786,117519.39,60,19.29,25040,55700.89,1,0,1
1387,8510,632323.96,48,19.86,45338,320929.23,0,10,1
1388,8476,866659.89,48,10.78,94689,389625.47,0,3,0
1389,4790,231957.32,12,9.04,147732,33149.02,0,9,1
1390,4555,296670.8,12,9.04,106290,287458.56,0,11,1
1391,5910,976520.34,12,19.76,96083,38040.21,0,7,1
1392,4908,568635.95,12,8.25,71768,131924.62,0,6,0
1393,2451,723825.29,36,23.61,45738,122411.21,0,3,0
1394,8644,370836.13,12,19.3,141246,452212.18,0,4,0
1395,5148,306507.87,48,17.55,61619,109831.09,0,0,0
1396,708,100204.75,12,8.51,27919,126857.54,0,3,1
1397,4167,246671.51,24,8.51,57725,216317.67,0,6,0
1398,5151,659012.94,48,15.3,130856,42457.59,0,11,0
1399,7070,345484.57,36,14.14,54758,190786.94,0,3,0
1400,7468,194770.13,12,12.63,28976,295040.38,0,1,0
1401,435,134077.87,48,10.07,65846,78128.72,0,1,0
1402,9196,869198.3,12,12.36,146695,466265.64,0,7,0
1403,7628,510229.7,24,18.16,88233,160545.14,0,2,0
1404,1553,415414.03,12,14.37,52620,166277.55,0,10,1
1405,4283,233655.05,24,12.99,36533,221706.93,0,7,0
1406,9526,506820.14,48,22.8,57462,134639.3,0,6,1
1407,7346,922232.94,24,13.31,80448,341567.67,0,10,1
1408,9284,423867.55,24,22.57,32681,185306.12,1,11,1
1409,3574,115639.02,60,9.3,141420,142118.13,0,10,0
1410,9914,773373.11,48,21.22,43147,45623.45,0,6,0
1411,1616,268657.03,36,16.19,82246,353288.43,1,8,1
1412,5448,726097.76,24,16.15,102714,270106.5,0,8,1
1413,2745,755100.16,48,17.55,90911,479676.87,0,11,0
1414,9601,815447.41,24,18.61,51547,83845.6,0,2,0
1415,569,256518.01,60,21.09,132426,127448.25,0,5,0
1416,8398,195788.01,36,8.86,36043,447817.12,0,8,1
1417,2918,357939.47,36,13.01,26789,490020.32,0,8,1
1418,6741,700336.13,24,15.41,72152,79294.39,0,0,0
1419,853,951493.14,48,23.43,123191,67308.95,0,4,0
1420,555,688255.29,12,8.98,129744,480152.5,0,1,0
1421,1984,982038.78,12,14.32,51470,482331.32,0,3,1
1422,4645,641634.07,48,20.52,26844,423289.12,0,1,0
1423,2000,964457.87,48,22.89,108070,291010.31,0,9,1
1424,4812,737888.97,48,20.89,80891,381405.35,0,11,0
1425,7620,374815.18,24,23.63,147543,388760.03,1,2,1
1426,9852,696505.64,48,16.44,71269,192204.0,0,5,0
1427,4460,216600.8,12,19.65,56927,317596.72,0,11,1
1428,309,444966.22,36,22.1,134609,469872.26,0,11,0
1429,6329,379150.84,36,14.63,68691,198456.05,0,8,0
1430,4275,806875.85,48,9.3,106174,132859.37,0,8,0
1431,9635,865659.39,12,8.88,125573,380261.15,0,6,0
1432,2920,769529.12,48,22.76,116331,470408.1,0,6,1
1433,8569,847559.65,48,8.03,28434,284742.58,0,8,1
1434,5784,123575.15,48,13.07,132231,317163.69,0,0,1
1435,9751,845019.25,48,21.61,99797,150856.66,1,6,0
1436,2117,257362.27,60,14.36,125200,197515.52,0,8,0
1437,8671,773634.91,24,11.15,69489,273817.39,0,9,0
1438,4083,510328.05,12,10.09,142228,438038.72,1,11,1
1439,817,284384.4,48,8.56,45848,442998.62,0,7,1
1440,793,796938.68,24,18.36,108016,323679.42,0,3,1
1441,4307,73995.66,60,13.21,127202,281478.86,0,7,1
1442,9665,990634.14,24,8.19,28065,276942.9,0,0,1
1443,7122,538222.45,60,9.33,63383,9251.62,0,11,1
1444,1205,452496.62,48,21.63,43666,321959.2,0,4,0
1445,2190,583971.33,60,9.97,91411,116563.32,0,9,0
1446,8309,890507.36,36,15.96,124689,143814.19,0,6,0
1447,236,319325.62,48,13.55,39237,479830.52,0,1,0
1448,2441,288764.04,60,11.24,63014,134431.16,0,7,0
1449,2369,743650.87,48,10.0,110909,463154.86,1,7,1
1450,491,461870.44,60,18.22,123599,251189.5,0,11,1
1451,7488,521734.65,24,22.01,98824,47809.34,0,1,0
1452,4638,513062.74,12,17.62,116207,81091.71,0,3,0
1453,1273,813844.34,36,14.02,31136,84489.19,0,10,1
1454,1153,260061.82,48,12.9,99665,151830.14,0,8,0
1455,2285,345187.05,24,13.8,45263,185837.32,0,2,0
1456,1288,495082.25,60,13.86,30433,232188.76,0,0,0
1457,4860,153486.14,36,16.17,143604,290115.8,0,6,1
1458,6968,288432.99,12,13.88,41394,393586.44,0,2,1
1459,1061,802529.89,48,17.38,109045,133459.61,0,11,1
1460,4634,556394.5,60,9.67,85049,168108.85,1,10,1
1461,1528,634016.18,36,12.4,41478,384643.19,1,8,1
1462,6226,368721.83,36,19.55,139507,285639.05,0,2,1
1463,8702,620769.82,12,20.13,109461,360238.96,0,10,0
1464,1695,390485.14,60,18.82,59379,334227.89,0,0,0
1465,393,310213.11,60,13.46,75144,91506.02,0,11,1
1466,8841,388866.37,24,15.14,71158,292494.45,0,1,0
1467,8619,929564.4,60,10.91,138534,421618.05,0,5,1
1468,8872,601772.24,12,23.46,106458,494579.18,0,1,1
1469,7655,462893.13,24,21.92,113790,38767.41,0,4,1
1470,367,790909.86,60,23.07,109882,143733.71,0,2,0
1471,4928,150791.49,36,17.11,63146,2893.03,0,4,1
1472,3514,580547.2,12,15.45,105440,89181.49,0,11,1
1473,1155,335268.0,48,21.9,46572,333505.65,0,11,0
1474,394,384927.45,48,14.53,77443,225518.97,0,7,0
1475,6921,567941.8,12,12.29,62149,281573.19,1,3,1
1476,749,732839.26,12,16.04,122143,40468.02,0,0,0
1477,3958,863571.54,48,10.71,145242,213596.7,0,9,0
1478,6778,998028.98,48,20.31,106969,97418.63,1,1,0
1479,9534,354811.94,48,15.06,114666,344330.99,0,1,0
1480,1045,362913.49,24,18.48,124199,210065.75,0,6,0
1481,8184,991780.97,12,17.34,57688,329905.99,0,7,0
1482,2093,449047.12,24,17.36,132510,60931.31,0,5,0
1483,7744,569187.7,60,22.9,109650,57299.39,0,4,1
1484,7267,712051.97,24,8.89,114427,293072.4,1,3,0
1485,6343,820252.25,36,17.82,48115,445841.1,1,7,1
1486,4576,572112.63,12,12.2,139916,372814.6,0,3,1
1487,8822,287759.69,60,10.0,62624,402352.98,0,7,0
1488,5347,157003.81,48,8.88,129927,99731.89,0,3,0
1489,5610,786326.01,36,21.28,67424,254451.0,0,6,0
1490,4126,131628.33,60,14.38,118011,442240.77,0,0,0
1491,2393,230515.99,60,19.18,147444,468215.46,1,3,0
1492,4925,246048.43,36,22.92,111658,28517.9,0,1,1
1493,7180,83164.46,12,21.68,77658,79738.97,1,3,1
1494,8532,857692.45,60,11.87,118763,51618.77,0,2,0
1495,695,820670.29,24,18.17,40174,84731.77,0,8,1
1496,6494,306599.13,24,12.77,53373,78672.98,0,2,0
1497,5997,798217.88,24,8.78,78872,237286.36,0,4,1
1498,4497,406036.15,12,22.53,90100,167298.01,0,11,1
1499,9979,130831.11,48,19.28,64198,40266.18,0,6,1
1500,2858,539144.37,60,21.36,92214,161246.19,0,5,1
1501,5670,306202.5,24,12.37,46414,450331.41,0,0,0
1502,2568,147035.3,12,12.46,148804,231301.51,0,0,1
1503,9645,281473.47,48,11.27,35788,367633.48,0,3,1
1504,6833,302415.23,60,12.56,120834,120096.29,0,11,0
1505,4039,580368.32,48,9.7,133997,232945.34,0,0,0
1506,4946,627824.38,24,19.72,61836,441785.25,0,4,0
1507,8683,191677.43,48,23.53,36537,448248.66,1,3,0
1508,1277,790782.93,12,22.53,105688,74939.09,0,8,0
1509,8420,938144.83,24,10.35,28658,167946.95,0,8,1
1510,7576,268925.65,60,11.38,64806,170187.56,0,5,1
1511,173,80170.06,36,13.77,50303,145707.32,0,4,0
1512,830,842597.18,60,11.19,39979,207096.03,0,8,1
1513,2049,749283.95,60,18.98,89405,233116.64,0,4,1
1514,5900,318415.21,60,19.95,66823,264504.5,0,4,1
1515,9322,538560.23,12,20.1,149227,21221.14,0,9,0
1516,777,732150.93,24,17.34,54860,116736.57,0,4,0
1517,3969,256388.11,60,12.06,23084,322850.19,0,2,0
1518,3731,316799.81,12,9.93,63749,332049.37,0,3,0
1519,6562,673348.84,12,15.81,39126,303750.52,0,11,1
1520,9162,470866.97,24,22.22,129656,102879.58,0,7,0
1521,8274,111722.47,12,12.39,86577,208773.35,0,9,0
1522,9664,558459.9,24,13.22,94299,262533.8,0,11,1
1523,5974,871964.4,12,19.48,138655,86570.99,0,5,1
1524,4938,373413.53,24,13.48,87478,477259.92,0,10,1
1525,1195,348154.83,48,21.95,38050,271890.86,0,4,1
1526,339,97824.72,60,21.85,108698,32448.48,0,4,0
1527,5955,187730.84,24,22.4,99250,388423.76,0,10,0
1528,4482,140073.62,24,20.32,135760,499131.45,1,11,1
1529,3411,577207.83,48,8.95,53788,73858.58,0,5,0
1530,8266,408214.79,60,16.49,95353,14964.73,0,10,1
1531,8609,489981.74,36,15.62,128587,273838.48,0,8,0
1532,9615,770697.33,24,15.39,139283,28790.7,0,5,0
1533,3462,998467.16,60,18.48,82436,42602.57,1,5,0
1534,1225,941769.8,12,20.03,149305,268006.16,0,4,0
1535,4856,204892.34,60,16.66,147385,478484.66,0,4,1
1536,2290,693543.53,24,20.06,30216,39695.44,0,5,1
1537,8056,440449.49,48,11.89,61723,277414.64,0,5,0
1538,4541,119393.37,36,18.25,56338,254344.5,1,6,1
1539,2462,580488.39,12,17.79,59422,307700.12,0,3,0
1540,7184,361330.08,48,13.35,59692,439779.9,0,6,0
1541,6319,576667.24,24,16.06,138868,236446.54,0,11,1
1542,3094,493652.95,48,23.83,35318,284573.22,0,5,0
1543,4098,328823.71,12,19.2,56908,288262.12,0,4,0
1544,8321,407829.22,60,15.11,110997,70123.1,0,11,0
1545,293,829531.74,48,19.33,54000,125397.8,0,10,1
1546,871,886101.37,12,14.13,22729,109135.84,0,2,0
1547,9571,343832.56,48,13.08,121898,162392.21,1,2,1
1548,2611,639213.64,24,16.04,62064,115692.66,0,4,0
1549,8063,859556.01,36,15.18,54511,170800.79,0,1,0
1550,2070,801049.9,36,23.21,131094,333244.1,1,0,1
1551,9528,363046.98,36,23.66,38468,148740.94,0,2,0
1552,4182,181494.1,12,13.18,119440,244365.5,0,7,0
1553,4254,640285.4,36,9.07,86514,452003.49,0,5,0
1554,9209,114495.25,12,11.23,94131,456674.6,0,1,0
1555,9433,830069.18,24,22.83,53253,446462.51,0,10,1
1556,1891,489494.4,12,10.42,113173,208127.29,1,7,1
1557,5735,733186.61,36,17.88,48428,351067.19,0,8,0
1558,8675,218615.91,36,8.63,129453,148439.06,0,11,1
1559,3502,209819.42,36,16.11,144941,370113.69,0,11,1
1560,1007,247557.94,48,14.51,122901,478558.52,1,1,1
1561,9045,784264.28,36,19.37,57705,425911.03,0,1,0
1562,5155,311201.92,36,16.18,24155,106673.11,1,8,1
1563,9205,948296.25,12,15.76,50015,257787.92,0,6,1
1564,3489,117510.23,60,17.99,62057,426380.83,0,3,1
1565,1993,657382.65,48,19.22,45959,405778.92,0,11,1
1566,613,807326.94,60,18.36,135101,169378.23,0,3,0
1567,3643,572520.61,12,22.14,82467,464629.61,0,11,1
1568,8962,58027.33,36,9.83,51100,419282.07,0,0,0
1569,2964,933419.26,36,23.33,87245,25807.83,1,7,1
1570,1413,641048.8,60,18.84,83282,496334.29,0,10,1
1571,235,967897.61,36,11.16,120624,331839.97,1,7,0
1572,274,278560.33,36,14.62,119433,389766.28,0,8,1
1573,5604,458174.47,48,12.94,39341,109362.05,0,2,0
1574,1720,386900.62,36,19.47,66357,496280.82,0,8,1
1575,5200,783794.64,36,23.93,55569,274242.04,0,9,0
1576,5779,512960.56,60,21.89,76842,337413.68,1,10,1
1577,2672,347446.9,12,21.79,75621,242133.54,0,2,0
1578,1438,196785.4,36,14.59,95170,424552.93,0,9,1
1579,2121,489459.17,48,14.97,57737,126793.72,0,8,1
1580,4994,928993.73,12,11.26,43512,55796.45,0,1,0
1581,8878,552135.28,48,13.94,112634,311824.57,0,9,1
1582,9595,117245.13,60,18.06,50020,14209.11,0,1,0
1583,2775,753074.44,12,21.47,50884,19872.3,0,8,0
1584,9315,741363.08,24,8.94,139096,105994.06,1,7,0
1585,9479,86016.42,48,23.14,98583,3138.16,0,2,0
1586,9542,639302.18,24,11.88,60405,36272.85,0,7,1
1587,8746,942464.63,48,11.2,98837,204031.6,0,3,0
1588,2629,843398.0,12,14.37,35535,196928.86,0,7,1
1589,2299,953299.39,48,18.19,138389,285720.63,0,4,0
1590,5327,164521.39,60,17.11,105016,129102.55,0,1,0
1591,7553,250396.37,48,12.04,119983,183870.89,0,9,1
1592,3574,253258.65,36,23.33,126177,363224.24,0,8,0
1593,5965,917908.76,48,17.57,131681,118924.81,0,0,0
1594,2507,376757.82,12,21.15,20765,11380.53,0,7,0
1595,588,429393.68,12,22.64,123898,100587.97,0,0,1
1596,5535,878987.95,60,14.4,50025,200973.73,0,8,1
1597,9182,649446.45,60,11.7,72401,430452.34,0,7,0
1598,9898,422733.13,36,18.24,48018,367260.44,0,10,1
1599,101,119234.28,36,13.38,127646,318216.34,0,2,0
1600,9015,88041.7,36,14.15,72073,171189.22,0,4,0
1601,5920,346665.33,12,10.2,48020,346369.07,0,3,1
1602,1374,328641.15,48,21.12,107856,288976.04,0,7,0
1603,6823,678881.23,24,20.48,53638,347695.86,0,5,1
1604,261,474062.71,36,18.2,117558,499273.76,0,7,0
1605,5759,698196.95,60,14.09,85806,399792.34,0,9,1
1606,3205,365453.97,60,23.51,116428,228411.76,0,8,0
1607,1412,921050.05,36,13.74,117067,481246.2,0,9,0
1608,773,140428.77,12,17.9,142405,100646.27,0,9,1
1609,2054,524421.22,60,10.38,64157,316936.2,0,1,0
1610,6366,916361.42,24,10.25,20588,164480.52,0,11,1
1611,3819,699435.75,48,23.29,88333,50671.35,1,11,1
1612,8614,121446.04,60,19.64,83091,488042.69,0,11,1
1613,1778,864079.53,24,8.42,105700,247818.41,0,10,0
1614,8555,272855.97,48,18.22,88865,208914.73,0,1,1
1615,7558,537306.13,12,8.76,146115,73581.88,0,6,1
1616,6829,335706.9,24,19.91,145146,391412.64,0,7,0
1617,9308,444658.35,36,8.88,47674,110366.71,0,5,1
1618,7835,949451.26,48,13.89,111460,218265.49,0,0,0
1619,8658,185542.29,12,14.04,118948,234998.09,0,8,1
1620,5061,288741.47,60,17.47,27686,85438.15,0,2,0
1621,6266,367184.64,12,11.4,44652,390644.74,0,10,0
1622,346,681327.94,24,19.09,65584,407935.27,0,7,0
1623,154,776150.66,36,16.57,75336,479950.54,0,6,0
1624,9904,563069.83,36,13.36,117441,250641.37,0,6,1
1625,9671,616065.9,60,20.37,86412,198218.58,0,11,0
1626,8061,494324.14,24,17.65,138176,179589.65,0,2,0
1627,4776,330155.86,48,22.37,37702,471168.33,0,10,1
1628,6404,603365.34,24,16.32,89831,379438.37,0,3,0
1629,4016,357958.15,60,13.07,43141,257554.92,0,6,0
1630,4750,468286.04,60,8.09,98769,362123.13,0,9,1
1631,3528,900139.64,36,17.13,142554,220568.71,0,8,1
1632,8767,921198.07,48,22.44,125583,385292.32,0,1,0
1633,9436,328654.48,24,10.08,130275,464631.11,0,6,1
1634,92,444124.92,12,23.64,81671,107668.24,0,7,1
1635,6805,865128.37,36,18.29,142217,184395.54,0,10,0
1636,9147,941104.63,12,11.93,100043,324512.75,0,5,1
1637,4972,999341.09,12,23.14,146787,260346.29,0,7,0
1638,9363,437770.37,12,23.84,97630,242860.51,0,1,0
1639,22,445268.2,24,8.48,37907,419079.42,0,4,0
1640,22,581232.84,12,23.27,54496,374906.95,0,7,0
1641,13,203163.88,12,12.21,92433,262296.12,0,9,1
1642,3715,713213.35,12,19.77,139929,122901.92,0,5,1
1643,2489,809889.38,60,12.5,39906,387896.49,0,9,0
1644,466,832008.61,12,15.28,132409,219148.01,0,4,0
1645,1230,56390.49,36,12.32,144517,460429.33,0,11,0
1646,5391,980615.52,12,19.53,106356,1476.84,0,3,0
1647,9749,606334.65,48,20.86,100514,284051.9,0,10,1
1648,5682,58737.78,24,19.7,133970,307907.09,0,0,1
1649,2883,682961.73,12,23.35,126778,68808.94,0,1,0
1650,8990,333567.45,60,10.29,21114,253178.73,1,8,1
1651,8455,265380.9,36,17.25,106914,57885.76,0,2,1
1652,4686,994671.69,36,23.13,97773,199909.12,0,2,0
1653,9061,76831.04,60,15.42,49469,338445.43,0,8,1
1654,1843,876245.24,60,22.21,114201,341288.79,0,4,0
1655,7892,948442.38,12,8.17,143975,239848.29,0,10,1
1656,1616,397784.43,24,23.12,48488,414028.27,0,5,1
1657,5065,492804.05,12,8.81,138873,288871.13,0,11,1
1658,2358,657777.44,60,8.94,27760,300676.6,0,9,1
1659,9567,72032.04,24,13.77,49136,87508.35,1,8,0
1660,665,671276.44,12,21.39,45860,234279.37,0,8,1
1661,6733,158225.98,36,9.38,36746,24431.28,0,7,1
1662,6354,60310.82,48,22.86,65396,128707.7,0,11,1
1663,7618,107465.98,36,11.57,148184,102721.95,0,6,1
1664,6431,257667.32,48,8.79,122504,187017.47,0,6,0
1665,799,434842.16,36,17.02,146454,236174.19,0,7,1
1666,9683,887595.04,36,21.27,50935,113787.22,0,2,0
1667,7754,479680.5,60,23.56,79622,29869.43,0,2,0
1668,2303,419836.27,60,11.79,126065,173868.58,0,2,0
1669,3928,245861.32,60,21.58,133679,50535.27,0,0,0
1670,7060,998614.43,48,10.27,22707,68527.29,0,1,1
1671,3990,683381.75,24,19.98,60562,403748.72,0,8,1
1672,1911,479907.06,24,8.52,89198,207897.25,0,7,0
1673,4467,356532.48,60,14.21,38463,173370.1,0,8,1
1674,9065,500620.66,12,20.98,121091,32430.86,0,11,1
1675,7484,767604.06,48,10.06,35070,197948.06,0,5,0
1676,8573,358714.32,48,17.62,145239,279440.05,0,3,1
1677,4382,310812.63,60,21.27,55320,164787.32,0,11,0
1678,2916,263853.94,60,11.31,105082,281850.05,0,1,0
1679,2924,410660.78,60,20.84,142758,499452.13,0,4,0
1680,5488,79252.19,36,12.9,69672,206242.2,0,3,1
1681,5721,758652.0,48,14.43,101633,281498.62,0,2,0
1682,5908,956399.43,60,20.02,131536,92091.0,0,0,0
1683,2341,910011.02,36,21.17,27379,344433.7,0,11,1
1684,6417,778157.49,12,12.84,121967,5587.66,0,4,0
1685,2843,712696.97,60,11.53,83171,91816.18,1,3,0
1686,1092,334248.26,48,16.95,139983,182735.48,1,0,1
1687,3649,152922.58,48,17.22,147337,375532.14,0,6,0
1688,8640,470237.62,12,9.41,144569,364416.22,0,0,0
1689,7826,851591.05,60,17.08,124680,441349.06,0,10,1
1690,3369,564937.0,48,18.18,123360,483463.77,0,9,0
1691,169,725740.27,24,9.57,32467,97037.67,0,10,1
1692,2408,923966.55,48,21.06,56529,475144.61,0,9,0
1693,5325,697030.99,36,16.02,41107,120882.69,0,5,1
1694,1666,114901.5,24,17.62,107453,309710.39,0,3,0
1695,3845,138450.45,24,16.3,55350,80846.41,0,5,0
1696,3102,126969.93,12,15.71,48545,10836.86,0,9,1
1697,2585,389822.81,12,12.78,60990,157766.31,0,6,1
1698,9269,323237.64,24,13.85,105308,111029.79,0,8,1
1699,3315,154191.27,36,19.39,88044,170858.19,0,5,1
1700,6744,422172.01,60,18.1,128780,139463.22,0,9,1
1701,3123,233995.82,24,17.71,22405,57727.83,0,7,1
1702,8770,416455.99,12,20.85,51345,104327.89,0,9,0
1703,3387,472134.68,60,16.6,124114,43893.15,0,2,0
1704,3248,54767.06,24,12.82,103300,265141.55,0,3,0
1705,5932,712130.0,60,17.5,88797,413860.54,1,1,0
1706,3377,403139.36,48,20.46,102147,286198.7,0,7,0
1707,5661,788404.86,12,22.11,138796,162342.37,0,11,0
1708,7556,158848.52,36,15.9,30515,423206.64,0,11,1
1709,4597,326029.56,48,13.72,130344,76707.71,0,6,0
1710,7437,305955.53,60,21.59,147589,413070.1,0,9,0
1711,2529,59510.83,48,14.76,101041,308439.18,0,3,0
1712,1,505623.18,24,23.43,22990,100246.41,0,0,0
1713,1729,965473.39,24,14.91,60568,103992.29,0,2,0
1714,6049,63145.36,24,23.78,71751,29411.6,1,8,0
1715,4629,640387.59,48,9.57,22879,442814.51,0,10,1
1716,6612,863885.01,12,13.52,90296,375717.64,0,6,1
1717,3057,803072.55,36,12.44,81710,466215.29,0,9,1
1718,7316,323068.91,60,23.9,99924,113209.43,0,3,1
1719,8628,216321.77,12,21.74,128966,22557.58,0,2,0
1720,7433,253596.23,60,19.81,138155,247354.08,0,9,1
1721,447,379142.79,48,22.68,103573,157596.54,0,9,0
1722,1821,148117.23,12,22.65,78221,207326.62,0,2,0
1723,3151,309575.48,36,11.18,51604,231940.49,0,9,1
1724,5546,267374.5,24,13.46,26861,396398.64,0,10,0
1725,9531,973164.77,36,8.77,79334,358492.33,0,3,0
1726,9250,686938.79,36,12.94,71671,389682.69,0,11,1
1727,6431,645378.2,36,19.42,125585,113375.17,0,8,1
1728,240,890150.16,24,19.41,105811,20724.75,1,5,0
1729,880,217041.16,36,15.12,27878,438950.34,0,1,0
1730,6067,118179.15,48,10.7,59597,186717.14,0,10,1
1731,377,884214.56,36,8.73,95942,167332.25,0,8,0
1732,6758,384657.38,36,11.98,110334,369219.05,0,1,0
1733,5099,415676.4,48,9.33,107466,60634.41,0,3,0
1734,1922,79071.51,12,23.85,106971,184871.0,0,4,1
1735,2426,64319.16,48,10.34,21252,229364.79,0,3,1
1736,1419,713832.22,60,20.99,39104,493657.04,0,1,0
1737,2063,662026.31,24,13.96,82917,385008.72,0,9,0
1738,6511,318895.22,48,17.91,115008,431682.39,0,1,0
1739,139,253076.75,24,16.6,62853,410426.57,0,8,0
1740,5201,808493.3,48,8.9,39642,143016.3,0,8,0
1741,2088,127151.73,36,22.51,59666,86550.64,0,6,0
1742,5594,646007.32,36,22.41,32565,470297.02,0,5,0
1743,3680,145750.95,60,12.77,20849,30851.96,0,10,1
1744,3764,979459.33,12,10.14,45738,284648.97,0,2,0
1745,5527,984020.52,48,9.62,26065,168037.2,0,4,0
1746,1172,309485.35,60,21.51,75693,361555.77,0,1,0
1747,6940,654571.89,48,17.34,40057,127407.34,0,3,0
1748,2432,65635.02,24,13.99,20457,382110.85,0,9,0
1749,7271,364364.04,60,13.45,81029,221356.85,0,0,0
1750,3975,275458.42,12,16.74,93695,256390.78,0,1,0
1751,7964,328331.04,48,12.35,127403,384992.5,0,9,1
1752,6867,441352.84,24,8.31,105727,317467.11,0,1,0
1753,1389,445671.62,24,14.64,80198,353728.02,0,1,1
1754,2034,422695.94,60,22.02,134403,302417.11,0,10,1
1755,237,831365.29,36,20.85,38784,450693.33,1,2,0
1756,9680,103012.54,60,22.59,128876,123828.18,0,5,1
1757,5081,357919.1,60,18.63,38035,138679.35,0,4,0
1758,5475,73211.27,24,8.8,33611,402648.96,0,10,0
1759,4493,126672.61,12,15.47,45780,28330.65,0,0,0
1760,6015,802010.61,60,8.34,66366,157092.1,0,4,0
1761,3780,206844.88,36,23.52,65774,459506.87,0,6,0
1762,2274,379282.78,24,18.9,146800,168870.19,0,0,0
1763,5409,844098.75,36,8.26,21654,465466.11,0,6,0
1764,5676,718967.56,24,23.4,27191,420451.24,0,1,0
1765,7249,241800.92,24,13.97,49292,413739.42,0,1,0
1766,648,991982.09,60,10.38,52269,53498.04,1,2,0
1767,816,304226.82,24,19.65,100205,12837.84,0,6,0
1768,49,320692.3,12,10.44,81912,427961.24,0,1,0
1769,5429,669281.19,36,11.55,131103,354927.58,0,2,0
1770,5891,725667.39,48,9.4,48835,187846.68,0,9,0
1771,6562,605464.64,24,19.23,147401,168165.4,0,11,1
1772,4880,204154.8,60,11.4,79383,37384.99,0,7,0
1773,1277,122033.9,48,21.05,86057,270981.7,0,0,0
1774,8375,936312.8,12,17.92,46510,257846.02,1,5,1
1775,5011,380547.56,36,14.23,145574,316706.35,0,3,0
1776,537,855976.93,12,23.55,48176,378834.56,0,11,1
1777,2503,213097.05,60,11.16,135534,169447.76,0,2,0
1778,5196,531204.84,48,20.19,131043,252384.81,0,2,1
1779,9696,883797.81,12,10.45,132687,200422.76,0,0,0
1780,6768,413153.53,24,11.57,113348,19761.09,1,0,0
1781,4970,65515.15,48,10.05,71337,114413.9,0,4,0
1782,8448,946537.36,36,22.97,138738,424135.51,0,2,0
1783,8786,653314.75,60,15.59,44113,257954.83,1,7,1
1784,9917,256816.94,60,21.4,86087,308060.0,0,2,1
1785,6868,771090.51,36,8.9,78322,334535.5,0,1,0
1786,6672,282476.52,60,17.34,114793,447308.97,0,6,0
1787,9282,119963.99,60,15.21,61671,221479.15,1,10,1
1788,981,63792.0,36,23.8,84543,456688.55,0,2,0
1789,2200,56784.37,60,20.69,95733,496237.68,0,8,0
1790,4120,151088.19,36,22.84,62790,365322.54,0,4,0
1791,8765,474771.81,60,15.59,60392,391019.87,0,11,1
1792,7918,971959.36,12,20.97,44445,478668.84,1,8,1
1793,5034,531426.89,12,11.33,89751,270447.32,0,9,0
1794,6652,270989.3,12,19.23,53734,253768.19,0,7,1
1795,5834,796914.39,48,23.53,145731,3540.53,0,11,1
1796,9752,833641.63,36,17.77,146668,125678.93,0,8,0
1797,2351,624622.35,12,8.35,67252,280625.65,0,7,1
1798,5434,385285.74,60,13.52,113911,484379.36,1,10,1
1799,4139,435687.11,36,17.54,97261,196223.43,1,6,1
1800,7662,700625.01,36,9.86,131256,448008.52,0,2,1
1801,4619,198104.42,60,14.43,26763,94233.39,0,0,0
1802,9550,149291.79,24,15.21,85676,243405.08,0,8,0
1803,4541,305414.35,36,22.07,90848,165426.78,0,8,1
1804,3819,664167.83,48,17.13,111049,347704.65,0,4,0
1805,1757,396240.39,48,16.76,50389,415118.81,0,4,0
1806,3340,204776.11,24,13.84,132336,1798.64,0,2,0
1807,2513,611313.16,12,14.14,121186,19326.67,0,8,0
1808,8615,472107.87,12,17.01,38457,285577.86,1,4,0
1809,5754,741757.74,36,10.62,67437,265153.75,0,3,1
1810,5787,725799.14,60,15.5,149923,288363.88,0,6,0
1811,7835,943942.18,36,16.12,122283,46992.28,0,4,0
1812,4804,700897.49,24,18.99,62057,178834.37,0,6,0
1813,8,717510.04,12,17.52,130566,6955.77,0,7,0
1814,7910,178222.26,48,13.23,33800,470096.22,0,5,0
1815,3575,198630.35,36,16.49,109354,152809.75,0,3,0
1816,6009,771639.87,24,8.31,148515,54369.69,0,9,0
1817,3283,721796.83,36,19.0,56212,338557.95,0,11,1
1818,300,263515.91,12,11.72,138654,70005.27,0,9,1
1819,2319,247065.24,60,21.32,70160,20583.46,0,0,0
1820,9381,232564.81,48,19.57,49564,148309.66,0,2,0
1821,2546,231558.52,24,10.56,131795,458401.11,0,0,0
1822,2580,95968.92,12,13.15,143086,338294.45,0,4,0
1823,361,709702.59,48,19.96,142347,2705.44,0,5,0
1824,2020,500639.61,12,19.28,101731,471715.26,0,1,0
1825,5192,102374.58,12,16.61,107224,445187.62,0,1,0
1826,1835,561386.32,36,12.72,136399,90549.19,0,6,1
1827,4664,94021.48,48,16.36,85274,254093.27,0,9,1
1828,4514,657255.38,60,23.86,131609,466007.64,0,2,0
1829,5513,708602.5,12,14.45,64432,329430.9,0,6,1
1830,9811,758522.4,60,16.4,22082,3727.26,0,6,0
1831,7142,535755.86,60,20.84,117628,77745.76,0,1,1
1832,5688,721055.02,12,8.45,88261,4130.73,0,0,0
1833,9689,713581.87,36,22.67,142480,366125.17,0,0,0
1834,2396,845925.28,24,21.56,86242,350812.71,0,1,0
1835,4403,699702.72,24,16.78,21675,177091.43,0,5,0
1836,7378,87996.91,12,16.57,79322,92429.58,0,2,1
1837,4932,260690.5,36,22.6,129477,499624.74,1,1,0
1838,1847,385612.02,24,19.29,123818,279485.98,0,5,1
1839,8932,226176.02,12,20.25,72963,235900.07,0,7,1
1840,5448,760068.24,48,11.68,118861,400520.56,1,5,1
1841,8526,311705.74,12,8.16,75617,295356.99,0,9,1
1842,9026,548027.56,12,15.03,133198,78056.14,0,2,0
1843,9226,340210.6,60,9.73,108481,116539.36,0,11,1
1844,4749,695029.8,60,14.64,61530,413436.77,0,0,0
1845,7879,691801.51,36,18.1,141412,245137.67,0,6,1
1846,1621,973991.04,24,17.68,111357,87842.42,0,4,1
1847,8719,632232.71,36,19.03,24882,477887.35,0,5,0
1848,2902,838541.77,60,10.26,45452,398651.39,0,8,1
1849,8376,739474.42,12,11.9,38451,409869.06,0,10,1
1850,4977,60908.2,60,19.15,29985,449799.47,0,2,0
1851,6645,310456.77,12,10.94,81243,162696.53,0,11,1
1852,5204,99989.56,36,11.45,116542,107833.74,0,11,1
1853,2137,76995.33,36,18.8,54353,94821.26,0,3,1
1854,4908,609698.69,36,19.63,145221,348463.13,1,7,1
1855,2803,229508.72,36,12.67,96529,118266.13,0,11,0
1856,2090,618875.64,36,21.95,133552,272439.59,0,6,0
1857,5185,404656.17,12,21.36,120703,445275.8,0,10,1
1858,8239,936401.65,12,17.59,122936,13509.54,0,8,1
1859,9731,234717.5,36,21.22,116192,62134.8,0,7,1
1860,502,529859.71,36,23.65,60335,212464.24,0,1,0
1861,9634,492188.54,12,23.04,90099,466240.95,0,7,1
1862,558,311315.38,12,10.04,88610,236634.56,0,11,1
1863,1505,409525.33,36,14.08,37398,249640.91,0,11,1
1864,9698,102032.65,24,19.57,88720,24627.34,0,3,0
1865,9340,90976.75,48,9.41,48748,283011.7,0,11,1
1866,996,109767.93,24,10.19,137038,499530.47,0,2,1
1867,4107,675168.79,24,14.43,74707,325646.16,0,7,0
1868,8261,152545.49,60,8.1,32181,480864.38,0,9,1
1869,1961,439669.56,48,15.06,94651,463082.78,1,10,1
1870,1464,512331.35,36,14.28,58648,417225.8,0,10,1
1871,7018,484591.0,36,19.33,45886,107444.09,0,7,1
1872,5007,79573.67,24,9.45,138918,234106.27,0,2,0
1873,6665,372221.58,60,15.08,69825,294834.09,0,7,0
1874,134,969371.46,24,23.4,94600,341648.19,0,11,0
1875,2527,593018.99,12,22.04,76349,279993.57,0,11,1
1876,5602,397510.38,24,19.43,83128,288182.4,0,1,0
1877,614,709539.45,24,23.65,124002,120973.38,0,10,1
1878,1308,357172.25,12,9.47,59906,91195.74,0,1,0
1879,8500,783186.53,12,12.02,124897,103185.01,0,9,0
1880,1471,467996.98,24,10.25,129402,142749.47,0,1,0
1881,6045,788795.44,60,20.22,58850,108357.51,0,11,1
1882,4865,782657.36,12,21.73,26747,172865.72,0,10,1
1883,2730,367110.32,48,18.26,57045,314854.93,0,11,1
1884,2707,401920.25,12,12.13,73322,359208.87,0,10,1
1885,133,509606.38,36,9.96,140888,238134.48,0,10,1
1886,6201,618662.46,12,16.71,112356,95334.55,0,7,1
1887,3751,960598.55,12,10.37,79152,317672.48,0,10,1
1888,7752,688555.85,48,10.59,133690,442793.56,0,6,0
1889,1991,344242.88,60,16.92,43112,364627.85,1,8,1
1890,767,701909.73,24,9.55,148952,45613.19,0,0,0
1891,1381,218483.06,48,22.61,45184,76010.45,0,9,0
1892,6810,545830.38,48,11.3,97890,283621.71,0,3,0
1893,2082,528516.76,48,21.23,142395,340215.55,0,3,0
1894,1173,176113.57,60,17.19,69299,139202.01,0,1,0
1895,5793,538828.91,24,10.48,29191,102011.5,0,1,0
1896,2068,730210.1,12,23.56,35390,195808.13,0,9,1
1897,5526,518788.57,36,16.31,63438,93205.38,0,11,1
1898,3416,430424.93,48,11.93,51340,253465.24,0,6,1
1899,1125,677218.14,24,11.63,105724,37099.94,0,9,0
1900,4034,516945.27,60,10.07,94018,395071.16,1,6,1
1901,9275,370277.59,60,16.97,100539,372563.26,0,2,0
1902,6558,473661.66,24,17.92,86117,94939.86,0,9,0
1903,7010,124099.34,48,17.29,48342,361397.53,0,3,0
1904,1587,821557.58,36,21.47,24337,199340.45,0,2,0
1905,9210,376037.78,60,9.11,71246,238838.14,0,3,1
1906,3587,637814.48,12,8.45,100308,188198.13,0,1,0
1907,9667,578699.94,60,21.53,31419,455253.34,0,2,0
1908,7955,228447.04,36,9.92,78019,329375.58,0,5,0
1909,9485,385899.56,24,10.31,130051,155919.72,0,7,1
1910,1608,967028.77,24,16.61,92368,384529.69,0,10,0
1911,5526,749017.44,48,14.51,110543,182124.79,0,7,0
1912,5972,440714.91,60,18.67,34516,34894.84,0,2,0
1913,2043,899441.49,12,11.04,112394,169631.61,0,10,0
1914,9905,606927.81,48,21.45,71686,16771.52,0,11,1
1915,8147,854101.03,24,11.47,86506,60527.32,0,10,1
1916,4085,549409.71,36,14.91,92983,23293.68,0,4,0
1917,9899,934880.72,36,8.36,31306,193821.03,0,0,0
1918,7040,844058.75,12,23.43,100631,489088.52,0,6,1
1919,2881,125956.28,48,12.65,128646,434833.56,0,10,1
1920,5366,698815.44,12,16.52,124216,417516.02,0,10,1
1921,9597,473425.13,12,15.64,106387,2228.81,0,1,0
1922,3954,193231.58,60,14.42,29011,139726.4,0,0,0
1923,9435,810959.78,36,10.89,70422,103200.12,0,10,1
1924,6706,515731.77,60,17.91,128065,399685.2,0,10,1
1925,4153,242044.83,12,16.89,109320,19500.88,0,6,0
1926,2346,358747.49,60,15.04,142116,372991.48,0,11,0
1927,8330,209585.42,12,16.79,115716,299029.77,0,11,0
1928,148,632424.9,12,18.41,85836,89793.95,0,4,1
1929,1145,653564.35,48,21.77,41141,323147.4,0,2,0
1930,1357,329831.31,48,11.67,46851,141862.49,0,11,1
1931,3513,313725.09,12,20.33,94749,75785.71,0,9,1
1932,5044,155365.12,36,21.05,104992,177350.68,0,7,1
1933,6939,976521.37,36,19.91,42415,461840.28,0,1,0
1934,2503,348592.65,60,21.09,98372,308825.11,0,0,0
1935,8502,619094.43,24,17.25,133958,280347.79,0,1,0
1936,8922,229548.35,36,8.35,71677,365347.66,0,0,0
1937,145,734315.0,60,19.13,40595,209769.31,0,7,1
1938,7789,677327.46,48,21.79,38890,287729.75,0,11,1
1939,7833,167083.19,12,12.22,126571,126299.37,0,5,0
1940,8828,67063.51,24,19.91,139262,239049.05,0,2,1
1941,4526,70827.32,48,9.79,67634,387148.89,0,11,1
1942,2000,324527.27,12,18.34,119671,362742.13,0,8,0
1943,9436,440563.44,24,8.91,90040,401665.43,1,8,1
1944,4443,998846.0,36,16.76,106447,293545.21,0,3,0
1945,1859,962093.89,48,22.03,53743,422027.99,0,5,1
1946,6596,200217.25,12,14.06,142977,57184.33,0,6,1
1947,911,673215.89,48,10.99,52431,461147.1,0,10,0
1948,3452,266743.59,24,18.85,118513,63151.4,1,9,1
1949,8325,75126.53,48,21.53,82492,327412.05,0,9,1
1950,1770,651790.8,24,12.84,79909,312482.87,0,8,1
1951,4947,219431.69,48,17.16,114479,362754.02,0,5,0
1952,4627,344793.93,24,18.56,35861,142643.04,0,5,1
1953,2071,283462.79,48,14.25,80490,328905.92,0,2,0
1954,567,250231.64,48,9.08,41150,26280.11,0,11,0
1955,5431,80885.75,48,21.28,104862,174469.52,0,1,0
1956,6201,782245.03,24,21.4,133930,340973.25,0,5,1
1957,1989,294187.61,24,9.63,51972,227268.11,0,10,1
1958,8896,980889.46,24,17.41,37328,498387.83,0,2,0
1959,863,988770.43,12,19.71,90345,242455.98,0,1,1
1960,6134,877165.77,48,9.49,53345,336720.28,0,4,0
1961,902,908411.93,24,21.54,109396,398583.14,0,5,1
1962,5838,89325.97,36,13.67,36984,438229.37,1,3,0
1963,2807,702725.69,36,17.42,73609,287742.34,0,10,1
1964,8381,148125.37,12,14.02,52589,377709.49,0,10,0
1965,5152,464230.95,48,16.45,68509,424669.96,0,10,0
1966,5165,491150.8,48,18.53,105226,75611.43,1,8,1
1967,9251,90200.99,60,19.33,109985,126184.88,0,5,1
1968,6534,418946.45,36,14.44,124692,11444.74,1,6,1
1969,6693,318549.67,36,9.78,87313,318125.89,0,11,1
1970,624,610960.77,48,13.49,125692,289345.55,0,11,0
1971,4358,475291.12,24,21.35,96539,416354.65,0,6,0
1972,4353,640177.57,60,17.44,39534,232555.37,0,10,0
1973,5246,51982.94,24,15.16,109013,295790.26,0,2,0
1974,4583,785009.31,24,18.72,39805,414249.94,1,0,0
1975,3384,534567.21,48,21.08,130312,19684.96,1,8,1
1976,4243,207311.56,12,22.11,116865,53733.53,0,5,0
1977,9635,430703.28,48,19.55,71467,151916.56,0,4,1
1978,2489,374585.14,24,9.44,129788,116341.18,0,5,0
1979,4506,864776.28,48,11.58,49701,86908.05,0,9,1
1980,5427,837056.22,48,23.44,35705,14210.54,0,10,0
1981,7077,201541.84,12,19.57,94742,491935.01,1,5,0
1982,951,854797.94,60,22.27,80225,335829.65,1,0,0
1983,8890,628426.18,60,16.49,69219,335947.07,0,1,0
1984,1724,287559.54,24,9.6,113329,363520.96,0,11,1
1985,7795,934947.6,60,10.27,122526,475237.4,0,8,0
1986,6977,402775.54,24,23.33,65331,236999.77,0,10,0
1987,8117,803473.77,36,13.47,88158,332880.27,1,4,0
1988,3362,686992.71,12,14.2,112747,441988.03,0,5,0
1989,41,806069.05,60,23.59,103976,229400.25,0,1,0
1990,7687,139650.44,24,15.62,82703,284688.9,0,2,0
1991,4481,248082.35,12,8.22,104392,105873.59,1,10,1
1992,9313,728308.62,24,16.74,34236,277657.55,0,7,1
1993,8546,189792.33,12,19.69,104562,323719.64,0,2,0
1994,1359,763263.97,48,16.66,29399,58566.53,1,11,1
1995,7033,341642.88,36,18.36,45888,268801.13,1,4,1
1996,9011,622858.91,36,16.25,118053,97054.81,0,10,1
1997,4506,397513.38,60,11.61,53832,375523.36,0,9,1
1998,3993,619919.23,12,9.41,59091,446349.04,0,5,0
1999,2826,639293.69,12,8.25,128407,497212.81,0,0,0
2000,74,462378.51,24,18.99,117803,17109.5,0,1,0
2001,8778,933050.2,48,14.2,127643,275534.7,0,11,1
2002,8742,973473.88,60,16.19,73535,287680.43,0,5,1
2003,732,910527.0,24,9.88,36830,439517.37,0,4,0
2004,4702,748275.74,24,16.88,24778,284635.91,0,0,0
2005,3363,167333.28,48,11.96,147888,56332.97,0,4,1
2006,9524,930998.6,60,21.05,64177,339901.33,0,1,0
2007,2971,654900.85,48,17.56,52807,188901.68,0,5,1
2008,5961,142794.63,48,9.0,126776,3785.31,0,11,0
2009,9463,679151.26,24,11.44,44388,454927.44,0,6,1
2010,586,387345.29,48,11.75,61061,243531.75,0,4,1
2011,7189,909317.03,24,20.85,60418,383906.47,0,8,1
2012,223,728740.44,24,15.82,74620,399254.69,0,8,0
2013,6840,631699.06,48,18.3,84855,271226.95,0,2,0
2014,1466,266861.37,36,15.79,125699,280998.53,1,0,0
2015,6163,857237.73,12,14.5,138757,100174.31,0,11,1
2016,3665,926070.81,48,21.18,133990,311057.81,0,5,0
2017,7069,649385.95,12,21.16,116185,5183.26,0,1,0
2018,7497,903429.98,24,21.46,75722,26199.36,0,10,1
2019,3202,225605.43,12,23.31,118981,391865.22,0,4,0
2020,1730,509498.6,36,13.29,29178,137857.37,0,9,0
2021,9499,173115.84,36,19.3,59429,191510.2,0,2,0
2022,511,762753.72,12,13.41,91093,413620.07,0,11,0
2023,3299,454630.11,24,22.28,30785,286765.71,0,3,1
2024,4148,913682.81,60,16.46,141501,348897.42,0,11,0
2025,6671,923321.75,12,13.95,88252,189012.02,0,1,0
2026,1332,550488.59,48,8.12,141838,494657.22,0,7,0
2027,2880,146160.96,36,18.79,138168,214515.18,0,9,0
2028,2557,382333.64,48,15.28,36924,418259.31,0,11,1
2029,7246,908229.02,24,9.53,88302,159476.22,0,9,1
2030,5505,555491.37,60,14.1,125014,385790.29,1,5,1
2031,6405,170589.35,24,16.21,22849,48068.55,0,10,1
2032,1646,115244.61,60,13.31,82640,497976.8,0,3,0
2033,5472,942962.08,36,20.32,66746,410713.52,0,3,0
2034,5452,757069.0,48,19.77,140789,122695.28,0,6,1
2035,1917,612355.34,36,9.86,43038,145083.93,0,9,0
2036,5341,96717.63,24,16.22,116769,166491.26,0,7,1
2037,1812,683259.29,12,15.35,81556,197673.65,0,5,1
2038,1394,938518.79,60,20.05,59193,170314.07,0,9,1
2039,5737,416555.36,12,15.78,95530,82835.83,0,1,0
2040,1328,783530.36,36,13.08,75909,447909.56,0,3,0
2041,7986,764162.53,60,15.51,63703,160513.8,1,10,1
2042,1867,798596.01,24,15.61,63891,182900.34,0,9,1
2043,6238,429518.69,24,10.91,20301,175580.95,0,3,0
2044,4700,662543.32,48,13.72,21775,352038.49,0,3,1
2045,9419,130107.53,24,14.62,62178,65333.99,0,5,0
2046,8234,272538.3,36,8.88,125247,118738.17,0,10,1
2047,4855,355235.59,48,18.07,111178,142167.09,0,11,1
2048,6208,804971.85,48,11.38,104371,329980.04,0,0,0
2049,6699,687684.44,36,13.43,35657,245927.04,0,11,0
2050,4984,453701.81,36,10.87,85510,31393.82,0,8,1
2051,4262,430523.81,24,19.89,58803,484103.24,0,0,0
2052,232,475887.34,24,16.85,94951,53244.09,0,4,0
2053,3931,563578.3,60,11.17,100306,257417.92,0,9,1
2054,6003,572283.91,48,11.16,25270,95688.81,0,6,0
2055,5830,517061.93,24,11.64,41397,287553.97,0,0,1
2056,434,615076.12,48,23.34,42109,281922.26,1,3,1
2057,1912,268978.54,48,15.59,101264,299899.49,1,10,1
2058,3229,599321.3,12,22.87,42104,483159.91,0,6,0
2059,7975,980405.82,60,23.86,110260,284741.76,0,11,0
2060,8520,402730.87,12,16.16,83652,152809.99,0,5,0
2061,82,119174.78,60,9.36,20642,18264.17,0,5,0
2062,6651,875352.4,12,20.98,69239,215795.54,0,4,0
2063,4183,714901.52,12,17.77,74805,414448.36,0,6,0
2064,4750,908453.93,48,9.18,59209,110443.75,1,2,1
2065,9491,866490.53,48,15.83,38835,442230.52,0,4,0
2066,2759,831835.71,12,18.6,52953,201115.16,0,7,1
2067,7075,59708.79,36,15.09,91105,246702.59,0,0,0
2068,9933,838239.98,12,17.23,60451,261500.04,0,9,1
2069,9317,262346.81,60,22.96,99632,335804.3,0,0,0
2070,8026,133703.42,36,10.25,47120,180571.5,0,10,0
2071,8262,272945.67,36,15.75,67597,324956.06,0,1,0
2072,683,852109.18,12,8.13,66875,11827.92,0,9,0
2073,4533,845941.64,60,14.99,92935,55306.32,0,3,0
2074,6852,430059.12,60,11.31,69107,455027.7,0,6,1
2075,4491,636317.0,24,11.63,51485,200914.82,0,10,1
2076,7192,690290.47,12,11.7,52942,25079.36,0,10,1
2077,6238,652181.21,24,20.15,37592,55072.89,0,10,0
2078,6537,609060.61,60,16.13,143119,124709.89,0,11,1
2079,318,842983.87,12,14.09,66910,18537.28,0,7,1
2080,3142,394019.7,48,8.01,81189,319639.51,0,10,1
2081,6773,377959.21,48,21.37,20985,246577.38,0,6,0
2082,1997,384649.6,24,8.0,72211,437696.01,0,0,0
2083,1892,298495.64,12,20.93,149608,352366.9,0,8,1
2084,8648,922494.68,36,19.64,67931,99004.4,0,10,0
2085,5760,250978.72,48,9.94,110718,91494.76,0,3,0
2086,4280,729635.03,12,17.93,132158,368516.97,0,10,0
2087,1059,705036.92,48,8.18,116761,210665.81,0,5,0
2088,3539,763451.36,12,11.58,144272,273685.93,0,2,1
2089,9959,675074.28,12,11.86,22755,467889.7,0,8,0
2090,5058,108169.62,24,23.69,107643,16806.9,0,3,1
2091,6232,258467.72,60,17.13,48694,387360.38,0,1,0
2092,9052,958752.55,60,8.14,148130,101913.47,0,1,0
2093,1466,246522.67,12,10.06,138234,399913.51,0,5,0
2094,4941,367423.68,12,11.07,80281,274532.85,0,11,1
2095,1850,955870.78,48,21.15,86917,174550.97,0,3,0
2096,9140,930619.27,12,18.86,117001,259963.82,0,1,0
2097,6231,310923.36,12,15.73,28451,172981.09,0,10,1
2098,6170,568215.03,60,20.97,62984,17308.71,0,8,0
2099,1701,232409.27,48,15.58,25673,288010.79,0,8,0
2100,9126,582997.43,36,21.05,147315,308715.89,0,1,0
2101,752,243610.18,48,11.51,132451,172817.46,0,6,0
2102,9500,648366.16,60,22.87,116445,15050.21,0,5,0
2103,614,155515.45,24,23.32,107166,141141.71,0,2,0
2104,2777,394553.71,12,18.21,44185,457567.23,0,9,0
2105,6583,788324.05,48,18.14,96968,48066.59,0,9,1
2106,4429,523260.33,48,17.04,103409,79396.98,0,4,0
2107,8104,954369.89,48,14.92,138449,436206.2,0,10,1
2108,5483,416755.89,48,10.86,95245,138463.8,0,4,0
2109,5679,905456.16,12,11.08,30707,118378.79,0,4,0
2110,5559,793234.81,12,18.44,85489,141185.91,0,8,0
2111,2810,768549.29,12,15.48,55102,443032.35,0,9,1
2112,452,500831.54,60,11.61,42028,84242.22,0,10,1
2113,7212,526545.13,12,9.47,64273,347341.71,0,2,0
2114,8780,339147.87,36,23.35,92325,434095.58,0,1,0
2115,7236,914709.3,60,19.02,37555,493228.14,1,8,1
2116,3362,260727.83,12,11.05,25417,487858.97,0,1,0
2117,5200,432076.31,48,19.99,115759,446033.8,1,10,1
2118,1906,587619.24,24,10.71,92450,173615.93,0,2,1
2119,6296,300334.6,36,17.43,67011,358005.39,0,8,0
2120,4011,303527.63,60,17.08,96438,71479.45,0,7,0
2121,766,400700.07,36,9.73,125206,344261.53,0,6,1
2122,6052,808168.48,60,18.62,33986,281382.29,0,1,0
2123,6388,164454.32,60,16.92,54138,486210.94,0,6,0
2124,9888,647180.59,48,20.83,137336,113534.4,0,0,0
2125,724,973002.47,36,22.53,106809,113790.7,1,4,0
2126,7924,674808.35,48,19.32,65425,443219.74,0,1,0
2127,7958,478323.18,12,12.85,115601,295731.36,1,11,1
2128,4963,588617.33,48,13.24,22402,332213.49,1,0,0
2129,9980,138343.86,24,12.99,93628,173573.47,0,6,1
2130,4142,450186.33,48,21.82,32453,60461.89,0,11,1
2131,6491,167067.26,36,15.73,79997,271031.37,0,6,0
2132,7836,336020.03,36,23.34,38892,275753.5,0,0,0
2133,541,399195.21,48,18.48,75013,413738.5,0,10,1
2134,3348,835879.07,36,17.65,27174,440041.56,1,11,1
2135,9062,489645.08,24,22.38,45356,243162.48,0,10,0
2136,5447,309476.47,12,17.43,62022,116765.87,0,6,1
2137,2977,652456.51,12,21.17,130976,343767.8,0,2,0
2138,8909,694553.21,36,15.98,113087,326527.39,0,2,0
2139,4041,398303.84,36,17.58,46966,278008.57,0,2,0
2140,2704,404958.71,12,12.15,38960,246742.53,0,1,0
2141,9607,850088.22,24,22.02,107218,94191.31,0,1,0
2142,9640,514100.08,48,12.45,20979,198543.3,0,2,1
2143,873,770099.54,12,23.41,26559,395901.82,0,4,0
2144,1597,179461.84,12,14.17,97621,261773.29,1,11,1
2145,6597,467443.89,12,14.96,91114,206111.98,0,0,0
2146,12,194680.39,36,15.87,121715,226877.09,0,6,1
2147,2354,81867.73,36,14.14,117132,452579.1,0,2,0
2148,6542,712817.9,60,17.2,129723,319666.14,0,1,0
2149,4987,277951.55,12,18.4,58238,156588.66,0,3,1
2150,5275,597519.9,36,10.76,79587,90613.93,1,6,1
2151,3249,342367.23,12,21.29,143989,385044.88,0,6,0
2152,5430,879653.14,48,18.58,136355,349062.78,0,5,1
2153,6218,771880.44,36,19.9,124101,247297.86,0,9,0
2154,8518,384325.77,12,23.04,24185,292016.01,1,0,0
2155,6356,345932.86,36,20.95,65826,162172.37,0,4,0
2156,6193,226457.43,24,17.87,51207,111413.79,1,0,0
2157,6424,390316.46,24,12.86,65301,61792.33,0,10,0
2158,6597,497996.8,48,17.55,24920,146812.63,0,4,0
2159,9011,758562.45,60,8.96,137345,86689.42,0,10,0
2160,6964,963427.5,48,17.93,103476,239879.14,0,3,0
2161,5191,298961.15,12,14.91,62766,489385.92,0,2,0
2162,1402,805542.89,24,19.1,133113,229722.87,0,11,1
2163,5362,354001.74,36,12.52,102670,1272.27,0,0,0
2164,1305,433506.3,12,17.91,21306,457936.85,0,4,1
2165,4988,570856.62,12,20.75,47448,200413.41,0,4,1
2166,5242,481837.76,36,9.66,149021,56584.15,0,6,0
2167,4937,343872.47,48,18.84,66965,221502.29,0,4,1
2168,6571,77196.0,48,23.52,90245,358527.39,1,11,1
2169,4777,809894.76,60,22.01,72699,165980.31,0,7,1
2170,5105,508157.36,60,10.31,124046,299894.42,0,0,0
2171,1253,228082.69,36,15.15,104701,66533.94,0,0,0
2172,3548,643639.32,60,11.82,44790,495577.6,0,7,0
2173,8394,784361.92,48,9.15,68686,265445.89,0,4,0
2174,2103,702810.58,12,20.64,118796,4985.27,0,6,0
2175,5300,582840.27,36,21.29,69190,352117.72,0,5,1
2176,9717,230584.82,48,18.49,79172,297365.22,0,9,0
2177,3563,300957.58,48,9.46,61767,16892.8,0,0,0
2178,666,146111.93,60,9.23,117829,33587.48,0,11,1
2179,7146,261270.32,48,16.94,51619,96993.58,1,5,1
2180,1520,228767.05,12,22.43,63552,72854.78,0,5,1
2181,8735,920659.69,12,10.81,144496,289084.85,0,0,0
2182,280,155861.67,12,18.1,136975,202098.64,0,9,0
2183,3862,946220.0,24,15.99,66058,56240.09,0,4,0
2184,6993,185679.04,24,12.11,145541,667.23,0,5,0
2185,6612,602004.88,12,14.73,135540,221786.42,0,8,1
2186,4331,230259.01,24,15.24,106290,479968.94,0,1,1
2187,1925,674455.36,48,10.41,58347,137842.74,0,10,0
2188,9960,839082.49,36,10.8,119509,94814.14,0,11,1
2189,6499,138214.23,60,18.74,100223,347157.8,0,3,1
2190,3153,952974.3,24,10.04,88855,380383.35,0,4,0
2191,6448,196633.22,60,20.49,135711,54633.14,0,4,0
2192,2599,486903.43,24,21.56,111556,81367.59,0,0,1
2193,5094,938609.55,60,9.82,103523,306114.33,0,4,1
2194,6303,887195.57,48,23.11,147239,179340.15,0,9,0
2195,8593,150671.14,60,23.64,86179,50299.43,0,6,1
2196,3214,638649.11,24,8.86,104455,300323.32,0,8,0
2197,4298,808348.43,60,8.06,123893,333512.99,0,11,1
2198,6832,760874.79,48,23.17,52457,333230.9,0,5,0
2199,2065,284490.91,60,9.45,38644,222493.42,0,3,0
2200,6738,375272.86,36,12.3,90944,455538.88,0,6,0
2201,8928,287581.72,24,15.59,92753,203378.29,0,2,0
2202,4679,669295.28,24,10.53,86774,160993.14,0,11,1
2203,1538,517919.38,48,14.65,90769,198231.98,0,11,1
2204,890,932466.97,24,22.84,95855,369405.64,0,2,1
2205,8216,334867.93,12,22.2,142553,297280.92,0,6,0
2206,3797,767256.78,36,10.47,109565,164837.14,0,1,0
2207,718,150591.0,24,23.11,26034,257504.16,0,2,1
2208,3715,357573.6,36,19.37,58086,200781.7,0,4,0
2209,1633,528373.04,36,23.53,55324,486037.17,0,7,0
2210,8836,277771.8,48,10.83,101714,261094.21,0,5,1
2211,3968,784871.25,12,9.04,73512,73178.46,1,7,1
2212,2628,758395.57,60,14.64,46344,223118.69,0,10,0
2213,893,867615.72,48,23.82,148540,121528.17,0,4,1
2214,9619,583270.08,60,15.29,129238,209760.56,0,6,0
2215,9700,469865.59,48,18.32,42596,98570.08,0,8,0
2216,568,176585.37,24,16.6,29169,175259.38,0,6,0
2217,9584,766061.89,48,22.33,59396,436157.35,0,11,1
2218,8668,604626.11,36,21.91,53572,119562.58,0,10,1
2219,3518,78819.42,12,23.39,31265,326434.74,0,1,0
2220,2778,190488.81,24,17.76,33416,232861.55,0,0,0
2221,9692,268369.88,60,16.98,65796,488133.91,0,7,0
2222,9173,788638.27,48,9.02,129530,11754.85,0,0,0
2223,5566,951784.23,48,12.94,59032,202561.92,1,0,1
2224,6882,847239.45,24,13.76,148775,269107.98,0,0,0
2225,4039,772713.43,60,16.06,94776,151554.18,0,3,0
2226,2241,360835.25,36,9.97,79925,479405.62,0,2,0
2227,473,447843.14,60,16.58,74743,446358.51,0,1,0
2228,118,862397.16,36,12.22,134411,138026.88,0,9,1
2229,114,528009.97,24,23.52,25026,103740.35,1,9,1
2230,4776,844909.47,24,11.3,141900,19835.8,1,2,1
2231,9032,631721.9,12,10.78,47117,82901.41,0,5,1
2232,27,487405.62,48,16.23,66338,407222.99,0,2,1
2233,7602,402833.92,48,22.81,93481,444998.87,0,1,0
2234,3203,61072.01,12,9.77,20111,115054.06,1,4,1
2235,9860,989928.6,48,22.68,50653,325259.85,0,4,1
2236,9264,882905.32,36,9.72,31196,231249.75,1,0,0
2237,5854,66720.8,48,10.75,122094,22558.79,0,1,0
2238,4447,317182.44,12,10.53,141208,68976.78,0,8,0
2239,4183,338384.35,24,11.68,24144,124290.29,0,9,0
2240,4938,367799.38,12,20.02,74036,491471.69,0,3,1
2241,7370,327466.33,24,14.8,65650,262413.22,0,11,0
2242,9929,926557.98,48,20.98,106076,300305.33,0,4,0
2243,6185,704670.15,24,13.25,131060,329785.22,1,11,1
2244,4265,616274.45,48,15.51,92868,240361.0,0,8,0
2245,7584,460474.52,36,15.93,66901,399258.0,0,7,1
2246,3090,708379.59,60,15.45,38439,406992.37,0,4,0
2247,7647,638586.68,36,14.37,36400,10249.96,0,11,0
2248,3073,217340.0,36,13.6,96059,401892.03,0,1,0
2249,5945,335050.38,24,21.55,90071,61906.07,0,5,0
2250,4610,967381.0,48,14.52,73690,439487.57,0,3,1
2251,3386,987437.65,24,10.11,21108,11274.1,1,3,0
2252,9497,92190.26,48,11.1,94795,364186.25,0,11,1
2253,8825,342538.23,24,19.19,149130,485759.0,0,7,0
2254,8292,986831.27,12,23.89,38183,84832.57,0,7,1
2255,5004,65822.06,36,18.87,64170,403531.03,0,9,0
2256,7655,955652.88,48,9.37,102764,154597.27,0,9,1
2257,5180,698694.52,60,16.37,104730,200404.99,0,3,0
2258,2794,646481.38,12,17.76,34606,317005.32,0,8,1
2259,9077,832598.67,12,17.15,26939,412070.55,0,3,0
2260,3258,998177.31,60,10.6,101345,266803.91,1,0,0
2261,9813,391647.26,24,18.66,55796,384222.3,0,5,0
2262,5137,888636.73,24,8.3,135412,422677.26,0,7,1
2263,2764,520347.87,24,20.12,110074,458405.15,0,7,1
2264,3161,743365.88,24,12.23,86799,279872.59,1,7,1
2265,817,832719.56,48,23.42,72849,182271.17,0,3,0
2266,3026,320680.87,12,14.05,109742,352487.87,0,3,1
2267,1183,220612.01,60,9.11,82582,456254.88,1,5,1
2268,2211,54957.19,60,23.85,58555,116470.89,0,6,0
2269,5541,346494.99,48,18.15,67968,292660.31,0,8,1
2270,2574,390363.77,60,17.02,46374,156460.98,0,1,0
2271,9152,429790.22,12,13.69,107545,311596.15,0,6,0
2272,499,901878.09,24,15.25,100058,327218.42,0,0,0
2273,1409,197979.91,48,15.13,138239,460004.0,0,3,0
2274,4261,794191.32,24,12.33,40523,231426.47,0,5,0
2275,3224,133801.64,36,13.51,104034,228950.72,0,1,0
2276,5201,305780.3,12,23.02,29724,489181.39,0,7,0
2277,4268,327393.55,24,10.73,37538,376544.86,0,3,0
2278,9016,298568.13,48,15.9,85231,154956.99,0,10,0
2279,1360,977645.23,12,22.48,113012,262692.06,0,11,1
2280,6145,842899.48,12,20.29,28520,159223.67,0,10,0
2281,3959,194511.13,24,23.95,30498,287587.24,0,8,1
2282,2542,948727.13,36,20.5,148349,392007.46,0,8,0
2283,8891,401107.35,12,8.51,83027,113649.12,0,3,0
2284,6172,597244.18,12,11.32,75674,139078.4,0,9,1
2285,9666,112790.64,60,22.9,140199,107429.21,0,8,0
2286,7036,703304.26,48,23.2,120975,74626.75,0,2,0
2287,5388,64898.63,24,16.79,136636,68620.65,0,7,0
2288,905,645948.3,36,15.21,29829,296765.55,0,1,0
2289,5216,611443.82,24,17.99,119637,47920.54,0,6,0
2290,1098,647828.25,60,22.4,45165,310594.64,0,3,0
2291,8754,105567.81,12,15.48,125206,364538.04,0,7,0
2292,6352,972425.03,12,18.25,98230,282307.95,0,2,0
2293,8334,571863.59,60,11.67,40965,74091.0,0,11,1
2294,1169,715213.84,24,16.82,62907,354963.04,0,1,0
2295,7597,544459.16,12,10.16,34648,483545.15,1,9,1
2296,6996,773306.4,12,8.27,143227,310912.72,1,9,1
2297,5884,232717.24,36,17.21,92050,226821.44,0,8,1
2298,3157,676678.77,60,19.15,124811,141412.95,1,0,0
2299,3902,651567.09,48,11.73,29756,341932.43,0,9,1
2300,8937,679542.45,12,11.21,30831,363893.12,0,7,1
2301,7945,672378.38,36,18.94,71321,279672.92,0,3,0
2302,8046,82992.93,48,17.84,102965,134538.99,0,10,1
2303,98,630884.25,48,21.15,92513,483393.72,0,5,0
2304,6407,855820.86,12,12.33,102664,78754.3,1,2,1
2305,8134,596242.26,48,19.23,26536,481178.25,0,10,1
2306,1614,931737.94,48,11.04,63395,20107.73,0,5,0
2307,6015,80580.2,24,11.97,138712,120528.63,0,6,0
2308,6941,509925.18,12,16.09,98550,308877.46,0,8,0
2309,1668,357810.19,12,21.34,40503,287756.26,0,6,0
2310,908,281975.22,24,12.68,108002,310444.45,0,11,1
2311,2671,359398.41,60,11.14,147755,359851.65,0,10,1
2312,3190,89261.56,60,17.9,45436,38311.54,0,8,1
2313,5426,133057.52,36,13.5,47372,324964.35,0,0,0
2314,1796,721545.51,12,14.44,85716,364020.97,0,5,1
2315,385,127378.68,48,17.45,83155,411474.8,0,0,0
2316,9712,901983.54,12,9.45,28917,337885.93,0,4,0
2317,5936,699126.41,48,12.96,62578,184800.8,0,5,0
2318,3221,662115.48,12,17.32,126383,377290.37,0,7,0
2319,5017,605893.6,60,10.21,138315,113259.09,0,3,0
2320,9064,917992.57,36,16.71,62650,58689.05,1,0,1
2321,5261,388554.53,60,19.48,121965,242912.95,0,10,0
2322,8120,283353.6,48,16.01,99419,214733.81,0,2,0
2323,4715,679458.13,36,16.07,131644,321724.65,0,11,1
2324,6436,511620.88,12,10.47,34594,306877.13,0,8,1
2325,7090,907344.91,60,8.48,45309,32393.84,0,10,0
2326,5211,110248.63,48,9.15,131339,318267.25,0,11,0
2327,4900,657104.87,48,16.15,51904,147453.76,0,5,1
2328,1258,854414.67,60,15.18,132217,368643.15,0,0,0
2329,2571,270366.9,60,21.01,30626,238140.93,0,7,1
2330,5277,831451.64,48,14.04,39229,303061.77,0,4,1
2331,7761,593865.74,12,22.92,97903,305179.0,0,11,1
2332,8045,928155.98,60,13.38,46756,192334.73,0,9,0
2333,4260,479314.86,48,16.9,141774,255260.37,0,4,0
2334,9036,299065.35,60,18.75,54910,254448.38,0,5,0
2335,504,757291.89,12,20.3,89283,368935.38,0,5,0
2336,5338,366610.56,36,18.46,102750,199592.04,1,1,1
2337,556,258939.08,36,10.01,49811,278579.41,0,0,0
2338,4155,726848.21,24,18.99,31306,268204.25,0,1,0
2339,8751,834868.12,60,8.02,97529,149949.04,1,0,0
2340,3476,948155.38,12,13.38,88009,491901.39,0,10,0
2341,9126,334848.49,24,15.66,88406,48498.29,0,8,1
2342,8302,495566.04,60,14.6,94030,179545.61,0,0,0
2343,8387,224730.43,48,12.21,103101,481774.99,0,8,0
2344,3746,942278.36,48,21.74,122780,317135.58,0,3,0
2345,5455,831538.49,36,23.89,86998,78833.26,0,2,0
2346,9145,587019.92,60,18.56,145338,41676.64,0,11,0
2347,9980,920517.83,60,9.98,132460,185816.56,0,8,1
2348,1874,829059.75,12,10.98,39594,75098.04,0,5,0
2349,4135,79333.32,24,8.06,69369,305754.57,0,6,1
2350,5543,789854.97,24,13.87,121812,352773.36,0,1,0
2351,2633,165589.46,24,21.12,95450,464699.47,0,2,0
2352,8521,364740.22,36,11.76,70412,70873.56,0,11,1
2353,1336,162689.5,60,14.46,78277,41374.41,0,4,0
2354,2608,110670.38,12,23.2,65536,312848.14,0,2,1
2355,9781,625625.99,48,16.5,87548,123050.98,0,2,0
2356,3493,954879.48,24,23.04,82997,171404.71,0,8,1
2357,3314,118330.17,48,8.8,149178,85400.46,0,11,1
2358,8020,761648.21,24,18.78,34688,179105.75,0,0,0
2359,9125,315321.58,24,10.1,38729,141093.12,1,0,0
2360,4916,135762.99,36,8.47,102920,416387.13,0,5,0
2361,4606,926174.76,36,12.24,64687,73763.27,0,1,0
2362,7643,101418.55,12,8.31,92885,211402.93,1,6,1
2363,9271,150450.92,48,10.56,93679,180533.8,0,0,0
2364,8523,265328.09,12,11.22,99495,95841.43,0,4,1
2365,3275,934145.49,48,23.95,50833,158653.72,0,7,0
2366,1128,338327.73,48,8.95,94613,370524.25,0,8,1
2367,9817,77869.01,60,23.21,46407,403697.98,0,2,0
2368,6514,228255.6,36,14.14,109475,176314.39,0,1,0
2369,1363,472773.71,36,16.68,148804,191575.02,0,11,0
2370,1811,888446.26,48,8.54,78219,325991.08,0,6,0
2371,2412,297293.69,60,8.09,143892,273400.59,0,2,1
2372,9433,535072.79,48,11.91,107561,247514.26,0,2,1
2373,327,336925.13,60,18.99,24255,396694.08,0,1,0
2374,4507,595677.33,60,19.1,123793,451840.39,0,10,0
2375,8737,134081.38,60,17.37,60326,170850.39,0,6,0
2376,6250,525070.64,48,15.41,76361,15680.46,0,8,1
2377,6925,117602.46,12,11.84,136532,188941.9,1,11,1
2378,8399,980736.12,36,21.4,71472,155774.63,0,1,0
2379,7603,921936.83,12,17.17,76079,329714.04,0,1,0
2380,6471,664249.1,12,13.5,88770,398192.29,0,1,0
2381,6834,923421.1,60,10.37,125226,156991.45,0,3,0
2382,9216,608662.72,48,18.55,32264,40306.28,0,0,0
2383,6946,341073.3,60,11.13,61481,184628.76,0,5,1
2384,3872,188528.91,48,16.38,81083,243331.59,0,8,0
2385,4884,993841.97,36,14.96,93077,137627.49,0,0,0
2386,6432,282668.82,24,11.21,82187,174967.79,0,2,0
2387,1832,873369.95,36,20.48,58032,276337.32,1,3,0
2388,1773,460398.28,60,15.33,59719,368289.23,1,2,0
2389,2728,358338.96,36,8.41,129560,275883.25,0,0,0
2390,7957,285902.42,60,16.06,35085,203258.4,0,9,0
2391,4364,869386.81,48,11.3,137861,443949.25,1,9,0
2392,2084,849039.31,24,23.89,118959,363021.34,0,11,1
2393,8973,878819.1,60,18.36,130164,428778.81,0,1,0
2394,2156,747899.54,60,9.55,70533,346276.93,1,10,1
2395,8113,109925.89,36,16.07,115284,172153.88,0,3,0
2396,563,385929.76,12,14.32,126731,257050.86,1,1,1
2397,1904,823991.97,12,17.48,133105,373884.6,0,1,0
2398,1562,974423.11,60,18.55,65431,445842.96,0,11,1
2399,3980,867732.09,12,15.26,84942,298053.64,0,8,1
2400,3424,685251.24,36,18.23,67985,329759.16,0,1,1
2401,2991,832353.28,12,12.6,77603,426686.4,0,1,0
2402,4395,398935.57,24,8.59,137115,209509.05,0,0,0
2403,9210,686455.03,60,8.89,120078,214907.69,0,4,0
2404,3023,770562.1,36,21.64,41926,464073.69,0,1,0
2405,1394,527491.42,60,13.46,59428,432461.52,0,0,0
2406,1698,297718.24,48,23.1,39227,284192.17,0,1,0
2407,3151,931510.63,36,15.56,23174,490637.18,0,2,0
2408,8948,809706.35,12,21.49,140612,483554.45,0,0,0
2409,4636,284643.59,60,10.2,48243,302134.61,0,10,1
2410,554,164046.45,36,21.73,72297,161189.48,0,6,1
2411,1468,751638.03,48,23.01,81624,79091.45,0,3,0
2412,3227,676937.36,36,23.27,31709,217617.45,0,3,0
2413,1652,612090.11,36,12.81,79711,388511.76,0,2,0
2414,3308,960264.11,48,19.5,102424,179057.68,1,11,1
2415,2864,373642.41,24,9.0,46761,144858.97,1,3,0
2416,196,166393.69,24,12.63,90326,341859.24,0,9,0
2417,1707,245770.22,24,13.28,91801,302445.56,0,2,0
2418,642,735840.6,12,19.34,51377,321809.47,0,5,0
2419,462,915644.6,60,13.14,111200,25678.57,0,11,0
2420,4298,702630.82,12,9.06,58831,223476.4,0,2,0
2421,6548,188594.19,12,15.48,58834,405572.75,0,11,1
2422,9398,721231.98,48,12.8,68606,492368.29,0,10,1
2423,8067,350793.53,12,20.34,120095,59732.9,0,7,0
2424,1943,428869.14,60,16.24,127756,361455.12,0,2,0
2425,1211,660910.66,36,12.93,72774,168935.62,0,1,0
2426,7810,455718.3,48,8.88,41393,199736.53,0,8,0
2427,5409,963260.86,24,11.48,47320,288737.61,0,1,0
2428,8369,804590.24,12,10.72,54134,74132.24,0,0,0
2429,3437,566833.49,48,13.58,39023,59551.79,0,6,0
2430,5872,461331.14,12,8.59,47097,91865.08,1,7,1
2431,4245,363759.39,60,8.67,55170,59918.13,0,6,1
2432,4926,365069.85,24,22.64,125550,11082.07,0,10,0
2433,7837,662626.46,36,22.27,105992,463778.93,1,1,0
2434,4478,841152.14,36,19.36,71554,468107.86,0,1,0
2435,6935,232101.68,24,19.54,76013,44785.08,0,3,1
2436,5089,929704.98,36,9.25,149567,491172.04,0,1,0
2437,5245,335697.2,24,10.37,90838,233620.33,1,2,1
2438,4045,721561.74,60,12.48,32267,24032.31,0,7,1
2439,9537,774382.9,60,16.0,107020,442781.17,1,1,1
2440,7183,830459.15,36,21.57,104968,339409.53,0,11,0
2441,1085,421403.62,48,23.74,127919,475141.37,0,11,0
2442,4826,440208.62,12,20.46,135780,444946.5,0,10,1
2443,9237,691324.81,36,10.45,53757,251742.93,0,3,0
2444,8336,954291.01,36,22.37,134383,119716.77,1,10,1
2445,5266,932882.18,12,19.08,94993,227012.3,0,6,0
2446,1293,759300.55,60,9.42,123971,20635.45,1,9,1
2447,2316,232790.91,36,13.45,144290,277324.19,0,1,0
2448,7392,685892.04,24,20.86,28287,132150.31,0,2,0
2449,5663,828517.15,12,21.96,66464,411066.6,0,4,0
2450,5296,987340.76,12,19.97,104691,24530.5,0,4,1
2451,379,570747.43,48,15.7,39936,335156.88,0,6,1
2452,1331,609343.62,60,23.94,81296,376607.64,1,2,0
2453,5775,984802.75,60,8.04,139803,434862.87,0,3,1
2454,2920,853675.54,36,9.69,35134,241572.43,0,7,1
2455,518,117896.94,12,15.37,67827,171740.67,0,1,0
2456,2332,965973.09,24,19.35,65958,293569.09,0,1,0
2457,6885,283389.88,60,8.43,21940,119792.96,0,6,1
2458,956,859746.0,24,14.85,145287,279497.19,0,1,0
2459,6872,420590.81,48,12.02,114854,439019.39,0,2,0
2460,9438,194982.36,48,16.96,62278,453268.92,0,0,0
2461,5776,863839.81,24,13.02,147388,256727.49,0,2,0
2462,456,73370.18,24,18.46,106161,262854.33,0,2,0
2463,9489,604374.78,36,10.35,137582,40340.58,0,2,0
2464,7168,271975.83,12,20.16,21651,143821.97,1,0,1
2465,8434,216728.15,12,16.73,97718,337369.53,0,8,1
2466,7631,568120.55,48,20.02,149938,469072.83,0,6,1
2467,8941,917511.23,60,15.82,75474,198882.47,0,4,0
2468,3577,966360.48,60,14.08,102478,263732.18,0,1,0
2469,6024,186813.26,36,11.8,39790,434012.99,0,11,1
2470,9873,767197.16,60,22.17,63985,86720.44,0,11,0
2471,5238,703794.42,48,14.99,141151,455709.38,0,8,0
2472,7282,428512.42,48,15.61,67686,251459.8,0,9,0
2473,5578,142265.68,12,16.43,80909,115752.78,0,7,1
2474,4868,542694.55,36,16.32,94210,379620.71,0,1,0
2475,4237,793911.01,48,17.39,112561,18028.74,0,9,0
2476,1368,55773.28,12,10.16,60757,629.16,0,7,1
2477,5500,408885.76,36,21.34,49884,192804.78,0,1,0
2478,1090,118958.47,36,13.51,113669,430981.1,0,7,0
2479,9877,103236.26,24,10.44,72274,110484.84,0,2,0
2480,5859,268747.05,60,10.74,80861,123566.13,0,10,0
2481,4600,893176.06,60,13.78,96221,351048.68,0,1,0
2482,9880,467256.27,12,12.13,80175,159507.65,0,4,0
2483,6310,741570.92,60,21.35,105558,353278.21,0,9,0
2484,6246,960315.77,60,22.06,52472,212134.89,0,8,1
2485,1269,55010.3,48,19.39,118906,255121.89,0,2,1
2486,2512,808005.12,12,20.99,134687,220734.89,0,1,0
2487,9872,167006.1,12,8.21,49718,343186.55,0,10,1
2488,3434,102214.48,60,9.37,21041,249792.89,0,6,0
2489,8051,676398.81,60,20.96,70828,399558.26,0,5,0
2490,3805,726636.38,60,15.52,71522,290973.89,0,1,0
2491,4783,730552.71,36,23.04,132284,411678.99,0,11,1
2492,5561,296290.72,12,21.59,46826,294889.66,0,3,0
2493,6873,195142.31,36,13.41,102653,260190.75,0,0,0
2494,9311,167857.66,60,13.13,58465,174380.61,1,5,1
2495,9918,309123.2,60,22.12,74061,301162.78,0,0,0
2496,2218,441092.85,12,14.96,122359,303540.14,0,8,0
2497,6468,906170.5,48,15.19,138821,60465.72,0,10,0
2498,7849,970241.65,48,16.56,27300,60603.17,0,6,0
2499,4253,80559.37,12,20.27,149433,67943.32,0,11,1
2500,1894,69400.3,12,13.8,137009,197592.66,0,0,0
2501,3130,604248.66,36,14.68,69978,443908.38,0,7,1
2502,8560,491425.01,48,15.19,25775,451509.72,0,3,0
2503,884,532368.86,24,21.41,34299,176699.27,0,10,0
2504,5827,978413.47,36,14.67,85165,140326.92,0,9,0
2505,5352,737049.68,24,21.32,80225,20016.91,0,0,0
2506,5739,195376.41,24,16.86,145994,119297.25,1,1,1
2507,3326,986412.22,12,17.6,61413,177082.57,0,2,0
2508,4173,529332.4,48,18.22,120164,466305.65,0,10,0
2509,3120,591871.68,48,14.13,33134,54544.4,0,9,0
2510,2702,980608.08,60,17.71,87025,34565.13,0,9,1
2511,9533,146383.58,36,10.85,24128,111279.92,0,6,1
2512,3535,131796.26,36,13.07,40539,401900.73,0,9,1
2513,1709,205597.9,12,21.64,30274,269075.15,0,11,0
2514,6660,255879.6,48,13.82,120312,297170.02,0,3,0
2515,4784,539721.98,12,14.22,72775,219908.78,0,4,0
2516,5354,449288.42,36,22.4,80185,366430.85,0,3,1
2517,9149,656954.57,60,13.45,84917,308668.87,0,9,1
2518,9353,495663.51,12,18.37,75139,152284.21,0,4,0
2519,3379,695828.89,12,23.12,75818,399020.11,0,5,0
2520,8313,280055.43,36,23.97,122666,136601.65,0,3,1
2521,5541,742761.76,48,16.59,77847,482848.63,0,7,1
2522,7194,967545.21,36,17.76,34189,435143.18,0,0,0
2523,6585,87602.32,60,14.95,34641,264385.36,0,9,1
2524,6691,427453.93,48,20.0,112646,471320.68,0,0,1
2525,7757,727983.01,60,19.51,90973,44536.1,0,11,0
2526,291,234573.19,36,14.09,22516,87699.24,0,9,1
2527,1057,306345.97,48,8.9,35532,398552.75,1,4,0
2528,4175,956825.27,36,18.02,116216,259934.68,0,1,0
2529,9273,757510.01,12,8.54,88271,349312.11,0,0,0
2530,1361,949819.86,12,18.22,31635,215066.63,0,4,0
2531,51,990571.01,48,21.03,133842,202026.48,0,8,1
2532,1040,325146.65,48,17.22,47545,414997.36,0,7,1
2533,9939,858524.06,60,13.33,58619,389062.33,1,5,1
2534,2513,291935.12,36,16.06,33432,128715.08,0,5,0
2535,2538,791511.09,60,13.75,92826,194968.71,0,7,0
2536,6129,806509.95,36,9.77,107672,345358.88,0,1,0
2537,7870,969832.06,24,13.08,136364,236001.49,0,4,1
2538,6573,996310.96,60,15.8,21814,116690.38,0,11,1
2539,6718,655113.71,48,13.48,130545,241999.1,0,4,0
2540,9747,748674.29,12,8.37,93055,170552.68,1,0,0
2541,9281,822721.87,36,9.48,22044,152227.14,0,6,0
2542,4153,842142.81,60,9.97,44792,16281.43,0,5,1
2543,3696,534857.04,36,14.64,126142,335094.96,0,9,1
2544,5390,260959.25,60,8.56,35819,366591.34,0,8,0
2545,4812,832683.12,48,15.66,35684,129213.68,0,6,1
2546,6295,641209.29,24,8.99,121557,488592.93,1,4,0
2547,8116,678465.45,60,22.59,33644,491792.66,0,2,0
2548,6984,439870.73,36,23.9,76699,469565.78,0,2,0
2549,1687,928113.12,60,14.08,92472,64922.2,0,10,1
2550,5172,889043.14,60,20.51,59654,442797.39,0,7,1
2551,4985,186715.99,36,22.32,141032,164999.53,0,1,1
2552,7005,226864.82,60,21.53,81298,76977.22,1,10,0
2553,8405,498205.82,12,16.92,70235,291013.04,0,4,0
2554,6105,669535.57,24,15.25,134920,54949.19,0,6,0
2555,421,321855.28,48,13.2,76806,189814.44,0,3,0
2556,3750,460461.34,24,9.39,93509,119265.15,0,9,0
2557,6232,203210.42,60,23.53,121494,266611.01,0,0,0
2558,8031,345455.09,60,8.97,22435,289496.24,0,9,0
2559,7702,623688.5,24,11.0,76089,322554.72,0,7,0
2560,3996,251798.31,24,16.12,123759,224433.29,0,0,0
2561,7279,946238.41,36,9.34,62714,188283.28,0,8,1
2562,1443,952274.71,36,19.28,88775,252087.46,0,8,0
2563,942,631701.78,48,8.19,135831,199242.34,0,10,1
2564,7084,171404.07,24,21.6,99807,480440.08,0,4,0
2565,5898,417856.42,12,22.72,125155,468100.38,0,1,0
2566,4722,746436.33,24,18.86,144380,277375.35,0,2,0
2567,6312,278281.38,24,18.16,64935,211129.33,0,1,0
2568,9173,813386.64,24,17.46,68913,228382.62,0,10,1
2569,695,57386.22,60,9.17,89439,494468.83,0,5,0
2570,1628,230707.68,24,13.42,85504,153664.21,0,4,0
2571,5510,348882.13,24,18.11,67914,228616.41,0,4,1
2572,1946,967795.91,60,11.38,127806,286749.76,0,0,0
2573,5542,767339.63,48,8.07,76952,42187.47,0,7,1
2574,2367,68360.29,60,16.49,136967,198602.02,0,10,1
2575,4891,489965.23,48,13.67,101751,127146.54,0,11,0
2576,1233,707143.74,12,11.71,41670,282580.08,0,10,0
2577,8420,637090.38,12,20.92,68883,138892.2,0,6,0
2578,7525,490120.02,60,19.24,52252,232150.31,0,6,0
2579,7003,297025.78,36,18.36,68246,257477.93,0,5,0
2580,3720,404295.99,36,23.51,136837,149956.63,0,7,0
2581,3708,725043.72,48,18.47,63043,375626.0,0,0,0
2582,3554,769888.74,48,19.68,99171,50707.38,0,9,0
2583,7191,516829.9,12,12.13,110874,81405.26,0,6,1
2584,4589,919041.23,12,20.21,42559,14027.44,0,9,0
2585,5027,960844.49,36,16.74,126740,51081.21,0,10,0
2586,4302,793501.85,12,17.06,83839,143993.17,0,6,0
2587,7129,242920.08,60,10.24,47892,56750.27,1,5,0
2588,9046,885262.47,60,19.76,131417,218748.28,0,10,0
2589,7713,481175.41,12,18.66,46904,128801.3,1,11,1
2590,4029,260573.3,48,10.41,130377,263170.84,0,8,0
2591,7360,796238.47,24,10.87,48847,325643.57,0,11,1
2592,447,431224.3,60,21.81,135124,478385.41,0,11,1
2593,9452,276809.98,60,17.9,63091,477406.48,0,10,1
2594,7921,608287.06,12,10.44,136503,357929.72,0,4,0
2595,4637,162139.52,36,11.45,44041,330948.0,0,11,0
2596,6167,409646.75,60,15.5,126414,239783.85,0,4,1
2597,940,378884.28,48,22.42,97368,339831.54,0,8,0
2598,5074,431356.22,36,16.08,86283,429347.68,0,9,0
2599,5430,471697.86,24,10.9,93364,470754.07,0,4,0
2600,6752,655680.46,48,21.57,27631,391306.91,0,11,1
2601,6766,105120.24,12,14.68,140732,401029.81,0,5,1
2602,6251,489849.09,36,19.12,137194,112782.97,0,2,0
2603,7301,522155.01,60,10.15,48668,437901.35,0,5,1
2604,7731,370145.44,48,20.25,112661,378214.93,0,3,1
2605,3827,757060.62,60,22.69,59240,168510.95,0,7,0
2606,6821,730597.25,12,21.17,50288,72972.64,0,0,0
2607,7038,545470.95,48,8.49,126021,113776.78,0,10,0
2608,3544,864738.89,12,17.4,37223,59907.86,0,2,1
2609,7476,161583.08,48,17.25,125841,204160.84,0,2,0
2610,142,406612.34,48,21.06,75168,496025.87,0,2,1
2611,328,695635.28,60,23.91,54539,92065.15,0,8,0
2612,8241,927057.61,60,22.91,131491,250275.07,0,6,1
2613,3197,867145.21,60,9.64,68623,22350.54,0,9,1
2614,2979,205333.06,48,20.17,69746,439936.59,0,4,0
2615,4648,109011.69,60,22.85,56811,420736.24,0,6,1
2616,995,578208.14,48,14.52,84289,8610.28,0,9,1
2617,44,521153.88,48,22.87,39911,144487.11,0,0,1
2618,884,394810.99,36,22.47,122575,246571.61,0,11,1
2619,4054,247052.91,60,18.24,108021,205892.74,0,10,1
2620,5464,429910.44,12,22.52,131447,326111.39,0,0,0
2621,4708,502686.09,24,19.84,30425,166249.7,1,2,1
2622,5537,329954.49,60,18.02,47016,43561.4,0,10,1
2623,6540,61628.7,48,13.0,50204,396271.29,0,3,0
2624,2479,580179.92,12,16.93,49747,377435.12,0,0,0
2625,6631,958992.61,48,18.89,118905,190300.77,0,8,0
2626,9592,379953.65,36,16.34,125419,55698.89,0,5,0
2627,6448,780639.67,12,16.02,64949,155696.19,0,7,0
2628,3602,900226.07,12,22.32,90477,402773.62,1,7,1
2629,2201,461762.24,36,23.76,41575,294018.02,0,0,0
2630,8219,393101.06,48,19.47,35835,137247.77,0,5,1
2631,8533,896628.67,36,13.49,122344,27280.47,0,4,0
2632,113,149932.59,36,22.34,86086,433542.63,0,9,0
2633,3796,515672.81,24,21.16,102406,130758.57,0,7,0
2634,5685,662311.57,60,19.86,62432,211804.83,0,5,1
2635,5930,689763.9,36,14.23,117919,191776.77,0,4,0
2636,2175,157414.28,12,17.64,41665,292098.52,0,2,0
2637,4675,155908.44,12,14.19,103097,208243.69,0,7,1
2638,6085,322538.94,48,10.77,26916,426124.73,0,5,1
2639,1039,792228.95,12,20.43,111350,170898.28,0,10,1
2640,2135,982605.73,24,19.2,132744,355282.11,0,11,1
2641,5337,611219.4,36,12.83,96041,46567.65,0,11,0
2642,6143,679858.16,48,16.17,132234,90681.53,0,4,0
2643,5199,983335.55,24,17.54,106342,288244.21,0,6,0
2644,8536,269489.28,60,20.89,114008,50300.22,1,9,0
2645,4265,138148.86,36,8.45,67200,189781.45,0,3,0
2646,1634,213109.9,48,21.95,105833,451604.24,0,0,0
2647,7436,341817.6,48,14.1,129833,136717.72,0,10,0
2648,3291,697034.64,36,16.36,65307,185245.78,0,2,0
2649,3282,336912.02,12,15.44,126757,157212.87,0,0,0
2650,3399,524042.19,36,20.62,68607,203484.59,0,4,0
2651,4888,75914.38,48,18.59,69975,453813.33,1,0,0
2652,1887,942042.28,48,19.93,143521,59935.45,1,11,1
2653,7947,610405.23,48,23.54,121741,36913.09,0,5,0
2654,999,569022.16,48,20.46,61101,32194.15,0,10,0
2655,3141,757718.78,36,19.76,136168,492168.01,0,7,0
2656,9089,951304.41,48,10.18,93745,387063.6,0,3,0
2657,5019,630869.09,12,13.64,96746,351091.09,0,1,0
2658,4176,695045.8,48,17.51,123632,374577.78,0,9,0
2659,9552,314629.47,60,12.73,60986,63080.58,0,5,0
2660,3397,832768.87,48,18.46,40213,161349.09,0,10,1
2661,3121,798589.56,24,12.2,62628,192525.86,0,7,1
2662,875,70486.11,12,13.08,123011,232320.89,0,2,0
2663,6738,788789.51,60,8.53,107009,33196.07,0,0,0
2664,4932,233275.41,24,11.7,71637,156736.15,0,11,0
2665,910,219821.15,12,16.19,67322,159146.75,0,6,0
2666,2070,362360.45,48,18.15,80625,398695.46,1,0,0
2667,9538,952361.54,48,15.06,58708,158465.98,1,1,0
2668,580,611102.78,48,13.45,124040,299108.48,0,6,0
2669,2016,948639.41,48,17.04,35232,238177.96,0,8,1
2670,6157,124442.95,12,9.01,37743,275773.22,0,10,0
2671,5900,555555.82,36,12.37,134540,10517.6,0,2,0
2672,4451,529801.34,24,14.18,28315,388235.47,0,5,1
2673,6451,470292.32,48,15.68,109126,134317.63,0,3,0
2674,5608,991878.11,48,20.92,45393,254100.66,0,6,1
2675,6325,499508.59,36,20.05,147250,435193.72,0,11,0
2676,2172,276730.0,12,15.56,99403,4334.6,1,0,1
2677,1319,661508.26,36,15.88,62016,201484.91,0,8,1
2678,1921,284470.45,48,19.24,144094,435199.63,0,4,0
2679,8220,175131.11,48,16.03,143933,382957.12,0,4,1
2680,8188,603905.35,36,10.12,149242,259491.82,0,6,1
2681,1238,738195.01,24,15.38,64639,55168.8,0,9,0
2682,9536,478866.83,12,17.64,76860,139441.35,1,6,1
2683,3271,355961.22,60,17.38,147751,224231.98,0,7,1
2684,28,195431.9,36,10.05,96971,118151.71,0,11,1
2685,8960,811576.8,12,23.53,124937,10929.9,0,10,1
2686,7680,896701.25,36,13.88,59906,495569.39,0,2,0
2687,6938,290469.43,12,23.81,37570,235114.65,0,11,1
2688,6860,456818.47,24,21.09,126808,191026.23,0,1,0
2689,8055,341257.63,24,11.85,25773,320419.29,0,7,1
2690,3693,839224.69,12,22.69,101572,309435.16,0,3,0
2691,6296,926072.88,12,11.7,142981,30283.32,1,9,1
2692,1220,193856.32,12,10.2,72711,120374.26,0,0,1
2693,5430,84682.43,36,14.77,65095,150812.55,0,1,0
2694,1184,131328.89,48,10.26,113157,275577.03,0,1,0
2695,8045,325939.6,60,8.77,47958,478103.53,0,5,1
2696,8070,738127.54,36,13.2,47167,326276.37,0,6,1
2697,448,360218.16,24,12.74,64400,463097.66,0,8,1
2698,2690,984981.31,24,22.78,103199,491019.92,0,2,0
2699,2277,131310.44,12,14.78,62249,34116.73,0,10,1
2700,3005,687864.09,24,23.85,137619,262694.51,0,10,0
2701,1184,488984.13,12,9.97,90748,167569.44,0,4,0
2702,1366,344017.33,24,16.5,112766,155488.79,0,8,1
2703,8485,582876.93,36,19.52,117845,135321.56,0,6,0
2704,3439,285312.26,12,12.95,57227,128195.46,0,5,1
2705,999,633582.69,48,10.33,37799,261510.55,0,7,0
2706,8541,995282.7,48,17.83,135222,493984.83,1,5,1
2707,8678,346491.44,60,17.31,90585,243375.13,0,6,0
2708,6218,403447.99,36,13.37,111386,330810.21,0,0,0
2709,7368,875575.57,36,12.15,123237,264883.54,0,4,0
2710,8126,390977.0,48,21.62,98766,446761.45,0,7,0
2711,1078,915440.6,12,23.23,52532,107762.0,0,7,0
2712,6519,713510.46,48,19.2,60580,51398.4,0,5,1
2713,5883,68339.4,24,16.01,99396,220524.34,0,4,0
2714,6294,408623.31,36,9.47,142692,290601.55,1,7,1
2715,7759,416298.06,60,9.68,22757,77686.72,0,2,0
2716,7847,282305.47,60,15.37,131748,313754.88,0,8,1
2717,9295,608381.75,36,22.41,131156,128324.81,0,10,1
2718,7657,88658.21,60,20.34,138272,45277.33,0,9,1
2719,7968,616631.7,48,19.08,67858,458102.27,0,5,0
2720,9179,579485.79,60,12.15,55632,21300.76,0,11,0
2721,6864,706234.6,24,10.2,139770,24778.8,0,11,1
2722,9484,561565.65,12,22.33,86493,492420.2,1,10,1
2723,1031,366742.12,60,11.0,142827,175093.97,0,3,0
2724,2410,971662.43,60,11.73,136143,283970.24,0,9,1
2725,5567,176239.91,24,20.24,36834,95452.1,0,3,0
2726,6799,755847.06,24,20.47,116048,215958.42,0,8,0
2727,9731,245278.42,24,18.98,91349,37064.46,0,8,0
2728,8996,109009.62,36,10.32,27557,13265.78,0,4,1
2729,3837,777902.08,36,10.99,99605,499772.5,0,1,0
2730,8435,864914.7,48,21.37,129494,102348.57,0,4,0
2731,1100,165459.5,24,13.14,49113,193297.07,0,9,0
2732,5954,549758.36,48,16.88,138144,296524.2,0,1,0
2733,5944,742028.23,48,20.92,42665,258857.79,0,8,0
2734,6329,412463.24,24,12.49,144745,180544.56,0,1,0
2735,4253,470137.95,60,10.81,42279,10155.37,0,0,0
2736,4444,978504.41,60,13.68,81387,251307.51,1,4,1
2737,8354,742680.59,60,16.37,141651,472393.51,0,11,1
2738,3966,925519.72,12,15.04,25784,369882.97,0,1,0
2739,295,460688.43,36,12.43,123537,358463.76,0,5,0
2740,6275,502127.13,48,14.39,28865,473254.12,0,10,1
2741,4010,971308.76,48,19.99,54007,96087.26,0,3,0
2742,7076,456032.33,12,16.92,35232,486513.79,0,10,1
2743,9463,441386.66,24,12.99,117475,491296.12,0,9,1
2744,6435,712481.61,12,16.12,39788,246821.92,0,4,0
2745,6686,92120.98,24,20.24,95798,388521.9,0,9,0
2746,7595,472010.25,60,12.69,134539,11309.0,1,7,1
2747,8627,942395.68,48,10.97,48042,484852.26,0,10,1
2748,7081,901771.61,24,16.81,37379,225940.02,0,6,1
2749,6735,677343.1,12,15.68,83592,495069.14,0,6,0
2750,7334,471281.16,36,17.43,123954,215632.71,0,3,0
2751,1181,535013.85,24,9.77,117604,329225.96,0,8,0
2752,7976,302706.11,48,11.5,46770,58964.47,0,8,0
2753,6542,244489.69,48,9.0,133794,77360.71,0,11,1
2754,3246,305499.23,48,21.4,39118,223870.15,0,1,0
2755,7236,907136.91,36,14.35,139733,190608.65,0,4,0
2756,2022,294441.8,36,22.29,126799,61348.04,0,3,0
2757,5300,495873.39,60,23.13,132773,19110.91,0,11,1
2758,674,730766.6,60,8.94,101137,380708.91,0,6,1
2759,9183,754826.6,36,15.0,112036,87788.34,0,2,0
2760,7185,344823.31,60,15.0,37782,435687.7,0,1,0
2761,5236,295865.57,48,18.37,65756,206591.27,1,10,1
2762,1741,401752.69,12,9.14,102736,216126.98,0,9,1
2763,3406,145902.32,36,22.96,79826,149568.58,0,8,0
2764,1092,568343.3,60,20.57,143890,125190.8,0,2,0
2765,8571,744700.13,24,8.37,101466,177601.47,0,10,1
2766,1342,273366.63,36,11.01,43990,404339.77,0,4,1
2767,9371,135561.31,12,21.2,27780,341074.23,0,1,0
2768,8593,851963.19,36,11.57,114301,462991.41,0,11,1
2769,5685,888694.38,60,13.88,77837,246923.93,1,2,0
2770,2622,867710.87,36,18.43,128256,403139.8,0,3,0
2771,3876,452740.7,24,9.11,44037,99749.74,0,6,0
2772,4890,184857.52,24,18.8,59881,32822.37,0,0,0
2773,1742,704611.15,24,12.33,76026,128496.75,0,7,1
2774,7237,145881.3,48,10.74,70170,417454.01,0,8,0
2775,2085,707225.11,48,9.58,112093,483613.34,0,2,1
2776,4581,256699.48,12,10.5,131014,353626.0,0,6,0
2777,6576,152567.18,24,16.83,124197,205678.65,1,5,0
2778,4309,51691.82,60,23.0,149008,408674.23,0,2,1
2779,1451,533839.79,48,18.9,74677,321769.52,0,2,1
2780,2492,870705.85,60,15.21,145014,45340.48,0,2,0
2781,507,760637.48,48,23.51,132270,466901.5,0,8,0
2782,1002,298263.62,60,11.84,63142,69953.24,0,9,1
2783,4216,190950.51,48,21.22,29987,228176.88,0,8,0
2784,2684,960818.9,36,10.59,114912,493607.4,0,9,0
2785,2454,835952.95,48,11.58,65868,153551.04,0,9,1
2786,6448,642343.57,60,15.73,55603,70396.15,0,9,1
2787,7511,382756.62,48,9.64,28449,349025.51,0,5,1
2788,1953,798485.52,60,12.65,74274,175598.73,0,1,0
2789,6494,407030.49,12,18.72,100183,277591.32,0,3,0
2790,3007,714213.76,48,15.41,43855,439890.15,0,9,1
2791,4072,567233.32,48,17.02,28164,82717.02,0,6,1
2792,1616,573030.55,24,8.82,82031,252563.76,0,5,0
2793,731,554985.36,48,12.01,91602,59180.65,0,5,0
2794,8746,975650.25,24,20.27,41771,269344.31,0,7,1
2795,8128,905018.91,12,17.18,75705,424671.04,0,9,0
2796,2556,472442.13,12,8.02,40656,343307.0,1,5,0
2797,9418,945446.22,24,17.63,109634,95354.17,1,6,1
2798,7935,671288.88,24,10.13,82437,333356.31,0,6,0
2799,5708,849407.74,12,10.11,144926,231133.97,0,6,0
2800,3393,823767.25,48,22.87,103057,182902.02,0,0,1
2801,7032,963151.17,48,23.49,75865,95275.23,0,9,0
2802,4811,239176.46,60,16.44,100110,146450.99,0,10,1
2803,9482,718148.66,48,17.46,22197,18567.26,0,7,1
2804,763,946976.18,60,14.51,82301,446996.19,0,6,0
2805,7759,110098.53,24,22.13,95805,156154.56,0,0,0
2806,1097,927153.63,24,16.36,86000,449671.04,0,9,0
2807,1645,936583.59,36,22.84,116645,471664.21,0,11,1
2808,4887,532074.14,48,11.55,24668,350444.79,0,4,0
2809,2760,706922.08,60,9.52,77117,295352.7,0,11,1
2810,8842,63950.62,12,23.8,66065,433606.1,0,6,0
2811,4166,71145.36,24,15.89,33963,38948.15,1,6,0
2812,6796,66514.07,48,17.83,101585,308344.47,0,1,0
2813,2697,478401.86,48,13.48,138354,462154.2,0,7,0
2814,2317,158988.51,36,10.14,64438,447954.88,0,0,0
2815,6059,799384.21,48,21.46,143335,385162.07,0,2,0
2816,63,272628.33,24,10.31,106054,121656.33,0,2,0
2817,8824,201291.37,36,16.04,109264,335010.76,0,11,0
2818,3362,376999.83,24,21.3,105639,447926.68,0,7,0
2819,6811,261661.29,36,18.57,21525,178952.5,0,2,0
2820,508,738822.07,48,18.79,84598,321422.63,0,0,0
2821,3479,391375.1,60,11.69,24389,206552.02,0,8,0
2822,835,788883.76,12,16.41,144537,451637.01,0,1,0
2823,1138,825265.38,36,8.67,64833,118380.57,0,0,0
2824,40,609822.12,60,8.97,117817,140572.27,0,7,1
2825,7631,642073.37,60,19.57,100392,340469.47,0,11,1
2826,5990,320610.0,48,20.58,41314,8237.41,0,5,0
2827,3054,662906.61,24,10.23,62116,139818.16,0,5,0
2828,6775,532105.73,36,23.22,137845,144239.27,0,10,0
2829,5730,715825.96,12,10.09,121495,350126.12,0,8,0
2830,6701,685430.76,60,14.72,123390,253597.03,0,2,1
2831,3480,709244.11,48,11.15,93103,30530.41,0,2,0
2832,1763,860965.31,24,9.58,79114,214452.08,0,9,1
2833,4942,611113.21,48,23.45,26754,495651.48,0,2,0
2834,9058,790385.58,60,15.02,37495,446864.77,0,7,1
2835,289,360449.23,48,13.28,144497,407981.3,0,10,1
2836,2999,803167.58,12,13.25,141740,309791.86,0,6,0
2837,8041,349140.9,48,11.33,44818,63402.51,1,5,1
2838,5390,395251.82,60,23.5,110483,449561.35,0,7,0
2839,7983,880905.28,12,15.82,40441,179899.23,0,6,1
2840,2940,288571.37,48,16.48,135057,85126.92,0,0,0
2841,2771,751229.96,12,19.37,87181,68885.38,0,8,0
2842,1442,271948.15,36,14.52,138433,423642.3,0,9,0
2843,2401,279749.62,12,12.47,26745,317354.6,0,5,1
2844,4099,623388.63,12,12.68,137742,53773.93,0,2,0
2845,3349,83408.43,12,13.57,41680,424203.4,0,11,0
2846,6830,667018.49,48,17.23,53326,127699.43,0,9,1
2847,5276,749829.35,48,21.29,52624,299144.49,0,2,0
2848,7995,918745.83,24,11.88,91467,480221.78,0,5,1
2849,9440,765334.45,12,17.34,128168,395110.43,0,2,0
2850,5487,851363.85,12,20.01,139906,336405.22,0,5,0
2851,8124,272571.77,36,23.91,21952,384891.03,0,1,0
2852,9963,346567.05,60,22.52,123759,269336.02,0,10,0
2853,4287,948019.33,48,18.36,118889,203648.67,0,10,0
2854,9055,637680.63,24,23.15,82855,8721.99,0,5,0
2855,4160,686859.1,36,23.03,59176,63.28,0,11,1
2856,5490,688544.55,24,8.71,143627,463235.27,0,11,0
2857,7028,995765.87,36,18.41,100731,51028.03,0,5,1
2858,2605,725204.33,48,18.42,52689,298891.21,0,2,0
2859,9001,774239.54,60,18.83,65930,283621.45,0,5,0
2860,9939,917789.47,12,23.02,88355,300310.67,0,3,0
2861,7244,346967.73,48,12.6,125592,252631.25,0,3,0
2862,6865,831566.99,36,11.78,147835,473200.75,0,3,1
2863,5393,74610.97,48,15.67,122610,174917.62,0,3,0
2864,6916,163333.97,24,12.86,39695,153741.02,0,11,1
2865,1497,176001.59,48,13.11,32922,181888.85,0,1,0
2866,4061,55262.3,60,11.97,138170,103091.04,0,8,1
2867,6931,464201.08,36,18.74,142541,361386.84,0,5,1
2868,5316,987381.03,48,19.75,90203,173189.48,0,0,0
2869,6138,313847.38,36,9.59,140895,31018.08,0,0,0
2870,3549,220923.46,12,20.78,61261,58416.42,0,7,0
2871,9261,478304.1,60,12.29,111046,384740.59,0,1,1
2872,8468,750875.41,36,10.11,30358,48231.35,0,8,1
2873,9408,97366.72,12,15.31,76516,106221.52,0,8,1
2874,2539,557897.29,60,17.82,90612,187695.55,0,8,1
2875,244,499447.52,24,19.55,80853,396845.69,1,5,1
2876,532,589690.86,36,17.61,134800,37879.88,0,9,0
2877,6687,624004.88,36,23.01,131115,97419.31,0,10,1
2878,6759,325263.68,60,8.33,111340,99486.95,0,5,0
2879,7666,347705.58,12,22.58,91400,232618.54,0,3,1
2880,199,460149.42,24,19.73,45745,201403.07,0,11,0
2881,8748,976388.8,36,22.98,67497,402761.94,0,9,0
2882,8153,619078.99,48,11.99,22835,138287.68,0,9,0
2883,9701,205425.43,24,11.04,145027,62999.22,0,5,0
2884,7253,205626.12,48,23.95,144641,119136.38,0,4,0
2885,9994,703927.57,60,15.13,70032,157379.78,0,2,0
2886,6199,490663.38,36,12.37,63809,293896.99,0,9,1
2887,9052,861910.08,12,20.68,81955,193281.83,0,6,0
2888,2854,497470.18,36,16.59,93203,110662.77,0,5,1
2889,990,71403.49,48,17.92,94791,54399.86,0,3,0
2890,3029,659643.61,24,8.88,104270,293763.34,1,11,1
2891,8784,303407.49,60,18.65,105952,468793.95,0,7,0
2892,6249,986652.88,12,19.07,102640,103991.2,0,4,1
2893,6252,55603.26,48,10.2,101306,62906.62,0,6,1
2894,9000,248465.42,12,19.91,95619,453824.96,0,8,1
2895,2203,666219.63,24,9.12,115453,297742.1,0,11,0
2896,2147,215725.17,60,9.5,32850,180452.79,0,4,0
2897,3437,718469.8,60,18.03,115942,29830.0,0,0,0
2898,8554,539412.14,60,23.12,48882,378821.64,0,6,1
2899,8907,181459.61,36,15.07,83802,359013.64,0,0,0
2900,6430,430537.74,48,10.58,130219,448733.55,0,11,0
2901,9357,573369.16,12,19.93,119387,284102.16,1,4,0
2902,9266,578339.61,24,17.43,137403,159047.15,0,8,0
2903,2176,515624.82,36,23.57,136055,83998.49,0,2,0
2904,8558,746743.16,48,10.23,129838,110478.71,0,6,0
2905,2902,392158.43,60,20.29,37328,256351.04,0,9,1
2906,9343,639272.34,12,12.18,136482,423761.31,0,0,0
2907,1422,229694.82,60,22.59,131707,450817.63,0,5,1
2908,7023,973018.36,36,20.62,135218,242537.78,0,3,0
2909,823,276657.03,48,15.3,144696,19566.31,0,0,0
2910,3428,868733.72,12,8.72,132263,59100.11,0,9,1
2911,3137,215945.43,48,18.94,112511,475142.8,1,4,1
2912,6348,966138.56,24,15.39,82310,114590.1,0,0,0
2913,4112,985775.75,60,20.77,27047,409495.16,0,11,1
2914,8074,304808.78,24,19.85,62086,464486.25,0,9,1
2915,9163,254645.26,48,19.97,65300,468999.32,0,10,0
2916,3897,759226.06,36,10.74,65472,50143.09,0,5,0
2917,1738,696855.29,12,14.98,85773,84188.9,0,6,1
2918,6203,723597.45,12,15.52,33046,230332.11,0,10,0
2919,3264,134564.34,36,20.56,93925,159605.55,1,10,1
2920,1580,581211.5,48,14.49,124894,182688.95,0,6,0
2921,161,692465.38,48,21.85,145603,261760.57,0,1,1
2922,7514,350866.52,12,12.4,103541,467625.05,0,3,1
2923,5009,705665.32,48,23.78,83305,244227.14,0,7,0
2924,3802,432767.54,12,9.41,104263,217913.14,0,8,1
2925,3125,360850.01,12,15.95,27235,328397.55,0,0,0
2926,1046,799998.68,24,17.42,133335,70077.9,0,11,1
2927,7496,248384.94,12,15.08,42375,240472.92,0,3,0
2928,323,52878.42,12,16.77,114876,361610.08,0,6,0
2929,2303,789760.4,36,20.46,99512,296434.23,0,5,0
2930,8205,919211.1,60,10.72,63411,375941.22,0,10,1
2931,4084,429095.62,24,23.16,142898,442897.75,0,2,0
2932,941,418287.9,48,14.28,118955,219782.97,0,5,0
2933,3046,976051.48,48,17.96,136897,360938.41,0,7,1
2934,1787,236349.83,48,15.06,37364,203185.16,1,9,1
2935,1319,770150.7,24,17.59,91744,434519.26,0,8,0
2936,3018,120211.76,24,19.6,97719,217653.92,0,3,0
2937,1192,969873.71,60,16.11,129275,339012.16,0,7,1
2938,7091,734138.99,36,9.78,59943,3677.04,0,0,0
2939,5085,191778.38,60,13.33,47062,199167.16,0,1,1
2940,5470,720835.73,36,20.88,46042,275321.15,0,4,1
2941,5731,875268.84,36,17.12,65205,320571.31,0,7,0
2942,506,186320.88,60,20.14,125203,88475.21,0,7,0
2943,4583,807585.32,36,22.21,64563,317666.28,0,1,0
2944,4013,961278.31,36,15.02,74675,373984.35,0,3,1
2945,8805,927093.41,36,13.65,130237,140046.22,0,6,1
2946,6602,417206.17,48,9.78,34114,176659.3,0,6,0
2947,6363,698829.5,24,12.33,115937,455079.46,0,4,0
2948,1742,444732.5,36,14.75,106498,111203.61,0,6,1
2949,6602,143097.6,36,10.12,121477,183651.71,1,0,0
2950,674,312611.78,12,9.81,25170,360657.41,0,11,1
2951,8727,500660.29,24,15.12,126403,97403.47,0,0,0
2952,5999,686655.66,24,13.96,105039,252725.68,0,5,1
2953,3780,274041.94,60,21.54,100588,372991.82,0,7,1
2954,5301,686900.66,36,8.45,61141,32375.95,0,11,0
2955,347,994350.34,24,20.21,34007,121352.83,0,11,1
2956,7634,535549.99,12,11.34,130585,285857.62,1,11,0
2957,4644,739218.93,24,22.07,56924,129000.05,0,5,1
2958,8433,796874.97,36,12.54,68163,407796.37,0,0,0
2959,9328,271639.15,60,16.81,107226,335600.9,0,10,1
2960,2850,105833.68,60,12.06,97361,262712.13,0,3,0
2961,3738,620586.75,48,14.59,88431,72617.51,0,11,1
2962,7991,480376.28,60,11.81,111147,337997.06,0,4,1
2963,575,840804.0,12,13.97,110734,83313.44,0,10,1
2964,326,606047.76,60,21.84,129708,468897.99,0,8,0
2965,7982,568505.08,48,19.11,113968,37040.5,0,11,1
2966,8741,303327.31,24,13.36,83994,201660.01,0,4,0
2967,791,653475.11,48,21.67,138103,141873.35,0,0,0
2968,8172,131950.78,24,8.82,39803,334204.57,0,3,0
2969,9069,419084.75,48,19.28,90055,335179.68,0,11,1
2970,7687,955906.91,12,18.02,139824,376220.22,0,8,0
2971,3500,106961.42,60,13.99,80570,390022.48,0,7,1
2972,3503,957388.86,12,14.6,76125,113972.44,0,7,1
2973,7761,519103.3,12,14.07,90933,320055.95,0,8,1
2974,4748,884015.72,60,18.26,136542,112079.4,0,11,1
2975,7770,673064.02,12,11.81,42496,284836.95,0,2,0
2976,584,117589.89,36,23.92,54827,238708.7,1,5,0
2977,5129,846040.78,12,8.05,74598,394927.1,0,8,0
2978,3808,774961.09,48,15.45,131161,161089.27,0,2,0
2979,8712,883272.32,12,11.67,119954,18267.28,0,6,0
2980,2844,647035.14,60,13.67,42427,184709.14,0,11,0
2981,2979,411895.58,36,21.81,73196,421339.86,0,4,0
2982,1045,925343.36,60,13.72,51550,224011.83,0,4,0
2983,6177,972168.18,24,11.42,77755,409117.28,0,2,0
2984,6086,747175.36,60,13.87,137548,125812.41,0,9,0
2985,74,220813.97,12,13.12,72267,122623.35,0,9,1
2986,2809,309757.12,24,16.13,59689,132619.47,0,8,1
2987,8118,789808.35,60,22.4,37689,369443.87,0,3,1
2988,4814,251217.12,36,19.14,79719,272716.15,0,10,1
2989,2434,302769.29,24,21.6,26812,354805.59,0,0,0
2990,7073,118846.92,48,12.82,103687,188807.61,0,10,0
2991,231,634731.71,24,8.47,35281,223832.7,0,8,1
2992,9488,431547.56,24,13.79,50041,237302.97,0,9,1
2993,7986,264049.49,12,19.31,51644,247966.13,0,9,1
2994,1581,552908.11,60,12.41,74618,145312.61,0,3,1
2995,2339,566234.13,24,12.42,67606,340815.62,0,3,1
2996,5405,228249.38,24,9.49,111083,269812.77,0,3,0
2997,7725,74720.95,24,11.33,92473,315055.06,1,5,0
2998,4348,882954.05,60,19.73,78688,50615.45,0,8,1
2999,8797,199438.35,36,16.12,122138,61947.1,0,1,0
3000,6141,854739.71,60,9.07,45105,199218.5,0,4,0
3001,5229,495955.81,36,23.96,69840,308206.44,1,3,1
3002,5666,660965.84,24,17.08,147363,143932.93,1,0,1
3003,9066,453524.12,60,10.49,59694,59062.25,0,10,1
3004,1429,713909.23,60,8.78,100511,363599.89,0,4,1
3005,3345,306814.51,60,16.92,143183,395307.19,0,2,0
3006,6710,261473.27,24,12.05,120841,322633.8,0,7,0
3007,1302,453564.25,24,12.01,60565,166861.6,0,1,0
3008,1035,483634.39,36,15.92,105984,293676.32,0,0,0
3009,838,255793.54,36,15.43,135677,155364.51,0,1,0
3010,7788,883032.24,60,13.76,64064,405845.12,0,9,1
3011,4105,374739.16,48,20.95,123129,484369.32,0,6,1
3012,4846,870943.62,12,14.4,118873,68369.85,1,6,0
3013,5071,465871.26,24,15.17,132625,379536.48,0,4,1
3014,1787,392481.36,12,18.05,116629,1236.77,0,9,0
3015,847,856042.04,12,19.44,106899,218152.83,0,8,1
3016,3330,260137.1,12,13.95,104410,374056.04,1,5,1
3017,8189,122073.33,36,16.33,117612,360031.24,0,5,0
3018,2213,277798.81,24,16.03,97887,467267.13,0,2,0
3019,9734,65923.72,48,22.06,116065,452349.27,0,1,0
3020,2777,472766.62,48,14.68,114391,246814.82,0,8,1
3021,2828,683846.51,48,15.37,92646,413601.4,0,4,0
3022,9006,392154.43,60,17.21,51298,497563.94,0,7,0
3023,9633,968045.57,24,18.64,85904,290889.05,0,11,0
3024,7145,125267.61,36,8.02,121046,328152.43,0,0,0
3025,211,223768.06,36,18.43,105300,40332.23,1,11,1
3026,6232,334911.69,60,10.44,64262,492132.23,0,9,1
3027,3166,266868.38,36,23.61,35922,457746.46,1,5,0
3028,2799,272775.49,24,13.73,48112,235012.19,0,0,0
3029,9341,209593.48,60,15.71,33475,236068.7,0,10,1
3030,8352,568163.58,48,9.09,91006,290294.55,0,1,0
3031,2654,736988.89,12,21.95,38123,363969.12,0,3,1
3032,5777,523135.02,48,11.96,63411,361719.97,0,0,0
3033,2196,602618.99,12,12.9,136904,322924.19,0,3,0
3034,1843,356840.83,24,17.93,69312,143794.29,0,8,0
3035,7413,347670.63,24,8.12,109147,271794.17,0,1,0
3036,7700,870448.23,24,23.85,54366,276874.47,1,7,0
3037,8196,552830.47,36,16.12,46706,242797.34,0,10,1
3038,182,360778.23,24,21.35,64536,34321.87,0,9,0
3039,2995,782324.34,60,22.51,146535,442553.2,0,10,1
3040,7691,526022.93,36,8.01,20767,161383.46,0,2,0
3041,5738,110733.29,36,14.85,85025,315188.25,1,0,0
3042,4840,328874.24,36,22.24,63198,314604.48,0,8,0
3043,8956,960014.91,36,19.08,104808,62507.36,0,4,0
3044,6482,551015.32,48,19.83,107968,448126.24,0,7,0
3045,8977,835320.86,24,16.82,44347,180903.72,0,6,0
3046,8993,257683.64,48,23.62,102947,34273.1,0,0,0
3047,9703,824078.58,60,9.65,111742,455211.0,0,4,1
3048,9079,815472.32,60,21.92,140942,108057.26,1,8,1
3049,1521,301065.35,48,18.84,33233,367826.63,0,0,0
3050,2589,653869.04,60,16.76,82462,478130.94,0,9,1
3051,3135,379381.33,48,18.7,65075,114238.19,1,5,0
3052,489,427106.0,36,20.55,47225,351869.07,0,6,1
3053,7696,790477.1,36,10.96,80493,140445.9,0,4,1
3054,6314,627792.46,12,11.53,80969,409394.44,0,8,0
3055,7109,205715.71,36,11.92,142362,425215.91,0,0,0
3056,287,766148.38,48,13.55,123926,261670.72,0,1,0
3057,7563,352481.67,60,17.06,29921,267527.02,0,1,0
3058,2178,919437.7,48,22.58,93656,275264.98,0,8,0
3059,3022,298214.91,36,12.07,78499,413410.09,0,0,0
3060,9763,919419.84,12,16.85,106032,60990.53,0,8,1
3061,4805,315565.9,48,23.63,144355,194209.61,0,10,1
3062,7292,816543.72,48,18.83,107782,115328.55,0,7,0
3063,7376,289494.28,36,14.86,125138,388624.39,1,9,1
3064,2769,981224.22,24,9.19,37539,303619.71,0,4,1
3065,1137,895663.01,36,13.18,20265,243463.96,0,9,1
3066,7561,199781.92,36,13.14,45115,223166.05,0,6,0
3067,3039,619228.62,12,18.78,126313,418163.59,0,10,1
3068,5688,291018.97,60,10.74,127554,95434.89,0,6,0
3069,2038,315835.25,24,15.89,57720,201846.69,0,1,0
3070,1659,780714.54,24,14.39,55781,295597.4,1,8,1
3071,674,116545.93,60,10.24,82005,89460.85,0,4,0
3072,897,669219.93,60,22.22,50958,217680.84,0,5,0
3073,3089,553216.45,36,17.94,144941,337823.38,0,0,0
3074,9080,815798.69,60,18.78,141047,220046.46,0,3,0
3075,354,111358.74,24,14.32,146685,52274.5,1,4,1
3076,2608,353210.76,12,21.4,127267,297890.89,0,4,0
3077,8049,235352.68,48,22.82,85880,79125.63,0,11,1
3078,71,638443.07,60,8.4,111116,154821.59,0,7,1
3079,9385,714791.37,60,15.2,83266,27133.69,0,1,0
3080,4443,55732.51,24,18.74,140870,249458.59,0,3,0
3081,6461,607631.88,36,21.39,49404,212970.24,1,9,1
3082,7858,417713.41,12,20.61,83175,385180.67,0,0,0
3083,9430,796482.74,24,23.69,137456,403023.1,0,11,1
3084,8628,615807.01,12,20.13,44182,444311.48,0,7,0
3085,1886,570154.42,60,10.0,148497,64399.82,0,2,0
3086,4986,749956.39,48,10.55,76418,147539.51,0,4,1
3087,5409,689821.24,12,23.23,44348,315565.5,0,3,0
3088,9801,580739.9,48,8.39,143953,472761.53,0,1,0
3089,7546,476229.24,24,14.03,22186,235127.76,0,1,0
3090,1350,735311.95,12,14.9,28391,252542.75,0,3,0
3091,4735,857837.61,24,12.15,142203,206201.84,0,4,0
3092,5551,373954.74,60,19.68,120980,146745.06,0,2,1
3093,8000,938153.31,60,21.33,148292,139058.84,0,3,0
3094,7058,869261.9,12,23.3,113289,149169.6,0,5,0
3095,8556,487339.54,48,23.47,98946,200372.73,0,10,0
3096,6498,74080.84,24,14.27,99257,234854.79,0,4,0
3097,1316,946548.95,24,23.13,46099,32416.62,0,0,0
3098,922,486510.98,36,15.77,75288,376895.29,0,7,1
3099,4653,549639.4,24,21.33,117333,50428.76,0,1,0
3100,5061,807303.8,12,20.6,104250,300057.14,0,0,0
3101,1101,255654.39,36,11.59,131464,318277.26,0,10,1
3102,1815,235227.09,24,17.13,47982,22193.61,0,4,1
3103,6719,769399.37,24,23.54,120371,175139.82,1,3,1
3104,6821,352926.17,12,16.43,29289,374388.95,0,2,0
3105,9600,641824.15,24,16.36,124324,152569.53,0,8,0
3106,6426,504101.78,12,18.03,79290,446789.67,0,7,1
3107,682,189754.71,36,22.86,129849,475899.26,0,4,0
3108,9128,964142.54,24,14.21,28959,453268.23,0,9,0
3109,1973,400091.47,36,8.61,137902,300112.02,0,9,0
3110,8182,356032.41,60,10.89,141624,77843.7,0,10,1
3111,3953,927282.98,24,23.36,35595,246401.38,0,9,0
3112,232,238995.34,36,12.18,128561,495670.65,0,7,0
3113,6734,63950.51,48,19.9,97462,34623.98,1,4,1
3114,5370,410082.55,48,14.14,84501,184670.73,0,2,0
3115,190,820279.12,12,8.6,85394,127661.74,0,8,0
3116,981,75892.22,48,13.29,127236,466945.66,0,9,1
3117,3836,845759.57,36,14.61,34072,224697.58,1,7,1
3118,7980,264587.38,24,11.71,28749,3762.89,0,9,1
3119,7679,727725.99,12,23.51,143253,279076.05,0,11,0
3120,164,483181.06,12,23.85,133694,169807.7,0,11,1
3121,7428,154786.81,60,12.42,100822,363976.97,0,4,1
3122,9877,477713.97,12,23.35,132192,69754.37,0,6,1
3123,2037,279731.88,60,22.72,95802,370092.62,0,10,1
3124,2089,324917.57,48,23.18,33966,187434.14,0,4,0
3125,1530,807694.45,48,19.78,149402,496516.92,0,10,1
3126,7536,864843.07,48,15.82,94048,240341.94,0,11,1
3127,313,592564.69,12,14.58,68013,172087.78,0,0,0
3128,7874,880152.79,36,8.46,69983,169355.46,0,2,0
3129,8742,699425.08,60,11.43,21893,27186.12,1,10,1
3130,9298,303125.68,60,19.83,131328,496830.09,1,6,0
3131,5170,861392.9,12,9.81,23245,355861.18,0,9,0
3132,1243,162087.64,36,8.21,80161,416024.54,0,1,1
3133,252,467625.03,12,20.66,59408,270653.27,0,9,0
3134,5825,445976.9,60,14.27,29977,468505.65,0,8,1
3135,5697,553006.83,36,14.33,99907,241501.09,0,3,0
3136,6700,758838.05,48,12.35,77384,142861.07,0,2,0
3137,1676,167754.25,48,21.44,79283,380303.37,1,3,0
3138,4197,729642.98,48,21.08,133151,356104.45,1,4,0
3139,6453,488690.2,24,16.09,129690,407490.64,0,5,0
3140,701,305358.64,24,17.4,133659,455222.36,0,3,0
3141,3370,818260.74,48,11.93,123826,97499.87,0,6,0
3142,6318,524242.48,60,10.31,36815,165352.11,0,3,0
3143,4305,806717.98,36,13.32,91690,190322.83,0,11,0
3144,3577,298238.31,60,20.43,99421,123843.44,0,5,0
3145,144,850132.12,24,22.28,107157,451998.71,0,10,0
3146,7016,166390.59,36,14.67,26845,239574.07,0,4,0
3147,2814,996544.92,36,22.36,24976,444932.37,0,8,1
3148,8301,766795.65,12,12.71,106336,251506.51,0,1,0
3149,8006,676581.16,48,14.09,61614,237196.54,0,8,0
3150,6678,374277.48,60,13.09,90145,167664.3,1,8,1
3151,9176,667309.74,36,11.87,117345,243080.38,1,8,1
3152,1827,906288.58,36,14.42,110821,139980.79,0,10,1
3153,8297,266827.93,12,13.4,111194,284302.43,0,8,1
3154,8391,414281.99,48,11.45,20543,79138.47,0,0,0
3155,7413,162043.33,48,16.46,68904,406902.96,1,7,0
3156,1823,645479.15,24,18.46,54961,89067.74,0,8,1
3157,1153,431488.59,60,19.81,88804,247435.55,0,5,1
3158,6804,828546.19,60,20.65,84253,120864.41,1,7,1
3159,1365,165676.83,12,16.12,34582,438363.28,0,6,0
3160,6345,180092.29,12,13.82,83061,126322.54,0,9,1
3161,8944,356331.53,12,12.21,139687,433577.62,0,11,0
3162,4488,354156.62,48,14.75,140622,28615.81,0,9,0
3163,2658,717022.16,36,12.83,149997,56579.54,0,0,0
3164,2022,415136.35,36,16.79,82778,20437.87,0,0,0
3165,1296,573604.81,36,8.19,83554,78787.99,0,11,0
3166,4791,575160.49,60,15.58,99348,266578.06,0,8,0
3167,1050,272401.51,36,19.84,133560,295303.6,0,3,1
3168,3157,927282.03,60,12.47,24528,60952.03,0,6,1
3169,7781,250783.15,24,21.94,104470,92712.37,0,10,0
3170,9037,701132.41,24,10.91,60024,307374.3,0,7,0
3171,4526,488843.17,36,20.64,77326,95666.69,0,1,0
3172,1334,572421.94,24,19.86,107157,379690.46,1,7,0
3173,253,712039.99,12,14.31,92494,458354.37,0,5,1
3174,822,960987.6,24,8.03,99236,265346.68,0,1,1
3175,8917,51221.22,12,9.53,119228,424708.97,0,9,1
3176,2382,734310.71,24,16.81,28982,42119.27,0,9,0
3177,3273,200509.08,36,22.85,73472,452787.99,1,5,1
3178,5806,786334.96,36,15.11,93612,30911.12,0,8,1
3179,7515,893941.08,12,20.19,119683,5777.17,0,3,0
3180,8321,559978.4,24,10.52,122858,452162.25,0,10,1
3181,1068,494843.69,12,20.79,57295,84320.0,0,6,0
3182,5764,94828.15,12,12.21,46192,400527.7,0,6,0
3183,543,854727.5,48,9.99,90816,232284.1,0,5,1
3184,4879,919902.38,48,15.53,33674,193089.93,0,8,0
3185,5633,732427.63,12,16.08,81100,481533.32,0,2,1
3186,5832,279388.31,60,17.46,141306,373370.33,0,5,0
3187,4079,280965.01,36,15.54,36120,403897.78,0,7,0
3188,6907,901350.32,36,14.75,25444,138367.84,0,8,0
3189,8475,99125.02,36,18.2,23809,37005.35,0,6,0
3190,922,129004.95,36,19.62,140836,147850.77,0,7,0
3191,5442,632825.04,48,14.56,71004,433773.12,0,6,0
3192,1037,528262.92,48,21.17,94575,414084.33,0,4,1
3193,990,82620.19,12,13.83,94246,410811.27,1,2,1
3194,6855,895980.12,60,22.34,26192,237216.98,0,7,0
3195,6743,346246.75,12,11.06,34080,139994.28,0,5,0
3196,5032,302235.23,60,17.34,116153,75739.93,0,3,0
3197,7376,893728.79,24,22.71,104493,52398.78,0,7,0
3198,6743,649168.02,60,11.49,114376,203458.68,0,9,1
3199,8281,431266.95,60,23.77,100996,342265.23,0,4,1
3200,7303,447760.58,36,20.9,118417,459317.42,0,11,0
3201,6951,525121.92,60,14.48,97735,184274.64,0,10,1
3202,4825,496104.15,60,15.84,39012,433955.65,0,6,0
3203,237,125142.12,60,9.45,29774,422336.09,0,4,1
3204,2596,942891.57,36,15.17,79428,364679.26,1,1,1
3205,7886,220796.28,36,23.84,72884,302804.67,0,11,1
3206,5842,121409.83,12,23.89,92225,25749.18,0,9,1
3207,5252,125397.22,48,10.63,25728,241344.61,0,3,1
3208,8654,644506.18,36,8.24,148439,406034.61,0,7,1
3209,6367,886258.04,48,10.28,140534,441780.44,0,8,0
3210,7702,693831.95,36,17.01,88082,216855.35,0,8,1
3211,2692,384564.27,12,22.58,95653,285884.16,0,6,1
3212,6678,556332.74,60,8.36,27328,432686.46,0,10,1
3213,3774,301056.98,24,13.51,120748,234162.98,0,0,0
3214,6097,152136.05,36,23.91,64458,301023.89,0,6,1
3215,6025,135970.37,12,16.69,40950,424312.73,1,9,0
3216,8433,703771.7,24,15.98,132628,395558.8,0,5,1
3217,1518,450698.95,24,9.1,86786,43919.36,1,0,0
3218,699,646565.3,60,13.85,74505,38890.69,0,3,0
3219,2062,690894.43,60,15.2,98198,207829.58,0,4,1
3220,9516,959483.33,60,16.03,113985,426319.44,0,5,0
3221,5270,389183.43,36,22.36,73012,461255.07,0,8,0
3222,9244,238656.43,60,22.52,105946,474363.8,0,3,0
3223,5295,172773.79,12,14.75,102115,494386.47,0,5,0
3224,4164,67817.68,60,8.42,122741,252731.88,0,9,1
3225,3944,194899.19,36,21.88,46612,458969.84,0,3,0
3226,6033,707042.77,36,17.09,50135,363535.18,0,2,0
3227,9840,457725.38,48,10.76,101233,222382.74,0,9,0
3228,7650,881103.91,24,17.8,114388,464366.79,1,6,0
3229,9065,62383.48,60,17.21,62234,203383.63,0,5,1
3230,4448,934388.41,24,13.74,64038,146572.74,0,1,0
3231,4127,99020.71,36,8.96,54897,343319.09,0,1,0
3232,5134,982140.55,12,8.4,114942,62150.06,0,6,1
3233,109,148864.92,60,19.05,84579,471489.12,0,7,0
3234,5581,246661.05,24,9.55,121192,384404.03,0,9,0
3235,7783,737362.3,48,22.61,80854,281923.09,0,1,1
3236,963,418270.97,36,10.35,79700,47388.47,0,11,0
3237,533,937654.27,12,16.8,52110,117392.1,0,10,1
3238,2482,156936.24,24,20.39,121371,251901.03,0,5,0
3239,5247,747429.82,12,21.72,119295,250304.16,0,5,0
3240,1092,565640.97,36,22.19,103450,236159.62,0,11,1
3241,6156,865212.95,12,16.88,123878,167367.76,0,3,0
3242,1072,156759.05,12,11.82,81931,355849.64,0,10,0
3243,7784,908248.0,48,11.25,146823,470282.37,0,9,1
3244,6127,84007.31,24,15.17,147294,271866.86,0,10,1
3245,6287,888108.33,24,18.07,58097,413844.04,0,7,0
3246,4880,957449.74,24,21.79,146239,308607.43,1,0,1
3247,7271,142188.14,24,16.06,21997,15471.12,0,9,0
3248,3950,395003.46,24,19.22,83129,70026.08,0,0,0
3249,6472,870422.2,36,19.04,86099,439388.6,0,9,1
3250,8370,378191.52,36,9.89,50252,237965.28,1,10,1
3251,3881,275661.74,48,21.04,145552,387625.35,1,8,1
3252,6148,232202.09,12,14.88,110881,417525.68,0,11,1
3253,89,652552.56,36,8.91,134849,271721.33,0,8,1
3254,4338,212582.41,48,17.11,81545,1017.8,0,11,1
3255,9540,183982.61,36,22.51,103538,348166.69,0,7,0
3256,5935,197708.92,48,20.15,140169,481517.19,0,0,0
3257,4090,683988.84,24,9.92,81473,268640.97,1,6,1
3258,4570,833506.08,12,20.8,91027,417917.58,0,2,0
3259,5125,860657.78,60,8.73,125061,166317.69,0,5,0
3260,3036,776087.75,36,17.2,107909,67236.76,0,3,0
3261,5572,370088.83,12,9.84,70783,139226.22,0,6,1
3262,4833,104798.83,60,17.64,70455,218552.06,0,5,0
3263,9197,687412.1,48,10.45,26424,412451.2,0,9,1
3264,4635,835153.21,12,22.3,75664,312708.92,0,8,0
3265,6723,764047.72,36,18.43,84856,95728.53,1,2,0
3266,6750,859267.3,36,15.03,101446,122156.4,0,2,0
3267,8741,626604.52,36,22.52,102652,393246.51,0,0,1
3268,6091,834717.47,24,10.77,121408,332281.71,0,0,1
3269,4343,591010.72,36,22.05,83957,92936.15,0,7,0
3270,5250,66669.58,36,9.81,136762,313035.6,0,0,1
3271,6181,273637.18,36,20.36,43921,460778.42,0,11,1
3272,8696,542509.21,36,10.28,43322,283216.64,0,0,0
3273,2399,170263.49,36,10.46,46337,43147.64,0,7,1
3274,6860,637270.32,48,21.79,142332,367516.66,0,10,1
3275,4808,85218.53,36,15.16,120467,467642.06,0,6,1
3276,460,452624.76,24,12.07,144147,278799.68,0,11,0
3277,7344,729449.4,36,18.54,142426,282348.21,0,3,0
3278,5425,207192.93,48,21.79,85832,454159.0,0,4,1
3279,7855,599371.37,24,14.65,56817,140854.43,0,0,0
3280,971,528399.5,48,12.57,116265,172899.52,0,6,0
3281,7044,755302.89,60,12.42,117380,174256.61,0,8,0
3282,9934,839198.38,12,18.92,55766,150009.32,0,6,1
3283,3587,462417.72,60,19.31,37599,68304.68,0,5,1
3284,4260,991477.0,60,22.61,68621,308370.32,0,1,0
3285,7586,167993.51,24,8.34,74832,232021.75,0,8,0
3286,2868,921943.43,12,10.19,82372,175505.51,0,3,0
3287,2132,504123.96,12,17.43,24725,396855.98,0,11,0
3288,1511,876002.58,60,12.7,113380,446126.15,1,1,0
3289,31,787602.61,12,15.2,122735,146512.84,0,11,1
3290,5207,531898.18,60,22.83,148371,108294.54,0,8,0
3291,4522,617760.37,12,9.55,118745,173951.04,0,8,0
3292,3504,315293.47,48,18.37,117956,320134.54,0,5,1
3293,7736,596973.29,48,20.87,102780,64235.97,0,7,1
3294,4370,508810.39,60,9.93,147596,116810.28,0,4,1
3295,9614,288204.81,36,18.35,135708,47136.1,0,3,1
3296,3293,287811.72,60,21.31,118203,431172.29,0,9,0
3297,8389,280655.68,48,11.31,93505,393116.31,0,0,1
3298,6842,691144.78,24,10.16,74106,169632.98,0,3,1
3299,7634,458509.71,36,9.04,105233,420234.16,0,2,0
3300,5702,823347.1,12,19.66,82439,20372.81,0,0,0
3301,485,662708.01,24,14.62,128733,251957.7,0,10,1
3302,952,476668.49,24,15.99,140800,239361.76,0,4,0
3303,1717,673552.48,12,9.58,136163,122078.05,0,9,1
3304,6007,839091.06,60,9.85,34451,238387.88,0,3,0
3305,1273,898271.32,48,18.78,95026,165422.43,0,11,0
3306,3900,419354.6,36,14.6,121423,244835.33,0,1,0
3307,5152,630036.47,48,21.45,118544,62315.25,0,9,0
3308,1839,439002.95,36,20.59,121041,222822.63,0,5,0
3309,5849,813895.43,48,20.57,125777,357675.14,0,2,0
3310,9849,58644.53,48,21.77,38325,456402.87,0,4,0
3311,3687,351320.17,60,21.56,67766,341547.53,0,6,1
3312,2109,831065.34,60,16.69,114167,430321.06,1,11,1
3313,4511,507158.49,12,12.6,89563,39506.93,0,5,0
3314,9836,877490.54,24,17.01,48220,309883.36,0,6,1
3315,4481,773267.61,60,11.79,32003,40966.04,0,5,1
3316,3542,676794.19,36,11.07,86559,185134.03,1,2,0
3317,6884,157773.22,36,16.1,89698,442171.79,0,6,0
3318,8161,62711.8,48,17.97,109092,275898.76,0,10,0
3319,5858,479003.29,24,15.22,88509,272880.55,0,9,0
3320,9964,130812.11,48,20.9,92584,134584.01,0,0,0
3321,340,692782.94,24,17.35,99181,156435.64,0,9,0
3322,2784,707727.82,48,23.65,45024,446261.16,0,2,0
3323,7942,819966.57,24,10.72,30720,145885.63,0,11,1
3324,4630,170257.71,60,13.0,103338,99542.66,0,0,0
3325,1932,56595.55,60,9.13,80734,136892.79,1,0,1
3326,7831,139349.8,60,15.99,118678,172494.38,0,2,1
3327,6286,448645.07,60,8.8,123251,354901.69,0,9,0
3328,272,112212.14,12,18.42,116014,451347.65,0,4,0
3329,7790,384633.79,36,11.99,98777,171539.5,0,7,1
3330,1130,514823.15,60,20.08,35777,28526.37,0,3,0
3331,1479,823414.75,60,8.64,106298,243345.06,0,11,0
3332,7936,115494.51,12,13.39,47090,486271.79,0,10,1
3333,5014,967634.27,36,22.9,63682,12878.72,0,0,0
3334,5311,600437.05,48,9.1,27955,247589.74,0,4,0
3335,5884,917846.35,36,22.01,100986,424962.62,0,7,0
3336,7003,797279.73,24,13.29,149415,445836.76,0,11,1
3337,5726,55320.49,48,8.61,58061,318345.99,0,5,1
3338,3688,900440.29,48,22.41,80327,8074.86,0,9,0
3339,21,849543.48,24,14.86,108816,149052.89,1,6,1
3340,6427,988229.84,60,14.95,73993,129079.92,0,2,0
3341,3249,171726.35,36,19.02,105989,326136.86,1,9,0
3342,826,798076.16,24,15.5,103335,482688.98,0,0,0
3343,3556,84033.63,36,20.43,140926,311005.95,0,1,0
3344,9063,815425.63,48,17.08,29339,86150.73,0,4,1
3345,2201,418992.77,48,13.09,69228,237394.53,0,5,0
3346,5709,944422.29,60,18.22,105559,42460.14,0,2,0
3347,3944,280897.46,60,9.4,60597,95891.64,0,11,1
3348,600,604110.31,24,15.87,63351,190310.26,0,4,0
3349,882,308731.38,36,13.45,70527,266839.93,0,10,0
3350,9700,908665.2,60,14.44,129351,56090.55,0,11,1
3351,4194,714752.25,36,18.79,132134,88113.01,1,7,1
3352,634,378995.23,12,10.59,129875,259698.39,0,6,1
3353,204,508113.41,24,8.55,131501,417105.82,0,1,0
3354,6934,991418.1,36,22.0,85588,391673.84,0,3,1
3355,9441,428632.76,60,21.64,30001,192541.41,0,5,0
3356,4818,89843.02,60,22.7,104238,46334.0,0,0,0
3357,6264,969956.19,36,19.35,110906,398548.42,0,11,1
3358,7519,972412.9,48,22.14,84868,237826.12,0,11,1
3359,3788,652833.18,12,13.17,130002,143459.5,1,10,1
3360,6118,540603.55,24,10.4,137696,261222.77,0,7,0
3361,2146,877721.79,36,19.12,93980,289965.86,0,10,1
3362,5391,998215.06,60,13.64,102894,150788.71,0,6,0
3363,2600,992429.34,24,12.37,123994,309974.32,0,4,1
3364,8385,754191.99,36,17.48,79961,6459.62,1,5,1
3365,8885,293482.66,60,10.32,55221,152306.59,0,5,0
3366,2463,630714.3,12,17.48,24297,475039.09,0,10,0
3367,8458,118952.47,36,21.98,149049,406629.18,0,4,0
3368,6050,746367.51,36,19.01,31735,5880.47,0,2,0
3369,9968,176699.49,24,16.16,62428,288688.64,0,3,1
3370,8485,364546.86,24,15.79,33902,399544.83,1,0,0
3371,6282,920687.47,60,13.09,46540,140754.69,0,1,0
3372,7663,624710.15,48,20.15,92508,284851.37,0,0,0
3373,8470,658401.73,12,22.96,113774,384811.42,0,11,1
3374,9126,194888.26,60,15.59,144109,121166.99,0,6,1
3375,7994,754389.35,60,22.13,60137,387728.36,0,3,0
3376,3482,795976.64,24,8.36,107264,362151.01,0,9,1
3377,3147,961188.81,60,11.04,88652,90738.46,0,0,0
3378,1633,640838.54,12,8.83,148889,190647.92,0,10,1
3379,4718,900118.91,36,16.56,65465,389684.68,0,9,0
3380,4953,780802.94,48,13.28,129776,317587.89,0,3,1
3381,6718,420613.97,48,21.48,144687,255590.09,0,0,0
3382,2185,213391.99,36,18.91,145392,194834.32,0,0,0
3383,4818,954016.5,24,17.91,45098,166764.14,0,4,0
3384,4382,958831.62,60,10.01,75544,230313.0,1,8,1
3385,8981,289492.05,48,12.45,133839,208202.12,0,7,0
3386,4637,978393.25,24,19.61,115581,110622.62,0,0,0
3387,2557,590616.62,60,11.23,75435,401065.16,0,10,0
3388,9361,324288.43,48,19.19,99031,488245.24,0,5,1
3389,8801,871946.01,48,22.41,20973,247812.36,1,2,0
3390,64,699416.4,36,21.92,64879,488350.78,0,8,1
3391,3351,497464.32,24,8.49,148054,182722.16,0,7,0
3392,903,510190.11,12,22.09,148463,170358.99,0,6,0
3393,9880,949875.9,48,12.66,137642,451211.23,0,8,1
3394,4968,412761.58,60,14.96,55041,481562.52,0,11,1
3395,6899,403353.39,24,16.49,141730,136015.82,0,5,1
3396,6363,406306.53,48,14.57,73348,463619.81,0,3,0
3397,2180,944379.92,12,18.06,41935,65385.71,0,0,1
3398,8386,639269.22,12,21.36,90047,335873.47,1,11,0
3399,7749,965876.38,48,19.14,127862,442110.44,1,4,1
3400,3903,747108.27,36,11.82,120475,204267.45,0,10,0
3401,4005,832874.09,48,22.7,97200,75863.65,0,1,0
3402,457,548943.06,48,19.11,120463,448464.16,1,7,1
3403,1992,715076.1,60,10.18,149321,386669.1,1,5,1
3404,7299,325461.77,60,19.68,34325,30964.78,0,1,0
3405,8143,123962.04,36,8.55,126763,216096.74,0,10,1
3406,2238,206906.45,60,18.0,141334,362500.65,0,4,0
3407,8481,973947.22,48,22.79,76098,242000.44,0,8,0
3408,4048,114780.29,36,17.2,43410,458294.85,0,7,1
3409,5883,461229.29,60,12.91,38973,19084.08,0,2,0
3410,4608,977144.1,60,23.81,132351,357345.6,0,7,1
3411,2282,429871.01,48,20.94,76449,467852.44,0,0,0
3412,2182,866080.98,36,11.97,27009,123732.66,0,10,1
3413,2556,203609.7,60,9.16,125939,373170.3,0,10,1
3414,689,534281.19,24,23.46,116136,183719.38,0,8,1
3415,6728,412034.95,48,8.56,135624,167876.56,0,0,0
3416,5493,754895.2,24,18.82,123714,261198.14,0,0,0
3417,4987,75297.46,12,23.73,43381,313825.1,0,5,0
3418,2301,780223.19,60,11.92,64445,341493.64,0,0,0
3419,4878,316997.75,24,22.82,24507,240343.31,0,11,0
3420,4168,800875.56,12,14.74,58654,463520.93,1,1,1
3421,8353,391811.28,48,11.77,133539,110379.42,0,4,0
3422,1786,93411.05,24,9.31,23628,422667.55,0,9,1
3423,7197,61573.4,36,17.62,57993,419256.25,0,3,1
3424,9218,901423.33,48,19.13,88912,64437.69,0,10,1
3425,5586,938592.57,48,18.33,143611,184139.48,0,5,0
3426,3822,368832.85,36,17.68,57557,278793.71,0,11,0
3427,9717,449629.55,48,17.94,22657,368330.66,0,3,0
3428,3286,935435.99,12,16.21,46559,448779.1,0,0,0
3429,5484,503360.77,60,11.42,146994,484744.84,0,1,0
3430,7213,694660.04,48,17.69,148864,141849.22,0,8,0
3431,2192,530063.7,24,22.2,86723,347162.16,0,4,1
3432,1011,873160.52,48,8.27,119346,384177.87,0,9,1
3433,3062,953022.68,36,23.72,136629,206400.69,0,2,0
3434,7415,742264.76,24,23.56,50500,120592.72,0,1,0
3435,2863,280296.97,36,12.27,22221,371864.46,0,9,0
3436,6553,189703.97,48,14.79,97310,202712.15,0,3,0
3437,2789,78986.78,12,17.04,52799,95025.94,0,4,0
3438,4409,696840.41,24,21.53,44366,9483.34,0,1,1
3439,2214,789697.66,48,8.98,108854,189303.26,0,11,0
3440,4224,663474.85,48,11.63,61436,98589.71,0,0,0
3441,6210,152626.0,36,18.56,113364,324460.62,0,9,1
3442,2041,167570.27,48,8.99,142781,382594.13,0,6,1
3443,2436,634577.5,12,22.28,109485,97657.61,0,7,1
3444,8666,672999.6,24,22.18,105850,482499.91,0,3,0
3445,5195,280817.6,48,9.58,27062,96122.8,1,0,0
3446,6388,431017.41,36,14.65,61536,154664.57,0,2,0
3447,1873,936674.56,12,16.16,94530,198130.78,0,3,0
3448,2560,114802.2,60,18.38,70938,358734.83,0,0,0
3449,7019,261240.94,12,16.67,148686,420650.3,0,7,0
3450,9487,832273.47,48,8.02,68159,284639.35,0,8,0
3451,8908,701672.31,48,10.07,125251,41270.19,1,11,1
3452,4288,557620.0,24,21.32,140460,452355.51,0,3,0
3453,8209,611678.18,48,20.61,25752,134507.95,0,0,0
3454,5520,194970.72,12,8.27,32211,325827.6,0,2,1
3455,7120,667480.13,60,8.24,84176,413133.72,0,1,1
3456,8451,425144.41,12,21.62,66492,431805.17,0,4,0
3457,4600,996591.73,48,13.78,20527,91969.4,0,0,0
3458,3245,75574.28,48,14.51,33331,1589.52,0,3,1
3459,9022,952105.6,60,23.11,30745,472227.29,0,9,1
3460,2396,272658.14,60,22.35,28552,173384.92,0,9,1
3461,6520,368143.39,24,14.25,110480,293006.41,1,5,0
3462,8585,107370.22,60,20.78,89734,401685.81,0,10,1
3463,2431,653771.26,36,15.26,148167,151605.17,0,2,0
3464,1780,593905.91,48,14.88,88903,494655.79,0,4,0
3465,972,803483.14,24,8.31,78276,35611.48,0,9,1
3466,2873,513600.8,12,20.7,107672,188660.95,0,3,0
3467,5869,689186.24,24,20.92,108602,115506.49,0,3,0
3468,8703,954539.02,48,20.23,55295,73861.26,0,11,1
3469,3683,441468.14,48,23.44,94186,174432.05,0,7,1
3470,445,500091.97,60,8.77,20339,195161.42,0,3,0
3471,5393,529392.66,60,23.47,76662,424379.64,0,0,0
3472,4721,561246.09,36,21.74,120961,343411.49,0,0,0
3473,1082,288044.28,36,9.88,102707,375492.41,0,5,1
3474,9007,269047.73,48,8.67,42150,324489.54,0,1,0
3475,4806,418468.01,48,8.33,132774,339466.22,1,8,1
3476,7922,869270.36,36,9.87,84721,121218.27,0,3,0
3477,5614,828920.09,36,21.11,50311,364883.0,0,0,0
3478,6124,90247.66,60,13.93,74543,293358.18,0,1,0
3479,4820,816724.02,24,17.94,72378,386141.88,0,9,0
3480,6008,329950.3,60,14.3,144106,187845.03,0,6,1
3481,5223,96688.9,36,17.15,94844,164799.89,1,9,1
3482,9207,424277.4,12,12.45,65287,78336.65,0,0,0
3483,1764,142041.5,36,22.37,111778,282725.8,0,2,0
3484,4999,278495.65,12,17.9,82570,162556.23,0,9,1
3485,3842,760919.69,60,15.45,53221,358422.23,0,10,1
3486,4770,100092.36,60,12.43,99216,410930.71,0,0,0
3487,5681,470767.15,60,12.75,68404,394448.33,0,1,0
3488,1937,240123.29,48,19.14,21337,307098.26,0,10,0
3489,6348,457798.71,48,14.56,93760,71799.22,0,1,0
3490,8266,884166.99,60,17.04,100541,224814.14,1,8,1
3491,7340,820778.1,24,23.8,127600,415004.62,0,2,0
3492,2481,440450.89,48,13.06,58631,320130.01,0,6,0
3493,69,197915.24,24,14.55,63899,318081.42,0,8,1
3494,4262,961666.47,48,13.15,59908,371755.56,0,3,1
3495,754,514207.96,36,9.44,117043,64451.62,0,5,0
3496,9149,189805.26,60,23.04,67482,335697.9,0,0,0
3497,3275,285229.93,48,20.0,56983,134990.3,0,6,0
3498,2132,837412.72,36,17.81,86194,295892.45,0,10,1
3499,5363,253125.21,24,8.38,68997,299781.57,0,3,0
3500,9504,139382.97,48,21.33,34925,90562.92,0,7,0
3501,9784,340961.35,24,9.15,26838,336077.64,0,3,0
3502,6807,756251.77,60,10.06,130209,354766.07,0,5,1
3503,1858,424220.69,48,9.4,96230,207835.64,0,2,0
3504,3693,229686.95,60,10.34,73165,288601.07,0,0,0
3505,481,904002.68,12,18.2,94954,183899.46,0,10,1
3506,3205,550752.11,60,9.3,103008,426379.29,0,9,0
3507,8087,959120.92,24,18.16,77350,323489.68,0,8,0
3508,6809,948138.97,24,20.43,61179,271646.64,0,2,0
3509,4120,628048.47,60,15.33,98078,471660.74,0,11,0
3510,1331,481215.5,48,18.22,46912,381954.73,0,8,1
3511,7198,444034.04,48,13.66,120814,152056.92,0,1,0
3512,4836,459325.46,24,19.96,22824,74482.3,0,3,0
3513,7581,79861.54,24,23.79,144892,16582.95,0,0,0
3514,2806,698464.05,36,13.44,24685,279377.81,0,1,0
3515,4158,347282.79,48,17.75,105081,118219.71,0,1,0
3516,1623,366058.72,36,23.55,143581,427888.98,1,1,1
3517,5149,795417.7,24,8.51,91572,2955.21,0,10,1
3518,8869,981104.76,24,12.47,114775,79478.37,1,9,1
3519,2394,156528.51,36,10.57,74173,184788.28,0,1,0
3520,3565,253054.58,48,17.74,103558,343166.94,0,0,0
3521,2648,133328.99,48,10.84,148884,272766.88,0,3,0
3522,6696,800845.29,24,13.02,86834,166107.33,0,6,1
3523,9399,737377.31,12,14.94,94914,119027.63,0,8,1
3524,506,656698.72,12,8.86,23100,114822.87,0,6,1
3525,6811,232217.68,24,12.75,29249,413047.46,0,2,0
3526,2507,566408.37,12,11.61,92604,153085.1,0,3,0
3527,1017,619393.55,24,14.88,30565,452888.69,0,4,0
3528,1755,952528.61,48,23.97,94056,12960.28,0,11,0
3529,3191,691556.24,48,23.97,71385,19872.67,0,7,0
3530,9494,873323.99,12,10.93,137751,498465.19,0,1,0
3531,1857,845917.2,12,19.46,86544,307843.37,0,10,1
3532,5798,766439.95,48,22.27,22759,479721.07,0,0,0
3533,731,398797.64,60,16.32,116015,90723.43,0,5,1
3534,7695,884229.03,60,19.84,146177,439281.83,0,4,0
3535,7517,769865.67,36,14.64,20773,331190.21,0,0,0
3536,7390,742193.25,36,17.58,96649,103285.04,0,9,1
3537,8727,181206.41,12,15.38,140778,388746.03,0,1,0
3538,5722,930795.56,36,12.84,69063,196928.33,0,11,1
3539,9637,52018.89,60,10.35,102228,257420.09,0,10,0
3540,947,344138.72,24,12.67,136592,456924.82,0,7,1
3541,3666,693394.15,24,22.09,30865,185251.01,0,11,1
3542,591,192128.28,60,22.42,119072,266953.33,0,10,1
3543,5480,784127.46,24,21.78,46558,142366.27,0,9,1
3544,7062,186552.86,36,12.67,78295,228814.38,0,0,0
3545,1858,51442.14,12,22.3,142480,114729.71,1,8,1
3546,1909,76998.48,60,10.55,41232,330173.49,0,8,1
3547,3639,254889.15,48,21.73,121125,233579.59,0,3,1
3548,4931,567622.41,48,12.4,129557,377035.26,0,7,1
3549,3354,121895.87,12,18.45,59989,434213.69,1,7,1
3550,5213,391498.21,24,20.03,97474,308879.83,0,1,0
3551,122,231027.46,48,9.24,56823,71391.45,0,5,0
3552,9181,885515.0,48,12.63,132912,201639.91,0,8,0
3553,9367,304158.98,60,18.05,120115,113892.95,0,1,0
3554,1575,669459.23,24,17.61,80504,452949.43,0,3,0
3555,1431,747240.21,24,22.19,98969,238208.68,0,4,0
3556,2908,181001.87,12,18.39,131034,177701.81,0,5,1
3557,6768,165392.91,60,11.27,147958,439175.53,0,1,1
3558,9827,913558.09,12,20.51,107698,233409.2,1,7,0
3559,5826,200131.24,36,23.33,83116,160380.71,0,1,0
3560,6300,573395.08,12,18.41,135341,493153.84,0,7,1
3561,3900,623636.07,36,15.45,44520,116072.76,0,10,0
3562,4547,353722.39,24,20.94,59453,200194.02,0,3,1
3563,510,507921.37,12,15.31,47210,351648.83,1,6,1
3564,513,338485.56,60,10.42,83365,165580.69,0,4,0
3565,933,835653.62,48,9.31,82634,253329.83,0,6,1
3566,4858,195054.48,60,14.36,112547,10926.35,0,1,0
3567,6215,337823.17,48,19.37,124020,111033.49,0,4,0
3568,6350,531273.82,48,19.12,78513,411813.26,0,3,0
3569,2106,335020.97,12,16.51,119217,50685.54,0,6,0
3570,528,868970.03,60,15.0,87660,287308.72,0,10,1
3571,3164,900372.05,24,18.58,137509,107565.14,0,11,0
3572,5696,815282.1,60,23.36,32436,216132.89,0,5,0
3573,412,891200.72,48,12.62,127969,362948.56,0,3,0
3574,2118,458670.0,24,16.97,129844,224172.92,0,11,0
3575,6034,562385.74,24,21.52,117419,248304.67,0,8,0
3576,4690,652678.79,36,12.15,147227,487104.48,0,1,0
3577,9387,792405.63,36,12.15,107463,89781.54,0,3,0
3578,5327,381667.39,36,22.11,73009,313121.46,0,0,0
3579,910,108512.42,48,23.39,88288,102914.01,0,8,1
3580,4750,875815.39,36,18.96,25198,425715.93,1,8,1
3581,1043,783732.35,24,18.31,32630,349819.84,0,0,0
3582,9054,521939.97,12,16.42,51384,392289.09,0,9,1
3583,275,129071.19,60,20.5,148531,374362.81,0,5,0
3584,4992,462737.91,36,23.45,111726,136527.75,0,4,0
3585,3239,100589.57,60,14.13,110733,360102.26,0,2,0
3586,2214,564126.54,48,12.67,48674,227993.9,1,0,0
3587,32,121355.87,24,23.57,22602,193230.17,1,8,0
3588,3086,755560.36,48,16.1,52126,180697.65,0,4,0
3589,3938,164649.03,12,10.79,27870,346100.93,0,4,0
3590,8855,396674.75,48,22.1,52953,278712.24,0,3,1
3591,8019,337814.43,36,9.67,40272,214415.54,0,3,1
3592,2649,250929.97,24,16.29,135953,415520.79,1,6,1
3593,7126,950313.89,12,20.14,131592,359931.64,0,8,0
3594,4043,767418.75,36,22.07,124447,55706.85,0,6,0
3595,5938,763001.48,60,9.31,91931,163533.57,1,10,1
3596,3423,421879.99,60,18.85,87526,388327.62,0,0,0
3597,7877,742764.33,36,20.93,118090,325666.34,0,9,0
3598,7542,516109.89,36,17.98,125856,213588.53,0,9,0
3599,6508,491229.91,60,12.1,129260,230584.15,0,4,0
3600,3011,826466.68,12,18.89,100140,288428.94,0,0,0
3601,7608,379651.82,24,22.49,59798,63602.73,0,5,1
3602,8335,135615.06,60,22.86,106159,95219.87,1,1,0
3603,7481,96726.28,60,19.39,111619,65146.89,0,7,1
3604,8863,853154.52,24,11.63,130013,47545.72,0,7,1
3605,581,807989.18,24,11.53,118609,341031.06,1,11,1
3606,2062,576397.6,36,13.83,52997,101434.2,0,10,0
3607,851,377986.4,48,11.03,96345,71497.44,0,6,0
3608,106,273560.16,24,11.76,23802,374509.2,0,3,0
3609,4330,838071.73,24,11.54,59765,258547.48,0,0,0
3610,128,159632.69,48,9.62,31324,222051.61,0,0,0
3611,1272,856757.47,48,16.46,113959,177721.52,0,3,1
3612,502,337545.98,48,12.45,47407,296991.7,0,0,0
3613,6789,258745.09,36,23.91,131455,415835.47,0,1,0
3614,1048,932564.8,12,14.71,25564,197926.43,0,2,0
3615,9614,423910.11,60,18.17,51119,4063.37,0,10,1
3616,4050,956634.22,60,23.2,27716,443382.05,0,6,0
3617,9264,661825.89,12,20.73,76116,268656.67,1,6,1
3618,6525,624987.74,12,21.02,30181,64785.63,0,11,0
3619,5370,412369.83,48,22.99,59512,25151.69,0,5,0
3620,2901,297597.9,48,21.55,56921,272333.17,1,9,1
3621,3537,151199.53,48,22.28,99593,246216.86,0,10,1
3622,5174,607815.73,36,22.59,99702,53153.88,0,0,0
3623,9040,97622.17,12,15.9,122738,296104.1,0,0,0
3624,1975,435251.87,12,10.56,115128,333766.96,0,11,0
3625,4839,865907.47,36,21.3,96544,319699.29,0,1,0
3626,4948,915755.59,12,21.47,50152,198640.68,0,4,0
3627,510,460115.38,48,17.29,24383,180530.72,0,10,1
3628,8690,383063.57,48,20.48,120652,313883.57,0,1,0
3629,4943,540521.59,48,22.61,108437,179584.01,0,10,1
3630,2412,147816.22,48,16.53,62545,298187.69,0,5,0
3631,768,153044.86,48,16.46,51824,455520.66,0,6,0
3632,8881,87308.08,24,22.48,103596,308427.62,0,7,0
3633,9453,879216.72,48,16.71,120759,357667.94,0,10,0
3634,6081,805889.09,24,21.1,129683,404022.38,0,10,0
3635,8038,296095.5,36,21.29,105533,498284.01,0,0,0
3636,7360,704423.62,36,13.1,52554,312669.17,1,6,1
3637,5031,896170.03,24,23.96,122973,210971.73,0,5,0
3638,5727,823131.92,12,21.44,129543,220548.64,0,2,0
3639,3837,232890.13,48,19.74,79190,376158.71,0,3,1
3640,1317,332045.03,60,14.18,110132,485366.62,0,5,0
3641,7074,320478.07,12,10.67,147403,65166.54,0,0,0
3642,86,473577.93,12,13.45,74499,340322.93,0,11,1
3643,6180,508430.0,60,9.43,37357,214025.64,0,1,0
3644,1856,323545.81,60,21.86,131603,290331.24,1,11,0
3645,8657,858430.26,48,20.24,114230,207315.6,0,0,0
3646,8906,109578.02,24,11.84,23023,72260.57,0,4,0
3647,7936,539601.18,48,11.25,140151,226223.43,0,3,1
3648,1649,388222.86,48,11.99,36781,475223.62,0,5,0
3649,1546,816206.03,48,14.68,112343,41061.16,0,7,1
3650,8953,949061.02,48,15.82,102422,496459.59,0,8,0
3651,7627,155799.25,12,9.33,22848,25120.39,0,9,1
3652,31,476142.13,12,9.22,76944,198060.25,0,11,1
3653,9530,439441.74,24,13.59,45680,359823.98,0,10,1
3654,5404,69765.28,60,18.09,77709,315802.21,0,11,1
3655,8611,868265.51,36,18.94,70874,107300.81,0,0,1
3656,5376,249297.86,24,18.86,142850,150005.47,0,3,0
3657,723,132230.02,48,16.35,148258,272268.92,0,10,1
3658,1526,911609.96,48,23.32,50688,495233.93,0,5,1
3659,4685,322278.62,12,20.11,57339,100528.85,0,6,0
3660,9108,578993.17,24,15.79,90747,267488.79,0,4,0
3661,4159,587067.61,60,15.45,79332,277027.3,0,2,0
3662,9286,999678.25,36,16.64,77479,286726.74,0,1,0
3663,6561,834135.28,24,13.47,50828,374710.07,0,10,0
3664,8375,269782.87,60,22.38,139857,110412.42,0,5,1
3665,5682,630510.41,48,16.29,70758,97965.62,0,0,0
3666,6708,73225.07,36,18.34,90970,458078.74,0,4,0
3667,7983,598633.03,36,11.49,70210,264768.76,0,9,1
3668,2391,929256.25,60,12.27,66473,118425.5,0,8,1
3669,4202,126195.31,24,22.9,103857,99165.45,1,8,1
3670,4466,146123.5,24,8.85,125477,50384.46,0,0,0
3671,7984,90330.31,24,13.46,20121,89386.93,0,9,1
3672,3268,591863.85,36,15.93,127133,473238.83,0,6,1
3673,4942,382198.94,60,13.34,32644,228949.38,0,4,0
3674,381,130245.84,12,13.88,68185,262941.95,1,1,0
3675,4201,274342.6,36,23.97,74780,68492.46,0,3,1
3676,1276,910269.65,36,17.31,59479,275263.06,0,0,0
3677,9258,367482.83,24,16.3,41455,352208.99,0,8,0
3678,3551,200349.17,12,14.77,118998,179101.45,0,0,0
3679,6364,413940.56,12,20.43,52294,478157.89,1,0,0
3680,4127,357489.75,48,19.56,111294,328144.13,0,11,1
3681,9630,676644.34,12,18.31,33232,377136.76,0,0,0
3682,7494,282730.34,24,10.8,97733,356556.49,0,7,1
3683,5608,55653.37,48,9.9,71501,399359.59,0,11,0
3684,6151,760027.24,12,15.86,48725,242792.27,0,5,1
3685,9002,527352.61,60,20.79,50436,447123.92,0,9,1
3686,1434,250850.4,48,9.12,58484,426156.57,0,8,1
3687,7820,450085.6,48,22.36,122604,289228.93,0,5,1
3688,1678,483005.19,24,21.6,86401,125681.57,0,0,0
3689,809,911066.62,12,11.3,93077,323546.76,0,7,0
3690,5406,66603.65,12,14.59,73704,33300.6,0,7,0
3691,2057,933387.95,36,8.99,65537,361541.46,0,11,1
3692,7502,84335.92,24,8.74,131136,266968.39,1,2,1
3693,7572,987683.24,12,14.66,139986,340632.96,0,3,0
3694,502,530751.85,60,13.23,80617,273904.09,0,4,0
3695,131,470759.18,36,20.89,120829,415639.19,0,0,0
3696,5157,742870.24,60,12.36,102510,365664.44,0,7,0
3697,2460,76259.6,48,20.5,63398,448640.7,0,3,0
3698,3658,841571.06,24,12.88,111880,154332.02,0,5,0
3699,4540,908511.77,60,16.85,75622,453288.41,0,5,0
3700,8522,111218.69,24,21.67,143195,210314.99,0,9,1
3701,2236,495384.79,48,10.62,38107,467958.85,0,11,0
3702,236,390100.93,48,13.59,74670,188421.22,0,1,0
3703,7316,751494.66,36,19.6,141369,376132.92,0,4,0
3704,5886,772328.26,60,11.35,56713,418644.92,0,3,0
3705,5328,614035.47,48,9.12,96985,208587.38,0,2,0
3706,888,825149.76,60,23.66,148658,273257.75,0,1,0
3707,8584,683567.66,24,13.54,39892,303325.43,0,11,1
3708,3789,522567.58,36,22.06,75291,26417.89,0,3,1
3709,6102,586841.45,48,11.53,101004,229104.62,0,3,0
3710,8776,342610.18,60,16.48,78066,94651.57,0,7,0
3711,1824,475972.78,48,21.89,149445,316204.93,0,9,1
3712,108,938875.0,60,8.99,148053,468303.24,0,6,1
3713,664,761300.83,36,20.06,28311,160990.76,0,0,0
3714,3542,261795.52,60,10.12,65670,194807.6,0,5,0
3715,3288,137129.37,36,11.65,79665,421467.99,0,7,1
3716,6400,115525.63,24,13.68,50208,377728.31,0,9,1
3717,532,859283.17,24,12.73,144869,435878.95,0,11,1
3718,7477,843914.65,24,13.98,113929,349376.26,0,3,0
3719,4596,353529.34,48,19.12,135347,248621.88,0,4,0
3720,3185,61221.18,36,11.9,70936,157684.79,0,11,1
3721,8960,455119.27,60,17.81,112318,474445.1,0,5,0
3722,3175,368262.84,12,17.52,91276,321476.22,0,2,0
3723,285,171297.54,24,11.88,107825,209746.87,0,2,0
3724,2011,238061.45,48,9.28,21141,295712.34,0,9,0
3725,1839,621189.97,24,12.01,93872,429540.64,0,10,1
3726,4431,732673.11,24,18.4,137023,126777.6,0,2,0
3727,7888,592767.07,48,12.07,73950,387859.56,0,1,0
3728,2042,208708.72,36,11.41,103193,276545.97,0,6,0
3729,5982,346563.56,48,22.99,136535,331356.34,1,0,0
3730,7588,719521.33,24,23.34,120080,372299.7,1,5,1
3731,5127,128333.63,48,14.39,48504,109404.52,0,5,0
3732,8697,699215.08,60,20.44,140489,484351.59,0,9,0
3733,4803,861987.61,24,9.15,40557,188007.52,0,11,1
3734,1009,802636.21,60,22.47,62308,305278.57,0,10,0
3735,7405,596812.16,60,13.53,81246,327548.68,0,10,1
3736,4200,899744.57,12,20.26,85210,249612.35,0,9,0
3737,8547,105013.04,12,18.49,23014,38840.44,0,5,0
3738,7418,554511.68,24,14.45,57263,348258.94,0,5,0
3739,3768,783733.94,48,9.23,114342,81660.62,0,4,0
3740,3109,485451.31,24,17.85,122968,394882.63,0,7,0
3741,4279,988126.22,60,9.15,137011,362887.14,0,10,1
3742,5540,67342.63,24,23.35,111193,438127.3,0,4,1
3743,2679,365258.03,36,14.86,55320,246497.89,0,0,0
3744,461,898071.11,48,12.66,80151,123357.89,0,0,0
3745,5863,211383.08,48,11.33,130343,218284.78,0,9,0
3746,7347,486023.81,48,9.19,72858,171934.04,0,5,1
3747,5637,753358.98,60,19.33,39792,313271.03,1,0,0
3748,9464,524258.15,60,23.85,79774,53655.28,0,10,1
3749,1766,412761.91,36,15.35,67863,268822.9,0,1,1
3750,9784,69224.26,60,19.27,116840,310531.18,0,3,0
3751,865,802472.37,24,15.75,121168,166442.82,0,4,1
3752,1311,726435.62,12,14.47,35346,20086.4,0,6,0
3753,6324,914879.68,12,13.8,81102,176247.3,0,11,1
3754,2788,909782.84,36,22.32,104080,266666.8,0,9,0
3755,29,859203.99,48,20.17,62426,26517.26,0,6,1
3756,2669,394006.9,36,21.74,113801,302293.34,0,1,0
3757,9815,457771.42,36,9.54,137885,370450.08,1,11,1
3758,156,927315.8,36,13.79,44974,192751.11,0,8,0
3759,3177,191847.73,12,11.34,82986,262819.11,0,6,0
3760,7855,74225.54,36,10.74,100076,271163.81,1,6,0
3761,6646,662719.17,48,22.11,130307,364375.11,0,0,0
3762,2504,364127.0,60,22.23,23095,453807.66,0,6,1
3763,2358,235419.58,60,17.15,145892,440863.58,0,9,1
3764,598,450842.52,12,12.15,122555,90675.19,0,6,0
3765,5952,281675.23,48,23.6,134038,28192.54,0,8,1
3766,2060,308849.92,60,9.76,128566,176804.09,0,10,1
3767,3000,247380.52,12,20.43,83105,453144.11,0,7,1
3768,3731,774512.98,36,13.26,71168,412838.59,0,9,0
3769,4900,964447.21,60,14.44,127468,338768.19,0,10,1
3770,4045,656401.8,60,20.81,20653,27753.71,0,8,1
3771,4238,578621.8,60,8.58,20470,87813.63,0,11,1
3772,7300,893625.31,36,15.5,106679,465128.82,1,4,1
3773,4741,71471.74,12,14.56,125607,16907.46,0,6,0
3774,3370,253217.48,60,12.2,20636,400135.1,0,3,0
3775,3621,490632.54,36,23.41,43022,231695.95,0,9,1
3776,7548,150085.54,36,15.96,132564,373728.6,0,9,0
3777,4020,425471.54,12,14.95,39002,28784.77,0,5,1
3778,3314,412881.57,12,19.03,56864,170531.15,0,1,0
3779,6699,949260.88,12,19.9,41443,310758.24,0,0,0
3780,6858,205701.83,12,12.2,68534,106130.88,0,4,1
3781,6455,502052.16,36,12.85,61549,69744.04,0,8,1
3782,9172,152599.14,24,8.61,51705,12590.36,0,3,0
3783,7433,796023.14,60,23.87,117899,479521.42,1,4,1
3784,9780,761815.7,36,8.0,118323,364548.93,0,1,0
3785,2381,970049.54,48,15.68,58416,131117.72,0,10,0
3786,9397,390086.15,24,15.12,147453,279627.87,0,7,1
3787,6433,990071.22,48,20.87,27974,325559.85,0,8,1
3788,8194,708698.21,60,9.11,72046,216019.37,0,2,0
3789,4631,129181.58,48,12.98,98620,35083.46,0,3,0
3790,784,88758.3,36,19.56,25554,195176.55,0,2,0
3791,4344,165636.78,60,23.67,73362,58795.88,0,11,1
3792,214,50230.96,36,23.94,136805,73069.7,0,6,1
3793,4594,708256.85,48,10.88,134663,323647.45,0,3,0
3794,2156,959829.37,12,9.15,51162,168933.58,0,5,0
3795,8231,91337.14,48,15.87,90503,159594.72,0,11,0
3796,1006,238412.03,48,8.57,118548,439821.58,0,0,0
3797,4468,961958.94,12,15.51,96945,219369.42,0,1,0
3798,7190,286514.42,12,23.12,134110,416703.31,0,11,1
3799,8380,863711.94,12,21.47,99163,452027.45,0,6,1
3800,2212,235991.6,48,8.73,49870,469870.36,0,8,0
3801,2737,970787.41,24,8.35,71923,394035.72,0,10,1
3802,1999,420106.27,60,14.71,120088,216397.0,0,0,1
3803,9293,720844.25,36,9.77,84384,79327.17,0,11,0
3804,2259,947597.22,60,13.92,89867,265551.04,0,1,0
3805,8851,313388.06,48,19.17,80124,196717.97,0,7,1
3806,839,460154.92,36,13.37,122852,83969.79,0,6,1
3807,1887,309891.5,48,13.84,21009,479481.56,0,2,1
3808,5313,514274.56,24,9.27,54275,438025.57,0,7,1
3809,1229,910207.02,36,22.46,127523,396305.73,0,7,1
3810,8398,236281.77,48,21.22,149581,103961.08,0,8,0
3811,5902,546320.17,36,14.03,122180,461066.16,0,4,0
3812,5996,195593.34,60,16.91,54270,114478.23,0,10,0
3813,3428,435793.4,60,15.89,110597,468621.69,0,0,0
3814,1617,242273.16,24,11.45,100469,398623.26,0,8,0
3815,4686,267269.78,24,11.69,114455,374871.78,1,8,1
3816,3414,496458.01,24,15.99,79070,499376.94,1,2,0
3817,2405,754599.94,24,14.78,101537,252616.33,0,1,0
3818,592,171491.16,24,14.49,82498,199371.38,0,10,0
3819,1734,800926.88,24,21.4,54322,425233.05,0,7,0
3820,2864,988288.81,60,8.38,54424,362313.95,0,4,0
3821,9778,339819.67,24,23.38,84842,329233.73,0,8,1
3822,1583,239244.42,12,20.67,51000,171014.66,0,11,0
3823,5789,76161.83,48,22.32,70345,352380.84,0,5,0
3824,3081,233943.35,60,18.37,96201,156465.69,0,4,0
3825,7152,618707.41,48,12.54,136672,265839.41,0,4,1
3826,7746,853700.74,60,16.34,45311,178155.88,0,7,1
3827,4835,54754.33,60,15.14,24998,123059.11,0,11,0
3828,837,649152.66,48,10.83,127211,76109.32,0,0,0
3829,5520,188684.87,24,23.65,117314,68163.18,0,4,1
3830,2547,809159.91,60,12.83,66579,448802.02,0,3,0
3831,9750,257086.93,36,8.67,143201,339028.98,0,4,0
3832,3215,113618.49,24,15.82,106128,62911.31,0,1,0
3833,6557,981551.2,48,9.72,106369,450846.78,0,4,0
3834,493,491575.16,48,21.24,81137,335068.88,0,9,0
3835,7952,408283.27,60,8.53,28999,329234.31,0,5,1
3836,1988,596787.09,60,8.82,48270,378296.59,0,11,0
3837,7011,578001.17,36,20.64,29736,339877.99,0,4,0
3838,5646,93635.22,12,10.03,29474,239389.07,0,6,1
3839,8999,378633.42,36,17.01,129362,90581.9,1,1,0
3840,3033,630601.35,36,18.0,47226,129396.27,0,8,0
3841,1223,947093.29,24,23.92,101692,127594.56,0,9,0
3842,532,669624.46,36,12.07,65581,370556.7,0,4,0
3843,5682,210769.6,12,12.73,132839,105752.35,1,3,1
3844,4775,59196.24,60,9.05,143944,147669.78,0,5,0
3845,776,797025.65,48,8.81,67071,313652.04,0,4,0
3846,2939,840707.56,48,14.55,78295,35491.33,0,8,1
3847,4855,224157.76,12,18.54,30047,342827.73,0,4,0
3848,9044,354937.64,60,18.59,69815,293138.76,0,8,1
3849,231,796649.67,24,20.43,138681,208518.5,0,2,0
3850,8852,699640.25,60,16.64,73258,22922.78,0,5,0
3851,2886,175588.55,24,20.69,146212,115466.83,0,7,0
3852,9142,680352.14,24,10.89,122305,140943.5,0,2,1
3853,5012,723673.46,24,18.15,33879,10933.35,0,10,1
3854,6695,989471.45,60,20.45,104220,79978.14,0,0,0
3855,6434,898005.94,24,17.14,47686,4836.75,0,9,1
3856,9816,84583.1,60,19.58,61095,23800.96,0,1,0
3857,3897,151312.99,36,10.27,41932,59900.52,0,4,0
3858,7343,432805.58,48,15.09,57262,169284.42,0,5,1
3859,317,354512.56,60,21.62,34962,172167.23,0,2,0
3860,4218,149475.59,48,13.09,58260,409145.14,1,3,0
3861,5110,771501.01,60,22.38,53230,273855.89,0,1,0
3862,3505,327702.85,24,23.81,146453,28549.61,0,10,1
3863,5567,855333.91,48,10.23,77251,22685.1,0,3,0
3864,5041,385815.52,24,10.36,95928,172944.46,0,6,0
3865,9771,757500.71,36,14.0,104079,331589.07,0,9,0
3866,145,249784.52,48,17.01,35102,276807.26,0,0,0
3867,7095,497369.75,36,20.21,147551,88421.56,0,8,1
3868,2805,576390.44,24,9.08,61128,255113.58,0,2,0
3869,4374,474848.32,12,20.51,24004,414857.44,1,5,1
3870,4369,788936.37,36,10.62,124489,101642.55,0,9,1
3871,2298,678990.31,36,9.36,36825,310896.53,0,10,1
3872,7316,602938.37,36,17.64,81652,460930.79,0,6,1
3873,9902,269856.37,36,9.23,28773,285177.87,1,5,1
3874,3470,548521.29,24,9.17,47616,446264.81,0,9,0
3875,5535,718459.3,12,17.88,131761,104208.57,0,4,1
3876,3039,945066.48,60,19.18,146261,209434.21,0,9,1
3877,9750,181734.48,60,22.71,23654,286074.89,0,10,1
3878,566,873270.28,60,23.32,147962,52247.51,0,7,1
3879,27,164418.68,24,15.63,90103,286272.13,0,8,0
3880,8170,698492.39,24,18.3,119171,246531.79,0,2,1
3881,3544,659027.44,12,20.45,103111,278346.01,0,10,1
3882,3359,880945.86,60,22.77,25375,384000.17,0,9,1
3883,3040,106296.32,60,8.35,30897,123527.36,0,6,0
3884,5799,891100.91,60,11.49,85494,233324.96,0,3,0
3885,7152,360274.5,48,16.39,107553,243850.62,0,5,1
3886,2617,506024.06,60,11.71,45990,367702.92,0,6,1
3887,6137,864311.01,48,16.27,121412,304934.07,0,0,0
3888,1371,570036.94,48,18.87,130803,440309.81,1,5,1
3889,2337,372308.43,24,20.31,116293,30762.76,1,11,1
3890,2108,790492.15,12,21.37,110761,129487.33,0,4,0
3891,7582,113682.31,60,23.91,75104,140841.18,0,9,0
3892,5517,686118.33,48,22.07,32269,417939.88,0,1,0
3893,8340,51523.38,24,13.56,107624,45199.91,1,9,1
3894,9864,86958.4,60,12.65,145501,418172.85,0,9,0
3895,6220,964159.73,48,12.83,58946,360663.33,0,10,0
3896,9621,500440.63,36,9.47,43528,98480.29,0,7,1
3897,6285,106627.28,12,18.61,147977,335146.48,1,7,1
3898,5878,895233.59,36,8.17,122655,96953.66,0,6,1
3899,5150,163802.09,24,12.68,75872,140434.9,0,2,0
3900,478,83227.7,36,20.27,30208,335966.93,0,6,0
3901,5306,422988.86,12,15.51,80451,144308.71,0,5,0
3902,5934,204898.66,60,14.61,124744,26157.13,0,6,0
3903,4098,122757.87,36,20.58,145601,176879.79,0,9,0
3904,9107,264046.0,48,14.44,138247,318090.28,0,6,1
3905,1159,108663.5,60,15.58,59110,95237.26,0,10,0
3906,5339,416121.12,24,15.9,58422,399314.44,0,5,0
3907,9525,911821.21,60,16.1,100273,62946.56,0,0,0
3908,5260,303289.2,24,9.62,145632,345727.29,0,1,1
3909,6545,748139.76,60,16.45,74794,162170.48,0,10,0
3910,4040,123577.71,36,14.19,62995,279042.99,0,3,1
3911,2889,82244.13,12,22.39,89715,468716.02,0,1,0
3912,3813,263626.93,48,8.2,86289,490433.55,0,4,1
3913,6414,729985.72,60,16.26,65331,265357.51,0,5,0
3914,7532,262267.07,60,23.59,105279,70786.69,0,7,1
3915,1929,147842.21,48,8.24,25051,427196.7,0,5,0
3916,5126,421544.74,36,19.05,112255,369480.77,0,5,0
3917,9232,662967.91,24,8.48,58834,258715.3,0,8,0
3918,1762,732956.54,36,21.8,110323,153515.78,0,10,1
3919,2348,147957.02,36,11.14,48186,233467.15,0,2,0
3920,2845,191624.93,60,21.2,128520,171025.74,1,7,0
3921,4629,57357.84,24,22.67,23139,373263.89,0,10,0
3922,5698,938070.6,12,10.18,93696,371498.67,1,0,1
3923,6436,458534.17,24,9.57,138512,3995.35,0,10,0
3924,7097,50941.85,48,21.39,75380,61299.55,0,0,0
3925,3825,657478.14,24,10.8,129119,259123.19,0,1,0
3926,2652,719970.44,48,8.85,69942,412795.25,0,7,1
3927,6578,357813.22,60,11.53,23810,478292.14,0,11,0
3928,5134,72492.2,48,11.28,98834,313807.14,1,4,1
3929,7063,994888.3,60,18.79,29594,163665.63,0,2,1
3930,9840,329437.93,12,15.55,78174,114772.14,1,11,1
3931,5800,127907.49,24,20.25,65956,422795.02,0,10,1
3932,9877,963170.95,12,11.77,61797,429666.68,0,9,1
3933,2781,253793.95,12,15.85,38591,249440.39,0,6,0
3934,9441,662469.61,36,9.69,30170,256109.06,0,1,0
3935,1966,521522.21,24,15.55,43237,108834.59,0,9,0
3936,4528,794053.51,36,15.99,72265,229739.83,1,1,0
3937,985,152851.35,48,22.58,135289,311582.91,0,0,1
3938,4382,775608.84,60,23.18,46938,189325.34,1,0,1
3939,6056,467597.56,48,22.0,98216,444458.73,0,6,0
3940,6442,184388.34,36,22.76,139231,438868.39,0,9,1
3941,2012,670702.62,48,8.74,21600,462468.14,0,9,0
3942,499,910066.57,60,21.23,63540,13207.65,0,10,0
3943,9240,359573.21,60,9.07,109109,49742.89,0,9,1
3944,8401,778987.49,48,17.15,71671,54992.59,1,2,0
3945,6459,192142.45,24,9.36,130180,294598.96,0,7,1
3946,8385,991425.69,12,20.66,77082,80861.84,1,4,1
3947,1851,719264.4,60,8.04,78964,251991.21,0,1,0
3948,4990,576029.28,24,14.14,138990,407829.82,0,5,0
3949,5436,498342.96,48,16.47,141865,347588.02,0,6,0
3950,8066,670971.97,12,12.33,94713,132427.58,0,2,1
3951,3777,797601.62,60,16.08,92823,276949.5,0,6,0
3952,1928,166487.28,12,22.02,140649,309352.93,0,5,0
3953,7082,678489.55,24,17.76,44234,207934.45,0,6,1
3954,4340,923254.59,24,16.85,35577,73117.1,0,1,0
3955,4521,310062.96,24,23.69,81190,435358.93,0,0,0
3956,1516,784518.28,36,14.24,139816,443291.45,0,7,1
3957,229,150974.15,60,22.11,134487,407957.65,0,7,0
3958,643,904590.09,48,18.35,37228,431887.55,0,8,0
3959,1675,86109.03,48,20.4,92799,336104.14,0,7,1
3960,140,58651.79,60,12.99,69523,205612.54,0,6,0
3961,8065,408099.29,24,17.77,130563,57697.32,0,2,0
3962,7976,553702.75,24,21.58,83895,405586.35,1,2,1
3963,6183,481540.16,36,18.01,33776,134516.24,0,0,0
3964,4608,223505.45,24,18.82,45190,85940.44,0,5,1
3965,2932,811796.91,12,16.18,90337,197677.86,0,10,0
3966,1433,718373.86,36,10.03,95679,330900.76,0,4,0
3967,5020,883077.93,24,19.99,94623,283568.94,0,10,0
3968,1799,69573.36,60,19.12,113361,270177.31,0,2,0
3969,6993,377226.06,48,15.94,127717,61354.0,0,5,1
3970,4348,237870.07,48,14.45,81102,76369.02,0,1,0
3971,669,655490.58,24,18.67,139531,9535.6,0,8,0
3972,3275,976289.77,24,19.2,86936,124279.48,0,6,1
3973,6226,331820.13,48,14.12,29113,274428.69,0,8,0
3974,7802,862100.82,36,12.91,39433,61848.86,0,8,0
3975,7500,873869.63,48,23.52,71537,78740.21,1,7,0
3976,6847,322299.64,12,23.62,145647,376939.82,0,3,0
3977,9355,124019.88,36,13.99,31908,141521.89,0,1,0
3978,1663,872720.27,48,23.37,31700,320905.47,0,11,1
3979,4892,811092.08,60,17.35,81602,480134.75,1,0,0
3980,5239,640937.19,36,8.23,140699,417055.24,0,8,1
3981,4238,414223.45,24,9.77,48960,459860.05,0,9,0
3982,8729,255703.3,60,11.52,95987,444909.15,0,2,0
3983,5406,362250.92,36,21.02,87562,40913.82,0,6,0
3984,4008,150838.28,36,19.73,111587,324147.31,0,6,0
3985,7775,834503.78,36,21.21,115668,402106.95,0,8,1
3986,122,180872.53,36,16.32,122655,183846.5,1,7,1
3987,9099,178738.46,24,16.99,124289,42070.2,0,4,0
3988,1667,893244.78,12,8.73,72065,25235.7,0,10,1
3989,8778,704656.5,24,11.42,96729,168653.95,0,10,1
3990,9990,293487.84,60,15.37,121254,399750.78,0,6,1
3991,6637,308891.1,12,20.78,145042,352662.82,0,1,0
3992,6676,873231.56,60,18.33,55041,372860.74,0,6,0
3993,1478,608038.52,12,17.94,122175,45129.98,0,2,1
3994,2169,446528.82,12,22.3,115513,91618.5,0,4,0
3995,8267,902959.1,12,17.63,56764,353934.27,0,9,1
3996,4420,245642.48,36,12.38,64305,489954.32,0,6,0
3997,7622,566839.27,48,15.79,90309,85062.13,0,3,0
3998,8498,933363.15,12,19.43,97144,194409.8,0,0,1
3999,9771,505271.82,36,21.3,90890,211632.53,0,3,1
4000,824,328966.63,36,16.5,59067,436948.38,0,6,0
4001,9233,994686.03,12,20.96,51040,73910.38,0,6,1
4002,8459,549214.05,48,23.83,105699,182603.81,0,10,1
4003,9370,440463.84,36,8.99,109359,212253.79,0,1,0
4004,6686,364446.08,48,19.69,37798,35719.6,1,11,1
4005,5689,354568.96,60,22.83,90349,350034.22,0,3,0
4006,62,201976.97,12,16.0,36763,461809.12,0,1,1
4007,391,791118.22,48,14.09,87251,396195.15,0,5,0
4008,7045,427670.32,60,16.83,21665,71652.7,0,9,0
4009,2004,589555.79,12,22.52,43954,128945.15,0,6,1
4010,851,691277.7,36,21.63,101918,251561.14,1,1,0
4011,8295,547297.88,12,17.6,79404,57808.22,0,2,0
4012,1036,341195.62,60,22.91,63501,281400.65,0,7,1
4013,5112,788545.79,24,19.59,67228,89334.55,0,11,1
4014,9703,555778.98,24,14.02,53866,448043.66,0,9,1
4015,4972,185905.99,12,11.81,113632,216202.49,1,11,1
4016,1097,280843.75,36,18.1,84162,77882.14,0,3,0
4017,3497,248927.11,24,20.19,63091,133004.54,0,5,0
4018,5585,501906.49,60,18.65,98620,13428.26,0,9,0
4019,8712,133830.87,36,17.83,141511,188429.08,0,6,0
4020,9987,647780.56,36,9.44,59903,200692.91,0,6,0
4021,1844,873286.62,60,17.56,130433,305829.91,0,11,1
4022,1163,692447.96,48,8.17,77676,131696.69,0,9,1
4023,9776,301386.99,36,8.64,103957,443116.84,0,0,0
4024,5260,498645.37,24,12.02,56582,46694.41,0,11,0
4025,1269,305618.11,36,9.98,118766,406295.02,0,9,1
4026,5939,371539.87,12,11.65,76252,179522.02,0,8,0
4027,1540,749115.62,60,23.52,28363,69785.09,0,1,0
4028,2674,599193.61,36,22.94,74363,199588.5,0,2,0
4029,4893,232410.44,24,9.15,91308,366149.91,0,7,1
4030,7790,751421.52,60,9.35,67684,78705.04,0,11,0
4031,2455,986962.26,60,17.31,84728,17288.44,0,3,0
4032,5182,789529.95,48,23.12,97939,95828.47,1,5,1
4033,6784,479229.25,36,20.19,117533,349364.92,0,8,1
4034,6223,261637.05,24,19.02,60792,158213.75,0,11,0
4035,140,317451.59,24,14.45,58440,485365.09,0,8,1
4036,6704,109745.8,48,19.28,104534,29244.63,0,5,1
4037,8675,338738.92,36,17.64,26457,418602.43,0,11,1
4038,3238,669262.85,60,20.66,109960,468840.95,1,3,1
4039,5241,747536.44,36,22.71,91139,139744.51,0,2,0
4040,1007,571073.57,48,19.82,57021,220729.0,0,4,1
4041,2765,892709.51,12,11.81,101707,278439.42,0,3,0
4042,4210,210111.98,36,15.65,100174,200507.15,0,4,0
4043,1503,553114.16,12,19.56,84996,113750.83,0,9,0
4044,893,164834.29,12,21.06,149288,180306.63,0,8,1
4045,6412,294359.06,12,11.54,65750,341869.85,0,2,0
4046,7895,926168.22,36,16.94,53793,190684.7,0,2,0
4047,5851,956167.99,36,23.03,90215,175041.17,0,0,0
4048,2003,187128.95,24,18.74,29946,130936.32,0,3,1
4049,8305,457438.34,24,16.66,122213,488657.08,0,10,1
4050,4611,766069.94,60,19.18,125324,462981.55,0,11,1
4051,1160,690920.52,12,16.99,90470,389417.09,0,3,0
4052,7035,708296.13,24,12.65,74247,463400.16,0,11,1
4053,766,629085.38,48,14.51,78334,235273.05,0,8,1
4054,5210,227022.21,24,21.31,104356,169777.23,0,5,1
4055,5065,801567.42,60,17.42,111457,374521.94,0,7,1
4056,3230,657778.85,48,14.84,106307,337460.59,0,5,1
4057,5931,556558.07,60,9.81,69447,455323.69,0,9,1
4058,9614,124033.05,48,9.84,47702,59631.93,1,2,1
4059,17,212398.79,48,10.42,57993,383805.66,0,1,1
4060,6142,778717.15,48,22.82,20277,216492.3,0,0,0
4061,1960,408622.18,60,23.32,129593,390915.02,0,11,0
4062,9922,580540.4,24,19.73,43262,237905.53,1,3,1
4063,7637,878451.9,24,8.77,55301,331495.9,0,3,1
4064,7048,200058.76,24,17.64,58499,342268.43,0,6,0
4065,3558,219012.21,12,17.99,123831,357948.82,0,9,1
4066,2962,435398.68,60,23.75,104276,232430.37,1,6,1
4067,5351,691531.99,36,11.83,105787,305535.18,0,7,0
4068,8185,207987.96,48,19.57,24618,395163.82,0,3,0
4069,6274,554334.07,24,23.9,32477,231256.18,1,7,1
4070,6588,708181.77,36,23.03,108095,46350.23,0,6,0
4071,636,340027.6,24,13.67,27967,184881.85,0,0,0
4072,4317,384844.98,60,10.26,105456,189107.35,0,2,0
4073,2161,882549.43,36,9.23,86390,486059.64,0,2,0
4074,3335,221901.91,36,8.96,46614,324400.46,0,10,0
4075,9903,781185.62,36,9.41,57203,301887.61,0,3,0
4076,3102,221987.57,48,23.67,62226,224791.98,0,6,0
4077,3619,460762.56,24,23.79,103025,27936.65,0,0,0
4078,8182,742504.99,24,9.85,61522,430609.3,0,6,1
4079,446,406654.15,12,9.31,53968,391456.05,0,7,0
4080,2991,124495.4,24,18.63,43164,32287.11,0,8,0
4081,7989,386438.06,48,21.1,49361,199813.71,0,7,0
4082,637,267165.01,36,20.13,102490,435972.14,0,6,0
4083,7082,193236.67,60,8.15,102700,211485.2,0,3,0
4084,176,625802.58,60,14.96,126362,146323.31,0,4,1
4085,8766,85523.0,12,19.52,124676,115715.05,0,10,1
4086,5219,854999.7,12,21.01,119130,119198.01,0,9,0
4087,9991,766009.89,36,19.11,94826,114217.44,0,2,0
4088,2791,766804.27,48,13.28,65737,58827.19,0,11,1
4089,8887,753381.81,36,12.33,124009,157179.31,0,0,0
4090,2277,307469.41,48,21.26,48254,403815.97,0,1,0
4091,8358,169952.03,12,16.69,120341,429088.79,0,1,0
4092,2373,993040.79,48,12.07,144879,27133.71,0,7,1
4093,5877,995708.5,36,21.88,38153,274768.78,0,5,0
4094,7207,952099.82,36,21.07,57010,414999.99,0,6,1
4095,4509,694148.41,24,15.9,28401,138444.62,0,8,0
4096,2560,490582.96,48,20.97,141514,145156.54,0,2,0
4097,6813,237511.8,12,9.66,76431,308699.32,0,3,0
4098,8301,570962.07,60,22.52,51976,269261.39,0,7,0
4099,2919,333851.59,24,23.65,84630,320696.58,0,7,0
4100,5559,235202.77,12,8.17,55514,120461.44,0,5,0
4101,1084,780899.12,12,21.87,49471,32847.97,0,8,0
4102,4586,154697.68,12,20.03,60154,89205.47,0,3,1
4103,194,789750.71,48,21.68,59842,55494.0,0,9,0
4104,4100,268141.96,12,12.75,40486,4532.89,0,2,1
4105,4628,50718.0,60,23.28,58421,195413.84,0,11,0
4106,2770,205629.14,60,21.33,148596,169570.71,0,9,0
4107,5354,857104.73,36,14.59,86777,473228.37,0,5,0
4108,1582,544081.49,24,20.62,147615,208728.35,0,11,0
4109,7215,779014.35,60,14.82,139278,453705.45,1,6,0
4110,8790,336172.58,48,13.28,25294,354349.66,0,0,0
4111,4422,925334.81,24,10.34,20510,467573.77,0,3,0
4112,5006,904068.66,48,22.84,84874,147535.57,0,0,0
4113,7378,355248.33,60,11.7,23699,412866.53,1,9,1
4114,4055,858610.81,24,16.18,122757,150723.55,0,5,1
4115,5587,283184.93,60,16.46,62953,95979.05,0,9,1
4116,2848,978521.29,12,8.54,59193,210146.69,0,3,0
4117,8570,540662.52,24,20.75,133873,56887.13,0,7,1
4118,3930,574824.41,60,19.1,113241,483152.88,0,11,0
4119,7409,67707.55,48,12.63,84455,239648.19,0,9,1
4120,4086,762164.93,24,22.93,110925,67227.86,0,9,1
4121,404,282798.77,24,23.86,111887,34587.54,0,10,1
4122,6957,212804.5,24,18.78,68772,499349.03,1,1,1
4123,8105,406616.07,36,19.98,22807,315093.77,0,6,0
4124,242,362104.9,12,8.95,57475,206151.6,0,3,1
4125,9354,183545.51,24,14.97,127503,95865.3,0,3,0
4126,6634,803099.0,60,8.39,87749,167149.0,0,9,0
4127,952,735244.07,48,19.51,119430,450391.2,0,5,0
4128,4752,323447.8,60,21.29,91579,260878.83,0,1,0
4129,1069,522522.95,36,9.9,71834,141689.2,0,5,0
4130,1967,324867.66,24,9.5,72902,457003.0,0,10,1
4131,6444,138313.9,12,21.17,120995,424189.91,0,2,1
4132,8050,429760.2,48,16.11,84765,106102.21,0,10,1
4133,8007,400905.15,36,21.54,132187,233190.34,0,0,0
4134,7866,895014.85,24,14.33,97365,376616.9,0,0,0
4135,7351,673412.36,12,10.79,108836,60374.62,0,6,0
4136,3539,787806.44,48,13.93,83878,253519.08,0,5,0
4137,1523,690494.3,48,12.47,43927,180808.09,0,8,0
4138,7436,312303.85,48,16.15,55414,272482.28,0,5,1
4139,4545,824334.08,48,22.25,31055,251017.31,0,1,1
4140,847,698519.07,12,13.72,123592,106884.53,0,9,0
4141,3510,146650.25,24,19.76,124278,331451.56,0,5,0
4142,5647,479179.09,24,18.22,124979,41783.14,0,2,0
4143,9592,81490.55,12,11.56,59851,144993.41,0,2,0
4144,5841,388604.62,48,13.08,60282,138797.29,0,0,0
4145,2403,641926.57,60,11.3,105799,436906.08,0,0,0
4146,4998,543642.83,48,20.13,128736,496362.12,0,9,0
4147,5018,500920.53,24,10.05,98668,101173.33,0,9,1
4148,9803,242538.75,12,17.26,34986,292332.25,0,1,0
4149,8555,153609.83,48,10.74,46624,420255.96,0,11,0
4150,7809,436244.56,12,11.16,108396,109016.14,0,0,0
4151,8656,455491.07,48,8.08,28245,467338.07,0,0,0
4152,413,742375.25,60,15.05,61855,259135.67,0,2,0
4153,9420,165465.99,12,20.95,84689,493801.91,0,8,0
4154,3983,373778.46,60,9.41,122507,396683.42,0,5,0
4155,814,382459.09,12,21.54,144915,267663.07,0,0,0
4156,1445,449808.13,48,21.5,80487,189426.04,0,11,0
4157,2487,170368.24,12,11.71,111324,398341.28,0,0,0
4158,7992,681339.41,60,21.97,65409,304065.3,0,3,0
4159,2705,412297.24,24,21.22,25438,253562.39,0,5,0
4160,5887,565090.79,60,18.47,77890,69212.49,0,3,1
4161,712,135216.44,48,21.3,134455,310360.11,0,11,0
4162,6073,709213.02,24,9.18,146978,302592.95,0,2,1
4163,5910,668134.37,24,13.11,121543,237857.67,0,6,0
4164,135,459791.13,60,12.62,91177,109898.69,0,5,1
4165,585,491396.28,24,20.51,68162,145703.24,0,9,0
4166,6915,313547.97,48,20.03,92881,129878.66,0,0,0
4167,3264,332850.39,12,22.26,135368,186015.49,0,11,1
4168,4873,944862.06,60,12.62,45588,205990.33,1,5,0
4169,5707,60760.74,48,15.58,146883,90902.03,0,7,0
4170,7218,574175.35,48,8.3,143371,268860.97,0,10,0
4171,3080,344310.01,12,23.84,33228,374046.28,0,8,0
4172,5429,385664.02,60,14.58,63561,103256.92,0,11,0
4173,9329,551156.61,12,16.93,127789,486931.25,0,6,1
4174,2225,425411.39,12,16.52,101123,91142.71,0,6,1
4175,5110,191575.56,60,14.23,28062,366956.72,0,8,1
4176,5895,262811.32,36,11.73,60693,339054.12,0,3,0
4177,420,80954.34,24,19.94,22583,56939.28,0,8,1
4178,8354,408915.1,36,14.02,58760,446064.56,0,7,1
4179,9573,900302.71,60,18.76,128262,252179.93,0,8,1
4180,7861,516533.1,36,19.69,77136,60898.6,0,6,0
4181,2941,570035.07,60,19.62,30871,136681.48,0,9,0
4182,8259,472263.58,36,9.3,129832,153891.86,0,5,0
4183,5793,893029.2,36,23.59,100812,112011.17,0,0,0
4184,5990,458168.76,48,20.15,66790,285686.28,0,7,0
4185,7414,766343.2,24,17.56,123743,228529.29,1,8,1
4186,6386,763749.54,12,12.61,83913,112125.06,0,9,0
4187,9064,523239.42,48,10.42,68810,299818.54,0,1,0
4188,618,671996.34,60,20.71,137350,407136.45,0,7,1
4189,2358,464466.79,60,14.31,51988,431660.07,0,9,1
4190,2813,761925.83,12,22.59,122376,225939.28,0,0,0
4191,5317,868755.48,48,23.05,88514,475240.98,1,7,0
4192,9170,895598.67,48,8.89,63724,92043.46,0,1,0
4193,9341,143851.78,24,17.29,51463,209976.06,0,5,1
4194,51,367008.59,48,14.14,45449,245414.18,0,2,1
4195,7899,330158.01,48,14.53,42453,213252.78,1,3,1
4196,9089,853674.68,60,17.86,136655,121054.54,0,3,0
4197,3865,659049.56,24,20.44,74233,355063.08,0,4,0
4198,2530,429651.04,24,16.79,109265,43618.8,0,0,0
4199,4630,387909.47,48,20.11,126166,296997.87,0,2,0
4200,8740,62160.62,48,23.44,31140,297035.27,0,5,0
4201,2286,892385.66,12,14.58,93201,101918.23,0,8,0
4202,3605,806745.6,48,15.11,121200,102726.97,0,7,0
4203,477,480753.38,36,18.77,97183,411768.71,0,5,0
4204,7814,89079.81,60,8.63,74572,366700.14,0,2,0
4205,7988,897796.5,36,9.88,70174,236543.84,0,0,0
4206,3408,326917.45,24,10.41,104490,202686.9,0,5,0
4207,1160,390636.85,60,17.25,46749,396483.9,0,11,0
4208,4158,897210.7,36,16.71,101301,424639.48,0,3,0
4209,2954,588195.95,48,12.89,106187,347620.46,0,6,1
4210,1991,498820.96,36,17.2,133195,68427.31,0,1,0
4211,3187,476019.88,36,23.43,64592,175333.73,0,7,1
4212,4008,558201.03,48,21.79,102870,48742.98,0,7,0
4213,2083,174998.02,60,13.75,44430,374023.67,0,2,0
4214,3581,303067.52,12,23.22,52400,195230.93,0,5,1
4215,7126,68649.77,48,13.68,77194,54250.27,0,9,1
4216,9200,923037.77,48,17.18,141396,380670.84,0,8,0
4217,586,899626.5,60,18.98,89312,243976.57,0,0,0
4218,320,639461.1,24,17.74,113663,287532.97,0,2,0
4219,7940,432982.49,48,21.52,141326,31443.55,1,10,1
4220,5703,607851.59,12,17.04,122414,216769.7,0,6,1
4221,1668,465945.65,12,13.99,44719,99957.27,0,3,1
4222,9068,870963.28,48,16.73,105237,273336.71,0,8,1
4223,4365,596332.59,48,22.95,63771,299985.45,0,4,1
4224,7395,790619.87,48,19.36,49964,242343.6,0,2,0
4225,2738,184520.15,48,12.48,127735,83610.97,0,11,1
4226,323,929970.18,24,8.32,71234,454138.42,1,4,1
4227,515,158312.7,48,17.67,43741,313486.85,0,0,0
4228,5215,764434.19,60,10.36,47144,141031.12,0,11,0
4229,550,460315.11,60,16.06,134125,334973.33,0,3,1
4230,6339,688624.96,24,11.93,132963,385018.62,0,8,1
4231,4590,892539.62,36,22.36,67719,294073.73,0,4,1
4232,5415,522301.73,24,10.08,85697,142939.41,0,2,1
4233,9401,938172.95,48,23.75,47312,415462.89,0,5,0
4234,4663,277357.41,36,9.77,23509,70177.07,0,10,0
4235,7067,891065.31,36,17.68,135457,426909.11,0,9,0
4236,7986,444871.82,12,16.31,107604,19938.37,0,4,1
4237,5351,511927.01,60,19.6,104631,327798.6,0,5,0
4238,2350,459200.42,24,11.6,83164,443643.86,0,1,0
4239,1659,220241.19,24,14.86,52546,254717.08,0,5,0
4240,3498,702353.07,24,8.07,37613,381940.08,0,7,0
4241,4913,560843.85,48,18.73,111671,333337.81,0,5,1
4242,5974,817470.14,48,13.11,93679,117585.51,0,9,0
4243,9644,920577.88,12,23.34,78868,288120.63,0,4,0
4244,8264,290099.3,24,15.34,141024,142217.52,0,6,0
4245,3374,735303.23,36,19.1,108219,491615.87,0,5,1
4246,858,306846.05,60,10.79,114851,414444.48,0,2,0
4247,2252,714846.8,48,20.9,119821,435656.87,0,9,1
4248,5063,361917.45,36,8.24,114871,487812.18,0,3,0
4249,3877,832781.47,12,8.86,147758,45600.55,1,11,1
4250,3543,811608.05,24,20.43,121143,124156.35,0,8,1
4251,9925,240433.89,12,14.47,69459,301627.99,0,11,1
4252,5457,928338.45,36,8.86,38880,1085.64,0,4,0
4253,1215,462663.27,12,14.27,130138,73204.1,0,0,1
4254,9867,496370.03,48,10.57,68614,211124.81,0,7,1
4255,7420,298582.69,36,15.48,130366,367731.27,1,4,1
4256,4273,381922.47,36,23.83,106342,425653.82,0,0,0
4257,728,504333.94,60,8.2,30890,310330.89,0,2,1
4258,8916,202928.33,60,20.46,134052,61340.49,0,10,0
4259,8334,599108.05,48,13.88,93885,54080.92,0,5,1
4260,986,586673.28,48,20.55,70223,243393.09,0,11,1
4261,5749,536065.54,48,15.14,113623,378583.63,1,6,1
4262,3097,337822.4,12,20.02,32969,45533.15,0,0,0
4263,2448,98722.73,60,16.8,59524,113806.21,0,3,0
4264,4391,853890.25,36,19.92,34730,196563.77,0,5,0
4265,30,480730.82,24,16.21,79896,306152.88,0,3,0
4266,8469,723520.79,24,18.73,109889,368170.11,0,7,1
4267,6216,122723.89,12,15.36,23759,266582.54,0,4,0
4268,2731,190860.28,24,11.77,82879,206258.34,0,5,1
4269,221,782829.15,12,20.12,132662,17912.26,0,2,0
4270,7391,688461.72,48,15.98,136009,151696.9,0,3,1
4271,6333,717271.53,60,14.26,64348,190119.3,0,5,1
4272,5353,73494.56,48,23.86,43553,46840.7,0,1,1
4273,3688,412695.33,12,8.85,80588,229633.74,0,5,1
4274,9619,347754.25,36,19.6,92113,309022.18,0,6,1
4275,7599,810081.75,36,14.63,63912,349550.2,0,7,1
4276,4672,421304.67,48,13.33,78531,233320.47,0,3,1
4277,3988,56842.11,24,22.32,82609,61253.8,0,7,1
4278,3922,436251.92,36,20.41,123152,278602.41,0,9,0
4279,1384,319712.36,12,8.33,96491,77515.52,0,5,0
4280,6209,776208.73,24,19.77,126943,133791.56,0,3,0
4281,3399,694015.86,12,8.13,128096,66648.64,0,2,0
4282,9497,713683.27,48,8.76,142683,43808.49,0,3,0
4283,858,863155.51,24,12.07,103745,83750.17,0,2,0
4284,1257,958250.2,36,23.69,50915,203215.78,0,6,1
4285,5193,982655.35,36,14.26,38885,221150.44,0,4,0
4286,8125,982472.21,60,17.11,134463,314609.58,0,11,1
4287,5036,880610.16,48,20.5,124814,54563.4,0,1,0
4288,7855,611426.29,24,12.19,24196,158949.1,1,5,0
4289,3534,286004.72,60,23.02,34619,382106.4,0,7,0
4290,2848,60414.31,12,15.38,53481,440930.53,0,10,1
4291,1385,384744.14,48,22.04,141532,301875.05,0,10,1
4292,3460,832841.09,36,15.24,78829,428015.88,0,11,1
4293,7489,720243.12,12,22.51,34844,196786.82,0,4,0
4294,2557,183515.93,12,21.77,29750,50515.48,0,5,0
4295,8606,50670.36,12,13.5,66758,339640.85,0,11,1
4296,4579,299789.46,12,9.4,74885,372413.42,0,5,1
4297,7002,780894.71,48,9.01,105851,55202.42,0,1,0
4298,4912,682241.3,60,15.48,85832,62599.58,0,2,1
4299,2627,675489.39,48,8.65,121864,916.54,1,0,1
4300,2630,712178.29,36,17.95,59406,314401.01,1,6,1
4301,7031,307874.45,24,20.93,64780,176328.44,0,9,1
4302,7461,611668.89,36,21.87,84640,213937.25,0,8,0
4303,4278,980400.67,24,23.13,111811,31592.34,0,5,1
4304,6486,316053.5,36,9.34,117949,3150.2,0,4,1
4305,3814,872513.11,60,22.02,39035,185318.34,0,9,0
4306,3440,910707.83,36,9.61,20654,340885.89,1,0,0
4307,509,427737.87,24,23.85,27407,8998.22,0,1,0
4308,1410,120871.5,48,9.74,62076,7781.48,0,6,0
4309,1702,993384.83,24,23.93,105542,53697.96,0,4,0
4310,836,139446.42,60,14.58,128902,471091.21,0,5,1
4311,1670,836270.09,24,19.84,37300,391445.75,0,2,0
4312,4642,380023.33,12,10.81,35520,133703.1,0,8,0
4313,7007,629038.08,24,9.32,36464,51362.35,0,10,0
4314,3065,335683.42,24,18.76,80649,48666.22,0,1,0
4315,4230,406143.28,36,16.85,63386,172581.0,0,3,0
4316,3112,319304.88,36,22.53,74810,71787.47,0,1,0
4317,2576,245036.45,48,18.89,122424,114782.65,0,0,1
4318,4674,393981.5,12,18.19,131407,179423.16,0,7,0
4319,3594,872165.82,48,18.44,32332,223754.57,0,9,0
4320,3410,127497.68,12,14.41,126015,30922.84,0,5,1
4321,6302,60590.18,24,19.55,106121,438460.13,0,1,0
4322,4164,274195.68,12,22.31,82136,25500.53,0,0,0
4323,3623,854466.97,60,19.07,97646,462994.42,0,3,0
4324,320,933772.89,24,9.81,44174,125264.51,0,9,0
4325,4059,822223.78,12,15.23,138145,125863.44,0,5,0
4326,7695,85926.99,12,14.46,79274,450834.93,0,1,0
4327,7626,235651.98,36,15.75,99426,262343.07,0,4,1
4328,581,363084.02,12,12.66,146544,139660.81,0,2,0
4329,171,699306.23,48,16.93,105656,261685.51,0,8,0
4330,9179,360921.44,60,20.87,60759,491027.87,0,3,0
4331,7055,519706.54,36,13.37,132041,428008.38,0,4,0
4332,462,88729.71,24,22.73,71736,112839.12,0,11,0
4333,7351,85097.64,48,12.42,71363,24857.75,0,10,1
4334,3459,745509.61,24,16.02,89838,386215.79,0,2,0
4335,5258,149821.49,48,18.48,75784,59674.56,0,9,1
4336,24,311842.6,36,21.11,22359,293628.79,0,11,0
4337,6519,54527.3,24,18.68,64530,319279.9,0,10,0
4338,7764,571390.54,48,22.1,88062,127151.85,0,11,0
4339,3138,566192.92,24,21.3,24777,283816.13,0,4,0
4340,5838,473985.57,48,11.26,35958,269529.5,0,4,0
4341,8690,797498.81,60,13.93,23160,349430.21,0,4,0
4342,8389,414612.03,36,8.47,73522,450567.93,0,6,1
4343,5689,285633.51,60,12.6,83331,66692.44,0,3,0
4344,4232,367927.33,60,8.24,50380,286162.91,1,4,1
4345,1702,706208.19,12,18.99,90464,272855.38,0,3,1
4346,3689,950174.77,24,19.36,63215,250888.31,0,4,0
4347,7242,719525.88,60,20.52,77095,195558.55,1,3,1
4348,6298,992050.95,48,10.28,59067,494742.63,0,2,1
4349,1418,626198.57,36,13.19,86071,369186.98,0,3,0
4350,2927,949830.05,12,18.05,67299,366272.49,0,10,1
4351,4793,184544.44,36,21.65,46687,366474.22,0,5,1
4352,7987,276096.7,12,21.59,81910,49287.54,0,2,0
4353,2841,677670.05,48,14.46,99249,68361.57,1,10,1
4354,2809,514562.41,60,13.29,59182,82906.68,0,1,0
4355,2532,395389.15,60,15.43,148117,172002.77,1,8,0
4356,2090,387229.55,12,10.55,38157,183478.25,0,3,0
4357,8163,336197.05,60,11.69,52977,128949.87,0,8,0
4358,3318,820404.53,48,8.29,87809,238264.89,0,2,0
4359,6421,387059.47,60,19.96,91348,371574.22,0,4,0
4360,4123,123093.51,24,23.92,108618,115658.13,0,0,0
4361,9296,193589.57,60,9.24,28367,84887.98,0,3,0
4362,1087,519444.84,12,10.41,82313,470556.92,0,10,0
4363,2227,171197.49,12,11.27,82727,72875.58,0,0,0
4364,672,840854.97,60,16.71,83051,475769.73,0,0,0
4365,1768,919075.63,60,14.2,84487,344977.17,1,5,0
4366,6552,112789.39,48,9.26,54252,316779.61,0,10,1
4367,8170,877822.36,24,8.08,122487,405891.66,0,8,1
4368,4267,702092.52,60,13.41,104160,34873.13,0,3,0
4369,9821,359176.41,24,15.07,117738,77896.08,0,7,1
4370,7978,289713.15,12,19.03,103339,38563.22,0,10,0
4371,8267,435271.22,48,23.67,126767,356908.65,0,9,1
4372,3038,619624.0,60,14.62,123329,32976.58,0,10,1
4373,9576,278525.94,36,16.33,133516,666.9,0,9,0
4374,283,886201.71,36,19.73,121519,51005.13,0,6,0
4375,9930,76380.18,12,14.68,64981,51424.12,1,4,1
4376,3598,116828.79,12,17.56,111540,21363.46,0,6,0
4377,983,503294.77,36,13.89,131295,199844.59,0,10,0
4378,6649,375622.21,36,23.85,28997,432173.71,1,8,1
4379,8504,345814.24,24,11.56,64344,371074.28,0,8,0
4380,9218,483679.28,12,19.98,28538,379134.55,0,0,1
4381,9746,594793.29,36,9.46,32494,23746.12,0,10,0
4382,8552,190882.72,36,12.34,149935,315587.1,0,0,0
4383,321,856605.8,48,19.18,45136,182676.59,0,1,0
4384,9158,376505.52,36,12.91,80246,491081.2,0,3,1
4385,449,517585.29,36,12.91,100930,103334.63,0,8,1
4386,454,588380.16,36,11.3,149432,108739.68,0,7,0
4387,5563,665735.67,60,9.35,39710,60397.6,0,11,1
4388,8235,157138.67,36,13.68,49915,302076.45,0,9,1
4389,6054,852288.3,12,9.52,115226,255091.8,0,0,0
4390,7837,110985.09,60,23.77,40267,139483.31,0,11,1
4391,4481,258015.09,60,12.83,29623,303741.43,0,6,1
4392,7552,143477.84,48,16.49,36771,240305.77,1,8,1
4393,3974,774990.7,60,12.37,97161,267135.56,1,4,1
4394,6781,727731.53,36,11.68,55525,146774.6,0,10,1
4395,292,333949.3,48,19.5,63405,310619.1,0,0,0
4396,5116,792894.08,48,13.79,32738,453108.53,0,9,1
4397,64,913601.42,24,10.65,96116,76573.75,0,0,0
4398,8522,225284.5,60,11.21,102593,10611.97,0,1,0
4399,3201,399076.25,48,22.04,123397,425984.61,0,0,0
4400,4690,552689.78,24,17.04,86177,398937.02,0,6,0
4401,6094,339596.16,48,18.58,41995,122342.73,0,10,1
4402,7897,681456.77,60,9.4,146214,413564.61,0,4,0
4403,2502,842055.58,60,17.25,105410,339469.14,0,10,1
4404,8834,744142.95,12,10.98,23606,399121.14,0,5,0
4405,564,946561.3,36,9.94,64883,456720.65,0,10,1
4406,4609,418383.55,36,15.76,62208,188591.98,0,2,0
4407,8732,223204.21,36,17.52,121912,401851.33,0,3,0
4408,230,876435.73,12,13.8,87710,356415.68,0,11,0
4409,7978,988678.57,12,19.03,64772,289919.59,0,7,0
4410,434,474857.44,24,21.24,82586,469670.0,0,5,1
4411,2622,231305.1,36,17.88,73611,331609.51,0,2,1
4412,4352,323572.75,24,20.53,23907,293290.79,0,5,1
4413,4196,469222.67,24,21.57,87683,291063.88,0,7,1
4414,3402,183565.02,48,23.84,86438,300842.4,0,8,0
4415,8241,421547.73,36,17.32,110641,448335.61,0,0,1
4416,5000,711741.42,12,9.78,24792,142489.96,0,9,0
4417,4509,543953.71,24,14.61,66645,353603.22,0,4,0
4418,9996,795024.11,36,19.92,29141,102927.43,0,5,0
4419,2163,150620.55,60,21.94,54063,133316.7,1,1,0
4420,678,847020.38,36,11.36,42666,327425.69,1,4,1
4421,5581,367244.15,24,17.64,108268,258723.09,0,8,0
4422,4916,385818.62,60,19.68,43293,452669.62,0,5,1
4423,1007,613073.9,36,23.81,79649,330395.38,0,5,1
4424,596,734436.29,60,14.12,25932,202424.21,0,0,0
4425,146,196925.16,24,8.7,143571,67431.04,0,3,0
4426,1218,69239.68,48,23.38,57757,41737.49,0,2,0
4427,2129,312944.11,36,8.74,115217,248510.23,0,2,0
4428,1153,362345.36,48,11.78,121031,288213.83,0,9,1
4429,6757,194759.72,60,16.83,104835,241585.81,0,11,0
4430,7621,778727.85,36,9.41,106597,216736.32,0,2,0
4431,9151,672984.75,12,23.09,140871,272380.03,0,11,1
4432,7116,243188.93,48,17.12,115899,206682.19,0,3,1
4433,1676,197357.75,48,13.79,27576,31666.43,0,4,0
4434,7561,512120.77,60,13.74,36980,72654.68,0,7,0
4435,9360,862429.9,24,8.19,139755,58273.89,0,9,0
4436,1521,406970.85,12,20.96,128527,172838.11,0,5,1
4437,1779,648238.95,24,14.54,139018,35912.77,0,6,0
4438,8753,262114.54,36,8.16,29421,153795.64,0,2,0
4439,9462,909879.24,24,20.77,54923,44840.48,0,8,1
4440,6531,824628.46,48,22.65,48948,265327.19,0,6,0
4441,2025,840492.86,12,18.28,68212,459928.41,0,8,0
4442,1360,60244.32,36,23.71,82170,332558.49,0,8,0
4443,2906,514603.25,36,16.57,72658,41885.17,0,8,0
4444,806,75017.44,48,9.35,24592,26019.33,0,3,0
4445,8985,855805.55,24,23.47,62932,391950.98,0,7,0
4446,1926,213397.79,36,12.76,141061,37207.16,0,9,1
4447,3187,738264.48,36,19.45,21112,462047.72,0,4,0
4448,8943,285686.0,36,16.04,120550,108708.13,0,0,0
4449,4044,842885.43,12,10.81,110366,243600.16,1,5,0
4450,8229,348157.75,48,14.24,20138,226310.19,0,10,0
4451,7629,88910.59,36,14.46,57130,399718.5,1,5,0
4452,4836,94935.45,12,20.08,142457,175909.85,1,4,0
4453,8250,865190.04,12,12.46,91099,148156.4,1,10,1
4454,9364,899923.83,60,23.88,49720,259970.17,0,6,1
4455,9426,758695.49,36,21.22,55207,235201.69,0,10,1
4456,8467,972795.51,60,17.93,125241,400846.81,0,11,1
4457,1675,918470.95,60,16.35,104601,397826.48,0,3,1
4458,4660,731240.81,12,19.88,63625,290367.45,0,9,1
4459,7476,61833.22,36,23.26,49319,490338.51,0,0,0
4460,5773,228653.49,12,23.96,92909,418972.09,0,4,1
4461,922,257720.07,24,21.89,107127,129348.26,0,1,0
4462,3766,315934.12,36,8.49,82706,29604.18,0,5,1
4463,1373,307430.12,24,23.46,149417,309741.34,0,10,1
4464,1809,231335.23,24,19.73,143371,106907.04,0,3,0
4465,8199,511533.17,48,17.81,22929,325097.74,0,1,0
4466,4778,962929.51,24,10.85,124124,79694.14,0,1,0
4467,6536,93792.19,24,10.02,56527,419200.52,1,1,0
4468,488,211442.47,60,15.33,116597,154909.05,0,11,0
4469,4712,396434.2,36,19.54,59886,119600.88,0,0,1
4470,8552,629070.9,24,19.94,134353,169393.41,0,4,0
4471,6608,177829.2,60,16.77,36258,371768.99,0,3,0
4472,4323,581768.48,12,20.89,101890,299882.37,0,4,0
4473,3046,176699.34,12,17.26,104516,30563.68,0,5,0
4474,580,243754.29,36,14.89,70396,54619.78,0,4,0
4475,7984,66578.88,24,13.86,108132,414674.4,0,1,0
4476,5531,962427.62,48,12.62,142842,292179.52,0,7,1
4477,2446,298009.36,48,21.14,75403,147091.28,0,8,1
4478,6405,631054.09,24,11.5,71649,171088.35,0,6,0
4479,2665,285421.98,12,22.39,53493,187749.25,0,6,1
4480,7984,930308.51,12,12.93,52404,37752.31,0,2,1
4481,3043,92942.11,60,14.82,127593,137794.79,0,10,1
4482,7297,519436.85,60,10.38,124911,150015.94,0,2,0
4483,3049,360487.93,48,9.79,64357,478725.48,0,1,0
4484,8255,397442.49,60,10.25,29009,78883.61,1,3,1
4485,9969,145938.76,24,19.71,20933,90693.06,0,8,1
4486,2315,422452.54,60,19.0,121862,435681.09,0,3,0
4487,6865,746826.4,36,19.23,47271,458638.66,0,0,0
4488,1894,699704.94,48,21.6,136013,371972.16,0,4,0
4489,4996,922831.19,12,11.27,63959,67046.43,0,1,0
4490,1140,106389.0,60,12.14,81534,225453.85,0,7,0
4491,9673,908017.76,36,23.38,101728,279957.99,0,10,0
4492,7836,478763.24,12,9.71,28281,274692.92,1,9,1
4493,4314,449492.34,60,12.47,43904,366856.41,0,3,0
4494,1499,458992.05,24,23.39,38738,253951.23,0,8,1
4495,3314,710066.33,48,16.76,111289,330654.4,0,4,0
4496,3819,475540.1,12,22.85,111647,488819.97,0,8,1
4497,4090,978858.37,12,20.9,26599,121279.24,0,0,0
4498,6032,696328.16,36,23.19,45675,161740.64,0,1,0
4499,730,625531.98,48,19.82,120037,107293.65,0,6,0
4500,5189,199644.78,48,12.19,92721,128342.61,0,0,0
4501,4402,275958.29,36,20.15,45171,91923.21,0,8,1
4502,3041,696564.4,60,14.27,105410,113806.29,0,2,0
4503,8401,409451.01,36,10.56,92108,419509.27,1,10,1
4504,137,778482.36,12,11.96,58874,147855.42,0,6,1
4505,8784,457187.11,12,12.69,21190,466398.5,0,3,0
4506,1038,878234.31,24,9.65,149869,431787.76,0,0,1
4507,3125,616328.88,48,14.44,37887,57249.81,0,3,0
4508,5481,852109.89,12,23.08,59709,350683.94,0,10,1
4509,5732,886887.58,12,11.11,116050,157151.55,0,7,0
4510,1712,362701.7,48,23.65,45892,170859.19,0,8,1
4511,3766,423404.2,60,15.78,73803,244096.1,0,11,0
4512,7683,737814.34,48,20.13,117900,68029.33,0,0,0
4513,1590,166520.94,12,9.79,21815,464401.4,0,7,1
4514,1007,186923.99,48,21.79,135280,482061.96,0,5,0
4515,7684,830592.32,60,17.25,53176,71789.21,0,9,1
4516,6784,62221.07,12,10.08,20962,102405.78,0,6,1
4517,3435,85685.59,60,15.98,113733,10537.84,0,1,0
4518,5675,596815.79,24,18.86,20242,125782.46,0,1,0
4519,402,964797.53,60,14.6,41647,338803.74,0,5,1
4520,7024,936101.72,12,13.19,118618,296309.03,0,10,1
4521,6222,468966.65,48,12.85,49609,303815.79,0,7,0
4522,6886,809175.36,60,16.55,124196,99358.01,1,4,0
4523,2905,711675.95,48,15.03,90629,205773.83,1,11,0
4524,4294,813443.72,12,19.86,124301,406493.75,0,0,0
4525,6873,280576.24,48,23.18,33188,131439.47,0,9,1
4526,8178,360261.81,12,10.88,98144,296316.13,0,0,0
4527,158,788063.53,12,16.14,80696,131217.38,0,3,1
4528,791,309735.12,60,15.84,24704,241848.62,0,9,1
4529,8114,770010.01,24,14.41,114594,385888.8,0,9,0
4530,5193,765095.14,36,19.96,108569,209765.55,0,10,1
4531,8826,776280.8,60,15.32,131366,384127.31,0,3,0
4532,1840,464686.13,24,9.5,80484,138380.55,0,8,1
4533,8679,233034.41,60,16.03,144196,215393.7,0,0,0
4534,7690,140835.75,60,20.07,144391,147919.46,1,9,0
4535,7164,234334.12,12,23.34,88477,494591.37,0,7,0
4536,4718,516250.58,24,9.82,90703,418035.74,0,0,0
4537,380,297990.84,36,18.14,137339,123009.9,0,5,0
4538,1165,865771.89,48,13.65,73996,92545.07,0,6,1
4539,5646,746631.04,12,11.64,94712,311509.25,0,3,0
4540,2927,753609.24,60,17.57,32366,99786.29,1,2,0
4541,7392,331246.23,48,14.31,85786,76628.87,0,9,1
4542,9183,496553.09,60,9.16,129662,32393.41,0,2,0
4543,5152,652420.56,12,22.33,112834,169492.58,0,10,0
4544,2074,472149.93,60,14.93,66195,141749.11,0,11,0
4545,3131,804813.3,12,23.42,69676,77850.62,0,9,0
4546,1402,611358.86,60,11.56,145970,392317.95,0,10,1
4547,5864,617620.67,48,8.89,130157,21197.39,0,7,0
4548,8808,104668.72,12,8.48,125383,456400.91,0,5,1
4549,141,804618.37,24,17.85,84339,352046.32,0,5,0
4550,1327,167414.09,48,21.4,61331,181391.13,0,7,1
4551,6709,240469.14,12,18.24,65177,380591.17,0,6,0
4552,9886,162211.64,12,21.18,148761,196011.54,0,11,0
4553,5456,843616.5,24,16.28,27525,428158.44,0,2,0
4554,3136,890141.67,60,9.82,92819,131756.49,0,3,0
4555,671,978528.33,36,20.89,140767,175934.77,1,0,0
4556,3179,207305.78,12,13.81,126196,273863.09,0,9,0
4557,8214,857610.89,48,19.08,37038,444497.83,0,10,0
4558,1387,602699.71,60,9.83,95325,358262.42,0,1,0
4559,4268,907187.72,48,12.51,114940,380381.76,0,6,0
4560,3424,327731.88,12,14.63,92666,96039.05,0,3,1
4561,1106,313404.81,24,23.49,110522,191030.19,0,5,1
4562,3300,815185.27,24,18.2,46031,370500.87,0,4,0
4563,2792,285328.94,24,19.09,51400,490622.24,0,1,0
4564,7929,118788.17,60,20.44,130406,192247.01,0,1,0
4565,1250,468539.34,24,15.89,21320,472325.67,0,11,1
4566,3277,624536.23,60,10.49,31640,268617.58,0,4,1
4567,2225,721244.78,12,12.91,30156,376296.17,0,6,1
4568,2952,184274.16,12,11.95,50116,25387.38,0,11,1
4569,8783,538799.27,36,22.35,72142,6878.28,1,9,1
4570,6732,366625.07,48,19.65,121727,473681.26,0,5,0
4571,3260,476440.54,12,16.84,129627,53837.54,0,5,1
4572,3219,141354.65,60,11.9,55555,415670.16,0,0,0
4573,2938,753218.23,60,10.49,83778,84319.72,0,2,0
4574,8665,659077.88,60,17.46,38834,315540.08,0,4,0
4575,6482,554227.5,24,10.06,86152,255560.17,1,11,1
4576,7287,221502.71,48,15.24,89723,61517.04,0,5,0
4577,8359,214177.86,36,17.3,141862,108747.88,0,5,1
4578,6852,241235.45,48,13.7,137587,316803.31,0,6,1
4579,9322,798377.47,48,22.83,139725,438610.51,0,3,1
4580,8466,392372.64,12,9.47,52432,86867.87,1,2,0
4581,3830,406219.34,24,14.76,78471,263525.74,0,9,1
4582,9526,387527.84,12,22.35,149137,497172.57,0,10,0
4583,6653,171220.57,24,10.83,64439,228019.89,0,9,0
4584,944,858610.42,36,18.05,55676,76490.48,0,6,1
4585,3909,590497.21,12,17.3,85805,455703.64,0,7,0
4586,8528,995110.65,24,22.47,120250,446116.6,0,1,0
4587,6495,541462.56,24,22.16,103959,17448.57,0,5,0
4588,4570,704760.51,60,22.63,29186,195735.03,0,0,0
4589,3931,819389.43,12,17.29,105367,481610.78,0,8,1
4590,3869,825911.44,24,10.86,137477,235031.47,0,11,1
4591,7081,466418.15,60,10.19,72788,306709.16,0,6,0
4592,2400,411390.83,60,20.33,109028,114410.94,0,10,0
4593,5259,190371.84,60,14.71,113584,349237.81,0,7,1
4594,616,780930.74,12,11.97,103045,282103.7,0,3,0
4595,3244,644645.62,36,18.69,80235,286935.69,0,7,0
4596,7389,211974.63,48,20.4,65182,298280.56,0,10,1
4597,1186,521841.6,60,22.55,71587,5839.82,0,11,0
4598,1492,591308.82,12,8.7,29036,34480.53,0,7,1
4599,1231,871865.48,24,9.7,57638,422597.31,1,7,1
4600,8738,131730.55,24,18.87,143059,308695.93,0,4,0
4601,6844,203703.18,48,10.38,141726,400488.79,0,8,0
4602,566,557162.47,12,10.05,119892,304218.04,0,3,0
4603,9174,93484.01,24,10.95,34180,57550.02,0,2,0
4604,4232,414351.97,48,12.79,76043,305151.3,0,7,0
4605,7161,64965.6,60,22.17,35716,106307.64,0,6,0
4606,1299,294631.39,48,20.84,48779,311205.44,1,9,1
4607,1409,203299.76,36,13.36,37184,324714.69,1,6,1
4608,826,321642.13,60,18.01,38101,262591.44,0,11,0
4609,5497,778800.42,24,19.02,33045,15542.01,0,9,1
4610,2970,379944.09,48,23.79,59804,54230.46,0,5,1
4611,7730,898042.4,12,9.3,97582,280363.13,0,1,1
4612,7002,313050.06,12,13.75,115998,80700.97,0,5,0
4613,756,171920.49,24,23.14,45490,52670.52,0,10,0
4614,9363,107036.03,60,16.51,97592,67893.34,0,9,0
4615,6340,992467.99,48,20.53,43185,384137.26,0,3,0
4616,442,141224.69,36,11.68,26865,227743.45,0,4,0
4617,5228,393417.08,60,12.56,38156,104878.44,0,9,1
4618,4123,854726.11,36,22.31,83548,238448.58,0,4,0
4619,78,265402.5,48,18.77,34558,383396.11,0,7,1
4620,3558,111572.59,12,21.36,77842,478816.19,0,4,1
4621,1861,564554.25,12,11.43,124296,426252.38,1,7,0
4622,2516,83200.03,12,11.86,126208,146904.02,0,8,1
4623,7382,733603.77,12,12.68,61772,182423.33,0,10,1
4624,928,620307.76,24,21.2,20112,361757.03,0,7,1
4625,1386,270128.1,60,11.48,56290,374504.23,0,11,1
4626,1001,516702.31,48,18.72,114722,36107.2,0,10,0
4627,6679,56328.84,60,13.18,114268,94878.53,0,1,0
4628,7698,564919.24,24,17.77,74721,67881.58,0,11,1
4629,8568,786199.21,12,14.85,41554,385526.41,1,3,1
4630,5819,105411.97,60,12.14,30755,297459.6,0,7,0
4631,8126,264217.95,24,18.6,44300,398789.67,0,10,1
4632,2255,642481.73,48,19.11,30123,447340.35,0,4,0
4633,128,95595.6,60,20.11,105180,388953.46,0,9,1
4634,4217,824573.45,36,21.16,122086,30012.38,1,10,1
4635,7133,358232.97,60,12.31,85114,286041.26,0,1,0
4636,7832,250468.87,24,14.21,64285,192701.06,0,11,1
4637,1037,859181.61,36,18.43,29772,151085.39,1,6,1
4638,2398,671607.38,12,18.82,113026,303673.78,0,10,1
4639,713,903873.33,36,23.87,54222,146772.95,0,5,0
4640,4738,421118.89,12,11.32,79657,227591.79,0,10,1
4641,267,980836.61,12,17.28,136992,119912.96,0,0,0
4642,8183,957242.98,12,9.89,64894,476795.31,0,8,1
4643,5687,591459.67,24,10.01,41420,157440.09,0,9,0
4644,2968,741212.48,60,14.86,87639,391567.31,0,2,0
4645,2807,403706.94,12,16.92,33128,418643.76,0,2,1
4646,3080,105140.68,24,11.32,149151,41219.77,0,8,1
4647,1129,363472.18,60,8.89,133752,69170.96,0,7,1
4648,5042,294313.5,12,13.46,40444,189825.43,0,0,0
4649,7109,177718.49,12,11.51,22145,144714.22,0,11,0
4650,9472,511023.27,12,9.42,43987,489680.96,0,10,0
4651,8689,937179.21,36,21.2,88915,37003.98,0,3,0
4652,6660,889696.7,24,17.36,77724,479232.62,0,1,0
4653,2567,317698.24,12,19.56,20380,179594.69,0,6,0
4654,4396,999786.23,48,20.19,39324,240152.13,0,8,1
4655,4056,914904.98,60,10.41,44631,313030.64,0,9,1
4656,7994,139193.88,12,12.31,36963,309152.48,0,3,0
4657,4306,280413.96,48,8.89,85894,170023.01,0,1,0
4658,5049,362666.79,60,22.22,76922,232344.93,0,11,1
4659,8527,262270.06,12,20.65,131719,138196.23,0,4,0
4660,5024,183977.04,12,12.43,62977,127628.41,0,2,0
4661,1578,431528.88,60,12.96,137995,40612.16,0,6,1
4662,3498,611342.53,12,17.36,21812,211578.1,0,6,0
4663,1699,775935.61,48,17.54,99700,175826.74,0,4,0
4664,3156,902248.78,60,21.93,95838,116584.8,0,3,1
4665,1545,405721.56,24,8.47,34050,64839.68,0,11,1
4666,6639,650617.04,12,22.78,130368,50704.75,0,9,1
4667,4670,502027.15,48,21.9,133467,179699.68,0,9,1
4668,437,712414.02,60,16.11,48039,246118.41,1,8,0
4669,3073,745350.96,24,9.85,89991,352574.01,0,2,0
4670,7885,67120.31,48,17.93,76575,345429.92,0,6,0
4671,5522,708760.39,48,17.93,71105,38607.98,0,10,1
4672,1697,97225.48,36,9.43,136703,29437.69,0,9,1
4673,9140,265282.55,24,22.92,85654,378397.32,0,2,0
4674,8965,326069.7,60,18.04,54865,400113.62,0,4,0
4675,9338,622858.42,60,16.68,95095,216616.91,0,1,0
4676,1509,302385.36,12,17.25,96058,151619.36,0,3,0
4677,1148,503970.17,12,16.46,101261,76570.42,0,1,0
4678,9730,618541.24,60,9.47,75039,105469.59,0,5,0
4679,3302,966082.48,60,20.28,103266,196971.3,0,11,1
4680,1955,664139.2,24,8.07,25087,483034.17,0,4,1
4681,4817,729157.77,60,21.19,95305,295542.36,0,8,1
4682,9225,378428.3,48,10.32,124506,258479.85,0,5,0
4683,3742,461095.89,48,12.94,114576,222567.74,0,11,1
4684,9992,178544.6,48,13.89,73556,2394.18,0,6,0
4685,6575,374176.5,36,15.04,147736,89850.03,0,2,1
4686,9999,122691.51,24,15.47,69540,313021.45,0,8,1
4687,6773,403008.13,60,18.15,107095,300874.08,0,2,0
4688,9930,748568.69,12,15.26,91460,291582.14,0,9,1
4689,2819,713696.69,36,20.06,81636,116175.19,0,1,1
4690,6305,590532.29,24,9.8,55545,147696.42,0,9,1
4691,6363,505363.34,12,13.01,120202,278386.02,0,3,0
4692,3855,833199.21,48,11.94,65430,81291.45,0,2,0
4693,1979,986617.76,36,13.01,141522,125974.26,0,11,0
4694,1159,993161.94,24,11.2,132215,402256.9,0,9,0
4695,2078,67042.68,48,21.93,71693,125870.0,1,5,1
4696,6419,153510.17,24,15.86,139444,307694.41,0,10,0
4697,7966,392203.92,12,17.98,62451,301643.17,0,6,0
4698,7504,652529.13,48,20.06,81704,476123.83,0,1,1
4699,7168,647649.88,60,12.89,148398,270470.07,0,4,0
4700,5780,872667.23,60,21.97,43793,231831.92,0,2,0
4701,652,559141.35,60,15.19,132642,167798.84,1,2,0
4702,6702,284196.4,48,18.21,143610,101947.08,0,10,1
4703,8028,190619.74,24,8.43,75683,141866.75,0,10,1
4704,2994,520436.72,60,14.75,92721,480257.42,1,9,1
4705,7591,980234.66,60,12.7,131916,480914.54,0,3,1
4706,4115,616914.56,36,8.56,36368,92886.37,0,8,1
4707,3835,133191.96,48,13.61,112603,30814.48,0,9,1
4708,141,94335.33,36,21.41,147787,147995.59,0,0,0
4709,9176,713313.09,12,22.28,47929,383664.74,0,5,0
4710,6948,717671.56,36,17.12,79732,191953.81,0,0,0
4711,6114,618707.92,48,23.73,128583,149456.56,0,10,1
4712,2666,721996.18,36,22.78,146100,186086.14,0,2,0
4713,4563,298020.37,60,18.72,137161,108023.25,0,9,0
4714,9367,489928.91,36,11.21,68950,313993.58,0,4,0
4715,2547,572885.3,60,9.94,54681,292518.1,0,11,0
4716,1641,138840.71,12,18.56,32649,176085.89,0,3,0
4717,6109,933859.49,36,14.52,139394,240393.12,0,0,0
4718,1562,705943.6,48,8.78,36729,1739.53,0,0,0
4719,8958,876717.32,36,22.43,131536,264320.15,0,7,1
4720,9336,169281.4,12,8.82,32779,417579.61,0,5,0
4721,5457,488423.39,36,20.66,140159,69112.29,0,10,1
4722,1349,842265.42,60,16.69,146714,469256.08,0,9,0
4723,8247,729348.37,24,14.81,70749,261291.7,1,9,1
4724,8250,599060.67,48,18.87,90576,421397.22,0,0,0
4725,745,61905.36,12,15.74,101016,145837.47,0,9,1
4726,8460,568988.06,48,17.46,50094,315521.0,0,7,1
4727,2471,368186.12,36,17.27,92219,139811.0,0,8,0
4728,9667,88999.58,60,17.62,87001,407641.65,0,9,1
4729,35,314286.05,24,23.86,137064,459293.7,0,1,0
4730,3958,792284.92,24,12.69,35428,460789.41,0,4,0
4731,9743,982276.33,60,12.92,129190,394094.53,0,9,0
4732,9775,440891.28,36,13.79,83725,477548.77,0,7,0
4733,3378,141468.49,60,22.44,149685,403120.26,0,0,0
4734,2792,920310.8,48,16.86,147288,444848.02,0,7,1
4735,3200,114599.76,48,22.85,30836,162365.78,0,4,1
4736,2493,354505.6,36,20.12,132338,327072.26,0,0,0
4737,7293,205663.91,60,12.02,93808,96360.61,0,7,0
4738,5229,289503.96,60,17.13,99818,156974.33,0,11,1
4739,3482,670523.99,12,9.29,46993,284523.68,0,11,1
4740,4849,91421.88,24,16.94,24985,228465.94,0,2,0
4741,3671,412428.44,12,11.05,86142,446334.35,0,9,1
4742,131,54479.62,36,14.58,76127,97866.62,0,7,1
4743,2568,443848.12,24,17.22,63911,320543.67,0,7,1
4744,9338,490009.13,36,11.08,25665,192651.04,0,5,0
4745,5857,840614.19,60,20.04,79202,150402.0,0,0,0
4746,1586,531389.36,12,15.67,121607,52583.15,0,11,0
4747,3121,200042.19,36,21.98,80334,354579.28,0,9,1
4748,2451,621536.34,12,12.96,147035,212120.61,0,7,1
4749,9794,288487.99,60,20.26,40986,418869.19,0,2,0
4750,9896,535082.26,36,8.39,98097,386847.69,0,7,0
4751,3728,305340.95,60,16.84,122499,218028.5,0,9,0
4752,6119,284671.38,36,21.54,128838,128225.67,0,7,1
4753,1023,801644.89,60,21.3,28916,396714.59,1,10,1
4754,4328,532110.86,24,17.05,55715,45971.94,0,3,0
4755,4620,788153.01,24,17.94,28091,208265.5,0,4,0
4756,8448,460881.17,36,20.27,70403,391010.41,0,2,0
4757,2300,336952.64,36,16.68,75915,83071.07,0,5,0
4758,8143,555944.81,24,20.82,97815,256930.34,0,10,0
4759,1413,837703.64,36,17.63,96528,391620.61,0,11,1
4760,3247,151533.56,12,10.42,85626,11909.03,0,2,0
4761,3593,972902.49,48,20.27,39080,372192.65,0,6,0
4762,4375,537626.99,48,13.73,88145,132138.57,1,0,1
4763,7231,490799.48,24,22.15,42408,380092.25,0,5,0
4764,391,971265.93,12,14.16,26811,209478.22,0,7,0
4765,3954,385426.92,48,11.89,140941,11424.6,0,4,0
4766,5586,438095.91,60,12.85,68850,282234.85,0,2,0
4767,5687,178055.46,12,10.92,95704,319482.92,0,8,1
4768,1491,892279.74,12,15.18,57861,85723.72,0,4,0
4769,9983,981241.44,24,19.97,37925,254665.27,0,4,0
4770,926,199723.49,48,18.56,44819,382776.04,1,3,0
4771,2414,951732.37,60,21.94,101022,32567.7,0,2,0
4772,947,57805.66,36,8.33,145296,428062.98,1,4,1
4773,8302,750050.65,36,20.16,93255,175893.72,1,10,1
4774,339,666262.41,24,17.74,119797,483619.61,0,4,1
4775,8533,109026.36,12,23.44,44829,411343.82,0,9,1
4776,8841,88464.37,60,21.3,114448,379009.51,0,5,0
4777,7839,104783.41,36,12.49,75803,79067.28,0,1,0
4778,2309,847667.17,36,21.83,117506,250696.66,0,1,0
4779,7613,562314.47,24,22.01,128538,171206.09,0,1,1
4780,5214,795258.91,12,21.19,80510,398159.18,0,10,1
4781,2395,824508.12,36,16.41,58832,165501.51,1,1,0
4782,3805,701954.81,60,21.59,147897,340742.28,0,2,0
4783,6324,952172.56,36,13.04,36236,224314.12,0,2,0
4784,6586,82558.31,24,13.58,21879,383703.25,0,2,0
4785,8913,285603.94,48,18.37,50020,81688.12,1,0,0
4786,1397,482026.0,36,8.44,112884,153122.52,0,3,0
4787,529,790759.43,24,18.42,118996,69773.93,0,2,0
4788,9739,391373.06,36,13.13,78859,286397.87,0,11,1
4789,4071,432854.73,12,22.33,137754,181098.16,0,0,0
4790,5240,703417.26,24,14.61,107701,392456.56,0,8,1
4791,4857,356479.1,48,19.98,147063,139363.13,0,2,1
4792,8824,961700.44,36,12.36,131800,302435.1,0,0,0
4793,2880,377006.71,36,13.27,84354,270272.43,0,10,0
4794,5639,579517.79,12,10.97,84836,356920.68,0,10,1
4795,5694,79988.75,24,11.86,128016,365111.46,0,10,1
4796,102,382745.05,24,9.73,85550,456056.44,0,6,0
4797,5908,101396.12,36,17.87,46790,295165.06,0,9,0
4798,8764,878472.11,36,21.44,64197,353693.25,0,5,1
4799,3307,831120.88,48,12.54,20261,482220.47,0,4,0
4800,299,297264.37,36,12.83,107570,356856.09,0,9,1
4801,4149,995966.69,24,22.54,41072,493938.61,0,6,0
4802,2441,523234.74,24,9.45,122009,292847.91,1,6,0
4803,8186,234144.84,48,9.47,118817,493387.69,0,6,1
4804,8090,320853.86,36,20.33,149330,90570.58,0,0,0
4805,9582,346426.64,60,12.01,113212,309934.07,0,6,1
4806,5443,196730.67,12,16.5,148536,178112.41,0,1,0
4807,2519,556458.42,60,15.33,69071,301394.41,0,1,0
4808,3307,250472.72,24,16.88,115778,26966.18,0,9,1
4809,8597,130906.96,36,9.37,31108,158293.29,0,2,0
4810,7915,998361.8,48,14.07,45516,9921.39,0,5,0
4811,6563,753136.81,36,18.24,24627,243620.58,0,3,0
4812,8866,904890.84,48,11.58,119534,258088.03,0,3,0
4813,6909,95855.19,48,10.4,118415,247612.15,0,2,0
4814,2005,367917.21,48,15.02,36841,455971.2,0,8,0
4815,1603,297380.28,24,23.1,34559,214497.62,0,9,1
4816,4038,892032.02,36,23.18,126292,105338.92,1,4,1
4817,8555,938959.06,48,21.6,47975,421917.46,0,0,0
4818,2278,458794.78,24,12.12,21120,465550.6,0,11,1
4819,1262,494606.99,36,19.1,48608,104398.06,0,5,1
4820,6765,985576.31,36,23.39,140943,116564.32,0,11,1
4821,9378,471808.27,24,18.87,66233,70675.24,0,6,1
4822,9606,492432.54,12,17.78,62473,386296.71,0,9,1
4823,1839,837136.22,24,9.88,71311,446345.98,0,9,1
4824,6019,824272.31,24,19.97,131364,403031.96,0,4,0
4825,2179,183506.71,60,20.28,118747,198614.81,0,3,1
4826,5284,724303.08,48,10.74,68565,84413.77,0,11,1
4827,7476,655544.92,48,14.38,108831,475212.02,0,5,1
4828,339,773690.09,24,17.09,35553,148326.12,0,4,0
4829,5328,568775.77,48,11.96,28255,457935.62,0,7,0
4830,2250,986933.45,24,23.73,101553,358893.57,0,9,1
4831,7841,662172.0,24,10.67,61632,459713.67,0,11,0
4832,8520,419003.01,36,23.44,26793,338146.47,0,1,0
4833,5085,768429.91,12,10.64,106405,87412.15,1,7,1
4834,9516,63617.97,36,15.92,70160,228869.67,0,2,0
4835,3490,359904.45,12,23.79,21702,72749.39,0,8,0
4836,6821,507551.06,24,11.12,144108,110309.7,0,2,0
4837,2187,477593.74,24,19.8,21533,174559.51,0,0,0
4838,2867,207598.15,48,16.17,97864,74171.29,0,11,0
4839,509,279258.2,48,14.75,71370,152745.83,0,9,0
4840,6411,948543.06,36,14.67,88728,47673.32,0,1,0
4841,8680,899515.35,24,16.92,62571,24086.28,0,5,1
4842,4978,197442.59,36,20.27,107742,75461.04,0,2,1
4843,7191,414665.23,12,13.22,115348,106455.54,0,0,0
4844,8244,227022.42,24,23.93,25464,138262.5,0,11,1
4845,7268,774223.06,48,22.51,120481,305111.93,0,6,1
4846,8224,275956.37,60,15.87,37781,104737.41,1,10,1
4847,4847,127863.37,24,16.56,93282,440414.22,0,5,1
4848,841,877445.97,36,19.59,80720,38977.79,0,9,0
4849,6964,748718.25,48,12.71,109988,389143.65,0,3,0
4850,3172,792520.62,12,15.98,113994,398141.73,0,5,1
4851,2781,787433.01,12,13.5,143474,182529.59,1,8,1
4852,2869,529461.76,12,14.8,144905,314166.46,0,9,0
4853,7842,711939.72,48,20.83,42401,297190.17,0,4,0
4854,7994,681147.39,36,16.11,53212,451627.59,0,4,0
4855,4034,970046.92,24,21.36,62802,488036.18,0,2,0
4856,1717,65165.96,48,11.08,85300,160165.01,0,10,1
4857,4693,625898.14,60,18.62,38188,256353.27,0,2,0
4858,4286,110653.89,24,21.79,86024,66846.8,0,2,0
4859,3930,859289.69,48,10.99,34587,376535.84,0,6,0
4860,6329,257504.18,24,15.67,33973,465434.34,0,3,1
4861,3531,326877.48,36,22.49,136048,57186.28,0,7,0
4862,4058,210560.24,60,23.23,99897,376659.38,0,11,0
4863,1550,604584.55,24,20.23,120409,250295.61,0,7,0
4864,108,856777.26,60,18.53,66115,483833.25,0,0,1
4865,6403,382452.01,36,10.78,62220,43186.75,0,2,0
4866,5077,86976.01,24,23.62,100374,439432.31,0,10,1
4867,8453,381631.81,60,8.25,103779,287681.27,1,9,1
4868,1714,891715.06,12,16.64,81151,294956.68,0,4,0
4869,8656,643353.13,24,10.98,25794,50105.96,0,1,0
4870,4415,549502.35,60,23.13,143682,142926.98,0,9,1
4871,7779,187630.61,36,18.58,69676,150944.57,0,10,1
4872,1095,584261.14,12,22.05,116490,90387.03,0,1,0
4873,6788,365093.0,36,14.93,148435,148676.29,0,5,0
4874,1830,853396.73,48,19.81,102156,104273.39,0,7,1
4875,232,481045.49,48,19.27,22903,272084.76,0,3,1
4876,220,495419.26,36,21.79,80752,172445.27,0,3,0
4877,7108,862338.24,60,8.7,84908,227204.54,1,11,1
4878,9596,605896.55,48,16.6,102242,200704.54,0,11,1
4879,3822,127084.77,36,20.07,136900,186573.48,1,7,0
4880,5822,186871.91,24,23.74,146155,9852.59,0,11,1
4881,2653,846345.84,12,19.31,45616,316754.12,0,3,1
4882,2125,723262.87,48,17.57,88944,333176.5,0,9,1
4883,7484,622141.84,24,16.24,65703,351909.41,0,5,0
4884,6675,934095.83,48,13.08,122221,375266.04,0,11,1
4885,563,785294.58,12,10.18,119752,347343.61,0,2,0
4886,6858,788671.16,24,22.76,27527,221318.0,0,0,0
4887,1526,874766.66,48,10.96,130520,127493.83,1,6,1
4888,2520,608459.39,12,19.5,148830,261275.31,0,7,1
4889,8512,764631.09,36,20.63,30253,496596.6,0,11,1
4890,2308,95495.84,60,21.74,115505,133181.23,1,4,0
4891,2949,708551.03,60,13.11,73727,252342.75,0,7,0
4892,4380,876501.73,36,22.17,43253,154102.34,0,1,0
4893,1797,936301.41,48,16.1,60910,187447.66,0,3,0
4894,6304,180049.87,60,10.82,46383,241411.22,1,8,1
4895,3945,998842.15,48,9.65,34492,360427.17,0,0,0
4896,4123,654152.51,36,9.47,141858,389602.1,0,11,1
4897,3511,307872.53,48,18.42,22861,82031.25,0,10,1
4898,9874,320731.13,36,19.56,83155,375612.47,0,2,1
4899,929,736118.41,24,15.36,59059,339162.14,0,11,1
4900,6954,324744.98,60,10.87,71877,350755.07,0,4,0
4901,7998,446041.55,60,23.18,139691,277718.22,1,7,0
4902,3538,865812.08,60,14.67,141122,130624.11,0,9,1
4903,3797,344492.59,24,9.23,39857,178467.46,0,3,0
4904,1901,928104.81,12,11.88,57210,364191.01,0,2,0
4905,8978,675472.81,60,17.66,100133,31543.96,0,10,0
4906,9808,206916.08,48,15.6,91732,32721.88,0,5,1
4907,7160,284224.37,60,16.06,146254,379501.24,0,10,0
4908,6299,409001.22,36,12.36,147335,285709.07,0,7,0
4909,3083,907436.3,24,8.03,48246,68614.75,0,1,0
4910,3078,586942.4,12,10.26,134526,31877.65,0,4,0
4911,1027,93114.16,60,23.03,98790,258709.0,0,8,1
4912,515,692349.33,24,17.41,75280,474265.48,0,4,0
4913,5960,239216.92,60,10.64,49315,378791.01,0,5,0
4914,3546,174734.06,48,11.0,121458,297191.31,0,2,1
4915,1439,393962.02,60,22.66,84895,424533.24,0,8,1
4916,4144,826603.84,60,11.44,39483,162002.65,0,5,0
4917,6822,990911.03,24,9.38,45407,285486.07,0,10,1
4918,1793,952698.86,48,23.04,118454,466282.62,0,11,0
4919,2849,147306.33,36,11.89,139894,151927.58,0,2,0
4920,4448,506490.35,36,21.92,139917,77819.49,0,4,0
4921,6441,382895.73,60,20.5,115555,335701.5,1,6,1
4922,760,176748.61,24,13.27,49215,344474.36,0,7,0
4923,5285,226644.42,24,23.63,45392,179139.57,0,1,0
4924,4693,559724.92,24,22.95,55337,29723.92,1,2,1
4925,9685,280171.98,60,12.89,35611,300159.83,0,4,0
4926,2652,286323.06,48,11.56,30022,22694.35,0,5,0
4927,5986,631350.3,48,8.82,59899,127597.88,0,6,0
4928,1080,205263.2,60,22.73,96320,62467.26,0,3,1
4929,1910,421870.4,24,22.1,99559,55353.17,0,5,0
4930,7798,264946.6,36,18.95,117680,20872.71,0,3,1
4931,9123,430242.76,48,22.65,119042,367627.48,0,7,1
4932,7562,315816.94,60,12.61,87221,475228.53,0,9,1
4933,6813,654873.62,48,9.68,62018,252313.82,0,1,0
4934,9463,282720.04,24,20.49,102475,389382.52,0,1,0
4935,4942,270127.69,60,23.63,133977,223138.68,0,10,1
4936,3398,146549.57,12,12.07,103812,227097.51,0,3,1
4937,8180,164450.86,36,11.55,79025,382162.64,0,1,0
4938,4438,831027.18,36,23.03,144759,353010.53,1,8,1
4939,4215,755266.63,36,19.51,126288,69183.26,0,4,0
4940,1596,174543.29,60,12.53,147317,460248.96,0,8,0
4941,8478,753187.27,12,16.97,88651,490366.69,0,5,0
4942,3760,481791.98,12,15.64,38559,34419.45,0,7,1
4943,9700,359742.61,24,19.74,122840,71168.67,0,6,1
4944,9735,512176.52,12,14.79,46404,472551.97,0,11,1
4945,6735,233090.88,12,14.5,26889,280666.18,1,9,1
4946,8260,250814.32,12,21.61,131683,355074.87,1,0,0
4947,7232,547653.76,24,19.31,67112,188285.77,0,3,0
4948,675,738766.6,60,19.51,33184,175694.67,0,11,1
4949,7865,800111.54,60,12.35,29083,327559.53,0,11,1
4950,7538,954593.41,60,15.29,80148,351626.51,1,6,1
4951,1349,349538.59,48,17.51,91051,32239.19,1,11,1
4952,3581,431992.98,24,12.15,63651,493481.72,0,11,1
4953,7501,820264.93,60,23.89,54755,339936.73,0,8,1
4954,3937,467629.29,60,15.18,34280,31485.99,0,11,1
4955,1876,875896.75,60,13.91,117105,30683.66,0,1,0
4956,9715,458772.58,12,21.62,87341,475558.28,0,0,0
4957,751,224779.36,36,11.96,48489,143146.16,1,1,0
4958,2888,200085.6,36,20.84,140761,156937.48,0,11,0
4959,4881,798924.64,36,23.09,77361,242420.92,0,8,1
4960,1983,563683.22,60,19.53,59993,97742.52,0,1,0
4961,2752,614665.5,12,15.96,78095,22166.93,0,8,1
4962,991,608222.75,24,9.98,113081,158970.0,0,6,1
4963,3272,562141.97,24,19.21,59386,74173.63,0,9,1
4964,3841,77400.9,36,21.36,88882,307059.69,0,5,1
4965,2823,417713.15,60,14.64,93366,61927.85,0,0,0
4966,9484,583799.14,24,20.25,34135,481816.39,0,8,0
4967,7321,913762.26,48,16.64,101229,385177.56,0,11,1
4968,1302,304963.93,24,20.42,46557,432370.14,0,8,1
4969,3098,181816.86,60,12.29,122854,335053.92,0,11,1
4970,4221,566538.28,24,8.09,94816,461849.54,0,11,1
4971,120,343606.97,60,23.94,148606,206175.01,0,10,1
4972,8025,702481.75,12,10.68,23283,58062.79,0,0,0
4973,6569,604373.56,24,22.06,63434,305357.77,0,5,0
4974,4504,619164.61,24,9.42,44918,412072.05,0,4,0
4975,9535,593355.99,36,18.44,22266,450780.44,0,2,0
4976,2900,974123.34,60,8.9,70856,152490.22,0,7,1
4977,9606,637150.09,12,18.73,28734,43227.42,0,4,0
4978,3215,549792.48,12,9.7,77945,186798.63,0,10,1
4979,8069,73760.66,36,17.67,143761,211873.64,0,11,1
4980,2913,165221.76,60,13.79,76067,51889.04,0,6,0
4981,949,867699.28,36,16.41,117151,211678.35,0,9,1
4982,4336,958302.29,36,8.8,124937,232764.85,0,10,0
4983,6079,85488.28,60,13.65,129469,333856.11,0,11,1
4984,3595,153075.06,36,20.48,149618,70904.67,0,3,0
4985,9690,870709.02,24,20.41,100734,213148.46,0,8,1
4986,6634,252560.21,60,18.58,41069,499942.83,0,11,0
4987,5342,109346.16,48,23.2,137482,154439.9,0,9,0
4988,7529,869732.55,60,18.61,101142,109977.76,0,0,0
4989,7649,786794.8,12,13.52,39366,28666.28,0,11,0
4990,3334,643201.35,24,18.8,54989,44157.58,0,7,0
4991,9442,133141.61,24,13.7,88911,262132.4,0,10,1
4992,8798,649702.19,48,17.67,122050,165377.46,0,8,0
4993,7800,241807.16,24,18.71,143964,405478.48,0,6,0
4994,1223,797784.18,24,15.29,26097,9844.43,0,10,1
4995,7530,684799.11,24,23.74,144164,391197.43,0,5,1
4996,5962,734371.75,48,9.58,106929,403535.65,0,5,0
4997,9138,468322.9,48,16.11,70005,82527.86,0,5,1
4998,9223,412243.07,48,22.33,114626,427216.34,1,0,0
4999,5065,318629.14,24,15.03,104175,57191.84,0,11,0
5000,2249,949921.11,60,17.81,31315,275547.47,0,8,0
