transaction_id,customer_id,amount,transaction_time,merchant_category,payment_method,location,device_type,is_fraud
1,2203,2944.85,2025-10-16 03:01:00,Shopping,Debit Card,Mobile,POS,0
2,3208,4442.18,2024-10-08 07:14:00,Entertainment,Credit Card,In-store,Tablet,0
3,2504,651.66,2024-05-22 23:06:00,Utilities,Debit Card,ATM,POS,0
4,5783,2348.4,2025-11-23 23:57:00,Electronics,UPI,Mobile,Tablet,0
5,6176,242.11,2025-07-12 02:37:00,Healthcare,Net Banking,Mobile,Desktop,0
6,5135,1915.31,2025-03-08 01:01:00,Other,Net Banking,In-store,Mobile,0
7,1883,724.88,2024-04-05 06:14:00,Utilities,Credit Card,Mobile,Tablet,0
8,9595,2417.84,2025-06-01 19:01:00,Healthcare,UPI,Online,Mobile,0
9,1988,306.01,2025-07-28 06:45:00,Electronics,Credit Card,In-store,Mobile,0
10,8288,2190.72,2025-10-27 22:34:00,Entertainment,Debit Card,Mobile,Mobile,0
11,815,2465.56,2025-03-05 07:28:00,Healthcare,Net Banking,In-store,Mobile,0
12,2661,3892.01,2025-08-26 08:51:00,Food,Credit Card,In-store,POS,0
13,9334,2323.59,2024-01-07 05:44:00,Food,UPI,In-store,POS,0
14,2570,1479.91,2025-03-08 10:17:00,Entertainment,Debit Card,Online,Tablet,0
15,7348,3066.43,2024-06-08 06:48:00,Shopping,Net Banking,Mobile,Mobile,0
16,5344,669.36,2024-12-10 03:05:00,Shopping,Credit Card,ATM,POS,0
17,7422,2263.1,2025-01-24 03:22:00,Food,Debit Card,Online,POS,0
18,4019,2578.54,2024-12-18 19:16:00,Utilities,Credit Card,Online,POS,0
19,975,996.94,2024-02-14 23:29:00,Electronics,Debit Card,ATM,Mobile,0
20,1862,9013.64,2025-07-03 03:59:00,Travel,UPI,Online,Desktop,0
21,649,880.39,2025-01-22 02:35:00,Other,Credit Card,Online,Mobile,0
22,8934,176.55,2024-10-27 20:39:00,Utilities,UPI,In-store,POS,0
23,1577,723.3,2025-01-05 18:12:00,Healthcare,UPI,ATM,POS,0
24,2600,209.47,2025-12-22 02:02:00,Utilities,Credit Card,ATM,Mobile,0
25,4880,828.92,2025-11-08 07:49:00,Healthcare,UPI,Mobile,POS,0
26,1788,273.64,2024-10-23 02:54:00,Electronics,Net Banking,Online,POS,0
27,138,1157.98,2024-08-26 03:24:00,Travel,Credit Card,Mobile,Tablet,0
28,2057,3009.93,2024-10-11 14:40:00,Food,Credit Card,ATM,Mobile,0
29,1832,139.65,2025-01-08 05:23:00,Electronics,Debit Card,ATM,Desktop,0
30,8761,1656.14,2024-12-29 06:42:00,Travel,Credit Card,ATM,POS,0
31,4727,89.63,2024-09-30 22:59:00,Utilities,UPI,ATM,Desktop,0
32,5895,4318.86,2025-11-30 20:04:00,Electronics,Credit Card,ATM,Desktop,0
33,4267,5086.33,2025-09-15 20:10:00,Healthcare,Credit Card,In-store,POS,0
34,9076,1355.96,2025-06-30 23:15:00,Food,Debit Card,Online,Mobile,0
35,4608,2932.68,2024-06-16 14:24:00,Travel,UPI,ATM,Desktop,0
36,7679,1797.45,2024-10-03 20:44:00,Shopping,UPI,Mobile,POS,0
37,4471,833.04,2025-07-24 07:43:00,Healthcare,Debit Card,Online,Tablet,0
38,1896,562.45,2024-11-28 01:14:00,Other,Debit Card,ATM,POS,0
39,8396,2842.57,2024-02-02 10:25:00,Grocery,UPI,ATM,Mobile,0
40,4153,1124.17,2024-10-01 02:13:00,Travel,Debit Card,ATM,Tablet,0
41,657,5057.43,2025-08-03 22:20:00,Shopping,UPI,In-store,Mobile,0
42,9241,7433.9,2024-08-05 20:31:00,Grocery,Net Banking,ATM,Mobile,0
43,3463,472.44,2025-02-09 20:29:00,Shopping,Credit Card,In-store,Tablet,0
44,3127,1646.8,2024-05-26 08:08:00,Food,Credit Card,In-store,Mobile,0
45,3025,1539.77,2024-09-09 23:35:00,Shopping,Debit Card,In-store,POS,0
46,3744,4051.41,2025-07-05 08:47:00,Utilities,Net Banking,ATM,Tablet,0
47,72,2348.73,2025-08-21 13:57:00,Other,Net Banking,Online,Desktop,0
48,5654,1869.81,2025-08-20 12:23:00,Utilities,Credit Card,Mobile,POS,0
49,750,2272.78,2024-08-12 04:32:00,Entertainment,Debit Card,Mobile,Tablet,0
50,953,986.81,2025-05-20 02:48:00,Grocery,UPI,Online,Mobile,0
51,6280,6452.38,2024-02-18 03:09:00,Electronics,Net Banking,In-store,Desktop,0
52,4613,118.71,2025-10-04 05:50:00,Electronics,Credit Card,Mobile,POS,0
53,4123,59.12,2025-11-27 13:38:00,Grocery,Debit Card,Mobile,POS,0
54,4180,1074.3,2024-03-06 12:24:00,Utilities,Debit Card,Mobile,POS,0
55,6027,335.83,2025-09-02 14:33:00,Entertainment,Credit Card,In-store,Mobile,0
56,5172,1574.04,2024-09-14 17:55:00,Utilities,Net Banking,Online,Mobile,0
57,74,18.1,2024-01-12 21:46:00,Shopping,Credit Card,Mobile,POS,0
58,2060,1231.2,2024-04-27 21:56:00,Healthcare,Net Banking,Online,Tablet,0
59,9552,698.9,2025-07-03 08:49:00,Shopping,Credit Card,In-store,Desktop,0
60,1278,452.2,2025-10-18 10:07:00,Electronics,Cash,ATM,Desktop,0
61,4699,1176.31,2024-10-27 13:10:00,Grocery,Debit Card,Mobile,POS,0
62,9194,3855.83,2025-04-09 00:46:00,Other,Credit Card,Mobile,Tablet,0
63,1128,2130.71,2024-09-26 16:48:00,Other,UPI,Online,Desktop,0
64,603,348.57,2024-07-01 16:58:00,Other,Credit Card,In-store,Mobile,0
65,6459,1381.79,2024-04-18 20:19:00,Entertainment,Credit Card,Online,POS,0
66,1525,5366.85,2025-10-16 16:38:00,Other,Credit Card,ATM,POS,0
67,5292,1156.87,2024-07-22 04:23:00,Other,Net Banking,ATM,Mobile,0
68,9899,1271.82,2024-06-14 17:49:00,Food,Credit Card,Online,Desktop,0
69,1167,5672.6,2025-06-27 00:38:00,Grocery,Debit Card,Online,POS,0
70,1933,291.92,2024-11-27 15:01:00,Shopping,Debit Card,ATM,Desktop,0
71,9953,2656.36,2024-04-24 11:56:00,Grocery,Net Banking,ATM,POS,0
72,4293,710.96,2024-11-10 07:03:00,Travel,Credit Card,In-store,Tablet,0
73,8857,4018.21,2024-09-03 18:05:00,Travel,Net Banking,Online,Tablet,0
74,6334,111.79,2024-03-28 23:31:00,Food,UPI,Online,Mobile,0
75,963,9292.31,2024-03-11 17:49:00,Food,Debit Card,In-store,Mobile,0
76,9245,2927.29,2024-05-08 04:42:00,Food,Cash,Online,Mobile,0
77,9181,669.08,2025-05-01 17:10:00,Entertainment,Credit Card,In-store,Tablet,0
78,6699,2861.38,2024-09-28 16:55:00,Grocery,UPI,ATM,Tablet,0
79,88,5127.11,2025-09-13 13:13:00,Entertainment,UPI,Mobile,Desktop,0
80,4952,239.63,2025-07-06 23:44:00,Shopping,Net Banking,Mobile,POS,0
81,8665,4897.03,2024-07-24 22:19:00,Food,Net Banking,ATM,Tablet,0
82,2469,893.12,2025-02-12 21:41:00,Utilities,UPI,ATM,Mobile,0
83,6213,12.96,2025-01-17 14:57:00,Grocery,Credit Card,Mobile,Mobile,0
84,4875,238.52,2025-06-13 14:07:00,Food,Debit Card,In-store,Tablet,0
85,3496,4322.07,2024-09-10 07:04:00,Shopping,Credit Card,In-store,POS,0
86,8043,8110.22,2024-12-12 00:37:00,Food,Debit Card,Mobile,Mobile,0
87,247,4514.69,2025-07-21 07:37:00,Grocery,Credit Card,ATM,Desktop,0
88,2879,1165.13,2024-08-13 00:04:00,Electronics,Net Banking,In-store,Mobile,0
89,6132,6509.53,2025-12-25 20:03:00,Healthcare,Debit Card,In-store,POS,0
90,4495,1044.62,2024-08-22 02:57:00,Electronics,Credit Card,ATM,Desktop,0
91,3977,241.39,2024-02-02 10:04:00,Other,Credit Card,ATM,Mobile,0
92,9714,833.89,2025-06-10 07:17:00,Other,Debit Card,Mobile,Tablet,0
93,326,12902.13,2025-11-16 15:13:00,Electronics,Credit Card,In-store,POS,0
94,8794,1966.71,2025-07-06 04:46:00,Grocery,Debit Card,Mobile,Desktop,0
95,811,831.03,2025-08-07 18:30:00,Utilities,Credit Card,Online,Desktop,0
96,8596,1957.29,2024-09-05 15:51:00,Utilities,Net Banking,In-store,Tablet,0
97,6781,1121.21,2025-02-20 06:06:00,Travel,Debit Card,Mobile,Desktop,0
98,5987,101.64,2024-04-09 21:27:00,Electronics,UPI,Mobile,Mobile,0
99,5547,449.11,2024-12-28 13:26:00,Other,Debit Card,Online,Desktop,0
100,6846,38.85,2025-04-23 23:03:00,Other,UPI,Online,Desktop,0
101,4690,588.18,2025-11-20 20:41:00,Healthcare,Debit Card,ATM,Mobile,0
102,2275,2690.8,2024-04-10 01:25:00,Utilities,UPI,In-store,Desktop,1
103,2228,429.65,2024-12-13 03:15:00,Electronics,UPI,Mobile,Desktop,0
104,3018,1501.79,2024-07-15 06:34:00,Healthcare,UPI,In-store,Tablet,0
105,8090,2418.67,2025-04-04 04:27:00,Healthcare,Credit Card,Online,Mobile,0
106,7134,1591.17,2024-07-06 08:29:00,Shopping,Debit Card,In-store,Desktop,0
107,1439,30.98,2024-09-12 02:28:00,Other,UPI,Mobile,Desktop,0
108,3385,903.05,2025-07-17 03:03:00,Electronics,Net Banking,ATM,Mobile,0
109,664,1165.47,2025-10-29 17:53:00,Utilities,UPI,In-store,Tablet,0
110,8346,839.39,2024-01-16 02:59:00,Other,Cash,Mobile,Desktop,0
111,733,1580.48,2024-08-30 05:26:00,Healthcare,Credit Card,ATM,Tablet,0
112,806,1439.61,2025-05-12 15:13:00,Utilities,Credit Card,Mobile,Mobile,0
113,4218,415.16,2025-02-14 01:10:00,Other,Debit Card,In-store,POS,0
114,8374,2788.44,2025-01-23 00:24:00,Entertainment,UPI,ATM,Mobile,0
115,8073,351.48,2024-09-28 14:18:00,Electronics,Debit Card,Online,POS,0
116,3680,1228.54,2025-03-09 22:46:00,Electronics,UPI,In-store,POS,0
117,4069,2823.65,2025-07-23 21:45:00,Grocery,UPI,Online,Mobile,0
118,1704,2389.78,2025-05-13 04:12:00,Other,UPI,Mobile,Tablet,0
119,8530,1131.92,2024-10-30 06:03:00,Entertainment,UPI,Online,POS,1
120,6247,3111.04,2025-08-16 23:34:00,Food,Credit Card,In-store,Tablet,0
121,5302,2501.83,2024-03-03 23:20:00,Entertainment,Credit Card,Mobile,Desktop,0
122,6771,970.76,2024-02-28 01:37:00,Entertainment,Credit Card,In-store,POS,0
123,7019,4517.39,2025-05-03 16:58:00,Healthcare,Cash,Online,Tablet,0
124,3299,306.21,2025-06-27 05:03:00,Healthcare,UPI,ATM,Mobile,0
125,728,887.84,2025-06-04 02:54:00,Grocery,Credit Card,In-store,Mobile,0
126,4959,2393.4,2024-07-09 02:38:00,Grocery,Debit Card,ATM,Mobile,0
127,2938,4126.78,2024-03-10 21:55:00,Utilities,Credit Card,ATM,Desktop,0
128,4024,778.93,2024-08-28 12:07:00,Grocery,UPI,ATM,POS,0
129,2014,1647.62,2025-08-06 07:37:00,Grocery,Cash,In-store,Mobile,0
130,1834,23.82,2025-08-31 01:39:00,Healthcare,UPI,In-store,Desktop,0
131,9692,926.75,2024-03-24 13:42:00,Shopping,UPI,Online,Mobile,0
132,9100,803.75,2025-08-20 18:33:00,Utilities,Net Banking,In-store,Desktop,0
133,5668,3696.29,2024-11-19 08:13:00,Healthcare,Debit Card,Mobile,Desktop,0
134,6008,153.71,2025-11-16 22:20:00,Utilities,UPI,Mobile,Tablet,0
135,2011,128.25,2024-09-01 08:25:00,Electronics,Net Banking,In-store,Mobile,0
136,2250,1169.31,2024-05-14 21:41:00,Healthcare,UPI,In-store,Desktop,0
137,8856,1046.43,2024-11-03 14:20:00,Other,Debit Card,Mobile,Desktop,0
138,8520,352.42,2024-03-15 00:29:00,Entertainment,UPI,Online,Mobile,0
139,9041,611.27,2025-09-28 18:06:00,Electronics,UPI,ATM,Mobile,0
140,8457,7314.33,2024-03-16 17:13:00,Other,Credit Card,In-store,Mobile,0
141,1467,1439.73,2025-06-02 08:08:00,Shopping,Debit Card,ATM,POS,0
142,8446,183.91,2024-12-23 02:56:00,Shopping,Credit Card,In-store,Mobile,0
143,9286,102.05,2024-09-07 11:18:00,Utilities,UPI,In-store,Tablet,0
144,5655,85.69,2024-06-10 14:53:00,Shopping,Net Banking,In-store,Tablet,0
145,1237,985.38,2025-07-10 22:19:00,Travel,Debit Card,In-store,Desktop,0
146,610,4014.13,2025-09-18 20:33:00,Healthcare,Credit Card,Online,POS,0
147,2034,3578.52,2024-01-09 21:52:00,Utilities,Credit Card,Online,Desktop,0
148,3195,917.37,2025-07-21 09:59:00,Food,Credit Card,ATM,Mobile,0
149,6681,2978.19,2025-11-10 03:56:00,Electronics,Debit Card,In-store,POS,0
150,8742,2790.66,2024-05-17 08:07:00,Utilities,Debit Card,In-store,Tablet,0
151,1219,1319.41,2024-04-19 23:35:00,Electronics,Cash,In-store,Tablet,0
152,9706,1036.33,2024-06-08 08:18:00,Other,Net Banking,Online,Tablet,0
153,4295,398.24,2025-09-11 06:45:00,Other,Debit Card,ATM,Desktop,0
154,2190,653.6,2024-12-17 06:43:00,Healthcare,Credit Card,ATM,POS,0
155,9457,827.08,2025-10-11 08:32:00,Entertainment,Debit Card,In-store,Tablet,0
156,5329,3350.28,2025-05-15 08:57:00,Entertainment,Credit Card,Mobile,POS,0
157,9482,1610.18,2024-02-22 02:40:00,Food,UPI,In-store,Desktop,0
158,355,448.57,2025-03-09 08:02:00,Utilities,Net Banking,In-store,Mobile,0
159,2865,201.47,2024-01-04 10:49:00,Shopping,Debit Card,In-store,Desktop,0
160,8155,1372.99,2024-05-13 20:16:00,Shopping,Debit Card,ATM,Tablet,0
161,2224,2195.13,2024-06-14 23:28:00,Utilities,Net Banking,Mobile,Mobile,0
162,3119,3417.23,2025-07-18 22:27:00,Healthcare,Debit Card,Mobile,POS,0
163,2841,3192.2,2025-07-28 00:07:00,Electronics,Credit Card,Mobile,POS,0
164,3719,3476.31,2024-03-18 22:57:00,Shopping,Credit Card,Mobile,Desktop,0
165,8359,1187.86,2024-06-01 17:02:00,Entertainment,UPI,Mobile,Tablet,0
166,3627,4014.73,2025-01-13 18:35:00,Shopping,Credit Card,In-store,Desktop,0
167,6702,1176.16,2024-05-31 13:08:00,Food,Cash,Mobile,Desktop,0
168,5419,368.14,2024-02-12 09:23:00,Travel,Cash,Mobile,Mobile,0
169,1127,1012.93,2024-02-10 11:13:00,Healthcare,Net Banking,Online,Tablet,0
170,86,831.11,2025-11-29 07:42:00,Electronics,Debit Card,In-store,POS,0
171,3778,995.74,2024-04-15 11:49:00,Healthcare,Debit Card,In-store,Desktop,0
172,3573,2149.51,2025-07-27 13:39:00,Healthcare,Net Banking,Mobile,Mobile,0
173,2715,2139.56,2024-06-07 07:55:00,Grocery,Credit Card,Mobile,Tablet,1
174,5970,509.53,2024-06-15 05:56:00,Food,Debit Card,ATM,Mobile,0
175,2051,759.39,2025-02-26 00:11:00,Food,Debit Card,Mobile,Desktop,0
176,2872,1809.49,2024-12-06 13:51:00,Shopping,Debit Card,In-store,POS,0
177,2927,175.76,2025-11-16 23:51:00,Utilities,Net Banking,Mobile,Mobile,0
178,1048,2333.77,2024-09-11 08:10:00,Other,UPI,ATM,Desktop,0
179,5594,394.2,2025-12-19 03:24:00,Travel,Net Banking,Online,POS,0
180,7828,3803.74,2024-02-09 15:14:00,Grocery,Credit Card,In-store,Tablet,0
181,9434,1026.95,2024-07-23 14:22:00,Utilities,Net Banking,Mobile,Tablet,0
182,2731,498.99,2024-11-08 07:14:00,Other,Debit Card,Online,Tablet,0
183,8782,2204.16,2024-01-25 21:12:00,Utilities,UPI,Online,Tablet,0
184,5877,1615.01,2025-02-12 10:17:00,Utilities,UPI,Online,POS,0
185,3174,377.33,2024-03-12 08:22:00,Healthcare,Credit Card,ATM,Tablet,0
186,30,3510.79,2025-10-18 16:25:00,Food,UPI,In-store,Mobile,0
187,3855,1207.67,2025-11-26 17:21:00,Food,Debit Card,ATM,Tablet,0
188,6611,330.33,2024-01-29 03:56:00,Shopping,Credit Card,In-store,Mobile,0
189,6347,3181.06,2024-09-24 05:37:00,Other,Debit Card,Mobile,Tablet,0
190,724,286.44,2024-09-28 01:06:00,Entertainment,UPI,Mobile,Mobile,0
191,2091,6886.45,2025-09-02 13:22:00,Grocery,Debit Card,ATM,Desktop,0
192,1576,1166.11,2024-11-17 13:38:00,Food,Debit Card,Mobile,Desktop,0
193,2491,2605.54,2025-06-07 03:24:00,Entertainment,Credit Card,In-store,Tablet,0
194,2199,1202.84,2025-08-13 06:16:00,Entertainment,Debit Card,In-store,Desktop,0
195,7212,415.43,2024-02-15 22:27:00,Grocery,Net Banking,ATM,Tablet,0
196,5713,2838.58,2024-01-02 16:59:00,Travel,Net Banking,ATM,Mobile,0
197,5377,683.17,2025-07-05 21:46:00,Travel,Net Banking,In-store,Desktop,0
198,3562,2294.04,2025-11-17 06:23:00,Shopping,Debit Card,Online,POS,0
199,4046,595.12,2025-03-17 02:42:00,Healthcare,Credit Card,Online,Mobile,0
200,1127,551.79,2024-12-04 19:20:00,Healthcare,Net Banking,In-store,POS,0
201,3965,1222.93,2025-11-10 03:46:00,Healthcare,Debit Card,Mobile,Desktop,0
202,9769,3388.24,2024-11-03 16:19:00,Shopping,Net Banking,Online,Desktop,0
203,9610,1901.94,2025-11-13 13:20:00,Food,Debit Card,Mobile,POS,0
204,4204,133.71,2025-02-16 22:18:00,Travel,Net Banking,In-store,Tablet,0
205,6473,2647.5,2025-07-21 04:12:00,Grocery,Credit Card,Mobile,Desktop,0
206,3406,1733.91,2025-03-06 21:24:00,Shopping,Net Banking,Online,Tablet,0
207,9724,1954.02,2025-11-24 23:57:00,Entertainment,Net Banking,Mobile,Mobile,0
208,7737,872.61,2024-06-27 19:36:00,Travel,Credit Card,Online,Mobile,1
209,4729,1624.59,2024-11-04 12:35:00,Shopping,UPI,Online,POS,0
210,1834,930.08,2024-01-01 09:18:00,Utilities,Credit Card,In-store,Tablet,0
211,4693,170.04,2024-08-03 13:50:00,Shopping,Debit Card,Mobile,Mobile,0
212,4522,3721.32,2025-08-16 19:41:00,Electronics,Debit Card,Online,POS,0
213,755,2266.57,2024-11-25 14:28:00,Shopping,Credit Card,In-store,Tablet,0
214,6660,2219.99,2025-03-28 21:13:00,Entertainment,Debit Card,Online,Desktop,0
215,3802,430.55,2025-06-07 15:50:00,Electronics,UPI,In-store,Mobile,0
216,2532,2178.89,2024-06-22 21:05:00,Entertainment,UPI,Online,Tablet,0
217,1266,528.01,2024-10-17 16:42:00,Shopping,Debit Card,Online,Tablet,0
218,7845,2326.52,2025-10-10 19:21:00,Healthcare,Credit Card,ATM,Desktop,0
219,8468,811.52,2024-04-05 07:43:00,Travel,Credit Card,ATM,POS,0
220,8032,342.8,2024-11-13 07:51:00,Utilities,Net Banking,In-store,Mobile,0
221,2042,4734.55,2024-07-22 04:01:00,Healthcare,UPI,In-store,POS,0
222,8370,221.08,2024-02-17 07:30:00,Food,UPI,In-store,Desktop,0
223,8863,2869.19,2025-09-17 02:29:00,Healthcare,Credit Card,Mobile,Mobile,0
224,812,214.67,2025-02-28 20:36:00,Travel,Debit Card,In-store,POS,0
225,9759,2308.59,2024-07-18 22:44:00,Food,Net Banking,ATM,POS,0
226,8523,233.93,2025-01-28 15:25:00,Travel,UPI,In-store,Mobile,0
227,3556,1421.91,2024-09-06 04:41:00,Electronics,UPI,In-store,Desktop,0
228,6697,416.5,2025-12-05 00:57:00,Electronics,Debit Card,Online,Tablet,0
229,7438,4028.53,2024-04-19 13:14:00,Electronics,UPI,Mobile,POS,0
230,174,1026.61,2024-06-29 22:33:00,Entertainment,UPI,In-store,Desktop,0
231,6621,31.09,2025-04-20 01:35:00,Electronics,Credit Card,ATM,POS,0
232,8284,1978.59,2024-09-12 03:29:00,Entertainment,Credit Card,Mobile,Desktop,0
233,2558,1178.08,2024-05-16 14:42:00,Other,Credit Card,In-store,Tablet,0
234,7040,3928.5,2025-06-27 17:38:00,Travel,Credit Card,Mobile,Mobile,0
235,2649,1135.3,2024-11-20 14:39:00,Food,UPI,Online,Mobile,0
236,599,1059.14,2025-05-31 13:53:00,Electronics,Cash,Mobile,Desktop,0
237,5665,1210.61,2025-07-15 14:57:00,Utilities,UPI,Online,Desktop,0
238,2185,3930.14,2024-06-11 23:55:00,Food,UPI,In-store,Tablet,0
239,2726,1767.76,2025-05-01 14:16:00,Utilities,Net Banking,ATM,Desktop,0
240,4185,2213.46,2024-09-10 20:17:00,Travel,Net Banking,Online,Desktop,0
241,5714,2548.87,2025-06-17 15:40:00,Healthcare,Debit Card,Mobile,Mobile,0
242,9259,5545.67,2024-09-01 08:28:00,Travel,Credit Card,Online,Desktop,0
243,5767,3634.41,2024-03-20 22:18:00,Grocery,UPI,ATM,POS,0
244,8536,5242.39,2024-08-28 08:21:00,Shopping,Debit Card,Online,Mobile,1
245,2679,841.07,2024-11-23 17:05:00,Other,Net Banking,In-store,Desktop,0
246,1342,483.74,2024-05-21 04:14:00,Food,Net Banking,In-store,POS,0
247,8227,454.78,2025-01-27 22:09:00,Grocery,Cash,Online,Tablet,0
248,4431,3901.06,2025-12-24 06:04:00,Electronics,UPI,ATM,Desktop,0
249,4175,3550.88,2025-02-28 13:21:00,Shopping,UPI,Mobile,Desktop,0
250,7301,2102.0,2025-07-09 14:26:00,Utilities,UPI,Online,Tablet,0
251,6516,130.02,2024-03-04 06:53:00,Entertainment,Credit Card,Mobile,POS,0
252,5288,765.59,2025-03-06 12:57:00,Travel,Credit Card,ATM,POS,0
253,5934,2650.03,2025-08-21 22:01:00,Entertainment,Debit Card,Online,POS,0
254,5653,571.55,2025-08-12 12:30:00,Food,UPI,In-store,POS,0
255,4589,1956.65,2024-01-07 11:19:00,Entertainment,Net Banking,ATM,Tablet,0
256,6793,1565.01,2025-02-03 13:34:00,Other,Credit Card,Mobile,POS,0
257,5447,609.45,2025-07-13 19:57:00,Grocery,Credit Card,In-store,Tablet,0
258,4251,5446.47,2024-08-13 15:14:00,Grocery,Net Banking,Online,POS,0
259,2114,593.42,2024-10-06 13:31:00,Utilities,Credit Card,ATM,Tablet,0
260,1768,4503.62,2024-01-30 12:21:00,Travel,UPI,Online,POS,0
261,9581,1557.11,2025-11-15 21:51:00,Entertainment,Credit Card,Mobile,Tablet,0
262,200,192.64,2025-02-18 23:10:00,Grocery,Net Banking,Online,Desktop,0
263,8704,3587.02,2025-04-23 04:39:00,Electronics,UPI,Online,POS,0
264,6642,3134.98,2025-06-30 00:58:00,Food,Credit Card,Mobile,POS,0
265,2733,3555.41,2025-02-07 18:36:00,Entertainment,Credit Card,Online,Tablet,0
266,1064,2033.04,2025-11-09 00:05:00,Travel,Cash,ATM,Desktop,0
267,6416,2486.92,2025-10-20 13:08:00,Electronics,Net Banking,In-store,Desktop,0
268,6304,4751.56,2025-04-17 05:03:00,Grocery,Credit Card,Mobile,Tablet,0
269,6179,273.24,2024-09-23 12:20:00,Grocery,Debit Card,Mobile,Mobile,0
270,6080,173.38,2024-08-04 14:20:00,Grocery,Debit Card,Online,POS,0
271,4382,267.24,2024-12-11 12:17:00,Utilities,Debit Card,Online,POS,0
272,7576,4081.54,2025-03-07 08:53:00,Grocery,Credit Card,ATM,Desktop,0
273,3010,1655.34,2024-03-24 15:01:00,Electronics,Net Banking,Mobile,POS,0
274,8597,387.33,2025-07-06 01:22:00,Electronics,Debit Card,ATM,Mobile,0
275,4584,305.63,2024-08-17 20:04:00,Shopping,Credit Card,Online,Tablet,0
276,9316,1179.1,2025-10-29 01:48:00,Food,Debit Card,Mobile,Tablet,0
277,2793,3382.75,2024-02-01 07:12:00,Entertainment,UPI,In-store,Tablet,0
278,9218,3271.32,2024-01-21 19:09:00,Travel,UPI,Online,POS,0
279,1533,3811.02,2024-09-01 04:30:00,Shopping,Credit Card,ATM,Desktop,0
280,528,2930.2,2025-11-16 03:36:00,Healthcare,Debit Card,Online,Mobile,0
281,6839,127.2,2024-08-11 14:44:00,Utilities,Debit Card,Mobile,Desktop,0
282,2447,2547.12,2024-09-19 11:10:00,Food,Credit Card,Mobile,Tablet,0
283,7191,1463.62,2025-09-12 19:47:00,Food,Credit Card,Mobile,Mobile,0
284,8439,2592.27,2024-04-27 05:19:00,Shopping,Cash,ATM,POS,0
285,628,1324.39,2024-04-20 18:01:00,Grocery,Debit Card,Online,Mobile,0
286,2117,1321.51,2024-11-15 18:43:00,Travel,UPI,In-store,POS,0
287,6042,269.66,2025-01-19 12:45:00,Utilities,Credit Card,Mobile,Tablet,0
288,6708,4712.5,2024-07-22 02:37:00,Travel,Cash,Online,Tablet,0
289,8800,938.8,2025-12-08 20:15:00,Other,Net Banking,ATM,Tablet,0
290,6429,1746.34,2024-04-14 22:49:00,Electronics,UPI,ATM,Desktop,0
291,2194,464.26,2024-11-04 21:38:00,Grocery,Debit Card,ATM,Mobile,0
292,5403,920.55,2024-05-03 18:50:00,Utilities,Debit Card,Mobile,Mobile,0
293,298,4089.34,2024-02-12 11:34:00,Other,Net Banking,Online,Mobile,0
294,5827,470.43,2025-03-14 21:23:00,Entertainment,Net Banking,ATM,POS,0
295,3294,461.61,2024-03-11 16:41:00,Other,Net Banking,Online,Desktop,0
296,9737,603.56,2024-12-15 00:54:00,Travel,Credit Card,ATM,Desktop,0
297,5158,1709.74,2025-03-06 15:06:00,Shopping,UPI,In-store,Desktop,0
298,9675,1470.81,2025-03-19 11:40:00,Other,UPI,ATM,Desktop,0
299,5190,385.52,2025-04-15 22:09:00,Food,Debit Card,ATM,Desktop,0
300,8974,2355.11,2025-03-21 05:46:00,Food,Credit Card,Online,POS,0
301,2050,4761.96,2025-06-18 20:17:00,Food,Credit Card,In-store,Mobile,0
302,3685,443.36,2025-09-22 17:49:00,Other,Net Banking,ATM,Desktop,0
303,6986,2235.31,2025-05-10 14:27:00,Other,Debit Card,ATM,Tablet,0
304,3285,1765.64,2025-08-29 08:20:00,Travel,Net Banking,ATM,Tablet,0
305,83,797.79,2024-09-08 02:17:00,Entertainment,Credit Card,Mobile,Tablet,0
306,4451,1923.78,2025-04-06 07:48:00,Healthcare,Credit Card,Online,Mobile,0
307,8333,471.21,2025-04-20 18:39:00,Shopping,Debit Card,Mobile,Tablet,0
308,1832,3590.99,2025-11-15 12:21:00,Electronics,UPI,Mobile,POS,0
309,6744,44.92,2024-01-30 15:54:00,Entertainment,UPI,Mobile,POS,0
310,6098,1674.33,2024-11-28 05:31:00,Food,Credit Card,ATM,Mobile,0
311,5516,767.74,2024-08-05 11:51:00,Healthcare,Cash,In-store,POS,0
312,4931,4263.34,2024-09-21 10:17:00,Grocery,Cash,In-store,POS,0
313,6937,1383.76,2025-09-02 22:56:00,Healthcare,Credit Card,In-store,POS,0
314,931,3243.91,2024-10-09 17:00:00,Utilities,Debit Card,Mobile,Tablet,0
315,5008,5149.32,2025-06-13 06:05:00,Other,Credit Card,ATM,Desktop,0
316,2289,813.98,2024-09-04 23:26:00,Shopping,Cash,ATM,Tablet,0
317,2672,4246.23,2025-05-15 17:48:00,Travel,Debit Card,In-store,Tablet,0
318,5421,2591.29,2024-09-03 22:30:00,Food,Net Banking,In-store,POS,0
319,9209,228.97,2025-10-23 22:31:00,Grocery,Debit Card,In-store,POS,0
320,9368,219.45,2025-04-03 00:05:00,Other,UPI,In-store,POS,0
321,1021,3400.32,2024-10-28 07:25:00,Utilities,Net Banking,ATM,Mobile,0
322,9178,1263.41,2025-12-09 07:19:00,Travel,UPI,Mobile,Mobile,1
323,2954,1366.99,2025-11-10 18:23:00,Healthcare,Credit Card,Online,Desktop,0
324,4883,4437.34,2025-04-29 17:33:00,Grocery,UPI,ATM,Tablet,0
325,6936,4682.72,2024-12-18 13:47:00,Travel,Net Banking,In-store,Tablet,0
326,5309,239.16,2025-07-17 10:22:00,Grocery,Credit Card,ATM,POS,0
327,6277,935.69,2025-12-20 14:17:00,Utilities,Debit Card,Online,POS,0
328,4197,4511.91,2024-11-09 08:14:00,Travel,Cash,In-store,Tablet,0
329,8098,3427.98,2024-05-03 23:12:00,Food,UPI,Online,Desktop,0
330,5478,2553.15,2024-11-19 03:47:00,Food,Credit Card,Mobile,Desktop,0
331,6108,215.1,2025-07-02 22:11:00,Other,Net Banking,ATM,Desktop,0
332,9740,1941.47,2024-07-15 06:47:00,Grocery,Debit Card,ATM,Mobile,0
333,5485,1743.84,2025-05-10 08:46:00,Travel,Net Banking,Mobile,Mobile,0
334,3181,365.84,2025-08-26 16:38:00,Entertainment,UPI,Online,POS,0
335,187,2973.19,2024-10-16 03:53:00,Entertainment,UPI,In-store,Desktop,0
336,3477,747.87,2024-07-17 09:14:00,Shopping,Credit Card,In-store,Mobile,0
337,5472,1938.46,2025-01-04 05:19:00,Shopping,UPI,In-store,Mobile,0
338,3033,898.32,2024-01-15 22:34:00,Entertainment,Net Banking,Online,POS,0
339,47,176.34,2024-05-09 08:02:00,Other,Net Banking,ATM,Desktop,0
340,2869,1488.02,2024-02-25 17:18:00,Other,Credit Card,In-store,Mobile,0
341,3913,732.42,2025-12-15 04:40:00,Travel,Debit Card,Mobile,POS,0
342,3038,147.97,2025-05-17 03:55:00,Other,Debit Card,ATM,Mobile,0
343,3306,442.56,2024-01-13 18:18:00,Shopping,Debit Card,ATM,Desktop,0
344,1614,1929.15,2025-04-25 15:28:00,Entertainment,Debit Card,Online,Desktop,0
345,6361,213.79,2024-12-14 05:03:00,Food,Credit Card,Mobile,Desktop,0
346,6318,183.06,2024-09-15 15:07:00,Electronics,Net Banking,Mobile,Tablet,0
347,9893,5765.58,2024-03-07 12:31:00,Utilities,UPI,ATM,Desktop,0
348,8146,227.51,2024-03-16 18:40:00,Electronics,Debit Card,ATM,Tablet,0
349,9629,943.4,2025-12-03 01:09:00,Grocery,Cash,ATM,POS,0
350,113,286.38,2024-06-01 18:19:00,Food,Debit Card,In-store,POS,0
351,4242,5602.61,2024-03-28 07:07:00,Shopping,Credit Card,ATM,Mobile,0
352,2692,1312.32,2025-07-25 13:38:00,Entertainment,Debit Card,In-store,POS,0
353,3585,235.58,2025-09-02 19:14:00,Grocery,Credit Card,In-store,Tablet,0
354,2346,2929.09,2025-06-19 12:28:00,Entertainment,Cash,Online,Desktop,0
355,56,3035.42,2025-03-29 09:55:00,Other,Credit Card,In-store,POS,0
356,581,4629.3,2025-08-25 13:19:00,Shopping,Debit Card,In-store,Mobile,0
357,3546,2446.01,2025-08-05 19:03:00,Other,UPI,Online,POS,0
358,7562,112.54,2025-09-16 23:06:00,Utilities,Credit Card,ATM,Desktop,0
359,7738,1598.4,2024-07-31 20:13:00,Healthcare,Credit Card,ATM,Mobile,0
360,1668,969.15,2024-09-27 21:05:00,Healthcare,Debit Card,In-store,Mobile,0
361,8411,2761.27,2024-06-09 07:11:00,Grocery,Net Banking,Online,POS,0
362,9084,1787.73,2025-07-19 02:10:00,Travel,UPI,Online,Mobile,0
363,4427,2583.43,2024-01-03 13:28:00,Electronics,UPI,Online,Tablet,0
364,5259,397.98,2025-12-06 19:30:00,Utilities,Credit Card,ATM,Desktop,0
365,6648,1149.2,2024-10-25 01:14:00,Healthcare,Net Banking,Mobile,Tablet,0
366,7939,1131.64,2024-10-22 22:18:00,Travel,UPI,Online,Desktop,0
367,844,7923.96,2025-12-20 14:04:00,Entertainment,Debit Card,Online,Mobile,0
368,3512,38.59,2025-12-04 07:59:00,Grocery,UPI,In-store,POS,0
369,6709,3386.11,2024-09-27 20:37:00,Entertainment,Debit Card,Online,Tablet,0
370,3838,204.31,2025-11-08 06:27:00,Electronics,Credit Card,Online,Tablet,0
371,1120,167.59,2024-04-27 17:14:00,Food,UPI,In-store,Tablet,0
372,9994,795.52,2025-10-25 04:58:00,Other,Credit Card,ATM,Mobile,0
373,9328,2413.06,2024-09-29 04:04:00,Other,UPI,Online,POS,0
374,6035,2269.18,2024-03-02 05:50:00,Grocery,Debit Card,Online,Mobile,1
375,3766,1977.08,2024-11-10 19:47:00,Healthcare,Debit Card,ATM,Desktop,0
376,7915,2979.32,2025-08-05 09:28:00,Electronics,Debit Card,Mobile,Desktop,0
377,6398,528.92,2024-05-07 14:44:00,Grocery,Credit Card,In-store,POS,0
378,6432,2009.39,2024-11-07 22:25:00,Other,UPI,Mobile,Desktop,0
379,7959,2032.43,2024-10-05 16:34:00,Electronics,Net Banking,Online,Mobile,0
380,1939,2124.57,2025-05-20 14:05:00,Healthcare,Debit Card,In-store,Mobile,0
381,3056,1805.04,2025-09-04 01:56:00,Healthcare,Credit Card,Online,Tablet,0
382,8387,500.83,2025-03-18 23:20:00,Travel,Credit Card,Online,POS,0
383,3097,4913.78,2025-09-10 08:01:00,Healthcare,UPI,In-store,Mobile,0
384,1030,7459.79,2024-04-03 07:43:00,Entertainment,Credit Card,Online,Tablet,0
385,1505,2337.13,2025-08-12 18:01:00,Shopping,Debit Card,Online,Tablet,0
386,865,1174.26,2025-11-19 08:36:00,Entertainment,UPI,ATM,Tablet,0
387,2191,1540.88,2024-02-11 05:30:00,Utilities,UPI,ATM,Mobile,0
388,9876,229.41,2025-06-15 20:28:00,Electronics,Debit Card,Online,Desktop,0
389,490,903.21,2024-10-11 05:37:00,Healthcare,UPI,In-store,POS,0
390,7128,7470.63,2025-03-22 20:52:00,Food,Net Banking,Online,POS,0
391,5315,1586.92,2025-05-18 02:30:00,Grocery,Credit Card,Mobile,POS,0
392,5356,1644.82,2024-12-22 13:21:00,Food,UPI,Online,Tablet,0
393,2043,6157.35,2024-11-24 21:06:00,Healthcare,Debit Card,ATM,Mobile,0
394,9734,4349.34,2024-06-13 10:26:00,Electronics,Credit Card,Online,Desktop,0
395,5881,1681.98,2025-12-11 15:18:00,Utilities,Credit Card,Mobile,Mobile,0
396,4883,626.66,2025-11-09 12:52:00,Grocery,UPI,In-store,POS,0
397,8314,248.7,2025-07-17 01:29:00,Grocery,Credit Card,Mobile,Mobile,0
398,5936,3985.08,2024-03-31 10:16:00,Grocery,Cash,ATM,Desktop,0
399,3289,5053.75,2024-11-27 03:49:00,Electronics,Debit Card,ATM,POS,0
400,7114,1363.56,2025-02-17 16:52:00,Grocery,Debit Card,In-store,Tablet,0
401,8230,198.64,2024-01-02 21:55:00,Utilities,UPI,Mobile,POS,0
402,1962,1863.95,2025-07-09 14:26:00,Food,Credit Card,Mobile,Tablet,0
403,5106,916.03,2024-02-25 06:33:00,Utilities,Credit Card,Mobile,Tablet,0
404,3837,343.62,2025-01-05 19:48:00,Food,Debit Card,Mobile,Desktop,0
405,4835,5030.16,2025-05-25 20:28:00,Shopping,Credit Card,Online,POS,0
406,1027,547.42,2024-02-22 06:17:00,Shopping,Credit Card,Mobile,Desktop,0
407,5929,2483.78,2025-07-16 04:59:00,Other,UPI,In-store,Mobile,0
408,8864,1122.06,2024-10-21 14:56:00,Travel,Debit Card,In-store,Desktop,0
409,4126,3519.6,2025-12-16 15:07:00,Electronics,Debit Card,Online,POS,0
410,628,2413.52,2024-01-30 20:38:00,Utilities,UPI,ATM,Desktop,0
411,5287,262.86,2024-09-02 22:10:00,Utilities,UPI,ATM,POS,0
412,3161,1194.26,2024-11-14 17:00:00,Travel,Net Banking,In-store,Desktop,0
413,3768,601.64,2025-07-19 13:05:00,Electronics,Credit Card,In-store,Tablet,0
414,5842,2500.62,2024-08-18 03:29:00,Electronics,Credit Card,Online,Mobile,0
415,9078,1573.55,2024-04-30 20:53:00,Travel,UPI,Online,Mobile,0
416,6426,831.58,2024-06-06 15:59:00,Shopping,Net Banking,ATM,POS,0
417,975,799.34,2024-10-25 16:45:00,Shopping,UPI,Online,POS,0
418,8581,243.18,2024-10-06 13:53:00,Grocery,UPI,Mobile,POS,0
419,5025,481.14,2025-05-09 15:15:00,Other,Debit Card,In-store,Desktop,0
420,5453,2499.8,2025-04-12 17:09:00,Food,UPI,In-store,Mobile,0
421,4715,1882.73,2025-01-27 06:58:00,Food,UPI,In-store,Mobile,0
422,8604,878.86,2025-09-05 16:47:00,Electronics,Debit Card,ATM,Mobile,0
423,8599,3617.19,2024-05-19 02:17:00,Food,Credit Card,ATM,Mobile,0
424,8189,1324.9,2025-02-28 10:59:00,Healthcare,UPI,In-store,Mobile,0
425,2025,3163.98,2025-06-03 08:52:00,Utilities,Debit Card,Online,POS,0
426,9341,3039.01,2024-01-03 09:46:00,Grocery,Credit Card,ATM,Tablet,0
427,2670,3767.74,2024-11-01 18:37:00,Travel,Debit Card,In-store,POS,0
428,3579,3791.2,2025-11-06 15:55:00,Entertainment,Debit Card,Online,Mobile,0
429,5950,2273.02,2024-06-01 14:34:00,Utilities,Credit Card,ATM,Desktop,0
430,3120,2767.98,2025-05-10 11:21:00,Shopping,Debit Card,In-store,POS,0
431,9538,3000.33,2025-07-19 17:24:00,Food,Cash,ATM,Tablet,0
432,3262,370.63,2025-04-11 10:55:00,Utilities,Credit Card,Mobile,Mobile,0
433,7791,714.05,2024-07-12 22:15:00,Electronics,Debit Card,ATM,Desktop,0
434,9950,220.16,2025-08-08 12:14:00,Shopping,Net Banking,Mobile,Tablet,0
435,6213,419.89,2025-02-24 01:20:00,Electronics,Net Banking,Online,Tablet,0
436,7498,3012.75,2025-04-29 22:58:00,Travel,Credit Card,Mobile,Tablet,0
437,6639,5879.1,2025-01-25 12:42:00,Travel,UPI,Online,Mobile,0
438,9892,2239.48,2025-10-29 04:31:00,Healthcare,Debit Card,ATM,Desktop,0
439,1543,4343.95,2024-02-07 04:32:00,Healthcare,Credit Card,Online,POS,0
440,9089,765.38,2025-08-27 10:55:00,Grocery,UPI,In-store,Mobile,0
441,7738,3738.95,2024-04-12 14:06:00,Electronics,Debit Card,Mobile,Mobile,0
442,7670,827.36,2025-06-22 14:00:00,Food,Credit Card,Mobile,Desktop,0
443,3348,4491.78,2024-05-27 13:55:00,Other,UPI,ATM,Mobile,0
444,8610,3199.43,2025-11-01 04:04:00,Healthcare,Credit Card,Mobile,POS,0
445,5540,8220.6,2025-04-25 08:21:00,Healthcare,UPI,In-store,POS,0
446,6042,3512.08,2025-09-30 22:25:00,Grocery,Debit Card,Online,POS,0
447,1185,1015.69,2025-10-27 02:54:00,Shopping,Credit Card,ATM,POS,0
448,2049,233.25,2024-12-02 21:54:00,Other,Credit Card,Online,POS,0
449,5187,4147.29,2025-06-30 12:20:00,Food,Credit Card,Online,Mobile,0
450,7715,1693.49,2025-10-03 22:56:00,Travel,Net Banking,Mobile,Desktop,0
451,8355,3905.85,2025-05-14 17:02:00,Food,Debit Card,Online,Tablet,0
452,315,979.2,2025-09-24 02:15:00,Food,Net Banking,ATM,POS,0
453,3681,58.75,2025-10-08 21:58:00,Grocery,UPI,In-store,Tablet,0
454,8717,107.68,2024-10-21 07:47:00,Other,UPI,Online,POS,0
455,7446,2220.35,2024-04-02 13:06:00,Electronics,UPI,ATM,POS,0
456,593,243.12,2025-10-10 22:55:00,Food,Credit Card,In-store,POS,0
457,7083,2736.61,2024-04-12 14:10:00,Grocery,Credit Card,Online,Tablet,0
458,1738,1087.53,2025-12-11 09:57:00,Utilities,UPI,In-store,Mobile,0
459,3323,1656.14,2024-01-30 01:20:00,Utilities,UPI,In-store,Mobile,0
460,731,3231.05,2024-02-27 09:22:00,Food,Net Banking,Mobile,POS,0
461,3693,583.57,2025-01-18 13:09:00,Electronics,UPI,In-store,POS,0
462,4220,1065.13,2024-09-07 16:26:00,Shopping,UPI,In-store,POS,0
463,3143,2615.39,2025-08-02 21:50:00,Travel,UPI,ATM,Desktop,0
464,9913,5012.53,2024-07-03 05:11:00,Food,Net Banking,ATM,Mobile,0
465,3497,685.83,2024-03-21 19:55:00,Healthcare,Debit Card,ATM,POS,0
466,9101,1949.55,2025-01-26 19:43:00,Healthcare,Credit Card,In-store,POS,0
467,2960,6040.62,2024-09-03 15:58:00,Shopping,Credit Card,ATM,POS,0
468,8520,2093.1,2025-08-20 04:14:00,Grocery,Credit Card,Online,Desktop,0
469,6711,4465.91,2025-04-17 20:16:00,Food,Debit Card,Mobile,POS,0
470,5084,5617.84,2025-04-15 08:42:00,Utilities,Net Banking,Online,Tablet,0
471,8647,5299.83,2024-01-10 14:57:00,Food,Debit Card,ATM,Desktop,0
472,6818,2841.58,2024-10-21 21:34:00,Shopping,Debit Card,In-store,Tablet,0
473,8929,1606.35,2024-06-10 02:28:00,Electronics,Net Banking,ATM,Tablet,0
474,9348,203.52,2024-12-19 18:19:00,Food,Net Banking,Mobile,Mobile,0
475,1975,503.87,2025-10-16 13:44:00,Entertainment,Credit Card,ATM,Mobile,0
476,8294,590.8,2024-09-13 14:54:00,Travel,Debit Card,In-store,POS,0
477,4034,67.65,2024-11-05 06:24:00,Electronics,Credit Card,Mobile,Tablet,0
478,7904,215.0,2025-05-09 03:15:00,Shopping,Debit Card,ATM,Tablet,0
479,5351,698.42,2025-01-25 18:22:00,Entertainment,Debit Card,ATM,POS,0
480,5994,190.25,2025-08-11 09:44:00,Entertainment,Credit Card,Online,POS,0
481,6715,371.54,2024-10-29 00:53:00,Entertainment,Credit Card,Online,Desktop,0
482,809,111.91,2025-11-05 12:17:00,Other,UPI,ATM,POS,0
483,1242,1077.53,2024-01-09 18:55:00,Utilities,Credit Card,ATM,POS,0
484,7087,3444.4,2025-12-03 23:03:00,Travel,Credit Card,In-store,Desktop,0
485,3733,3345.22,2025-09-12 23:31:00,Food,Debit Card,ATM,Mobile,0
486,9954,4705.45,2024-10-20 07:38:00,Entertainment,Credit Card,ATM,Tablet,0
487,1393,2737.69,2024-12-26 07:40:00,Grocery,UPI,Online,Mobile,0
488,2187,560.6,2024-07-13 19:16:00,Entertainment,UPI,Mobile,Desktop,0
489,3415,2423.94,2025-11-25 23:49:00,Utilities,Cash,Online,Mobile,0
490,5143,2803.4,2025-11-06 21:53:00,Food,Debit Card,ATM,Tablet,0
491,9281,1566.61,2024-05-20 20:06:00,Healthcare,Credit Card,ATM,Tablet,0
492,7739,3290.24,2025-10-04 20:02:00,Healthcare,Net Banking,Mobile,Tablet,0
493,3673,147.87,2024-11-12 14:02:00,Utilities,Credit Card,Online,POS,0
494,1734,1806.65,2025-08-16 11:46:00,Grocery,Credit Card,Mobile,Tablet,0
495,8306,1307.44,2024-05-14 02:58:00,Healthcare,UPI,ATM,POS,0
496,1905,3271.69,2024-10-29 10:47:00,Other,Debit Card,Online,POS,0
497,9713,273.84,2025-03-01 05:12:00,Food,UPI,ATM,POS,0
498,9698,478.1,2024-05-15 17:56:00,Utilities,Credit Card,Online,Tablet,0
499,2588,1636.02,2025-01-09 16:32:00,Travel,UPI,Online,Desktop,0
500,9113,5882.69,2024-10-06 05:16:00,Entertainment,Debit Card,ATM,Mobile,0
501,7407,173.73,2025-05-08 09:47:00,Entertainment,UPI,ATM,POS,0
502,1309,2720.29,2024-12-12 03:29:00,Healthcare,Net Banking,In-store,Mobile,0
503,7572,459.83,2024-03-18 04:48:00,Travel,Debit Card,ATM,POS,0
504,9262,222.87,2024-08-19 21:46:00,Travel,UPI,ATM,Mobile,0
505,7865,1004.28,2025-11-21 12:54:00,Food,UPI,Online,POS,0
506,4748,1749.59,2025-07-24 11:05:00,Electronics,UPI,In-store,POS,0
507,4552,3509.13,2025-02-08 00:16:00,Grocery,Debit Card,Mobile,POS,0
508,6823,2014.03,2025-07-03 03:29:00,Electronics,Credit Card,Mobile,POS,0
509,3285,1353.24,2025-01-12 21:47:00,Other,Credit Card,In-store,Desktop,0
510,4508,672.81,2025-11-19 08:37:00,Travel,Debit Card,In-store,POS,0
511,9375,692.19,2025-01-25 20:23:00,Travel,Credit Card,ATM,Desktop,0
512,911,2944.37,2024-04-20 21:14:00,Grocery,Credit Card,ATM,POS,0
513,1980,242.21,2025-04-27 00:39:00,Electronics,Credit Card,Mobile,POS,0
514,551,316.76,2025-07-28 10:58:00,Healthcare,Credit Card,Online,Mobile,0
515,5734,2544.05,2025-09-16 07:41:00,Electronics,Cash,Online,Mobile,0
516,3543,6490.54,2024-03-05 20:52:00,Shopping,Credit Card,In-store,Desktop,0
517,3182,256.2,2025-04-20 22:19:00,Healthcare,Credit Card,Online,POS,0
518,4872,1880.28,2025-10-26 13:07:00,Electronics,UPI,ATM,POS,0
519,6954,546.74,2024-05-23 01:02:00,Healthcare,UPI,In-store,Mobile,0
520,8635,52.19,2024-11-07 15:07:00,Electronics,Net Banking,Mobile,POS,0
521,1359,3570.77,2024-04-09 07:56:00,Grocery,UPI,Online,Mobile,0
522,2894,1421.01,2025-07-04 04:24:00,Food,Credit Card,ATM,POS,0
523,916,48.36,2025-04-09 11:42:00,Food,Credit Card,Mobile,Tablet,0
524,3645,4516.24,2025-12-14 17:26:00,Shopping,Net Banking,Mobile,Desktop,0
525,544,1534.39,2025-08-24 23:46:00,Entertainment,Credit Card,In-store,POS,0
526,645,2671.72,2024-06-07 13:41:00,Electronics,Debit Card,Mobile,Mobile,0
527,9963,1101.58,2024-04-11 15:39:00,Utilities,Debit Card,In-store,Desktop,0
528,3833,408.85,2025-02-21 08:02:00,Travel,UPI,ATM,Mobile,0
529,8215,1253.12,2025-12-07 11:13:00,Travel,Cash,Online,Mobile,0
530,144,678.43,2025-03-30 14:15:00,Shopping,Debit Card,Online,Tablet,0
531,4680,704.04,2025-01-06 03:43:00,Travel,UPI,Mobile,Desktop,0
532,3297,2064.96,2025-01-11 17:57:00,Electronics,Net Banking,Mobile,POS,0
533,1072,197.61,2025-10-22 11:03:00,Other,Credit Card,ATM,Tablet,0
534,6549,1011.72,2025-02-11 08:12:00,Shopping,UPI,Mobile,POS,0
535,6910,1582.16,2024-05-05 14:05:00,Electronics,Net Banking,ATM,Tablet,0
536,1553,2474.77,2025-11-09 06:41:00,Shopping,UPI,ATM,POS,0
537,4337,2004.24,2025-10-16 19:01:00,Food,UPI,Online,Mobile,0
538,9472,4347.44,2024-02-21 10:15:00,Entertainment,Net Banking,Online,Desktop,0
539,1971,9755.08,2024-05-08 18:13:00,Food,Credit Card,ATM,Mobile,0
540,6211,5542.73,2024-03-11 17:13:00,Food,Net Banking,Mobile,Desktop,0
541,4874,2889.14,2025-08-23 06:52:00,Grocery,Net Banking,Online,POS,0
542,1029,2316.82,2024-08-26 10:49:00,Food,UPI,ATM,Tablet,0
543,4078,72.15,2024-05-31 19:00:00,Utilities,Debit Card,In-store,Tablet,0
544,5879,1524.99,2024-10-10 04:08:00,Shopping,Debit Card,Mobile,Desktop,0
545,6192,2179.6,2025-07-07 08:51:00,Shopping,Debit Card,Online,Desktop,0
546,2382,1065.26,2024-06-27 03:42:00,Electronics,Credit Card,ATM,Mobile,0
547,9860,971.6,2024-01-27 04:00:00,Grocery,UPI,Online,Tablet,0
548,136,1564.07,2025-01-01 07:37:00,Entertainment,UPI,Online,Tablet,0
549,4615,4742.58,2024-11-27 00:11:00,Travel,UPI,ATM,Desktop,0
550,7651,604.72,2024-09-28 01:08:00,Shopping,Credit Card,ATM,Desktop,0
551,3360,1018.5,2025-03-07 16:07:00,Healthcare,Credit Card,In-store,Tablet,0
552,8534,2117.37,2024-03-06 15:28:00,Food,Net Banking,Mobile,Mobile,0
553,3350,411.61,2025-01-05 16:37:00,Other,UPI,Online,Mobile,0
554,3802,3602.45,2024-04-21 14:32:00,Healthcare,Debit Card,Mobile,Mobile,0
555,6771,2193.63,2024-08-14 19:02:00,Healthcare,Credit Card,ATM,Desktop,0
556,8477,868.54,2025-11-05 16:19:00,Grocery,UPI,ATM,Desktop,0
557,9156,2561.47,2025-04-14 20:01:00,Other,Credit Card,ATM,Tablet,0
558,7391,655.19,2024-03-03 15:54:00,Electronics,Credit Card,ATM,Tablet,0
559,9814,2978.52,2025-02-15 13:43:00,Grocery,UPI,Mobile,Desktop,0
560,1725,146.62,2024-04-20 15:45:00,Utilities,Cash,ATM,Mobile,0
561,8569,1112.87,2025-03-30 02:57:00,Food,UPI,Online,Tablet,0
562,53,606.64,2024-03-23 10:38:00,Healthcare,Credit Card,Mobile,POS,0
563,328,3393.27,2024-05-31 02:08:00,Entertainment,Debit Card,ATM,Desktop,0
564,639,2794.69,2024-10-08 19:40:00,Shopping,Credit Card,In-store,POS,0
565,7286,3688.57,2025-08-22 17:45:00,Utilities,Debit Card,Mobile,POS,1
566,5700,2108.6,2024-11-28 12:38:00,Grocery,UPI,In-store,Mobile,0
567,7658,3172.64,2025-06-27 09:29:00,Healthcare,UPI,In-store,Desktop,0
568,4602,1155.31,2025-06-01 19:27:00,Travel,Debit Card,Mobile,Desktop,0
569,4964,2266.76,2024-04-11 22:07:00,Shopping,UPI,In-store,POS,0
570,5064,63.22,2025-11-01 20:56:00,Healthcare,UPI,Mobile,Mobile,0
571,8751,4252.64,2025-07-18 23:55:00,Healthcare,Cash,ATM,Tablet,0
572,4036,2308.93,2024-08-08 13:28:00,Food,Debit Card,ATM,POS,0
573,9101,4021.27,2024-08-21 13:21:00,Shopping,Debit Card,ATM,Mobile,0
574,6798,2946.83,2025-04-09 12:26:00,Healthcare,Net Banking,Online,POS,0
575,8201,674.8,2024-04-07 10:27:00,Utilities,Credit Card,In-store,Desktop,0
576,5532,637.33,2024-11-16 21:16:00,Other,Debit Card,Mobile,Mobile,0
577,2572,3215.27,2025-01-18 04:43:00,Healthcare,UPI,Online,Mobile,0
578,5724,408.42,2025-04-30 02:05:00,Healthcare,Credit Card,Online,Desktop,0
579,277,234.55,2024-03-28 02:27:00,Other,Credit Card,Mobile,Tablet,0
580,6583,30.31,2024-04-08 23:47:00,Healthcare,Debit Card,Online,Desktop,0
581,9254,708.86,2025-01-16 04:35:00,Utilities,Debit Card,In-store,Desktop,0
582,6964,209.09,2024-03-02 18:35:00,Entertainment,UPI,Mobile,POS,0
583,1818,3235.81,2025-07-29 10:42:00,Food,Debit Card,Online,Mobile,0
584,5910,1325.41,2024-05-05 13:22:00,Shopping,Credit Card,Online,Desktop,0
585,435,582.08,2025-11-12 13:55:00,Food,Net Banking,Online,Mobile,0
586,1268,1843.04,2024-02-22 09:38:00,Entertainment,Net Banking,Mobile,POS,0
587,9032,145.9,2024-11-15 11:06:00,Shopping,Credit Card,ATM,Mobile,0
588,7717,2590.14,2025-08-14 16:13:00,Food,Credit Card,Online,Desktop,0
589,6888,1391.87,2024-06-07 21:30:00,Electronics,UPI,In-store,POS,0
590,9558,12.99,2024-08-17 03:22:00,Shopping,Credit Card,ATM,POS,0
591,6989,769.02,2025-07-23 11:07:00,Shopping,Cash,In-store,POS,0
592,6053,2774.13,2024-10-12 18:14:00,Utilities,Debit Card,Mobile,Tablet,0
593,4110,416.79,2025-03-15 17:49:00,Other,UPI,ATM,Tablet,0
594,7151,6533.89,2025-09-28 19:43:00,Other,Debit Card,In-store,Mobile,0
595,1159,4538.86,2025-10-20 17:01:00,Entertainment,Debit Card,Online,Mobile,0
596,9916,3012.31,2025-09-15 21:53:00,Utilities,UPI,ATM,POS,0
597,5499,163.61,2025-12-11 08:01:00,Grocery,Debit Card,ATM,Mobile,0
598,567,873.41,2024-07-03 08:44:00,Grocery,UPI,Mobile,POS,0
599,4898,708.21,2024-11-12 10:22:00,Travel,Debit Card,ATM,Tablet,0
600,127,296.13,2024-01-07 05:55:00,Healthcare,Cash,Mobile,POS,0
601,9987,15744.87,2024-05-26 18:42:00,Shopping,Credit Card,ATM,Desktop,0
602,5115,318.45,2025-02-14 02:09:00,Food,Credit Card,Mobile,POS,0
603,6056,757.63,2025-10-10 00:05:00,Travel,Credit Card,Mobile,Desktop,0
604,1868,4242.89,2025-06-27 06:24:00,Electronics,Net Banking,In-store,Tablet,0
605,3684,311.87,2025-03-05 14:21:00,Shopping,Credit Card,ATM,POS,0
606,3231,1267.98,2024-06-10 11:19:00,Other,Credit Card,Online,Tablet,0
607,1559,7433.75,2024-11-28 18:38:00,Utilities,Credit Card,Online,Desktop,0
608,9416,568.15,2024-03-27 01:09:00,Healthcare,Cash,In-store,POS,0
609,739,2428.44,2024-06-10 19:03:00,Electronics,Net Banking,In-store,Mobile,0
610,79,166.85,2025-11-21 02:17:00,Electronics,UPI,ATM,Tablet,0
611,9973,1836.95,2025-03-29 21:27:00,Healthcare,Debit Card,ATM,Desktop,0
612,3164,828.15,2025-05-12 19:28:00,Other,Credit Card,Online,Tablet,0
613,2188,2405.04,2025-02-28 08:13:00,Other,Cash,Online,POS,0
614,9217,1134.4,2025-06-08 03:22:00,Other,Credit Card,In-store,Desktop,0
615,267,710.49,2025-03-16 03:18:00,Travel,Credit Card,In-store,POS,0
616,7219,1579.35,2025-11-25 21:37:00,Travel,Debit Card,ATM,POS,0
617,8421,300.92,2025-05-13 16:42:00,Other,Credit Card,Mobile,POS,0
618,1393,3368.67,2024-11-11 01:14:00,Food,Net Banking,Mobile,Mobile,0
619,2605,2778.27,2025-02-08 19:03:00,Travel,Credit Card,Online,POS,0
620,5219,1574.78,2024-01-08 06:19:00,Utilities,Cash,Mobile,Mobile,0
621,597,914.72,2024-08-04 04:48:00,Healthcare,UPI,In-store,POS,0
622,9027,4935.54,2024-09-18 09:20:00,Travel,Credit Card,Mobile,Tablet,0
623,8921,2012.75,2024-05-02 00:31:00,Healthcare,Net Banking,ATM,Tablet,0
624,7977,670.39,2025-03-16 05:08:00,Other,Debit Card,In-store,Tablet,0
625,1922,3287.11,2025-01-24 17:45:00,Electronics,Debit Card,ATM,POS,0
626,2625,2015.82,2024-08-23 16:35:00,Food,Credit Card,In-store,Mobile,0
627,9109,271.67,2025-11-15 11:04:00,Food,Net Banking,Mobile,POS,0
628,8847,242.6,2025-02-10 23:02:00,Healthcare,Net Banking,ATM,Tablet,0
629,1975,5564.63,2025-03-22 00:29:00,Electronics,UPI,In-store,Tablet,0
630,7510,679.11,2024-03-20 10:36:00,Healthcare,UPI,In-store,Desktop,0
631,3092,2178.21,2025-03-15 18:25:00,Grocery,Credit Card,Online,Desktop,0
632,8525,74.23,2025-12-27 20:26:00,Utilities,Debit Card,In-store,Mobile,0
633,8487,1626.12,2024-10-23 03:25:00,Grocery,Credit Card,ATM,Mobile,0
634,3743,525.66,2024-01-22 10:10:00,Electronics,UPI,Mobile,Desktop,0
635,9931,300.78,2025-09-24 14:53:00,Entertainment,Credit Card,Mobile,Mobile,0
636,2611,2970.05,2025-12-07 11:05:00,Food,Credit Card,Online,Tablet,0
637,5816,3316.65,2025-03-23 03:15:00,Grocery,Net Banking,In-store,Tablet,0
638,8033,2512.02,2025-03-22 18:25:00,Grocery,Cash,ATM,Mobile,0
639,3869,22.5,2025-06-20 02:25:00,Food,Debit Card,Online,Tablet,0
640,250,670.69,2024-11-13 23:21:00,Healthcare,UPI,In-store,Desktop,0
641,7893,895.58,2024-08-14 10:49:00,Travel,Credit Card,In-store,Tablet,0
642,301,2347.86,2024-06-21 02:32:00,Food,Debit Card,ATM,Desktop,0
643,5126,2817.44,2025-10-10 03:33:00,Electronics,UPI,Online,Desktop,1
644,4318,1976.94,2025-06-06 06:57:00,Shopping,Net Banking,Online,Mobile,0
645,6457,3112.63,2024-12-23 11:46:00,Travel,Credit Card,Mobile,Desktop,0
646,4444,1114.79,2025-10-22 04:15:00,Travel,Credit Card,Online,Tablet,0
647,8883,1561.1,2024-04-15 04:16:00,Other,Debit Card,Mobile,POS,0
648,6235,132.81,2024-07-21 05:38:00,Entertainment,UPI,Online,Desktop,0
649,8103,1114.31,2024-06-05 20:04:00,Travel,Credit Card,In-store,Desktop,0
650,3919,1133.5,2024-06-30 20:31:00,Food,Credit Card,ATM,POS,0
651,1195,1891.03,2025-04-20 18:48:00,Healthcare,Credit Card,Online,Tablet,0
652,294,949.3,2025-08-16 14:43:00,Grocery,Debit Card,In-store,POS,0
653,2240,544.81,2025-08-01 20:40:00,Utilities,Net Banking,Online,Desktop,0
654,2854,542.56,2025-10-01 10:55:00,Entertainment,Credit Card,Mobile,POS,0
655,8223,287.45,2025-10-04 10:09:00,Other,Credit Card,In-store,Desktop,0
656,4878,2414.77,2025-03-26 02:30:00,Electronics,Credit Card,Mobile,Tablet,0
657,5624,1948.73,2025-03-28 20:19:00,Electronics,Credit Card,Online,Mobile,0
658,8191,1731.43,2024-10-08 18:03:00,Electronics,UPI,In-store,POS,0
659,5218,1514.39,2024-12-26 16:04:00,Shopping,Debit Card,Mobile,POS,0
660,4148,916.27,2024-11-13 14:28:00,Electronics,Credit Card,Online,POS,0
661,7511,2928.23,2024-02-08 01:23:00,Entertainment,Net Banking,ATM,Mobile,0
662,2858,5102.71,2024-10-20 02:41:00,Grocery,Debit Card,ATM,Tablet,0
663,4446,1159.6,2024-04-02 19:38:00,Entertainment,Cash,ATM,Tablet,0
664,5138,1052.18,2025-06-03 12:29:00,Healthcare,Credit Card,ATM,Mobile,0
665,6374,355.21,2025-08-17 17:50:00,Healthcare,UPI,In-store,Tablet,0
666,8906,2221.63,2024-02-12 14:58:00,Travel,UPI,ATM,Desktop,0
667,7724,1633.31,2025-08-08 20:12:00,Other,Credit Card,Mobile,Desktop,0
668,610,8845.36,2024-11-25 19:30:00,Food,UPI,Mobile,Desktop,0
669,1505,1755.69,2025-05-28 04:03:00,Other,Net Banking,Online,Tablet,0
670,5532,681.07,2025-04-06 03:51:00,Electronics,UPI,ATM,Mobile,0
671,6532,1655.37,2024-12-17 22:05:00,Travel,Net Banking,ATM,POS,0
672,8847,8359.18,2025-05-31 20:11:00,Utilities,Debit Card,Mobile,POS,0
673,6146,2569.9,2024-02-10 07:45:00,Food,Debit Card,Mobile,Mobile,1
674,2940,275.26,2025-03-24 14:33:00,Other,Credit Card,In-store,POS,0
675,151,840.64,2025-06-19 19:10:00,Electronics,UPI,Online,POS,0
676,8945,709.6,2025-01-07 11:58:00,Other,Credit Card,In-store,Mobile,0
677,7586,3887.36,2024-10-16 12:26:00,Shopping,Credit Card,In-store,Desktop,0
678,5773,1889.19,2024-12-12 21:38:00,Food,UPI,ATM,Mobile,0
679,1192,3322.54,2024-02-23 20:41:00,Grocery,UPI,Mobile,Mobile,0
680,7178,387.77,2024-12-08 02:21:00,Grocery,Debit Card,Online,Tablet,0
681,4996,4772.69,2024-04-06 17:43:00,Utilities,UPI,Online,POS,0
682,3410,120.16,2025-01-30 09:16:00,Electronics,Debit Card,In-store,Tablet,0
683,1891,939.49,2025-11-03 19:55:00,Grocery,Credit Card,In-store,Desktop,0
684,111,28.5,2024-06-02 10:05:00,Travel,Credit Card,Online,Tablet,0
685,6324,407.37,2025-08-19 21:09:00,Electronics,Credit Card,Mobile,Tablet,0
686,977,6552.26,2024-12-24 09:41:00,Travel,Debit Card,Mobile,Desktop,0
687,9627,163.49,2025-12-16 21:25:00,Other,UPI,In-store,Tablet,0
688,7944,314.26,2024-05-12 19:45:00,Other,Debit Card,Online,POS,0
689,4277,5176.51,2024-03-27 09:35:00,Other,Debit Card,Mobile,Desktop,0
690,2134,2476.95,2025-01-20 20:50:00,Healthcare,UPI,Online,Tablet,0
691,1707,1045.0,2024-12-02 04:42:00,Travel,Net Banking,Mobile,POS,0
692,1630,142.49,2025-12-20 23:43:00,Healthcare,Credit Card,Mobile,POS,0
693,5043,3074.6,2025-06-23 02:41:00,Travel,UPI,Online,Desktop,0
694,7231,1357.41,2025-11-17 13:32:00,Shopping,UPI,In-store,Mobile,0
695,7748,780.22,2025-01-05 00:23:00,Food,Debit Card,In-store,POS,0
696,3725,894.92,2024-11-12 05:13:00,Electronics,Credit Card,Online,Mobile,0
697,5766,1407.52,2024-12-15 15:12:00,Food,Debit Card,Mobile,Mobile,0
698,4265,1602.5,2024-08-19 04:09:00,Travel,Credit Card,In-store,Mobile,0
699,4413,3408.58,2024-03-20 09:54:00,Electronics,Credit Card,ATM,Mobile,0
700,2452,2954.22,2024-04-13 16:49:00,Shopping,Credit Card,ATM,Tablet,0
701,213,2913.94,2025-07-06 23:56:00,Other,UPI,In-store,Tablet,0
702,634,2613.47,2025-06-23 01:42:00,Travel,Debit Card,Mobile,Desktop,0
703,6018,2835.87,2024-12-10 19:08:00,Entertainment,Debit Card,ATM,Tablet,0
704,7914,2263.93,2025-09-03 12:09:00,Utilities,Credit Card,In-store,Mobile,0
705,9577,4050.26,2024-06-15 05:53:00,Utilities,UPI,ATM,Mobile,0
706,8864,1630.42,2025-12-10 19:51:00,Electronics,Debit Card,In-store,Tablet,0
707,2171,1471.46,2024-06-18 23:28:00,Grocery,UPI,In-store,Tablet,0
708,1046,2416.6,2024-02-14 13:23:00,Travel,Credit Card,Online,Mobile,0
709,3290,363.06,2025-11-23 23:15:00,Electronics,Net Banking,In-store,Tablet,0
710,2601,3000.73,2025-03-30 19:18:00,Shopping,Debit Card,In-store,Mobile,0
711,877,5502.62,2025-04-04 07:34:00,Food,Debit Card,Mobile,POS,0
712,394,702.69,2024-09-01 09:51:00,Other,Net Banking,Online,POS,0
713,6701,1888.58,2025-04-25 06:23:00,Utilities,Net Banking,Mobile,Mobile,0
714,2572,66.33,2025-11-25 18:28:00,Grocery,Credit Card,In-store,Desktop,0
715,1769,2903.35,2025-04-17 09:49:00,Healthcare,Debit Card,Mobile,Mobile,0
716,233,1640.45,2025-01-26 16:33:00,Entertainment,UPI,In-store,Desktop,0
717,3570,2239.6,2025-03-04 05:52:00,Grocery,Cash,Mobile,POS,0
718,5906,308.62,2024-07-23 19:08:00,Electronics,UPI,ATM,Tablet,0
719,832,3315.73,2024-09-13 01:41:00,Grocery,Credit Card,ATM,Desktop,0
720,8279,591.26,2025-05-07 11:35:00,Food,UPI,In-store,Tablet,0
721,7041,2309.05,2024-04-15 22:54:00,Food,Debit Card,Online,Tablet,0
722,6837,1798.58,2025-06-12 03:18:00,Entertainment,Credit Card,Online,POS,0
723,5349,2121.43,2024-03-26 05:17:00,Grocery,Debit Card,ATM,Desktop,0
724,7762,103.09,2025-04-05 16:09:00,Grocery,Debit Card,Mobile,Tablet,0
725,9427,2708.43,2025-03-23 02:58:00,Utilities,Credit Card,In-store,POS,0
726,8685,3171.93,2024-08-15 14:56:00,Other,Debit Card,ATM,Tablet,0
727,5660,1288.01,2024-12-23 00:26:00,Utilities,Net Banking,Mobile,Mobile,0
728,8214,1051.41,2024-02-24 12:32:00,Entertainment,Net Banking,Online,Mobile,0
729,3878,838.76,2025-01-17 07:24:00,Entertainment,UPI,Online,Mobile,0
730,3383,5258.9,2024-03-24 11:14:00,Other,Credit Card,Mobile,Tablet,0
731,345,2813.55,2024-01-29 10:59:00,Healthcare,Credit Card,Online,Desktop,0
732,6000,2398.76,2024-04-11 22:41:00,Electronics,UPI,ATM,Desktop,0
733,1161,5196.78,2024-12-09 04:08:00,Grocery,Debit Card,Online,Tablet,0
734,484,857.78,2024-02-09 09:58:00,Healthcare,Debit Card,In-store,Desktop,0
735,4018,1989.25,2025-04-28 22:53:00,Grocery,UPI,Online,POS,0
736,1829,2317.09,2024-05-22 22:30:00,Travel,UPI,Online,POS,1
737,6721,11160.06,2025-04-04 19:00:00,Healthcare,Credit Card,Online,Tablet,0
738,316,1114.39,2024-03-22 00:16:00,Food,Cash,Mobile,Mobile,0
739,4863,1022.25,2024-08-08 04:35:00,Other,Credit Card,In-store,Tablet,0
740,2330,176.54,2025-09-15 16:27:00,Healthcare,Cash,ATM,POS,0
741,9806,207.29,2024-04-23 09:15:00,Travel,Debit Card,Online,Desktop,0
742,4471,1434.06,2024-11-04 03:03:00,Entertainment,Net Banking,Mobile,Desktop,0
743,2101,375.51,2024-09-01 13:40:00,Food,Credit Card,Mobile,Mobile,0
744,809,151.45,2025-09-29 14:04:00,Entertainment,Net Banking,Online,POS,0
745,4612,6698.71,2024-04-23 15:38:00,Travel,Credit Card,Mobile,Desktop,0
746,8706,6048.98,2025-07-02 00:40:00,Other,Net Banking,Mobile,Tablet,0
747,2339,786.91,2025-06-11 18:15:00,Other,Debit Card,Mobile,POS,0
748,8187,3120.05,2024-05-27 09:27:00,Food,Net Banking,Mobile,Desktop,0
749,5025,4120.05,2024-01-02 19:22:00,Grocery,Credit Card,Mobile,Mobile,0
750,4581,1250.03,2024-09-03 18:26:00,Grocery,UPI,ATM,Tablet,0
751,1897,506.43,2024-07-10 21:42:00,Utilities,UPI,Mobile,Tablet,0
752,7602,278.08,2024-03-28 16:23:00,Travel,Debit Card,Mobile,Tablet,0
753,2701,303.56,2024-03-10 16:34:00,Shopping,Net Banking,ATM,Mobile,0
754,7283,3188.44,2025-06-03 16:35:00,Healthcare,UPI,In-store,Desktop,0
755,1139,970.37,2024-01-21 12:55:00,Healthcare,Debit Card,Mobile,Desktop,0
756,124,2365.12,2025-04-26 01:40:00,Healthcare,Net Banking,Mobile,Mobile,0
757,1627,1547.38,2025-01-31 11:16:00,Healthcare,Debit Card,ATM,Tablet,0
758,1585,1003.96,2024-01-17 11:50:00,Travel,UPI,ATM,POS,0
759,3459,264.36,2024-03-10 11:15:00,Healthcare,UPI,In-store,POS,0
760,4369,811.28,2025-11-03 20:06:00,Travel,Credit Card,ATM,Mobile,0
761,4761,3667.34,2025-08-18 23:48:00,Food,Debit Card,Mobile,POS,0
762,1406,3336.23,2024-12-06 04:02:00,Grocery,UPI,Mobile,POS,0
763,1245,57.56,2024-12-26 17:21:00,Electronics,Credit Card,ATM,Desktop,0
764,5893,302.29,2025-10-20 05:53:00,Electronics,Credit Card,Mobile,Mobile,0
765,199,2820.36,2025-12-02 14:44:00,Other,Debit Card,Mobile,Mobile,0
766,2131,818.14,2025-05-05 20:11:00,Food,Credit Card,Online,Desktop,0
767,5623,2063.35,2024-05-18 02:45:00,Grocery,UPI,ATM,Desktop,0
768,1331,1654.16,2025-04-13 01:18:00,Electronics,Net Banking,Mobile,Tablet,0
769,3345,2111.49,2024-07-25 01:50:00,Healthcare,Credit Card,Mobile,Mobile,0
770,5758,110.38,2024-07-23 01:20:00,Healthcare,UPI,Online,POS,0
771,9175,5350.76,2024-11-13 16:25:00,Electronics,UPI,ATM,POS,0
772,3133,42.39,2025-07-10 15:16:00,Travel,Credit Card,ATM,Tablet,0
773,4443,16.13,2024-02-07 20:12:00,Entertainment,UPI,ATM,POS,0
774,6175,512.76,2024-10-19 11:55:00,Grocery,UPI,Online,Tablet,0
775,3599,10070.65,2024-02-18 20:21:00,Electronics,Debit Card,Mobile,POS,0
776,1345,150.59,2024-10-06 03:51:00,Utilities,UPI,Online,Desktop,0
777,4841,4150.9,2025-01-11 13:56:00,Healthcare,Credit Card,Online,Desktop,0
778,4929,346.54,2025-02-13 23:28:00,Food,Credit Card,ATM,Mobile,0
779,5920,231.05,2025-01-30 10:11:00,Shopping,Net Banking,Online,POS,0
780,3312,3018.92,2025-05-23 22:31:00,Travel,UPI,ATM,Tablet,0
781,5270,3750.44,2025-01-11 16:17:00,Shopping,Debit Card,Mobile,Mobile,0
782,429,3142.19,2024-03-25 23:27:00,Food,UPI,Mobile,Desktop,0
783,2299,551.58,2024-03-21 13:38:00,Other,UPI,In-store,Mobile,0
784,6155,4237.91,2024-07-03 17:18:00,Other,Debit Card,Online,Tablet,0
785,2465,149.2,2024-11-24 03:05:00,Utilities,Debit Card,ATM,POS,0
786,577,837.03,2024-12-01 21:18:00,Travel,Credit Card,Mobile,Desktop,0
787,8742,1244.2,2024-11-09 14:38:00,Entertainment,UPI,ATM,Mobile,0
788,4553,140.28,2025-03-12 05:44:00,Healthcare,UPI,In-store,Mobile,0
789,9485,1734.25,2025-03-30 11:28:00,Grocery,UPI,Mobile,Desktop,0
790,5040,1639.16,2024-02-13 23:55:00,Electronics,Cash,ATM,Tablet,0
791,4376,9702.8,2024-12-27 19:27:00,Healthcare,Credit Card,Mobile,Desktop,0
792,8996,1943.95,2024-10-08 20:50:00,Other,Credit Card,In-store,Desktop,0
793,3220,1013.49,2024-02-28 02:42:00,Entertainment,Net Banking,Mobile,Desktop,0
794,7723,3123.06,2025-10-14 12:23:00,Travel,UPI,Online,Tablet,1
795,9325,815.84,2025-06-09 23:43:00,Shopping,UPI,In-store,Desktop,0
796,4195,1522.29,2024-06-12 00:09:00,Utilities,Debit Card,ATM,Tablet,0
797,9771,114.13,2025-09-14 21:50:00,Electronics,Debit Card,Online,Desktop,0
798,852,779.18,2025-03-24 01:08:00,Entertainment,Credit Card,ATM,POS,0
799,9320,1502.01,2024-03-09 07:49:00,Healthcare,UPI,ATM,POS,0
800,4723,2423.42,2025-10-22 11:23:00,Electronics,Credit Card,Online,POS,0
801,8766,208.57,2025-01-27 18:02:00,Healthcare,Debit Card,ATM,Mobile,0
802,4722,3190.94,2025-09-11 04:43:00,Other,Credit Card,In-store,POS,0
803,9414,4608.35,2025-04-05 11:23:00,Entertainment,UPI,Online,POS,0
804,6908,659.89,2025-03-30 02:36:00,Utilities,Cash,Mobile,Tablet,0
805,3994,2899.29,2024-05-20 16:23:00,Other,Credit Card,Online,POS,0
806,1551,397.75,2025-02-11 10:41:00,Shopping,Credit Card,Online,Desktop,0
807,8826,1482.22,2024-10-12 07:07:00,Electronics,Debit Card,Online,Tablet,0
808,9061,3195.37,2024-01-27 23:11:00,Other,Debit Card,Online,POS,0
809,7699,977.12,2025-05-26 16:24:00,Shopping,Net Banking,In-store,POS,0
810,4984,53.3,2025-07-29 03:16:00,Food,Credit Card,Online,Tablet,0
811,6601,1552.92,2024-09-23 22:28:00,Other,UPI,ATM,Mobile,0
812,6587,3724.79,2024-08-07 19:18:00,Healthcare,Net Banking,In-store,Mobile,0
813,9553,229.31,2025-12-11 15:12:00,Other,UPI,ATM,Tablet,0
814,6543,60.18,2024-05-05 04:54:00,Other,Credit Card,In-store,Mobile,0
815,6330,3311.39,2024-03-16 14:11:00,Travel,Credit Card,In-store,POS,0
816,3637,621.58,2025-12-31 14:05:00,Utilities,Debit Card,Online,Mobile,0
817,3996,906.19,2025-11-29 10:42:00,Entertainment,Debit Card,In-store,Tablet,0
818,9671,182.0,2024-12-21 22:04:00,Entertainment,Credit Card,Mobile,Mobile,0
819,2014,203.22,2025-07-17 17:18:00,Utilities,Debit Card,Mobile,Tablet,0
820,6786,1906.65,2024-11-03 05:45:00,Healthcare,UPI,ATM,Desktop,0
821,658,1606.95,2025-12-27 22:40:00,Entertainment,Debit Card,Online,Tablet,0
822,245,691.76,2024-06-27 11:32:00,Food,Credit Card,In-store,Desktop,0
823,5114,1205.65,2024-08-17 03:12:00,Healthcare,Cash,Online,Desktop,0
824,3765,982.69,2024-05-22 07:50:00,Entertainment,Credit Card,Online,Desktop,0
825,8328,2375.23,2025-05-20 00:23:00,Shopping,UPI,Mobile,POS,0
826,8397,3962.29,2025-07-21 18:23:00,Entertainment,UPI,ATM,Mobile,0
827,9076,2897.21,2025-04-23 17:08:00,Entertainment,Credit Card,In-store,POS,0
828,3733,8.83,2025-09-18 02:04:00,Grocery,Debit Card,ATM,Tablet,0
829,5980,209.73,2024-11-12 12:45:00,Healthcare,Debit Card,Mobile,Tablet,0
830,4652,1122.05,2025-05-05 16:26:00,Grocery,UPI,Mobile,Mobile,0
831,8007,3818.37,2025-02-23 18:04:00,Other,Debit Card,In-store,POS,0
832,6393,540.93,2024-05-08 10:41:00,Food,Credit Card,In-store,Tablet,0
833,9077,4223.14,2024-03-16 14:29:00,Electronics,Net Banking,Online,POS,0
834,9175,233.1,2025-11-27 16:22:00,Other,Debit Card,Mobile,Tablet,0
835,8164,150.76,2024-05-11 17:40:00,Shopping,Debit Card,Online,Tablet,0
836,5282,4893.37,2025-08-24 05:49:00,Entertainment,UPI,ATM,POS,0
837,1221,353.42,2024-05-12 13:32:00,Travel,Debit Card,Mobile,Mobile,0
838,8898,1246.41,2024-02-26 03:33:00,Entertainment,Credit Card,ATM,Tablet,0
839,2607,788.92,2024-06-05 09:10:00,Entertainment,Net Banking,In-store,Mobile,0
840,9218,319.48,2024-06-14 10:59:00,Other,Net Banking,Online,POS,0
841,3284,1999.95,2025-12-27 07:22:00,Healthcare,UPI,In-store,Desktop,0
842,7895,6630.37,2025-06-15 09:54:00,Entertainment,Debit Card,ATM,POS,0
843,1317,2146.53,2024-03-21 08:12:00,Electronics,UPI,In-store,POS,0
844,3152,872.98,2025-10-12 17:17:00,Other,Debit Card,Mobile,Mobile,0
845,119,2488.18,2024-05-08 20:19:00,Utilities,UPI,Online,Tablet,0
846,4694,309.21,2025-09-21 17:05:00,Food,Credit Card,ATM,Mobile,0
847,6719,1735.08,2025-05-29 20:10:00,Electronics,Debit Card,Online,Desktop,0
848,1909,1267.71,2025-08-29 18:09:00,Grocery,UPI,ATM,Tablet,0
849,4086,892.52,2024-06-24 21:39:00,Utilities,UPI,Mobile,Tablet,0
850,6379,2690.82,2025-09-11 10:53:00,Travel,Credit Card,ATM,Desktop,0
851,427,252.23,2025-07-31 01:52:00,Shopping,UPI,Mobile,Mobile,0
852,5736,1521.95,2024-01-30 02:02:00,Entertainment,Credit Card,Online,Desktop,0
853,5882,3853.75,2025-10-18 18:16:00,Food,UPI,Online,Tablet,0
854,640,450.57,2025-10-28 06:49:00,Travel,Net Banking,In-store,Desktop,0
855,9396,614.52,2025-08-08 13:39:00,Utilities,Cash,ATM,Tablet,0
856,3766,2161.57,2025-10-16 00:31:00,Entertainment,UPI,Mobile,Tablet,0
857,2764,2961.97,2025-10-04 17:18:00,Grocery,UPI,Online,Desktop,0
858,6693,666.3,2025-10-19 09:30:00,Food,Credit Card,Mobile,Desktop,0
859,7619,892.26,2024-09-07 21:25:00,Electronics,Debit Card,Online,POS,0
860,146,2693.47,2024-10-31 14:04:00,Utilities,Credit Card,In-store,Desktop,0
861,3131,671.85,2025-12-06 01:10:00,Electronics,UPI,Mobile,Mobile,0
862,7571,2194.71,2025-03-26 13:30:00,Entertainment,UPI,Mobile,Tablet,0
863,5773,345.93,2025-04-20 06:21:00,Electronics,Credit Card,ATM,POS,0
864,9249,1059.71,2025-09-13 04:20:00,Utilities,Debit Card,Online,POS,0
865,7134,2333.85,2024-11-22 23:55:00,Travel,UPI,Mobile,POS,0
866,1458,1232.02,2024-12-19 12:08:00,Electronics,UPI,In-store,Tablet,0
867,5491,38.85,2025-01-14 16:35:00,Electronics,Debit Card,In-store,Tablet,0
868,1608,1043.03,2024-04-18 10:15:00,Electronics,Debit Card,ATM,Desktop,0
869,1074,680.3,2025-04-22 03:17:00,Healthcare,Credit Card,Mobile,Tablet,0
870,1523,213.57,2025-04-05 07:09:00,Shopping,Credit Card,Mobile,Desktop,0
871,536,18.36,2024-04-09 01:18:00,Utilities,Debit Card,In-store,Desktop,0
872,6213,93.17,2025-01-28 19:26:00,Grocery,Debit Card,Mobile,Mobile,0
873,3080,5961.6,2024-09-11 05:52:00,Travel,Cash,In-store,Tablet,0
874,761,2771.14,2024-12-01 18:46:00,Shopping,Debit Card,ATM,Mobile,0
875,8400,5618.23,2024-11-16 06:48:00,Shopping,Credit Card,In-store,POS,0
876,8100,243.85,2024-06-12 15:32:00,Other,Credit Card,Online,Desktop,0
877,3264,1690.31,2025-04-23 15:56:00,Utilities,Debit Card,Online,Tablet,0
878,1998,173.93,2024-11-11 15:01:00,Food,Net Banking,In-store,Tablet,0
879,4006,54.34,2024-04-02 12:32:00,Travel,UPI,In-store,Tablet,0
880,9588,1255.77,2025-04-13 07:13:00,Shopping,Debit Card,In-store,Tablet,0
881,26,2078.86,2025-08-20 11:03:00,Food,Cash,In-store,Desktop,0
882,8699,131.34,2024-02-21 09:31:00,Food,Credit Card,ATM,Tablet,0
883,861,908.45,2025-09-03 20:43:00,Shopping,Debit Card,Online,Tablet,0
884,4474,188.99,2025-04-26 09:34:00,Shopping,Credit Card,Online,Tablet,0
885,7684,899.16,2024-01-09 03:27:00,Shopping,Net Banking,ATM,Mobile,0
886,8152,1276.54,2024-05-17 08:46:00,Entertainment,Credit Card,Mobile,Tablet,0
887,4161,823.56,2025-01-09 12:23:00,Travel,Cash,ATM,Mobile,0
888,3982,1717.22,2024-02-16 12:03:00,Healthcare,Debit Card,Online,Mobile,0
889,2851,1756.98,2025-08-06 17:12:00,Food,Cash,ATM,POS,0
890,597,809.74,2025-01-06 17:18:00,Food,Debit Card,In-store,POS,0
891,2020,987.28,2024-03-16 12:32:00,Food,Debit Card,Mobile,Tablet,0
892,6423,1163.45,2025-04-06 17:17:00,Travel,Debit Card,In-store,POS,0
893,5908,942.1,2025-09-30 21:39:00,Utilities,Net Banking,ATM,POS,0
894,5978,2859.64,2024-05-01 04:06:00,Food,Debit Card,Mobile,Desktop,0
895,169,301.52,2025-02-07 11:50:00,Entertainment,Net Banking,Mobile,Desktop,0
896,1924,3890.32,2024-12-13 17:23:00,Entertainment,Net Banking,Mobile,Tablet,0
897,6507,804.69,2024-05-27 06:38:00,Utilities,Credit Card,Mobile,Desktop,0
898,7655,2574.43,2025-06-05 12:32:00,Grocery,Net Banking,Mobile,POS,0
899,6228,4304.47,2024-02-11 01:02:00,Shopping,Credit Card,Online,Tablet,0
900,3310,4368.76,2024-05-20 22:21:00,Grocery,Net Banking,In-store,Tablet,0
901,7626,1204.29,2025-04-30 16:29:00,Healthcare,Credit Card,In-store,Tablet,0
902,7874,593.05,2024-06-01 19:57:00,Entertainment,UPI,Mobile,Desktop,0
903,8701,1861.59,2025-06-11 04:20:00,Utilities,Cash,In-store,POS,0
904,4077,406.59,2025-09-19 10:10:00,Healthcare,Credit Card,Online,Desktop,0
905,6985,3126.99,2025-02-06 19:47:00,Food,Credit Card,In-store,Tablet,0
906,5118,2485.05,2024-11-02 18:21:00,Food,Debit Card,In-store,Tablet,0
907,874,3175.75,2025-06-03 16:34:00,Healthcare,Debit Card,Online,Desktop,0
908,3843,1135.7,2025-05-16 22:36:00,Utilities,Credit Card,In-store,POS,0
909,5824,1630.31,2024-11-02 15:52:00,Travel,Debit Card,In-store,Tablet,0
910,182,216.79,2024-01-18 11:21:00,Travel,UPI,ATM,Mobile,0
911,8199,2327.23,2025-11-20 03:26:00,Utilities,Net Banking,In-store,Mobile,1
912,4761,1334.33,2025-08-20 09:50:00,Travel,Debit Card,Mobile,POS,0
913,408,1423.59,2025-12-05 20:01:00,Utilities,Debit Card,Mobile,POS,0
914,6406,3754.53,2025-09-03 15:16:00,Electronics,Credit Card,Online,Desktop,0
915,9615,2959.64,2025-11-02 18:36:00,Shopping,UPI,Online,Mobile,0
916,9807,1532.26,2024-08-21 23:03:00,Other,Credit Card,Mobile,Desktop,0
917,7357,877.34,2025-08-20 15:10:00,Healthcare,Debit Card,Mobile,Mobile,0
918,8059,1182.75,2025-06-20 20:46:00,Electronics,Debit Card,Mobile,Desktop,0
919,826,863.92,2025-09-26 12:09:00,Other,Credit Card,ATM,Mobile,0
920,5741,328.82,2025-11-28 07:02:00,Food,Debit Card,Mobile,Desktop,0
921,96,2075.65,2025-08-09 22:07:00,Entertainment,Credit Card,Online,POS,0
922,8591,2352.16,2024-07-14 00:28:00,Utilities,Credit Card,ATM,Mobile,0
923,1262,7095.46,2024-11-17 13:09:00,Healthcare,Credit Card,Online,Tablet,0
924,6024,1216.53,2025-02-26 22:13:00,Entertainment,Credit Card,ATM,Desktop,0
925,7701,11823.39,2025-02-24 16:49:00,Electronics,UPI,ATM,Tablet,0
926,7981,414.29,2025-09-18 15:55:00,Entertainment,UPI,Online,Desktop,0
927,8921,2137.9,2024-03-04 22:08:00,Grocery,Credit Card,ATM,POS,0
928,5091,10506.17,2025-06-15 06:35:00,Shopping,UPI,ATM,Desktop,0
929,1657,2045.11,2024-11-28 21:30:00,Entertainment,Debit Card,In-store,Desktop,0
930,9000,1204.31,2025-06-22 12:20:00,Electronics,Debit Card,Mobile,Tablet,0
931,5470,1448.25,2024-06-26 14:58:00,Food,Credit Card,ATM,Desktop,0
932,5471,3735.27,2025-06-29 10:34:00,Grocery,Credit Card,ATM,POS,0
933,8959,5597.39,2024-12-28 21:49:00,Electronics,Debit Card,Online,Desktop,0
934,5131,1210.0,2025-11-28 20:51:00,Shopping,Credit Card,Online,POS,0
935,5242,2960.07,2025-12-10 08:39:00,Entertainment,UPI,In-store,POS,0
936,382,5426.78,2025-05-10 06:15:00,Other,UPI,Online,Desktop,0
937,295,662.91,2024-10-12 17:19:00,Entertainment,Credit Card,Mobile,POS,0
938,55,1359.12,2024-08-18 09:49:00,Electronics,Debit Card,In-store,Mobile,0
939,5964,10771.05,2024-10-22 22:13:00,Shopping,Credit Card,Mobile,Tablet,0
940,8835,872.3,2025-12-07 22:31:00,Entertainment,UPI,Mobile,Desktop,0
941,5547,1933.53,2024-11-20 15:22:00,Shopping,Credit Card,ATM,Tablet,0
942,80,2140.23,2025-07-27 23:17:00,Electronics,Debit Card,Mobile,POS,0
943,8832,334.82,2024-10-21 03:36:00,Entertainment,Credit Card,In-store,Tablet,0
944,9705,3286.17,2025-11-23 17:24:00,Grocery,UPI,In-store,Mobile,0
945,5371,1065.12,2025-02-08 11:49:00,Shopping,Credit Card,ATM,Tablet,0
946,2344,1387.59,2024-05-29 09:02:00,Healthcare,Debit Card,Online,Mobile,0
947,3907,2059.16,2024-10-21 22:05:00,Electronics,Credit Card,Mobile,Tablet,0
948,4835,1056.91,2024-12-20 14:41:00,Travel,Cash,Mobile,Mobile,0
949,899,786.33,2024-09-19 23:30:00,Healthcare,UPI,ATM,Mobile,0
950,3999,1581.21,2024-08-07 06:52:00,Other,Credit Card,Online,Tablet,0
951,1513,851.7,2025-07-05 08:59:00,Utilities,Debit Card,In-store,Tablet,0
952,1821,1138.78,2025-07-29 22:17:00,Other,Debit Card,ATM,Desktop,0
953,7294,229.49,2024-05-20 03:39:00,Entertainment,Credit Card,In-store,Mobile,0
954,2816,3725.35,2025-08-23 07:15:00,Shopping,Credit Card,ATM,Tablet,0
955,9505,1061.06,2024-02-21 21:57:00,Electronics,UPI,Online,Desktop,0
956,2022,172.82,2025-06-27 07:40:00,Electronics,Net Banking,Mobile,Tablet,0
957,3251,3121.52,2024-08-26 01:06:00,Entertainment,UPI,Mobile,POS,0
958,5200,39.64,2025-02-27 10:45:00,Travel,UPI,ATM,Mobile,0
959,4193,1829.32,2025-04-28 03:43:00,Shopping,UPI,ATM,Desktop,0
960,30,2425.78,2024-05-20 00:35:00,Electronics,Debit Card,Online,Tablet,0
961,994,424.43,2024-06-10 13:41:00,Entertainment,Credit Card,Mobile,Desktop,0
962,5795,281.42,2025-05-02 15:41:00,Other,Credit Card,In-store,Tablet,0
963,1287,241.81,2024-07-23 09:20:00,Other,Debit Card,ATM,Tablet,0
964,9056,10020.27,2024-10-19 20:03:00,Entertainment,Credit Card,Mobile,Mobile,0
965,5186,2813.7,2024-04-01 20:36:00,Travel,Debit Card,In-store,POS,0
966,6880,750.0,2024-08-25 17:47:00,Grocery,Debit Card,Online,POS,0
967,4949,817.61,2024-02-08 05:26:00,Grocery,UPI,In-store,Desktop,0
968,5905,2091.8,2024-06-29 01:53:00,Shopping,Net Banking,Mobile,Tablet,0
969,7438,1223.77,2025-02-10 15:11:00,Other,Credit Card,In-store,Tablet,0
970,9250,633.1,2024-10-23 01:00:00,Other,Debit Card,Online,Desktop,0
971,8788,117.58,2024-11-01 18:38:00,Food,Credit Card,Mobile,Desktop,0
972,1941,3063.6,2024-04-19 10:18:00,Electronics,Net Banking,ATM,Desktop,0
973,6832,4382.55,2025-04-10 20:34:00,Utilities,Debit Card,Mobile,Desktop,0
974,2362,461.24,2025-06-20 15:56:00,Entertainment,Net Banking,In-store,Mobile,0
975,5575,131.01,2024-05-17 16:29:00,Entertainment,UPI,In-store,Mobile,0
976,9194,252.55,2024-10-06 06:51:00,Entertainment,Credit Card,Online,POS,0
977,157,1069.76,2024-04-25 10:10:00,Travel,Net Banking,ATM,POS,0
978,2953,711.49,2025-04-14 20:16:00,Entertainment,Debit Card,Mobile,Mobile,0
979,1231,152.59,2024-07-09 00:47:00,Electronics,UPI,In-store,Desktop,0
980,7580,1213.46,2024-12-11 09:36:00,Other,Debit Card,ATM,POS,0
981,1190,456.11,2025-11-21 06:11:00,Utilities,UPI,In-store,Mobile,0
982,7695,138.59,2025-09-17 20:57:00,Grocery,Debit Card,ATM,Tablet,0
983,4601,2145.47,2025-02-19 13:32:00,Food,Net Banking,ATM,Mobile,0
984,544,1699.63,2024-12-01 02:25:00,Electronics,Debit Card,Mobile,Tablet,0
985,1576,3501.98,2025-11-16 03:11:00,Travel,Credit Card,Mobile,POS,0
986,9292,719.88,2024-05-23 15:20:00,Travel,Debit Card,In-store,Tablet,0
987,5890,291.95,2024-09-11 00:16:00,Utilities,Cash,Online,Mobile,0
988,5865,893.08,2025-01-27 07:28:00,Travel,UPI,In-store,Tablet,0
989,8484,3016.54,2024-09-30 10:19:00,Utilities,UPI,In-store,Tablet,0
990,1434,553.46,2025-08-19 23:36:00,Shopping,Credit Card,ATM,Mobile,0
991,613,588.74,2024-01-12 08:41:00,Electronics,Credit Card,ATM,POS,0
992,2641,319.36,2025-01-03 22:15:00,Grocery,UPI,Mobile,POS,0
993,7289,8612.26,2024-03-04 21:07:00,Healthcare,UPI,In-store,POS,0
994,7679,6841.36,2025-04-21 09:10:00,Other,Debit Card,ATM,Tablet,0
995,8923,2146.19,2025-02-19 21:32:00,Healthcare,Cash,Online,Mobile,0
996,6378,483.68,2025-12-21 09:44:00,Shopping,UPI,In-store,POS,0
997,8410,2909.63,2024-04-30 20:58:00,Food,Net Banking,Mobile,Desktop,0
998,9678,1753.82,2024-10-29 11:39:00,Shopping,Credit Card,Online,Desktop,0
999,7507,2769.12,2024-08-14 07:08:00,Entertainment,UPI,ATM,Tablet,0
1000,1771,3938.1,2025-05-04 04:29:00,Healthcare,UPI,ATM,Tablet,0
1001,5697,766.84,2025-09-12 11:26:00,Shopping,UPI,Online,Tablet,0
1002,8438,4899.82,2025-12-19 17:58:00,Grocery,UPI,In-store,Mobile,0
1003,404,4576.54,2025-04-27 17:51:00,Healthcare,UPI,In-store,POS,0
1004,6113,1584.3,2025-11-11 06:48:00,Shopping,UPI,Mobile,Desktop,0
1005,2081,2307.65,2024-09-10 21:48:00,Food,Credit Card,Mobile,Desktop,0
1006,9641,1058.78,2025-09-02 02:33:00,Travel,UPI,Mobile,Desktop,0
1007,8461,2129.02,2025-04-02 16:45:00,Food,Debit Card,Online,Desktop,0
1008,9969,1592.39,2025-01-05 02:58:00,Travel,UPI,Online,Tablet,0
1009,6443,779.64,2025-07-31 03:03:00,Healthcare,UPI,In-store,Desktop,0
1010,8305,779.69,2025-07-14 16:12:00,Healthcare,Credit Card,In-store,Desktop,0
1011,3913,2109.19,2025-08-09 17:09:00,Food,UPI,Mobile,Tablet,0
1012,5624,6275.88,2024-06-17 10:54:00,Utilities,Debit Card,ATM,Tablet,0
1013,5102,450.16,2025-06-16 14:07:00,Utilities,UPI,ATM,Mobile,0
1014,9537,996.93,2025-11-27 06:45:00,Healthcare,Credit Card,In-store,POS,0
1015,7716,3276.8,2025-08-20 15:05:00,Healthcare,Credit Card,Mobile,POS,0
1016,206,262.52,2025-06-06 14:51:00,Entertainment,UPI,Mobile,Tablet,0
1017,1910,10288.38,2024-02-26 14:08:00,Entertainment,Credit Card,Online,Desktop,0
1018,9173,2267.27,2025-06-09 13:29:00,Travel,Net Banking,In-store,Desktop,0
1019,9451,4833.76,2025-07-31 01:35:00,Utilities,Credit Card,ATM,Desktop,0
1020,2645,3640.98,2025-04-18 21:51:00,Travel,UPI,Online,Mobile,0
1021,9952,3002.38,2024-11-11 23:01:00,Other,UPI,Online,Mobile,0
1022,40,66.91,2025-02-09 08:52:00,Other,Credit Card,ATM,Mobile,1
1023,6540,1043.42,2024-01-04 23:13:00,Healthcare,Net Banking,ATM,POS,0
1024,3677,450.95,2025-08-15 02:02:00,Utilities,UPI,Online,Tablet,0
1025,3969,4101.06,2025-03-09 11:44:00,Travel,UPI,Online,POS,0
1026,7952,2280.66,2024-03-06 17:03:00,Travel,Credit Card,Online,Desktop,0
1027,3060,226.5,2024-03-11 15:02:00,Grocery,Debit Card,ATM,POS,0
1028,2354,891.32,2024-10-20 13:11:00,Healthcare,UPI,ATM,Mobile,0
1029,9962,143.65,2024-05-18 20:46:00,Travel,Credit Card,Online,Desktop,0
1030,6999,2694.12,2025-10-23 13:23:00,Grocery,Net Banking,In-store,POS,0
1031,1008,1083.66,2025-01-26 14:55:00,Shopping,Debit Card,Online,Mobile,0
1032,4028,534.12,2025-01-21 12:05:00,Shopping,Net Banking,Online,POS,0
1033,7301,1458.34,2025-11-30 21:55:00,Shopping,Net Banking,Online,POS,0
1034,3989,85.91,2025-07-06 04:41:00,Shopping,Debit Card,Mobile,Tablet,0
1035,1618,594.91,2024-12-22 03:11:00,Food,Credit Card,Mobile,Tablet,0
1036,8341,385.48,2025-07-04 12:33:00,Utilities,Debit Card,ATM,Desktop,0
1037,2119,5337.0,2024-05-10 23:14:00,Travel,Debit Card,Online,Desktop,0
1038,2369,946.76,2024-01-04 00:19:00,Electronics,Debit Card,Mobile,Mobile,0
1039,5723,1756.42,2025-04-19 21:46:00,Healthcare,Credit Card,Online,Desktop,0
1040,2492,1398.1,2025-07-11 13:34:00,Grocery,Credit Card,Mobile,POS,0
1041,7993,2152.95,2025-01-23 07:15:00,Electronics,Debit Card,Online,Desktop,0
1042,10000,654.55,2025-04-16 11:09:00,Utilities,Debit Card,Mobile,POS,0
1043,5480,257.44,2024-10-09 06:59:00,Other,Net Banking,ATM,Desktop,0
1044,458,169.92,2024-04-25 01:51:00,Utilities,Credit Card,In-store,Desktop,0
1045,1876,429.85,2025-11-07 13:39:00,Shopping,Cash,In-store,Desktop,0
1046,8880,1318.77,2024-01-17 07:13:00,Shopping,Cash,ATM,Desktop,0
1047,6117,538.45,2024-03-09 03:38:00,Travel,Credit Card,ATM,Tablet,0
1048,4889,1138.33,2024-02-04 14:38:00,Healthcare,Credit Card,Mobile,Mobile,0
1049,1220,59.48,2025-11-19 22:55:00,Electronics,Credit Card,Online,Tablet,0
1050,7328,1975.31,2024-02-19 07:47:00,Other,Debit Card,Online,Desktop,0
1051,4188,4210.12,2024-02-15 12:28:00,Utilities,Debit Card,Mobile,POS,0
1052,7848,97.52,2024-08-27 17:13:00,Travel,Debit Card,In-store,Desktop,0
1053,6289,491.9,2024-02-27 04:32:00,Healthcare,UPI,In-store,Desktop,0
1054,1095,764.78,2024-10-23 07:52:00,Grocery,Debit Card,Online,Desktop,0
1055,7867,677.22,2025-08-12 10:36:00,Utilities,Debit Card,ATM,Mobile,0
1056,2715,82.45,2025-09-04 21:52:00,Other,UPI,Mobile,Mobile,0
1057,7567,225.39,2024-11-24 07:19:00,Food,Debit Card,ATM,Desktop,0
1058,3774,4871.36,2024-05-26 21:33:00,Other,Debit Card,ATM,POS,0
1059,8966,2485.16,2024-08-14 13:19:00,Shopping,Debit Card,In-store,Mobile,0
1060,7146,6361.14,2024-10-08 01:35:00,Shopping,Debit Card,In-store,Tablet,0
1061,9319,1161.29,2025-08-28 23:58:00,Healthcare,UPI,Mobile,Mobile,0
1062,4376,4224.48,2024-06-28 20:43:00,Travel,Credit Card,ATM,Desktop,0
1063,6277,3391.51,2025-03-13 17:31:00,Entertainment,UPI,Mobile,POS,0
1064,6230,4157.94,2024-02-18 11:41:00,Grocery,Net Banking,Online,POS,0
1065,1205,79.88,2025-11-18 12:50:00,Healthcare,Credit Card,Online,Desktop,0
1066,1530,2114.07,2025-06-21 10:44:00,Utilities,UPI,Mobile,POS,0
1067,8802,1672.32,2025-03-02 13:09:00,Other,UPI,ATM,Desktop,0
1068,4574,1575.86,2024-11-03 12:11:00,Food,Credit Card,In-store,POS,0
1069,1747,1403.91,2025-07-04 15:15:00,Electronics,Credit Card,Online,POS,0
1070,466,3179.04,2024-08-18 09:54:00,Utilities,Net Banking,ATM,Tablet,0
1071,2433,6887.6,2025-12-25 04:51:00,Utilities,UPI,In-store,Desktop,0
1072,7849,3531.23,2025-04-19 01:35:00,Food,UPI,ATM,POS,0
1073,3194,4086.53,2025-02-26 13:35:00,Electronics,Cash,In-store,Desktop,0
1074,9525,1322.92,2025-06-26 04:24:00,Utilities,Debit Card,Mobile,Tablet,0
1075,7376,2346.3,2024-09-05 08:13:00,Grocery,Credit Card,In-store,Tablet,0
1076,9342,1074.22,2024-12-04 20:05:00,Healthcare,Debit Card,Mobile,POS,0
1077,1960,893.47,2025-04-05 11:05:00,Healthcare,Credit Card,Online,Tablet,0
1078,5182,4512.96,2025-07-02 23:53:00,Healthcare,Net Banking,In-store,Tablet,0
1079,5468,4712.21,2024-07-14 01:17:00,Travel,UPI,ATM,Mobile,0
1080,3595,2292.79,2025-01-21 21:38:00,Travel,UPI,In-store,POS,0
1081,240,3638.37,2025-09-09 01:55:00,Grocery,Net Banking,Online,POS,0
1082,820,893.71,2024-03-15 06:51:00,Entertainment,Debit Card,In-store,Mobile,0
1083,4951,1137.48,2025-08-24 23:42:00,Utilities,Credit Card,Mobile,Mobile,0
1084,8240,3440.92,2025-07-26 06:30:00,Grocery,Credit Card,ATM,Tablet,0
1085,813,1015.16,2024-08-01 10:19:00,Electronics,Debit Card,ATM,Tablet,0
1086,4583,81.58,2024-01-16 06:59:00,Electronics,Net Banking,ATM,POS,0
1087,3008,871.74,2024-07-13 23:07:00,Food,Credit Card,Mobile,Tablet,0
1088,1614,1015.76,2025-05-05 07:44:00,Shopping,UPI,In-store,Desktop,0
1089,5641,335.98,2025-09-10 22:13:00,Food,Credit Card,In-store,Desktop,0
1090,5634,843.57,2025-02-10 07:35:00,Grocery,Debit Card,Online,POS,0
1091,7677,5449.03,2024-11-25 09:24:00,Grocery,Credit Card,In-store,Desktop,0
1092,9675,3911.38,2025-04-22 17:41:00,Food,Debit Card,Online,Mobile,0
1093,5902,1180.91,2025-01-02 09:16:00,Electronics,Credit Card,Mobile,POS,0
1094,35,2474.99,2025-01-03 16:56:00,Travel,Net Banking,ATM,Desktop,0
1095,9792,329.4,2025-05-24 14:06:00,Electronics,Cash,Online,Tablet,0
1096,5738,2793.1,2025-04-25 10:58:00,Other,Credit Card,In-store,Mobile,0
1097,7577,1291.71,2024-07-27 11:20:00,Food,Debit Card,ATM,Tablet,0
1098,2913,2564.36,2025-02-27 01:36:00,Grocery,UPI,Mobile,Mobile,0
1099,1545,2065.78,2024-08-14 23:09:00,Travel,Credit Card,Online,POS,0
1100,6349,529.92,2024-01-17 08:35:00,Shopping,UPI,Mobile,Desktop,0
1101,5898,3599.88,2025-08-21 18:46:00,Entertainment,Net Banking,ATM,POS,0
1102,4641,1698.09,2025-03-03 09:09:00,Shopping,Debit Card,Mobile,Tablet,0
1103,5613,3066.78,2024-07-19 10:14:00,Grocery,UPI,ATM,Tablet,0
1104,905,197.4,2025-01-23 18:53:00,Shopping,Debit Card,Online,Mobile,0
1105,1590,1910.84,2024-09-08 15:35:00,Other,UPI,Mobile,Mobile,0
1106,8344,690.29,2025-11-01 21:21:00,Utilities,Net Banking,In-store,POS,0
1107,7230,3945.06,2024-09-20 15:46:00,Travel,Debit Card,Mobile,Desktop,0
1108,7552,5971.8,2025-10-19 23:31:00,Electronics,UPI,ATM,Tablet,0
1109,6971,114.89,2025-04-16 05:46:00,Grocery,UPI,Mobile,POS,0
1110,5432,2576.76,2024-12-26 05:08:00,Utilities,Credit Card,Mobile,POS,0
1111,8252,217.35,2025-07-13 15:11:00,Grocery,Debit Card,Online,Mobile,0
1112,8161,3896.93,2025-07-09 20:03:00,Healthcare,Debit Card,ATM,POS,0
1113,3739,265.98,2025-06-20 01:53:00,Grocery,Debit Card,Mobile,Mobile,0
1114,3692,433.84,2024-03-17 21:03:00,Entertainment,Credit Card,In-store,Desktop,0
1115,3372,579.69,2024-01-07 13:08:00,Food,Credit Card,Online,Tablet,0
1116,7737,2602.68,2025-10-07 07:04:00,Grocery,Debit Card,Online,POS,0
1117,2008,692.13,2025-12-25 04:00:00,Shopping,UPI,In-store,POS,0
1118,8139,1813.1,2024-08-11 16:29:00,Utilities,UPI,Online,POS,0
1119,5981,1697.0,2025-01-17 01:39:00,Grocery,Net Banking,ATM,Desktop,0
1120,1136,1029.2,2025-10-15 21:59:00,Food,UPI,In-store,POS,0
1121,6080,1550.84,2025-09-23 15:42:00,Entertainment,UPI,In-store,Desktop,0
1122,6007,251.56,2025-05-14 00:00:00,Grocery,Debit Card,In-store,Tablet,0
1123,5962,4177.76,2025-06-28 17:26:00,Entertainment,Debit Card,ATM,Tablet,0
1124,3807,464.06,2024-01-13 00:33:00,Entertainment,UPI,Online,Desktop,0
1125,5827,4244.31,2024-10-08 17:18:00,Healthcare,Debit Card,Mobile,Tablet,0
1126,1717,1462.68,2024-01-18 16:52:00,Entertainment,Debit Card,Online,POS,0
1127,7339,1903.5,2025-12-15 21:27:00,Food,Cash,Mobile,Mobile,0
1128,6504,594.92,2024-07-02 03:58:00,Travel,UPI,In-store,Tablet,0
1129,5531,502.9,2024-04-08 16:09:00,Utilities,Debit Card,ATM,POS,0
1130,7217,1349.45,2024-09-03 06:39:00,Travel,UPI,ATM,POS,0
1131,6704,622.2,2025-06-23 08:52:00,Food,Credit Card,Mobile,Tablet,0
1132,1488,1100.31,2024-12-28 08:50:00,Electronics,Cash,ATM,POS,0
1133,739,1160.42,2025-02-10 02:23:00,Shopping,UPI,In-store,Mobile,0
1134,4322,631.94,2025-02-19 14:36:00,Entertainment,Credit Card,Mobile,Mobile,0
1135,2441,689.86,2024-09-06 22:14:00,Grocery,Net Banking,Online,Mobile,0
1136,9021,7217.14,2024-11-03 21:52:00,Electronics,Credit Card,ATM,Desktop,0
1137,7801,1770.82,2024-03-23 20:54:00,Utilities,UPI,Online,POS,0
1138,8280,3566.09,2025-10-27 01:05:00,Utilities,Credit Card,ATM,Tablet,0
1139,2147,93.64,2025-02-19 12:24:00,Electronics,UPI,ATM,POS,0
1140,2476,3.85,2025-07-19 15:03:00,Shopping,UPI,In-store,Mobile,0
1141,316,1464.2,2025-10-14 00:44:00,Grocery,Net Banking,In-store,Mobile,0
1142,477,3506.68,2024-06-24 02:31:00,Entertainment,Debit Card,Mobile,Mobile,0
1143,6271,1887.93,2025-03-20 20:50:00,Shopping,UPI,In-store,POS,0
1144,551,1929.02,2024-12-05 18:54:00,Food,Credit Card,Online,POS,0
1145,2473,300.15,2024-04-07 16:58:00,Shopping,Debit Card,In-store,POS,0
1146,8073,7685.69,2024-02-13 07:13:00,Shopping,Debit Card,In-store,Desktop,0
1147,7041,1508.77,2025-12-09 18:30:00,Other,Net Banking,ATM,Mobile,0
1148,9157,216.51,2024-10-04 01:59:00,Grocery,UPI,In-store,Tablet,0
1149,2187,1069.54,2024-03-17 21:59:00,Grocery,UPI,Online,Mobile,0
1150,4228,149.38,2024-10-14 17:36:00,Other,Credit Card,In-store,Mobile,0
1151,6305,1083.05,2025-11-04 01:11:00,Utilities,Debit Card,Mobile,Desktop,0
1152,8749,2486.55,2024-11-18 00:13:00,Other,Cash,Online,Mobile,0
1153,3476,781.72,2025-08-24 04:48:00,Electronics,UPI,In-store,Mobile,0
1154,6309,751.14,2025-12-30 12:59:00,Shopping,Net Banking,In-store,Desktop,0
1155,6996,1444.49,2024-03-19 09:10:00,Grocery,Debit Card,ATM,Desktop,0
1156,6370,1380.25,2025-07-31 07:36:00,Entertainment,Net Banking,In-store,POS,0
1157,1331,1259.0,2025-02-02 21:57:00,Shopping,Net Banking,In-store,Desktop,0
1158,7824,1454.83,2025-07-07 10:24:00,Entertainment,Debit Card,Mobile,Tablet,0
1159,6880,98.29,2024-05-23 22:46:00,Travel,UPI,In-store,Mobile,0
1160,9636,1285.92,2024-03-21 16:47:00,Utilities,Credit Card,In-store,POS,0
1161,4274,9659.32,2024-12-20 01:06:00,Food,Net Banking,Mobile,Tablet,0
1162,3576,2890.69,2025-03-23 07:53:00,Grocery,Credit Card,In-store,Mobile,0
1163,3370,678.14,2024-03-18 10:38:00,Entertainment,Debit Card,In-store,Desktop,0
1164,3682,2264.63,2025-09-20 19:25:00,Entertainment,UPI,Mobile,POS,0
1165,3259,800.66,2024-11-30 00:40:00,Grocery,Debit Card,In-store,Tablet,0
1166,951,425.18,2024-10-06 14:31:00,Food,Debit Card,ATM,Desktop,0
1167,2936,2970.48,2024-08-21 11:35:00,Electronics,Credit Card,Online,POS,0
1168,9952,470.4,2025-01-19 13:11:00,Shopping,Credit Card,Online,Desktop,0
1169,5204,3912.69,2025-11-27 18:42:00,Other,UPI,In-store,Desktop,0
1170,4988,957.39,2025-01-24 02:49:00,Electronics,Debit Card,Online,POS,0
1171,2688,2828.1,2025-09-25 09:51:00,Entertainment,UPI,Mobile,POS,0
1172,2699,601.12,2024-09-09 22:04:00,Electronics,Debit Card,Online,Desktop,0
1173,922,2115.34,2024-03-25 08:09:00,Food,Net Banking,ATM,POS,0
1174,4643,477.86,2025-01-24 22:50:00,Utilities,Net Banking,Online,Tablet,0
1175,4072,44.15,2025-10-11 04:47:00,Food,Credit Card,In-store,Desktop,0
1176,3717,3370.52,2025-02-02 10:23:00,Food,Cash,Mobile,Desktop,0
1177,8810,3878.15,2024-04-19 02:00:00,Electronics,Net Banking,ATM,Desktop,0
1178,2830,4250.12,2024-11-11 14:23:00,Travel,Credit Card,Mobile,Mobile,0
1179,1810,73.95,2024-10-03 03:08:00,Healthcare,Credit Card,ATM,Mobile,0
1180,972,2861.93,2024-03-30 05:27:00,Healthcare,Net Banking,Mobile,Tablet,0
1181,1987,3614.2,2025-04-04 17:35:00,Grocery,UPI,ATM,POS,0
1182,9832,747.06,2025-06-08 13:06:00,Grocery,Credit Card,Mobile,Desktop,0
1183,8366,1271.46,2024-01-27 02:22:00,Other,Cash,Mobile,POS,0
1184,580,1048.21,2025-07-21 02:38:00,Electronics,Net Banking,ATM,Desktop,0
1185,5689,1160.0,2025-09-04 10:55:00,Electronics,Credit Card,ATM,Tablet,0
1186,6696,3750.77,2025-01-29 00:18:00,Other,Debit Card,In-store,POS,0
1187,474,1082.12,2025-02-27 12:49:00,Food,Credit Card,In-store,Tablet,0
1188,5520,720.12,2024-03-27 23:57:00,Healthcare,Debit Card,In-store,POS,0
1189,3902,279.41,2025-07-26 07:36:00,Travel,Debit Card,ATM,Mobile,0
1190,2327,2246.87,2025-06-17 05:43:00,Utilities,Credit Card,ATM,POS,0
1191,216,175.92,2025-01-24 05:08:00,Electronics,Debit Card,ATM,Mobile,0
1192,6140,126.27,2024-10-02 09:17:00,Food,Credit Card,Mobile,Tablet,0
1193,4606,2288.76,2025-05-19 04:04:00,Entertainment,Net Banking,Online,Desktop,0
1194,4691,2370.23,2024-06-20 13:17:00,Shopping,Net Banking,In-store,POS,0
1195,6248,443.99,2025-03-07 09:30:00,Electronics,UPI,Online,Desktop,0
1196,7135,6301.72,2024-03-19 11:16:00,Grocery,UPI,ATM,Desktop,0
1197,3123,3100.58,2024-09-09 23:40:00,Electronics,Credit Card,Online,POS,0
1198,8961,2319.45,2025-05-22 19:39:00,Electronics,UPI,Online,Desktop,1
1199,9293,2807.68,2024-07-19 14:06:00,Shopping,UPI,Mobile,POS,0
1200,1113,1061.67,2024-05-18 09:00:00,Grocery,Cash,In-store,Mobile,0
1201,6794,1216.3,2025-02-09 10:53:00,Grocery,UPI,In-store,Desktop,0
1202,4858,4083.75,2025-09-27 12:51:00,Grocery,UPI,In-store,Tablet,0
1203,2078,51.5,2024-12-03 14:21:00,Travel,Debit Card,ATM,Desktop,0
1204,8078,3243.24,2025-03-16 20:38:00,Food,Debit Card,Mobile,Mobile,0
1205,1760,1186.85,2024-05-19 09:20:00,Shopping,Debit Card,Online,Desktop,0
1206,5278,1247.12,2025-09-09 22:12:00,Shopping,Net Banking,Mobile,Desktop,0
1207,8709,788.16,2025-05-05 10:11:00,Food,Credit Card,Online,Mobile,0
1208,6637,1868.26,2025-02-11 10:18:00,Food,Credit Card,In-store,Mobile,0
1209,6415,2252.01,2025-12-12 20:31:00,Utilities,Cash,Online,Mobile,0
1210,5473,350.5,2025-08-12 07:20:00,Grocery,Net Banking,Online,POS,0
1211,1740,1668.12,2025-01-20 08:52:00,Grocery,UPI,ATM,POS,0
1212,2329,1250.65,2025-02-06 11:07:00,Grocery,UPI,Online,Desktop,0
1213,8467,3045.68,2025-07-31 06:37:00,Shopping,Credit Card,In-store,Tablet,0
1214,9275,1576.18,2025-07-12 05:43:00,Shopping,UPI,In-store,Tablet,0
1215,4567,1122.74,2025-07-17 00:46:00,Entertainment,Debit Card,Mobile,POS,0
1216,679,1505.5,2025-04-17 22:13:00,Food,Net Banking,Online,Mobile,0
1217,895,1348.92,2025-03-24 09:53:00,Utilities,Debit Card,In-store,Tablet,0
1218,9640,5472.22,2025-12-10 02:52:00,Healthcare,UPI,In-store,Mobile,0
1219,7381,747.61,2025-02-22 21:31:00,Electronics,Debit Card,Online,Tablet,0
1220,8292,76.13,2024-05-22 20:19:00,Utilities,UPI,Online,Desktop,0
1221,6163,2169.4,2024-09-04 08:42:00,Electronics,Credit Card,Online,Tablet,0
1222,3908,1851.89,2024-06-06 22:27:00,Entertainment,Cash,Mobile,POS,0
1223,6634,4815.21,2025-01-21 02:28:00,Entertainment,UPI,In-store,POS,0
1224,5779,249.94,2025-09-04 15:37:00,Food,Debit Card,ATM,Tablet,0
1225,5435,1478.99,2025-02-14 17:32:00,Grocery,UPI,ATM,Desktop,0
1226,5437,326.85,2025-12-09 13:34:00,Travel,UPI,Online,POS,0
1227,8224,1216.54,2024-02-07 11:44:00,Shopping,Net Banking,In-store,Tablet,0
1228,7018,3212.58,2025-07-03 19:40:00,Healthcare,UPI,In-store,Mobile,0
1229,1581,3895.26,2024-03-28 03:49:00,Travel,UPI,Online,Mobile,1
1230,2467,3589.85,2024-09-11 21:42:00,Electronics,UPI,Mobile,Tablet,0
1231,3510,1585.51,2024-12-29 05:41:00,Healthcare,UPI,Mobile,Mobile,0
1232,1002,2010.03,2025-09-19 01:36:00,Travel,Debit Card,ATM,Mobile,0
1233,4833,1603.98,2025-10-22 21:41:00,Utilities,Credit Card,Online,Desktop,0
1234,8865,1647.59,2025-02-13 10:50:00,Utilities,Debit Card,Mobile,POS,0
1235,7959,4328.27,2025-03-16 03:00:00,Electronics,Debit Card,In-store,POS,0
1236,5113,469.6,2024-04-10 08:14:00,Entertainment,Credit Card,In-store,Desktop,0
1237,7786,1155.23,2025-06-06 23:33:00,Travel,UPI,Mobile,POS,0
1238,7134,1883.54,2025-07-25 18:44:00,Shopping,Net Banking,ATM,Mobile,0
1239,4677,2899.34,2025-08-12 07:28:00,Shopping,Credit Card,Online,Tablet,0
1240,8149,2870.04,2025-01-18 12:29:00,Entertainment,Debit Card,ATM,Desktop,0
1241,4304,249.42,2025-11-26 18:44:00,Entertainment,Debit Card,ATM,POS,0
1242,5319,501.83,2025-05-27 04:22:00,Healthcare,Debit Card,Online,Tablet,0
1243,7817,4849.92,2024-01-26 15:06:00,Healthcare,Debit Card,In-store,POS,0
1244,9777,884.84,2024-10-29 13:58:00,Healthcare,Net Banking,ATM,Desktop,0
1245,8218,5.43,2024-03-28 03:53:00,Electronics,Debit Card,Online,Mobile,0
1246,7392,445.78,2024-05-25 11:19:00,Shopping,Credit Card,Mobile,POS,0
1247,5611,6983.48,2024-12-17 14:50:00,Utilities,UPI,ATM,Desktop,0
1248,7451,741.4,2024-07-30 16:30:00,Electronics,Net Banking,In-store,Tablet,0
1249,6313,1902.36,2024-12-22 15:06:00,Shopping,UPI,In-store,POS,0
1250,2021,2594.0,2025-03-24 23:44:00,Grocery,UPI,Mobile,POS,0
1251,8403,2080.21,2025-04-08 10:04:00,Utilities,Credit Card,Online,Mobile,0
1252,3179,948.24,2024-11-03 01:51:00,Healthcare,Net Banking,In-store,Desktop,0
1253,9047,1125.69,2025-12-28 03:01:00,Other,Credit Card,Mobile,Mobile,0
1254,9026,3640.14,2024-12-17 20:06:00,Travel,Net Banking,Online,Tablet,0
1255,317,2174.07,2025-11-24 05:59:00,Other,Debit Card,Online,Tablet,0
1256,4418,47.43,2024-09-06 16:11:00,Food,Credit Card,Online,POS,0
1257,8089,454.95,2025-07-19 05:21:00,Food,Credit Card,In-store,Tablet,0
1258,2667,674.58,2025-07-27 13:29:00,Healthcare,Cash,Mobile,Mobile,0
1259,1086,909.79,2024-08-25 12:40:00,Travel,Debit Card,Online,POS,0
1260,7646,1720.26,2024-07-07 05:40:00,Entertainment,UPI,Online,Mobile,0
1261,7251,913.02,2025-11-04 13:25:00,Healthcare,Debit Card,ATM,Desktop,0
1262,3864,3486.07,2024-01-30 23:39:00,Food,UPI,Mobile,Tablet,0
1263,7542,1284.28,2024-07-21 14:37:00,Shopping,UPI,In-store,Mobile,0
1264,4961,1395.03,2025-03-15 12:00:00,Utilities,UPI,Online,POS,0
1265,4027,1115.1,2025-12-22 06:13:00,Grocery,Cash,ATM,Mobile,0
1266,8781,743.48,2024-10-12 22:51:00,Healthcare,UPI,Online,POS,0
1267,6239,2580.52,2024-03-05 18:06:00,Food,UPI,Mobile,POS,0
1268,8870,521.59,2025-07-03 05:23:00,Other,Debit Card,ATM,Mobile,0
1269,7688,2339.08,2024-11-29 06:29:00,Travel,Credit Card,ATM,Desktop,0
1270,1850,1508.8,2024-04-26 08:42:00,Entertainment,Debit Card,Mobile,Desktop,0
1271,1310,215.76,2025-05-16 16:40:00,Entertainment,UPI,ATM,Tablet,0
1272,1591,36.26,2024-11-16 19:24:00,Entertainment,Debit Card,In-store,Tablet,0
1273,7522,371.32,2025-09-17 12:37:00,Other,Debit Card,Mobile,Mobile,0
1274,9588,2862.76,2024-04-26 11:22:00,Shopping,Net Banking,Online,Tablet,0
1275,3974,970.96,2025-04-13 19:11:00,Other,Debit Card,Mobile,Mobile,0
1276,6594,3268.25,2025-11-20 22:51:00,Entertainment,UPI,In-store,Mobile,0
1277,837,1393.93,2024-10-31 19:37:00,Travel,Net Banking,Mobile,Mobile,0
1278,9258,66.59,2024-03-27 21:08:00,Food,UPI,In-store,Tablet,0
1279,5375,3742.88,2024-11-16 03:15:00,Electronics,Debit Card,ATM,POS,0
1280,7123,5505.99,2024-11-08 03:11:00,Food,UPI,ATM,Mobile,1
1281,4161,154.23,2025-01-17 22:09:00,Electronics,Net Banking,Mobile,Mobile,0
1282,3046,467.27,2025-06-07 12:26:00,Electronics,Credit Card,Online,Desktop,0
1283,6617,2514.42,2025-09-02 04:36:00,Utilities,Net Banking,ATM,Desktop,0
1284,4432,11738.88,2025-01-27 13:11:00,Entertainment,Credit Card,In-store,Mobile,0
1285,1960,4179.85,2025-05-13 20:34:00,Healthcare,Cash,Mobile,Tablet,0
1286,1716,208.38,2025-12-11 20:59:00,Other,Credit Card,Online,Tablet,0
1287,7099,1869.1,2024-06-26 17:10:00,Travel,Debit Card,In-store,Desktop,0
1288,8213,2188.47,2025-05-16 09:08:00,Grocery,Cash,Mobile,Desktop,0
1289,2407,1993.01,2024-07-10 10:53:00,Travel,Credit Card,In-store,Mobile,0
1290,7247,1678.94,2025-04-06 19:03:00,Travel,UPI,ATM,Tablet,0
1291,133,691.2,2025-01-02 00:31:00,Travel,UPI,In-store,Desktop,0
1292,8868,2208.29,2024-05-19 06:52:00,Entertainment,Credit Card,ATM,Tablet,0
1293,8819,2607.23,2025-01-28 17:32:00,Travel,UPI,Mobile,POS,0
1294,7155,1714.94,2025-10-30 15:26:00,Food,UPI,In-store,Desktop,0
1295,790,1374.95,2025-12-02 15:26:00,Shopping,Cash,ATM,Tablet,0
1296,5512,494.44,2025-12-28 14:31:00,Travel,Credit Card,Online,Desktop,0
1297,991,1573.7,2024-06-20 02:36:00,Healthcare,Net Banking,ATM,POS,0
1298,3457,274.51,2024-02-01 07:18:00,Grocery,UPI,Mobile,Mobile,0
1299,8988,150.99,2024-02-03 08:14:00,Entertainment,UPI,Mobile,Tablet,0
1300,7989,3008.82,2025-07-04 09:10:00,Grocery,UPI,Mobile,Tablet,0
1301,4248,2255.71,2025-04-13 18:47:00,Electronics,UPI,Mobile,POS,0
1302,7422,2094.12,2025-05-22 17:32:00,Travel,Net Banking,ATM,Tablet,0
1303,6274,5265.73,2024-04-25 18:07:00,Food,Credit Card,Mobile,Tablet,0
1304,1599,958.57,2024-10-01 17:52:00,Other,Credit Card,Mobile,Mobile,0
1305,3923,1020.76,2025-01-10 17:52:00,Other,Net Banking,ATM,Tablet,0
1306,6697,1068.01,2024-02-12 23:28:00,Travel,Debit Card,ATM,Tablet,0
1307,2033,1252.04,2025-07-13 06:27:00,Shopping,Debit Card,In-store,Desktop,0
1308,7959,1438.34,2024-04-14 23:53:00,Electronics,Debit Card,Online,Desktop,0
1309,9906,3010.31,2025-10-31 07:19:00,Other,Debit Card,Mobile,POS,0
1310,8522,491.04,2024-02-03 14:16:00,Entertainment,UPI,Online,Tablet,0
1311,3543,1138.62,2024-12-22 02:28:00,Electronics,Net Banking,Online,Mobile,0
1312,1697,1406.91,2024-04-30 07:13:00,Food,Debit Card,Mobile,POS,0
1313,9683,370.53,2025-08-25 22:22:00,Utilities,Credit Card,Mobile,Mobile,0
1314,3127,2420.94,2025-12-28 19:40:00,Healthcare,Credit Card,In-store,Tablet,0
1315,9267,115.83,2025-03-14 05:39:00,Other,UPI,Mobile,POS,0
1316,3426,1763.36,2024-05-22 06:52:00,Utilities,Credit Card,ATM,Desktop,0
1317,8869,451.65,2024-07-30 01:36:00,Healthcare,Credit Card,In-store,Desktop,0
1318,5695,17.01,2024-12-25 17:17:00,Shopping,Cash,ATM,Desktop,0
1319,8003,758.93,2025-09-03 17:10:00,Utilities,UPI,Mobile,Mobile,0
1320,1273,1121.22,2024-11-27 22:18:00,Utilities,Credit Card,In-store,Tablet,0
1321,1351,3399.83,2024-10-23 18:17:00,Shopping,UPI,ATM,Mobile,0
1322,9323,1047.98,2025-06-10 21:52:00,Healthcare,UPI,Online,Mobile,0
1323,8369,4940.48,2024-04-07 04:48:00,Food,UPI,Online,Desktop,0
1324,7935,3697.15,2025-02-25 01:17:00,Entertainment,Debit Card,Online,Mobile,0
1325,4004,428.21,2025-11-02 04:44:00,Shopping,Credit Card,Online,POS,0
1326,3265,338.54,2024-05-15 07:09:00,Other,Debit Card,Online,POS,0
1327,9310,559.01,2025-12-29 10:53:00,Other,UPI,Online,Mobile,0
1328,9650,891.58,2024-09-10 21:25:00,Entertainment,Cash,In-store,POS,0
1329,4192,1751.64,2025-05-16 04:36:00,Other,Net Banking,Online,Tablet,0
1330,689,264.96,2025-10-09 08:40:00,Electronics,Credit Card,Mobile,Desktop,0
1331,5075,1518.75,2025-02-28 12:28:00,Utilities,Credit Card,ATM,Mobile,0
1332,1583,1738.69,2024-03-18 20:50:00,Entertainment,Debit Card,Online,Tablet,0
1333,9994,2162.86,2024-04-05 12:32:00,Entertainment,Credit Card,Online,Mobile,0
1334,9516,1597.42,2024-10-11 22:59:00,Shopping,UPI,ATM,Tablet,0
1335,9968,3487.9,2025-01-12 14:31:00,Travel,Debit Card,Online,Desktop,0
1336,4908,2052.16,2024-12-01 18:00:00,Food,UPI,In-store,Tablet,0
1337,3809,5168.61,2024-04-05 23:29:00,Food,Credit Card,In-store,Mobile,0
1338,365,2414.12,2025-10-12 21:44:00,Travel,Credit Card,ATM,Tablet,0
1339,516,1145.79,2025-01-01 02:50:00,Entertainment,Net Banking,Online,Mobile,0
1340,576,470.65,2025-07-01 12:13:00,Other,Debit Card,ATM,Mobile,0
1341,4918,21.15,2025-03-15 06:31:00,Travel,Cash,Mobile,POS,0
1342,6909,189.51,2024-10-01 10:53:00,Other,Credit Card,Online,POS,0
1343,8143,420.64,2024-10-17 10:35:00,Grocery,UPI,Mobile,Tablet,0
1344,4777,487.82,2025-08-14 04:36:00,Food,Credit Card,Online,POS,0
1345,6134,2709.93,2025-05-11 10:57:00,Food,UPI,Online,POS,0
1346,8734,975.7,2025-11-29 01:02:00,Other,Credit Card,ATM,Mobile,0
1347,7239,784.72,2024-04-11 20:50:00,Shopping,Debit Card,In-store,Desktop,0
1348,7910,107.58,2025-04-15 00:07:00,Utilities,UPI,Online,POS,0
1349,9129,1547.24,2024-06-10 14:29:00,Grocery,Credit Card,ATM,Tablet,0
1350,4050,1898.19,2024-01-01 13:12:00,Utilities,Credit Card,In-store,Mobile,0
1351,1374,4205.13,2025-12-06 04:56:00,Electronics,Net Banking,ATM,Tablet,0
1352,7816,1397.7,2025-10-27 09:10:00,Other,Debit Card,ATM,Desktop,0
1353,2133,15.5,2024-10-07 02:41:00,Travel,Cash,In-store,POS,0
1354,6509,135.01,2025-01-04 08:05:00,Other,Credit Card,In-store,Tablet,0
1355,6471,632.18,2025-01-15 21:57:00,Food,UPI,In-store,Tablet,0
1356,2540,299.75,2025-10-26 05:03:00,Entertainment,Credit Card,ATM,Mobile,0
1357,2757,2944.47,2025-02-09 20:19:00,Food,UPI,Online,Tablet,0
1358,5280,228.26,2025-12-17 07:27:00,Electronics,Credit Card,Online,POS,0
1359,7376,350.57,2025-11-02 02:45:00,Shopping,Net Banking,Online,Tablet,0
1360,6334,2197.95,2024-04-07 00:13:00,Shopping,UPI,ATM,Mobile,0
1361,9946,547.9,2025-05-03 02:08:00,Shopping,Net Banking,Mobile,POS,0
1362,9883,6952.77,2025-08-30 07:33:00,Shopping,UPI,In-store,POS,0
1363,2550,3978.29,2025-11-27 14:00:00,Utilities,Net Banking,Mobile,Desktop,0
1364,5243,2729.38,2024-01-09 22:21:00,Electronics,Net Banking,ATM,Tablet,0
1365,8924,840.56,2024-05-03 13:44:00,Shopping,Debit Card,Online,Desktop,0
1366,834,116.91,2024-05-15 15:04:00,Healthcare,UPI,Online,Desktop,0
1367,4687,820.15,2024-08-22 12:05:00,Food,Credit Card,Mobile,Mobile,0
1368,6119,945.55,2024-04-14 03:20:00,Electronics,Debit Card,Online,Tablet,0
1369,9428,272.63,2025-01-11 09:08:00,Travel,Credit Card,Mobile,Mobile,0
1370,285,257.12,2025-01-26 04:41:00,Entertainment,Credit Card,In-store,Desktop,0
1371,7492,2205.89,2025-11-24 04:04:00,Entertainment,Cash,In-store,Mobile,0
1372,3539,528.98,2025-06-27 18:00:00,Food,Cash,Online,Tablet,0
1373,4234,2266.47,2025-09-16 20:10:00,Electronics,Credit Card,Online,Mobile,0
1374,76,1589.48,2025-03-26 11:46:00,Other,Net Banking,Online,Desktop,0
1375,9088,4634.66,2024-08-06 20:47:00,Other,Net Banking,Online,Desktop,0
1376,7016,3190.77,2024-06-04 13:39:00,Other,Cash,ATM,Tablet,0
1377,1745,328.27,2025-12-04 14:55:00,Food,Debit Card,Online,Tablet,0
1378,7238,1884.05,2024-08-10 02:57:00,Entertainment,Net Banking,Mobile,Desktop,0
1379,6701,2117.59,2024-04-12 04:48:00,Other,UPI,ATM,Desktop,0
1380,7346,3961.79,2024-05-06 18:46:00,Shopping,UPI,Online,Tablet,0
1381,4784,2048.62,2025-01-28 11:27:00,Utilities,Credit Card,Online,Mobile,0
1382,9131,303.31,2024-11-18 04:15:00,Food,Debit Card,In-store,Tablet,0
1383,3342,598.02,2024-10-10 20:05:00,Shopping,UPI,Mobile,Mobile,0
1384,7009,2030.01,2024-09-11 17:38:00,Food,Net Banking,Mobile,Mobile,0
1385,1708,4859.53,2025-09-06 23:38:00,Electronics,Credit Card,ATM,Tablet,0
1386,4252,4442.54,2024-10-18 22:01:00,Healthcare,Debit Card,Mobile,Tablet,0
1387,3779,890.03,2025-11-05 09:13:00,Electronics,Credit Card,Online,Tablet,0
1388,5014,3551.85,2025-06-14 19:32:00,Other,Credit Card,In-store,Mobile,0
1389,6237,1431.96,2024-07-12 23:25:00,Utilities,Credit Card,Online,Mobile,0
1390,646,1248.52,2024-10-29 20:03:00,Travel,Net Banking,ATM,Tablet,0
1391,2240,864.3,2024-09-02 15:24:00,Shopping,Debit Card,Mobile,Mobile,0
1392,9322,2267.67,2024-04-25 07:31:00,Grocery,Debit Card,In-store,Mobile,0
1393,9654,1830.57,2025-10-15 19:04:00,Other,Credit Card,Mobile,Mobile,0
1394,2279,938.93,2025-06-24 00:23:00,Utilities,UPI,Mobile,Tablet,0
1395,7095,2878.03,2024-11-20 04:24:00,Electronics,Credit Card,In-store,Desktop,0
1396,9244,953.96,2025-08-05 13:23:00,Shopping,UPI,Mobile,POS,0
1397,8719,1756.0,2025-07-13 21:11:00,Healthcare,Credit Card,Online,Tablet,0
1398,4459,996.42,2025-04-27 02:01:00,Healthcare,Debit Card,ATM,Mobile,0
1399,2418,248.58,2025-08-24 02:00:00,Entertainment,Debit Card,Online,Mobile,0
1400,2138,351.55,2024-09-25 06:02:00,Food,UPI,Mobile,Mobile,0
1401,9918,2138.53,2024-03-02 12:32:00,Other,Credit Card,In-store,Tablet,0
1402,9921,3334.38,2024-10-20 20:45:00,Utilities,Debit Card,Online,Mobile,0
1403,6766,1263.96,2025-05-28 13:27:00,Grocery,Credit Card,Online,POS,0
1404,4541,787.83,2025-12-19 12:05:00,Electronics,Credit Card,Mobile,POS,0
1405,4055,820.45,2025-10-17 17:34:00,Grocery,Debit Card,Mobile,Mobile,0
1406,129,1820.85,2025-09-22 04:17:00,Other,Net Banking,Mobile,Desktop,0
1407,3154,1261.06,2024-03-26 09:05:00,Grocery,Net Banking,ATM,Desktop,0
1408,8401,1.48,2025-06-07 06:51:00,Travel,Debit Card,Mobile,Mobile,0
1409,8238,2952.19,2024-06-08 17:20:00,Healthcare,UPI,Mobile,POS,0
1410,6636,307.04,2025-02-04 18:40:00,Healthcare,Credit Card,ATM,Tablet,0
1411,1,2246.69,2025-10-27 21:41:00,Other,UPI,Online,Mobile,0
1412,3236,843.84,2024-03-08 09:44:00,Other,Credit Card,ATM,Mobile,0
1413,4933,1725.51,2025-03-23 23:54:00,Entertainment,Credit Card,Mobile,Mobile,0
1414,8005,3863.66,2024-09-01 01:15:00,Grocery,Cash,In-store,Desktop,0
1415,6016,335.12,2024-03-29 13:07:00,Other,Debit Card,ATM,Tablet,0
1416,1635,3006.87,2025-04-09 19:38:00,Electronics,Debit Card,Mobile,Tablet,0
1417,8990,78.12,2024-02-26 09:42:00,Entertainment,Credit Card,Mobile,Desktop,0
1418,9096,5085.97,2025-11-04 23:11:00,Utilities,Debit Card,In-store,Desktop,0
1419,4354,450.26,2024-05-02 00:45:00,Electronics,Net Banking,Online,Desktop,0
1420,1895,3163.78,2024-05-20 22:00:00,Other,Net Banking,Online,Desktop,1
1421,5657,139.17,2024-06-16 15:22:00,Food,UPI,Online,Desktop,0
1422,5267,792.16,2025-06-19 16:50:00,Other,Net Banking,Online,Tablet,0
1423,4851,2007.77,2024-09-22 05:23:00,Other,Debit Card,Online,Tablet,0
1424,7751,2150.72,2024-05-09 23:49:00,Shopping,Credit Card,ATM,Desktop,0
1425,3944,2400.03,2024-10-02 23:56:00,Travel,Debit Card,ATM,POS,0
1426,2062,864.21,2024-04-30 00:21:00,Other,Net Banking,Online,Desktop,0
1427,8068,2193.28,2025-03-15 08:33:00,Travel,UPI,In-store,POS,0
1428,4526,1118.99,2024-03-06 08:45:00,Other,Debit Card,ATM,Tablet,0
1429,3365,1669.05,2025-08-13 20:04:00,Electronics,Debit Card,Online,Tablet,0
1430,9067,1584.73,2025-05-23 14:32:00,Utilities,Cash,Online,Tablet,0
1431,2846,368.18,2025-01-03 01:31:00,Electronics,Credit Card,Mobile,Desktop,0
1432,8175,3749.39,2025-08-03 05:23:00,Food,Debit Card,ATM,Tablet,0
1433,9934,4036.94,2024-06-10 08:49:00,Electronics,Debit Card,Mobile,Tablet,0
1434,5019,455.62,2024-04-15 18:43:00,Shopping,UPI,In-store,Desktop,1
1435,9080,1077.54,2024-04-28 07:47:00,Electronics,Net Banking,ATM,Desktop,0
1436,269,1250.51,2025-06-05 00:02:00,Other,Credit Card,Mobile,POS,0
1437,7623,1592.23,2024-01-13 07:02:00,Electronics,Debit Card,Mobile,Desktop,0
1438,3410,45.05,2025-04-28 11:24:00,Entertainment,Net Banking,Online,Mobile,0
1439,3878,2844.38,2024-06-02 05:59:00,Utilities,Debit Card,ATM,Tablet,0
1440,6119,3960.4,2024-02-06 17:51:00,Other,Debit Card,In-store,Mobile,0
1441,4681,306.75,2025-11-02 13:14:00,Travel,UPI,ATM,Mobile,0
1442,3496,4538.86,2024-11-25 07:26:00,Electronics,UPI,In-store,Desktop,0
1443,5798,3806.44,2024-11-23 08:52:00,Healthcare,Debit Card,ATM,POS,0
1444,1255,1562.89,2024-03-20 18:23:00,Grocery,UPI,Mobile,Tablet,0
1445,5824,642.43,2024-05-02 16:43:00,Food,UPI,Mobile,POS,0
1446,8760,465.1,2024-02-23 05:14:00,Shopping,Credit Card,ATM,Tablet,0
1447,4311,1343.26,2025-06-12 01:25:00,Travel,Cash,ATM,Desktop,0
1448,9009,1415.32,2024-03-11 14:55:00,Food,Net Banking,Online,Tablet,0
1449,4775,2110.35,2024-10-16 09:20:00,Other,Credit Card,ATM,POS,0
1450,8186,3235.32,2024-03-29 17:29:00,Grocery,Debit Card,ATM,Mobile,0
1451,9015,5451.41,2024-01-09 11:12:00,Other,Credit Card,ATM,Tablet,0
1452,1795,3182.03,2024-10-25 18:50:00,Grocery,Credit Card,Online,Tablet,0
1453,2184,4794.79,2024-11-07 23:39:00,Entertainment,Debit Card,Mobile,Desktop,0
1454,5839,1383.77,2024-09-05 14:23:00,Grocery,Credit Card,ATM,Mobile,0
1455,4857,79.32,2025-08-28 15:49:00,Shopping,Credit Card,Online,Mobile,0
1456,329,106.44,2024-07-19 23:57:00,Utilities,Credit Card,ATM,Desktop,0
1457,6408,625.28,2025-07-13 07:09:00,Travel,UPI,In-store,Desktop,0
1458,3943,1903.76,2024-01-07 13:01:00,Food,Credit Card,ATM,Tablet,0
1459,9204,816.61,2024-08-26 17:22:00,Electronics,UPI,Online,Desktop,0
1460,5180,363.39,2025-10-13 22:56:00,Food,Credit Card,Mobile,Tablet,0
1461,2016,3800.85,2024-01-10 10:00:00,Food,Credit Card,Online,POS,0
1462,2506,8398.71,2025-11-04 12:54:00,Other,Cash,Online,Tablet,0
1463,8972,33.56,2024-11-10 03:13:00,Food,UPI,Online,Desktop,0
1464,8891,187.36,2025-06-26 07:26:00,Electronics,Credit Card,Mobile,Desktop,0
1465,8379,1383.65,2025-05-18 01:09:00,Travel,Debit Card,Mobile,Tablet,0
1466,9162,823.97,2025-12-29 08:05:00,Healthcare,Debit Card,ATM,POS,0
1467,4140,3047.91,2024-02-14 07:57:00,Grocery,Credit Card,Online,Mobile,0
1468,8358,2124.38,2025-06-16 13:44:00,Healthcare,Cash,ATM,POS,0
1469,9368,141.94,2025-01-16 14:47:00,Food,Net Banking,In-store,Mobile,0
1470,701,1574.4,2024-03-27 18:06:00,Electronics,Debit Card,Mobile,Tablet,0
1471,6484,820.55,2025-06-01 04:40:00,Electronics,Net Banking,Mobile,Desktop,0
1472,7984,6711.26,2025-02-07 02:37:00,Electronics,Credit Card,Online,Mobile,0
1473,8401,1289.78,2025-08-04 01:27:00,Travel,Credit Card,Online,POS,0
1474,3270,5252.86,2025-11-09 04:15:00,Electronics,Debit Card,Online,Desktop,0
1475,7616,61.28,2024-10-25 08:54:00,Travel,Debit Card,ATM,Desktop,0
1476,3177,218.01,2024-11-18 12:44:00,Other,Credit Card,In-store,Desktop,0
1477,9108,976.4,2024-11-30 10:28:00,Travel,UPI,Mobile,Mobile,0
1478,7090,4359.97,2024-10-05 07:04:00,Utilities,Net Banking,ATM,Mobile,0
1479,4999,1573.18,2024-07-26 04:49:00,Travel,Debit Card,Mobile,POS,0
1480,3752,3476.14,2025-08-21 03:09:00,Healthcare,Credit Card,In-store,Desktop,0
1481,5469,666.84,2024-04-18 05:28:00,Other,Debit Card,Online,Tablet,0
1482,1496,236.43,2025-04-22 10:26:00,Healthcare,Credit Card,ATM,Desktop,0
1483,1091,564.83,2024-05-03 17:22:00,Entertainment,Credit Card,Mobile,POS,0
1484,8361,2072.99,2024-07-31 14:19:00,Food,Debit Card,ATM,Desktop,0
1485,2200,4102.36,2025-04-19 08:54:00,Shopping,Credit Card,In-store,Tablet,0
1486,4570,1213.94,2024-05-02 02:10:00,Shopping,Credit Card,ATM,Mobile,0
1487,8933,430.39,2025-12-03 09:52:00,Utilities,UPI,Mobile,Tablet,0
1488,8354,2030.08,2025-12-22 22:38:00,Food,Debit Card,Online,Tablet,0
1489,6787,438.64,2024-02-11 06:53:00,Other,UPI,Mobile,Tablet,0
1490,8800,1689.28,2024-12-01 04:05:00,Grocery,Debit Card,ATM,Desktop,0
1491,728,215.82,2025-12-29 07:22:00,Entertainment,Debit Card,Mobile,Mobile,0
1492,643,3333.45,2025-02-09 16:03:00,Utilities,Debit Card,In-store,Mobile,0
1493,7064,3271.22,2025-11-24 09:16:00,Food,Debit Card,ATM,Tablet,0
1494,7500,1558.52,2024-06-27 00:25:00,Entertainment,UPI,Online,Mobile,0
1495,4044,77.86,2025-04-08 17:47:00,Food,Credit Card,ATM,Tablet,0
1496,7761,657.52,2025-07-17 07:06:00,Grocery,UPI,Mobile,Tablet,0
1497,9284,297.66,2025-04-18 03:51:00,Entertainment,UPI,ATM,Desktop,0
1498,6378,1482.39,2024-05-23 03:00:00,Grocery,Cash,ATM,POS,0
1499,3528,214.58,2024-03-04 07:08:00,Electronics,UPI,Mobile,Mobile,0
1500,9215,4076.24,2024-07-21 12:23:00,Other,UPI,ATM,Tablet,0
1501,9927,3796.43,2025-12-03 20:41:00,Food,UPI,In-store,Mobile,0
1502,3767,339.44,2024-03-27 18:37:00,Other,Cash,Mobile,POS,0
1503,154,2374.15,2024-09-22 02:01:00,Other,Net Banking,Online,Mobile,0
1504,4278,2384.77,2024-03-07 06:57:00,Food,UPI,In-store,Mobile,0
1505,1208,1010.86,2025-10-23 14:51:00,Travel,Debit Card,ATM,Tablet,0
1506,2616,332.11,2024-05-11 02:57:00,Entertainment,Debit Card,Online,Desktop,0
1507,4661,283.38,2024-12-05 03:02:00,Food,UPI,Mobile,Tablet,0
1508,5320,2690.12,2025-04-17 01:10:00,Healthcare,Net Banking,In-store,Desktop,0
1509,1981,497.38,2025-08-10 13:52:00,Healthcare,Cash,ATM,Mobile,0
1510,7214,1849.93,2025-02-08 15:01:00,Shopping,Credit Card,Mobile,POS,0
1511,2890,4018.06,2025-01-26 21:27:00,Shopping,UPI,Mobile,Mobile,0
1512,8901,1798.37,2024-06-25 11:13:00,Shopping,UPI,Mobile,POS,0
1513,6003,7296.42,2024-07-10 08:17:00,Travel,Debit Card,Mobile,POS,0
1514,8166,2074.1,2025-04-01 04:02:00,Entertainment,Credit Card,In-store,Mobile,0
1515,3158,755.51,2025-09-20 19:39:00,Entertainment,Credit Card,ATM,Mobile,0
1516,8148,3827.41,2024-09-08 20:18:00,Utilities,Debit Card,Online,Desktop,0
1517,9576,744.77,2025-05-25 13:56:00,Food,Credit Card,ATM,Tablet,0
1518,7349,7120.65,2025-07-17 15:03:00,Entertainment,Debit Card,In-store,Desktop,0
1519,3646,1299.15,2024-03-30 08:24:00,Food,Credit Card,ATM,Tablet,0
1520,2122,6125.76,2024-05-20 13:12:00,Grocery,Debit Card,Online,POS,0
1521,2942,405.7,2025-10-20 16:15:00,Entertainment,UPI,In-store,Mobile,0
1522,3881,22.93,2025-10-07 17:50:00,Utilities,Debit Card,Mobile,Mobile,0
1523,8557,436.64,2024-01-20 12:50:00,Travel,Debit Card,In-store,Tablet,0
1524,6000,207.1,2025-12-31 11:30:00,Utilities,Credit Card,In-store,POS,0
1525,185,2648.19,2025-07-11 15:22:00,Food,UPI,In-store,POS,0
1526,4789,614.53,2025-08-02 16:20:00,Grocery,UPI,In-store,POS,0
1527,3006,2040.38,2025-02-01 08:11:00,Entertainment,Debit Card,Online,Mobile,0
1528,7656,2209.2,2024-01-27 10:38:00,Travel,Credit Card,Mobile,Desktop,0
1529,730,2331.08,2024-08-12 00:57:00,Entertainment,Net Banking,Mobile,POS,0
1530,5226,3574.84,2024-10-14 01:51:00,Healthcare,Net Banking,In-store,Tablet,0
1531,7602,322.61,2025-04-28 16:22:00,Entertainment,Net Banking,ATM,POS,0
1532,567,103.56,2025-08-21 07:10:00,Utilities,Debit Card,In-store,Tablet,0
1533,1312,60.31,2024-04-12 07:42:00,Shopping,Credit Card,In-store,Tablet,0
1534,4439,219.16,2024-09-03 08:34:00,Travel,Net Banking,ATM,Desktop,0
1535,7737,953.45,2024-02-27 07:36:00,Travel,Cash,Online,Tablet,0
1536,8804,6845.41,2025-02-01 11:59:00,Electronics,Credit Card,Mobile,Tablet,0
1537,624,871.51,2024-06-26 05:15:00,Healthcare,UPI,In-store,Mobile,0
1538,7617,1206.33,2025-08-29 10:51:00,Healthcare,Debit Card,Mobile,Tablet,0
1539,8690,3368.29,2025-12-15 11:58:00,Grocery,Debit Card,Online,POS,0
1540,6066,5016.71,2025-08-28 00:45:00,Other,UPI,ATM,Desktop,0
1541,8415,7111.6,2025-12-18 11:36:00,Electronics,Debit Card,Mobile,Desktop,0
1542,5818,3502.59,2025-07-31 04:36:00,Entertainment,UPI,Online,Mobile,0
1543,9145,1396.38,2024-07-11 15:34:00,Other,Cash,ATM,Desktop,0
1544,1907,521.37,2024-11-12 05:31:00,Utilities,Credit Card,Mobile,Mobile,0
1545,1161,1824.43,2024-02-08 02:03:00,Travel,UPI,Mobile,Mobile,0
1546,2785,438.29,2024-08-26 19:14:00,Electronics,Debit Card,Online,Desktop,0
1547,3835,114.68,2024-01-21 16:30:00,Other,Debit Card,Online,Tablet,0
1548,5987,5035.37,2024-01-01 10:58:00,Electronics,UPI,In-store,POS,0
1549,8895,1326.36,2025-09-20 06:51:00,Entertainment,Net Banking,Mobile,Desktop,0
1550,6338,1419.53,2024-05-13 10:45:00,Electronics,UPI,ATM,Desktop,0
1551,6946,1879.22,2024-06-30 10:03:00,Utilities,Net Banking,ATM,Desktop,0
1552,3409,1200.8,2024-01-23 04:37:00,Healthcare,Credit Card,In-store,Mobile,0
1553,997,1175.52,2025-12-22 04:49:00,Shopping,Debit Card,Online,Mobile,0
1554,5950,4933.63,2024-04-23 16:55:00,Travel,Credit Card,Online,Desktop,0
1555,4828,3391.58,2025-01-08 02:23:00,Utilities,UPI,Online,Desktop,0
1556,8779,478.02,2025-12-22 21:25:00,Shopping,UPI,Online,Mobile,0
1557,2985,689.99,2025-08-23 03:21:00,Grocery,UPI,Online,Desktop,0
1558,2870,2161.29,2024-11-05 10:08:00,Shopping,Net Banking,ATM,Desktop,0
1559,2724,1693.03,2024-06-10 23:27:00,Grocery,Net Banking,Mobile,Mobile,0
1560,1005,2906.23,2025-10-16 15:41:00,Healthcare,Debit Card,Online,POS,0
1561,1776,2601.21,2024-11-20 05:45:00,Electronics,UPI,Mobile,Desktop,0
1562,1115,2465.75,2025-07-29 22:56:00,Other,UPI,In-store,Mobile,0
1563,4721,4244.16,2025-09-20 11:14:00,Travel,Net Banking,Mobile,Tablet,0
1564,7508,2909.6,2025-11-12 18:52:00,Entertainment,Credit Card,In-store,Tablet,0
1565,613,556.38,2024-06-28 12:19:00,Food,Net Banking,Online,POS,0
1566,7378,4124.57,2025-12-06 09:08:00,Travel,Credit Card,Online,POS,0
1567,1404,817.54,2024-06-30 23:00:00,Utilities,UPI,In-store,Mobile,0
1568,11,4835.87,2025-12-19 18:25:00,Electronics,Debit Card,ATM,POS,0
1569,1998,3477.61,2025-08-04 01:11:00,Utilities,Credit Card,In-store,Desktop,0
1570,8108,153.95,2025-09-08 10:58:00,Food,UPI,In-store,Tablet,0
1571,7783,2950.52,2025-09-18 07:40:00,Other,Net Banking,Mobile,Desktop,0
1572,7763,1386.75,2025-08-02 03:59:00,Electronics,Net Banking,Mobile,Desktop,0
1573,555,7554.35,2025-05-23 04:21:00,Other,Credit Card,ATM,Desktop,0
1574,8956,1226.53,2024-03-20 07:22:00,Other,UPI,Online,Mobile,0
1575,4647,138.72,2024-11-23 05:40:00,Shopping,UPI,In-store,Tablet,0
1576,755,693.84,2024-03-31 22:42:00,Food,Credit Card,ATM,Tablet,0
1577,3156,1124.97,2025-10-16 23:56:00,Travel,Debit Card,Mobile,Desktop,0
1578,8529,1792.57,2024-12-09 14:00:00,Grocery,Credit Card,In-store,Desktop,0
1579,8247,330.0,2024-09-28 06:15:00,Travel,Debit Card,ATM,Mobile,0
1580,1117,1447.55,2025-12-10 02:22:00,Healthcare,UPI,In-store,Tablet,0
1581,4204,1321.25,2024-09-19 03:46:00,Entertainment,Net Banking,Mobile,Tablet,0
1582,6995,3623.87,2024-01-02 01:24:00,Healthcare,UPI,In-store,Mobile,0
1583,3422,720.23,2025-03-24 23:26:00,Entertainment,Credit Card,Online,Desktop,0
1584,6553,1193.92,2024-06-19 13:31:00,Other,Credit Card,Mobile,Tablet,0
1585,2794,984.05,2025-01-22 11:34:00,Shopping,Net Banking,In-store,Desktop,0
1586,5328,2000.6,2025-01-19 03:53:00,Healthcare,UPI,Online,POS,0
1587,4946,3618.08,2025-05-05 18:41:00,Shopping,UPI,Mobile,POS,0
1588,4585,2251.7,2025-12-04 07:10:00,Utilities,Credit Card,Mobile,Desktop,0
1589,9014,1251.16,2025-04-07 02:51:00,Food,UPI,In-store,Tablet,0
1590,4169,2031.28,2024-02-04 09:01:00,Other,Net Banking,ATM,Tablet,0
1591,2868,777.94,2024-11-22 08:06:00,Entertainment,Net Banking,Mobile,POS,0
1592,448,311.2,2024-03-16 10:10:00,Entertainment,Credit Card,Online,Tablet,0
1593,6950,770.5,2025-01-19 05:46:00,Other,Cash,Online,Tablet,0
1594,7980,1172.86,2024-03-17 17:57:00,Entertainment,Debit Card,ATM,POS,0
1595,8023,1157.01,2024-04-05 10:38:00,Entertainment,UPI,Mobile,Tablet,0
1596,7403,2675.78,2025-09-20 15:45:00,Shopping,UPI,Online,Desktop,0
1597,7894,5508.57,2024-02-01 13:41:00,Healthcare,Credit Card,ATM,Tablet,0
1598,3288,985.18,2024-06-17 19:56:00,Utilities,Debit Card,In-store,Mobile,0
1599,166,180.83,2025-03-20 05:03:00,Entertainment,Net Banking,Online,Mobile,0
1600,434,67.97,2024-04-13 10:13:00,Grocery,Credit Card,Mobile,Mobile,0
1601,1820,7.92,2024-07-13 13:44:00,Entertainment,Credit Card,ATM,POS,0
1602,4166,5564.48,2025-07-21 23:59:00,Entertainment,Cash,In-store,Tablet,0
1603,8735,10867.52,2025-07-07 08:42:00,Electronics,Net Banking,In-store,Mobile,0
1604,2233,105.5,2024-10-15 09:15:00,Shopping,Net Banking,Online,POS,0
1605,9866,886.98,2024-04-08 01:25:00,Food,Debit Card,In-store,POS,0
1606,140,2213.36,2025-08-08 17:53:00,Other,Debit Card,Mobile,Desktop,0
1607,3335,394.33,2025-05-17 04:03:00,Food,Net Banking,ATM,POS,0
1608,4252,1804.96,2025-01-04 00:27:00,Entertainment,Cash,Online,POS,0
1609,9696,3359.91,2024-03-30 09:52:00,Travel,Credit Card,Online,POS,0
1610,7956,3905.07,2025-11-08 20:38:00,Grocery,Debit Card,Mobile,Tablet,0
1611,4417,2451.21,2025-05-06 06:06:00,Utilities,Debit Card,Online,Desktop,0
1612,6282,170.6,2024-01-27 06:10:00,Other,UPI,ATM,POS,0
1613,8083,856.64,2025-10-15 09:05:00,Electronics,Debit Card,Online,Mobile,0
1614,8394,6843.38,2025-04-29 03:19:00,Entertainment,Credit Card,In-store,Mobile,0
1615,4186,428.26,2025-02-11 15:31:00,Shopping,Credit Card,In-store,Mobile,0
1616,5569,1210.0,2025-11-07 08:05:00,Other,Debit Card,In-store,Tablet,0
1617,1470,813.46,2025-10-19 17:24:00,Other,UPI,Mobile,POS,0
1618,4897,460.18,2024-07-08 11:56:00,Healthcare,UPI,In-store,POS,0
1619,986,781.75,2025-01-25 11:11:00,Electronics,UPI,ATM,Desktop,0
1620,3554,420.25,2025-04-01 01:16:00,Grocery,UPI,ATM,POS,0
1621,8869,4195.27,2025-03-26 14:16:00,Entertainment,Debit Card,Mobile,Tablet,1
1622,4749,383.39,2024-08-19 08:36:00,Healthcare,UPI,ATM,Tablet,0
1623,8030,1953.91,2024-03-04 04:48:00,Electronics,Credit Card,ATM,Desktop,0
1624,3050,5705.54,2025-12-14 21:06:00,Healthcare,Credit Card,Online,Tablet,0
1625,1890,6100.2,2024-03-28 21:22:00,Grocery,Debit Card,Online,Mobile,0
1626,1829,1834.71,2025-07-08 13:48:00,Healthcare,Debit Card,Mobile,Mobile,0
1627,7198,631.88,2025-08-26 07:35:00,Food,Credit Card,Mobile,Mobile,0
1628,7382,569.77,2024-03-03 12:52:00,Electronics,Net Banking,Mobile,POS,0
1629,8956,2752.46,2025-06-19 13:34:00,Entertainment,UPI,In-store,POS,0
1630,6312,7896.06,2025-12-04 15:36:00,Other,Debit Card,Online,Tablet,0
1631,4751,161.54,2024-08-29 15:19:00,Electronics,Credit Card,ATM,POS,0
1632,1360,3116.24,2024-03-21 12:57:00,Food,UPI,Online,Tablet,0
1633,85,262.46,2024-02-05 16:36:00,Travel,Net Banking,ATM,Mobile,0
1634,9058,708.17,2025-06-13 18:43:00,Electronics,Credit Card,ATM,POS,1
1635,3176,1672.3,2025-09-27 04:07:00,Shopping,Credit Card,ATM,Tablet,0
1636,1142,705.44,2025-04-04 05:10:00,Other,Net Banking,In-store,POS,0
1637,1062,2101.14,2024-08-04 06:08:00,Healthcare,Net Banking,Mobile,POS,0
1638,6625,1079.81,2024-02-13 13:05:00,Food,UPI,Mobile,Mobile,0
1639,4232,494.65,2025-11-30 13:12:00,Utilities,UPI,Online,POS,0
1640,8268,1514.01,2025-10-04 04:53:00,Travel,Credit Card,ATM,Mobile,0
1641,6439,48.61,2025-09-01 08:20:00,Healthcare,UPI,In-store,Tablet,0
1642,316,2702.46,2024-03-09 02:24:00,Utilities,UPI,In-store,Desktop,0
1643,8689,1477.5,2025-07-23 12:35:00,Grocery,Credit Card,Mobile,Desktop,0
1644,9148,5863.65,2024-11-29 08:33:00,Entertainment,UPI,Online,Mobile,0
1645,8813,216.93,2025-04-14 00:50:00,Utilities,UPI,Mobile,Mobile,0
1646,3640,2635.72,2025-12-18 19:37:00,Healthcare,UPI,Mobile,Tablet,0
1647,8210,716.07,2025-06-19 13:07:00,Electronics,Debit Card,Online,Tablet,0
1648,4528,934.09,2025-02-28 04:09:00,Shopping,Debit Card,In-store,Tablet,0
1649,8808,856.92,2025-08-03 18:37:00,Utilities,Credit Card,Online,Mobile,0
1650,149,886.4,2024-04-12 03:36:00,Electronics,Credit Card,ATM,POS,0
1651,4536,1127.17,2024-04-13 09:55:00,Other,Cash,ATM,Mobile,0
1652,4315,42.46,2025-07-02 11:56:00,Healthcare,Debit Card,In-store,Tablet,0
1653,6150,3751.47,2025-02-24 08:24:00,Electronics,Credit Card,ATM,Desktop,0
1654,8863,4270.69,2025-11-01 15:36:00,Food,Debit Card,ATM,Desktop,0
1655,3682,80.72,2025-09-15 15:02:00,Grocery,Debit Card,ATM,Desktop,0
1656,6983,2992.25,2024-06-25 08:25:00,Electronics,Net Banking,In-store,POS,0
1657,9211,150.03,2024-05-27 19:38:00,Other,Debit Card,In-store,Mobile,0
1658,2943,3298.58,2025-11-28 22:25:00,Grocery,Net Banking,In-store,Tablet,0
1659,9467,1898.6,2024-02-09 12:56:00,Entertainment,Debit Card,Mobile,Desktop,0
1660,9695,731.58,2024-12-05 22:15:00,Other,Credit Card,Online,Tablet,0
1661,6006,1903.23,2024-02-20 23:30:00,Entertainment,Credit Card,ATM,Desktop,0
1662,5561,1413.06,2024-10-02 11:01:00,Grocery,Net Banking,Online,POS,0
1663,884,2019.86,2024-12-11 09:19:00,Food,Credit Card,Online,Tablet,0
1664,2672,1290.13,2024-10-14 15:54:00,Healthcare,UPI,Mobile,Desktop,0
1665,9745,2964.51,2025-12-13 21:06:00,Grocery,UPI,Online,Mobile,0
1666,5187,92.65,2024-08-21 04:19:00,Shopping,Debit Card,ATM,Mobile,0
1667,5947,844.05,2025-03-29 10:17:00,Grocery,Net Banking,Mobile,Mobile,0
1668,2563,1638.72,2025-03-02 19:41:00,Healthcare,Debit Card,ATM,Desktop,0
1669,1902,1774.64,2024-04-01 06:28:00,Other,Credit Card,In-store,Mobile,0
1670,8347,371.56,2024-08-04 13:47:00,Travel,Credit Card,Mobile,POS,0
1671,7681,154.91,2025-05-11 16:55:00,Food,UPI,In-store,Tablet,0
1672,5455,42.4,2025-01-17 01:32:00,Grocery,Debit Card,Online,POS,0
1673,388,1065.51,2024-06-11 02:19:00,Grocery,UPI,Online,Mobile,1
1674,4,802.11,2025-12-27 16:25:00,Electronics,Debit Card,ATM,Mobile,0
1675,9177,1677.77,2024-05-18 16:56:00,Healthcare,Credit Card,Mobile,Mobile,0
1676,2428,1193.91,2025-08-05 00:11:00,Utilities,Credit Card,Mobile,Tablet,0
1677,9931,1001.98,2024-07-16 06:53:00,Food,Debit Card,Mobile,POS,0
1678,1035,3707.11,2024-02-29 07:02:00,Grocery,Debit Card,Mobile,Mobile,0
1679,716,1943.16,2025-04-12 01:58:00,Grocery,Net Banking,Online,Tablet,0
1680,7887,2077.49,2025-01-04 22:12:00,Grocery,Debit Card,Online,Desktop,0
1681,1533,961.97,2024-10-07 11:52:00,Travel,Net Banking,In-store,POS,0
1682,6329,2999.77,2025-04-20 16:25:00,Entertainment,UPI,In-store,Desktop,0
1683,9370,329.96,2025-10-12 03:43:00,Shopping,Credit Card,Mobile,Tablet,0
1684,1903,1028.33,2024-02-01 07:23:00,Other,Credit Card,In-store,Mobile,0
1685,922,96.65,2025-05-15 19:28:00,Food,Cash,ATM,Desktop,0
1686,694,245.32,2024-06-30 15:37:00,Entertainment,Credit Card,Online,POS,0
1687,8859,170.08,2025-07-18 11:22:00,Other,Debit Card,ATM,Tablet,0
1688,1252,1164.77,2024-06-16 08:47:00,Healthcare,Credit Card,In-store,Tablet,0
1689,102,2390.19,2025-12-06 02:18:00,Travel,Credit Card,Online,Desktop,0
1690,5814,749.96,2024-01-29 12:03:00,Utilities,Cash,In-store,POS,0
1691,1801,53.94,2024-06-15 18:49:00,Other,Credit Card,Online,POS,0
1692,72,2456.59,2024-08-07 07:41:00,Electronics,Net Banking,In-store,POS,0
1693,7667,464.96,2024-08-18 21:13:00,Other,Credit Card,ATM,POS,0
1694,884,2565.13,2024-10-02 20:26:00,Electronics,UPI,ATM,Desktop,0
1695,3050,14.76,2025-06-09 00:55:00,Food,Debit Card,Online,Tablet,0
1696,3904,748.93,2025-11-29 00:30:00,Grocery,UPI,Mobile,Tablet,0
1697,7409,1941.66,2024-05-15 20:11:00,Electronics,UPI,In-store,POS,0
1698,7957,4098.22,2025-09-07 00:14:00,Utilities,UPI,In-store,Mobile,0
1699,1434,2805.89,2024-09-15 19:51:00,Entertainment,Credit Card,Mobile,Mobile,0
1700,7823,1194.29,2024-11-08 22:45:00,Utilities,UPI,In-store,POS,0
1701,5547,2535.35,2025-10-20 08:27:00,Entertainment,UPI,ATM,Desktop,0
1702,5849,1542.4,2025-01-20 11:29:00,Grocery,Net Banking,Online,Desktop,0
1703,9895,3357.53,2024-09-15 06:29:00,Healthcare,Credit Card,Online,Desktop,0
1704,5648,2957.39,2024-11-05 21:33:00,Other,UPI,In-store,Mobile,0
1705,6691,7447.12,2025-09-30 12:37:00,Healthcare,Credit Card,In-store,Tablet,0
1706,3212,221.72,2024-04-14 00:32:00,Utilities,UPI,In-store,Tablet,0
1707,8120,833.17,2025-11-09 11:35:00,Utilities,Debit Card,Online,POS,0
1708,7920,427.32,2025-10-24 19:38:00,Grocery,Credit Card,Mobile,Desktop,0
1709,308,1992.66,2024-10-16 09:43:00,Electronics,Credit Card,Online,Tablet,0
1710,4488,2181.45,2024-04-20 15:04:00,Grocery,UPI,Mobile,Mobile,0
1711,87,455.84,2024-12-10 08:40:00,Grocery,Net Banking,ATM,POS,0
1712,9355,1094.82,2024-11-28 08:16:00,Shopping,Debit Card,Online,Tablet,0
1713,5499,1843.36,2025-11-02 22:57:00,Entertainment,UPI,Online,POS,0
1714,7211,2151.47,2025-10-29 09:12:00,Shopping,Net Banking,ATM,POS,0
1715,866,216.61,2024-06-02 16:48:00,Food,UPI,Online,Mobile,0
1716,8345,5078.46,2024-09-03 01:51:00,Grocery,UPI,Mobile,Mobile,0
1717,6616,69.35,2025-09-06 12:42:00,Other,UPI,Online,Mobile,0
1718,2712,7219.57,2024-11-23 21:08:00,Travel,Credit Card,In-store,Mobile,0
1719,618,760.55,2024-01-27 20:31:00,Utilities,Net Banking,ATM,Mobile,0
1720,9711,760.61,2024-10-29 08:58:00,Utilities,Debit Card,Mobile,POS,0
1721,3922,1181.28,2025-03-04 12:24:00,Entertainment,Credit Card,In-store,POS,0
1722,938,2374.61,2024-02-06 18:45:00,Shopping,Net Banking,ATM,Mobile,0
1723,1615,347.76,2025-08-08 06:21:00,Shopping,Net Banking,ATM,Desktop,0
1724,5231,588.7,2025-12-31 07:43:00,Electronics,Net Banking,Mobile,Mobile,0
1725,7436,6517.97,2025-07-01 20:50:00,Shopping,Debit Card,Online,POS,0
1726,2525,4188.58,2025-05-02 21:22:00,Food,Debit Card,In-store,POS,0
1727,3732,477.51,2025-06-03 09:54:00,Electronics,Net Banking,ATM,Tablet,0
1728,6531,1702.0,2024-06-23 21:56:00,Healthcare,Net Banking,ATM,Tablet,0
1729,3408,455.31,2025-07-25 05:18:00,Shopping,Credit Card,Mobile,POS,0
1730,3655,1597.29,2024-04-09 15:08:00,Entertainment,Net Banking,ATM,Desktop,0
1731,1265,910.7,2024-09-21 23:51:00,Other,Credit Card,ATM,POS,0
1732,4324,900.17,2025-07-26 05:43:00,Shopping,UPI,Mobile,POS,0
1733,1686,2016.1,2024-12-09 20:05:00,Utilities,Net Banking,Online,Desktop,0
1734,9167,580.28,2024-08-15 11:14:00,Utilities,UPI,Online,Mobile,0
1735,4169,1035.9,2024-11-10 13:50:00,Shopping,Debit Card,ATM,Tablet,0
1736,1553,5187.45,2024-12-05 11:16:00,Utilities,Credit Card,In-store,Mobile,1
1737,4319,2815.97,2025-08-22 09:29:00,Grocery,Credit Card,In-store,POS,0
1738,5646,966.69,2024-04-30 15:03:00,Food,Debit Card,ATM,Mobile,0
1739,485,523.41,2025-10-11 18:37:00,Electronics,Credit Card,ATM,POS,0
1740,5805,2151.81,2025-09-27 02:30:00,Food,UPI,Mobile,Mobile,0
1741,6410,3297.29,2024-07-18 16:07:00,Food,Credit Card,Online,Desktop,0
1742,9174,3943.18,2025-11-28 12:33:00,Healthcare,Credit Card,In-store,Mobile,0
1743,6360,1661.52,2024-11-01 13:03:00,Healthcare,Debit Card,In-store,Mobile,0
1744,9911,1454.65,2024-06-03 04:12:00,Healthcare,Credit Card,In-store,POS,0
1745,6898,2543.38,2024-12-16 13:36:00,Utilities,Debit Card,Online,Desktop,0
1746,7350,386.6,2025-04-13 04:20:00,Electronics,UPI,Mobile,Tablet,0
1747,5249,3822.96,2024-07-03 02:31:00,Entertainment,Debit Card,ATM,Tablet,0
1748,2613,153.6,2024-12-06 20:11:00,Food,Net Banking,Online,POS,0
1749,5984,1847.72,2024-11-16 20:03:00,Utilities,Debit Card,ATM,Desktop,0
1750,3792,1781.7,2024-01-05 14:17:00,Electronics,Net Banking,In-store,Mobile,0
1751,8275,744.16,2024-08-02 05:36:00,Shopping,Net Banking,ATM,Mobile,0
1752,3097,72.21,2024-06-11 15:50:00,Electronics,Net Banking,In-store,Tablet,0
1753,7601,2530.67,2024-03-31 04:39:00,Food,Credit Card,ATM,Mobile,0
1754,5194,48.94,2025-03-20 20:27:00,Other,Credit Card,Mobile,Mobile,0
1755,5764,395.95,2025-02-17 13:30:00,Electronics,UPI,Mobile,Mobile,0
1756,9880,1571.56,2025-01-27 00:02:00,Electronics,Debit Card,ATM,Desktop,0
1757,2478,5626.26,2025-06-30 06:46:00,Electronics,UPI,ATM,Mobile,0
1758,1990,136.42,2025-01-17 00:57:00,Utilities,Cash,Online,Mobile,0
1759,6009,1729.23,2024-11-25 16:12:00,Food,Credit Card,Mobile,Desktop,0
1760,9612,797.65,2024-01-19 21:00:00,Other,UPI,In-store,POS,0
1761,9044,2213.8,2025-10-03 23:15:00,Entertainment,UPI,Online,POS,0
1762,8652,6111.34,2024-08-19 22:56:00,Grocery,Net Banking,ATM,POS,0
1763,7486,625.56,2024-12-18 09:08:00,Shopping,Debit Card,In-store,Tablet,0
1764,9804,6243.82,2024-04-15 12:32:00,Healthcare,Debit Card,Mobile,Desktop,0
1765,5562,4090.1,2025-08-25 09:10:00,Other,Net Banking,In-store,Desktop,0
1766,6310,1868.18,2024-03-07 01:19:00,Travel,Cash,Online,POS,0
1767,5572,2839.59,2024-10-24 14:46:00,Utilities,UPI,In-store,Desktop,0
1768,6289,4003.3,2025-06-16 19:33:00,Grocery,Credit Card,In-store,Mobile,0
1769,2515,3253.87,2024-12-11 13:56:00,Electronics,UPI,ATM,Tablet,0
1770,3755,791.15,2025-12-04 04:21:00,Food,Debit Card,ATM,POS,0
1771,7205,3349.06,2025-05-16 11:48:00,Electronics,Net Banking,ATM,Mobile,0
1772,4508,752.35,2024-07-11 05:58:00,Shopping,UPI,Online,POS,0
1773,8578,4036.01,2025-02-17 00:14:00,Food,Net Banking,Online,Desktop,0
1774,3494,589.99,2024-08-17 23:08:00,Other,Credit Card,ATM,Mobile,0
1775,4134,1698.48,2024-08-04 23:01:00,Travel,Debit Card,ATM,POS,0
1776,7386,2361.32,2025-08-26 16:10:00,Healthcare,Credit Card,ATM,Tablet,0
1777,3115,1109.52,2024-05-06 11:45:00,Entertainment,Net Banking,Online,Tablet,0
1778,2166,3055.46,2025-10-28 01:24:00,Utilities,UPI,ATM,Desktop,0
1779,2654,5190.05,2025-10-17 08:49:00,Utilities,Credit Card,In-store,Desktop,0
1780,9540,412.21,2025-07-01 19:03:00,Food,Credit Card,Online,Mobile,0
1781,198,68.03,2025-08-31 01:42:00,Food,UPI,Mobile,Mobile,0
1782,9698,1969.76,2024-04-20 20:53:00,Entertainment,UPI,ATM,Desktop,0
1783,6395,1843.55,2024-01-21 01:44:00,Other,Credit Card,Mobile,Desktop,0
1784,9209,834.99,2024-04-28 13:28:00,Utilities,Debit Card,Mobile,Desktop,0
1785,2516,3078.55,2025-01-24 03:35:00,Healthcare,UPI,ATM,Tablet,0
1786,9024,3499.04,2024-09-15 15:44:00,Travel,Debit Card,ATM,Desktop,0
1787,9765,806.89,2024-06-05 06:44:00,Food,Credit Card,Online,Tablet,0
1788,7671,2293.12,2025-12-03 20:00:00,Entertainment,UPI,Online,Mobile,0
1789,8296,2054.58,2024-11-04 13:42:00,Food,UPI,In-store,Desktop,0
1790,2033,839.06,2024-04-13 21:33:00,Electronics,Credit Card,Mobile,Desktop,0
1791,1258,6957.12,2024-10-03 19:38:00,Food,Net Banking,Online,POS,0
1792,6217,850.53,2025-12-18 04:26:00,Utilities,Debit Card,Mobile,Tablet,1
1793,5282,1936.66,2024-04-17 16:46:00,Travel,Net Banking,Online,Desktop,0
1794,5019,956.48,2025-09-24 03:18:00,Entertainment,Debit Card,ATM,Desktop,0
1795,337,23.81,2024-04-26 03:31:00,Grocery,Debit Card,In-store,POS,0
1796,5609,192.23,2024-07-22 19:12:00,Other,Credit Card,In-store,Tablet,0
1797,4293,528.76,2024-09-26 16:12:00,Travel,UPI,In-store,Mobile,1
1798,995,3344.42,2025-01-01 22:26:00,Healthcare,Credit Card,ATM,Tablet,0
1799,100,1167.03,2024-10-29 05:02:00,Grocery,Credit Card,Online,Tablet,0
1800,2111,1776.49,2025-07-15 15:58:00,Food,Credit Card,Mobile,POS,0
1801,9550,5759.69,2024-07-31 22:59:00,Food,UPI,Mobile,Mobile,0
1802,1021,318.05,2025-05-07 10:15:00,Food,UPI,In-store,POS,0
1803,3778,3958.39,2024-01-03 00:42:00,Grocery,Debit Card,Mobile,Desktop,0
1804,2332,953.61,2024-04-01 03:53:00,Utilities,UPI,In-store,POS,0
1805,9935,823.41,2025-08-10 21:31:00,Food,Credit Card,In-store,POS,0
1806,876,1964.48,2024-06-01 02:49:00,Grocery,Debit Card,In-store,Mobile,0
1807,8174,4578.12,2025-06-07 02:46:00,Shopping,Net Banking,ATM,POS,0
1808,7306,857.07,2024-04-13 08:41:00,Healthcare,UPI,Online,Desktop,0
1809,8611,2866.0,2024-08-24 14:18:00,Utilities,UPI,In-store,Desktop,0
1810,5890,38.86,2024-09-27 14:03:00,Entertainment,Credit Card,Online,Desktop,1
1811,991,1951.56,2024-04-12 05:55:00,Grocery,Credit Card,Online,Mobile,0
1812,2475,1991.53,2024-02-10 09:23:00,Shopping,Debit Card,ATM,Desktop,0
1813,8876,1624.13,2025-11-24 10:27:00,Grocery,Credit Card,Mobile,Desktop,0
1814,43,5555.53,2024-04-28 03:54:00,Other,Debit Card,ATM,Desktop,0
1815,2036,5580.41,2024-02-16 00:54:00,Healthcare,Debit Card,In-store,POS,0
1816,3380,837.29,2024-05-21 21:41:00,Food,Debit Card,In-store,Tablet,0
1817,9838,1218.95,2024-06-23 10:22:00,Electronics,Debit Card,In-store,POS,0
1818,4243,3144.05,2025-03-24 19:17:00,Shopping,Credit Card,Mobile,Mobile,0
1819,4913,3714.66,2024-04-05 11:52:00,Other,UPI,ATM,POS,0
1820,2429,1082.46,2024-12-16 05:07:00,Travel,Credit Card,ATM,Tablet,0
1821,9967,858.57,2025-02-14 12:29:00,Shopping,UPI,Online,POS,0
1822,9919,3436.46,2024-10-05 12:44:00,Food,UPI,Mobile,Desktop,0
1823,3188,946.0,2025-05-04 13:41:00,Entertainment,UPI,Online,Tablet,0
1824,9681,1039.17,2024-06-19 03:08:00,Other,Debit Card,Online,Tablet,0
1825,3741,291.28,2025-12-13 23:03:00,Utilities,Credit Card,ATM,POS,0
1826,844,1565.92,2024-06-12 03:26:00,Entertainment,Net Banking,ATM,POS,0
1827,3279,790.38,2025-08-27 15:51:00,Food,Net Banking,ATM,POS,0
1828,1077,1786.16,2025-08-05 21:28:00,Food,UPI,Mobile,Desktop,0
1829,7266,1189.17,2024-07-04 19:24:00,Electronics,Net Banking,ATM,Desktop,0
1830,6069,2757.74,2025-01-02 19:01:00,Food,Net Banking,ATM,Tablet,0
1831,6801,650.83,2025-12-01 23:57:00,Travel,Debit Card,In-store,Tablet,0
1832,6901,377.48,2024-05-13 15:58:00,Food,Credit Card,Online,Desktop,0
1833,2296,2427.78,2025-05-14 03:56:00,Grocery,Credit Card,In-store,Tablet,1
1834,9706,969.43,2025-02-25 14:02:00,Shopping,Debit Card,Mobile,Desktop,0
1835,2898,1658.41,2024-03-05 08:41:00,Other,UPI,Online,Mobile,0
1836,3928,5662.77,2024-11-17 00:45:00,Other,Debit Card,In-store,Mobile,0
1837,7500,1323.66,2025-11-25 16:49:00,Shopping,Debit Card,In-store,Tablet,0
1838,3108,330.67,2025-08-13 23:36:00,Electronics,Credit Card,ATM,Mobile,0
1839,7365,1112.7,2024-08-17 21:55:00,Electronics,UPI,ATM,Mobile,0
1840,2232,1302.21,2024-12-12 16:33:00,Food,Credit Card,ATM,POS,0
1841,8259,2904.68,2025-12-05 22:39:00,Healthcare,Net Banking,In-store,POS,0
1842,2081,434.29,2024-04-07 13:42:00,Food,Credit Card,In-store,Desktop,0
1843,5287,852.06,2024-09-11 15:22:00,Grocery,UPI,ATM,Desktop,0
1844,6842,102.65,2025-11-10 21:41:00,Grocery,UPI,Mobile,Desktop,0
1845,9740,2421.18,2025-01-29 04:53:00,Shopping,Net Banking,Mobile,Tablet,0
1846,1269,2724.63,2025-07-25 19:03:00,Food,Debit Card,ATM,Mobile,0
1847,9702,1222.0,2024-01-12 20:59:00,Shopping,Debit Card,In-store,Desktop,0
1848,4692,1545.54,2024-06-09 16:54:00,Travel,Credit Card,In-store,Tablet,0
1849,9041,2771.1,2025-04-25 15:55:00,Food,Net Banking,ATM,Desktop,0
1850,8136,624.77,2024-06-18 02:48:00,Electronics,Debit Card,Online,Tablet,0
1851,6763,1867.71,2025-05-18 10:15:00,Shopping,Cash,Online,Desktop,0
1852,7693,6644.0,2024-12-04 08:03:00,Grocery,Credit Card,Online,Mobile,0
1853,1875,2145.7,2025-06-03 07:35:00,Food,Debit Card,Mobile,POS,0
1854,602,162.66,2025-10-20 12:25:00,Utilities,Debit Card,Mobile,Mobile,0
1855,6260,685.71,2024-08-28 02:29:00,Food,Debit Card,In-store,POS,0
1856,7045,1464.3,2025-03-30 18:28:00,Travel,Credit Card,Online,POS,0
1857,4781,150.89,2024-03-31 15:28:00,Entertainment,Credit Card,Mobile,Mobile,0
1858,7513,2257.54,2024-11-19 03:31:00,Other,Debit Card,Online,POS,0
1859,9605,2123.86,2025-10-31 00:06:00,Food,UPI,ATM,Mobile,0
1860,2583,4180.18,2025-02-17 13:02:00,Travel,UPI,ATM,POS,0
1861,96,1386.27,2025-07-24 17:00:00,Utilities,Credit Card,Online,Mobile,0
1862,4221,2356.21,2024-04-03 19:39:00,Healthcare,Debit Card,Online,Desktop,0
1863,8426,401.83,2025-10-14 09:56:00,Travel,Debit Card,ATM,POS,0
1864,4678,5.75,2025-06-04 17:13:00,Travel,UPI,Online,Tablet,0
1865,6775,378.1,2025-11-01 21:29:00,Entertainment,Debit Card,Mobile,Desktop,0
1866,8214,128.47,2024-12-15 11:52:00,Travel,UPI,ATM,Desktop,0
1867,2809,1116.25,2024-02-25 07:54:00,Healthcare,Credit Card,ATM,Mobile,0
1868,1236,1263.36,2025-04-10 10:35:00,Grocery,Debit Card,In-store,POS,0
1869,8188,2068.31,2025-09-26 19:30:00,Grocery,Credit Card,ATM,POS,0
1870,2523,303.44,2025-11-03 11:45:00,Utilities,Credit Card,ATM,Tablet,0
1871,7351,483.42,2025-04-08 03:06:00,Shopping,Net Banking,In-store,Mobile,0
1872,8610,3202.21,2025-11-05 07:00:00,Entertainment,Debit Card,In-store,Mobile,0
1873,553,1718.51,2024-12-15 11:53:00,Utilities,UPI,In-store,Mobile,0
1874,2588,59.61,2025-10-10 09:35:00,Electronics,UPI,In-store,POS,0
1875,7967,3773.08,2025-06-18 11:44:00,Other,UPI,In-store,Desktop,0
1876,7701,1987.45,2024-04-18 01:57:00,Other,Net Banking,Online,Desktop,0
1877,5194,413.16,2024-06-17 15:08:00,Utilities,Credit Card,In-store,Tablet,0
1878,8228,580.88,2025-02-23 03:16:00,Food,Credit Card,ATM,Desktop,0
1879,6093,1612.84,2025-09-17 06:12:00,Utilities,Net Banking,ATM,Mobile,0
1880,4066,1645.61,2024-05-03 12:13:00,Utilities,Net Banking,In-store,Tablet,0
1881,8723,3271.45,2025-04-13 06:45:00,Travel,Debit Card,Online,Tablet,0
1882,3090,888.15,2024-12-12 03:48:00,Utilities,UPI,Online,Tablet,0
1883,6228,1593.92,2025-02-28 01:59:00,Travel,Credit Card,ATM,Mobile,0
1884,4801,1747.12,2025-10-10 21:37:00,Travel,UPI,ATM,Mobile,0
1885,918,1635.95,2024-05-06 14:29:00,Utilities,UPI,ATM,Tablet,0
1886,7890,151.4,2025-11-05 18:32:00,Utilities,Credit Card,Online,Tablet,0
1887,6538,1059.52,2024-05-17 15:00:00,Healthcare,UPI,Online,POS,0
1888,2068,827.65,2025-06-27 23:03:00,Utilities,Credit Card,Online,Desktop,0
1889,9212,9861.17,2025-07-20 13:53:00,Food,Cash,Online,Mobile,0
1890,9533,1253.55,2025-08-22 15:59:00,Other,Cash,Mobile,Desktop,0
1891,2405,1142.67,2025-06-04 05:44:00,Grocery,UPI,Mobile,POS,1
1892,7318,1322.09,2025-08-15 05:46:00,Food,Debit Card,Mobile,Mobile,0
1893,8964,5033.6,2024-05-11 03:24:00,Travel,Credit Card,Online,Mobile,0
1894,2874,1890.69,2025-11-04 19:38:00,Shopping,Debit Card,In-store,Tablet,0
1895,7708,985.79,2024-11-25 16:56:00,Utilities,Credit Card,In-store,Mobile,0
1896,5481,4874.0,2025-01-28 13:38:00,Grocery,UPI,Mobile,Tablet,0
1897,717,5314.04,2025-12-10 07:17:00,Other,Cash,Mobile,Tablet,0
1898,9273,613.9,2025-02-11 10:18:00,Food,Credit Card,Online,Desktop,0
1899,4160,999.76,2025-04-08 04:08:00,Grocery,Cash,Mobile,Tablet,0
1900,6430,6789.95,2025-02-26 19:44:00,Grocery,Debit Card,Online,POS,0
1901,6486,1557.62,2025-06-08 09:53:00,Shopping,Credit Card,Online,Tablet,0
1902,2557,1130.37,2025-12-19 17:55:00,Travel,UPI,Online,Desktop,0
1903,1458,434.83,2024-11-17 22:47:00,Other,Net Banking,Online,POS,0
1904,7606,970.44,2025-07-20 20:13:00,Shopping,Debit Card,Mobile,Mobile,0
1905,6679,1995.19,2024-07-24 06:39:00,Healthcare,Cash,In-store,Mobile,0
1906,3602,78.94,2024-10-24 21:22:00,Healthcare,Debit Card,In-store,POS,0
1907,3838,173.96,2025-11-19 04:45:00,Food,Credit Card,Mobile,Mobile,0
1908,8273,10.78,2025-10-27 05:32:00,Electronics,Debit Card,Online,Tablet,0
1909,2429,494.17,2025-07-09 22:40:00,Healthcare,UPI,Mobile,Mobile,0
1910,6838,404.21,2024-11-26 22:07:00,Shopping,Credit Card,Mobile,Desktop,0
1911,8031,3805.04,2024-12-26 17:30:00,Healthcare,Credit Card,Mobile,Mobile,0
1912,3996,409.72,2025-08-19 18:42:00,Utilities,UPI,In-store,POS,0
1913,2696,2164.58,2025-12-28 13:43:00,Electronics,Credit Card,Mobile,POS,0
1914,4512,251.94,2025-06-30 09:56:00,Electronics,UPI,ATM,POS,0
1915,7030,1800.64,2025-03-08 00:33:00,Travel,Debit Card,In-store,POS,0
1916,3880,1144.06,2024-04-19 00:24:00,Utilities,UPI,ATM,POS,0
1917,3763,1050.76,2024-05-28 01:42:00,Shopping,Debit Card,ATM,POS,0
1918,223,3883.7,2024-02-27 06:17:00,Entertainment,Cash,Online,POS,0
1919,6340,367.17,2024-06-13 09:43:00,Healthcare,Debit Card,ATM,POS,0
1920,1015,1808.81,2024-09-13 04:53:00,Other,Credit Card,Online,Tablet,0
1921,1019,3450.42,2024-03-04 22:50:00,Utilities,UPI,Mobile,Desktop,0
1922,2297,2502.81,2024-10-29 06:48:00,Entertainment,UPI,In-store,Desktop,0
1923,8418,8190.19,2025-07-08 01:22:00,Shopping,Debit Card,In-store,POS,1
1924,5774,4.22,2025-04-08 03:39:00,Shopping,UPI,Mobile,Tablet,0
1925,4583,4314.53,2025-11-22 23:35:00,Utilities,Debit Card,Mobile,Tablet,0
1926,5270,1901.0,2024-08-17 23:41:00,Food,Credit Card,ATM,Mobile,0
1927,3948,4.98,2025-07-28 12:15:00,Healthcare,Credit Card,In-store,POS,0
1928,6354,1252.82,2025-06-07 22:18:00,Travel,Debit Card,In-store,Tablet,0
1929,4412,2917.19,2025-12-10 21:03:00,Travel,Cash,Mobile,Tablet,0
1930,9779,403.12,2025-01-25 12:26:00,Entertainment,Debit Card,Mobile,POS,0
1931,4496,2269.37,2025-12-02 10:35:00,Electronics,Debit Card,Online,POS,0
1932,9708,300.87,2024-02-25 00:47:00,Healthcare,Net Banking,ATM,Desktop,0
1933,5248,3253.7,2024-09-14 06:39:00,Travel,Net Banking,ATM,Mobile,0
1934,8070,1680.81,2025-03-29 07:58:00,Electronics,Credit Card,Online,Mobile,0
1935,769,68.95,2025-10-10 22:45:00,Other,Credit Card,ATM,Desktop,0
1936,9228,190.55,2025-10-25 11:48:00,Grocery,UPI,ATM,Desktop,0
1937,8216,3988.22,2025-08-25 17:47:00,Entertainment,UPI,In-store,Desktop,0
1938,2174,67.12,2025-09-09 06:49:00,Other,Debit Card,Online,Mobile,0
1939,5291,709.19,2024-07-17 09:28:00,Food,Net Banking,Mobile,Tablet,0
1940,3293,1673.63,2024-06-30 21:04:00,Healthcare,Debit Card,ATM,POS,0
1941,6112,480.17,2024-07-10 05:47:00,Entertainment,Credit Card,Mobile,POS,0
1942,7225,507.8,2025-06-10 03:24:00,Healthcare,Debit Card,Online,Mobile,0
1943,5781,2992.52,2024-02-11 13:17:00,Utilities,Net Banking,ATM,Mobile,0
1944,2081,687.78,2025-07-23 08:08:00,Healthcare,Credit Card,ATM,POS,0
1945,9377,78.69,2024-06-13 18:54:00,Healthcare,Net Banking,Online,POS,0
1946,6044,2553.96,2024-09-18 00:21:00,Travel,Cash,Online,Mobile,0
1947,5228,6174.2,2025-04-22 22:59:00,Shopping,Debit Card,Online,Tablet,0
1948,7140,3566.8,2024-06-07 01:09:00,Shopping,Credit Card,Online,Desktop,0
1949,2113,1590.63,2024-11-26 19:03:00,Entertainment,Credit Card,Online,Desktop,0
1950,3148,1106.37,2025-10-02 19:53:00,Shopping,Credit Card,In-store,POS,0
1951,6049,5184.94,2025-11-08 09:31:00,Other,UPI,Online,Tablet,0
1952,3948,2906.8,2025-08-09 17:22:00,Food,Credit Card,ATM,Mobile,0
1953,5573,1691.0,2024-03-15 22:20:00,Travel,Net Banking,ATM,Mobile,0
1954,6052,4237.57,2025-06-22 07:11:00,Utilities,Debit Card,Mobile,Tablet,0
1955,9142,1841.16,2025-06-17 02:50:00,Entertainment,Cash,Mobile,Mobile,0
1956,4530,7261.57,2025-06-01 05:26:00,Shopping,Cash,ATM,Mobile,0
1957,8818,3907.95,2025-07-10 17:25:00,Travel,Net Banking,In-store,POS,0
1958,7476,1599.0,2024-04-04 11:14:00,Grocery,Debit Card,Mobile,Desktop,0
1959,405,5123.65,2024-08-06 21:21:00,Food,Debit Card,Mobile,Desktop,0
1960,5756,838.44,2024-12-05 11:18:00,Healthcare,Cash,Online,POS,0
1961,8335,2414.14,2024-08-11 19:33:00,Other,UPI,In-store,POS,0
1962,3721,375.74,2025-05-01 17:52:00,Travel,Debit Card,Mobile,POS,0
1963,2807,4514.55,2025-10-26 00:07:00,Healthcare,Net Banking,In-store,POS,0
1964,288,570.17,2025-11-15 11:28:00,Shopping,Credit Card,ATM,POS,0
1965,4168,5953.13,2024-09-03 20:39:00,Entertainment,Net Banking,ATM,Desktop,0
1966,1819,34.27,2025-09-28 07:02:00,Healthcare,Credit Card,ATM,Mobile,0
1967,4650,2290.38,2025-11-29 10:24:00,Travel,UPI,ATM,Desktop,0
1968,5384,325.17,2024-04-26 12:16:00,Other,UPI,ATM,Desktop,0
1969,8971,2946.42,2025-07-07 23:18:00,Healthcare,UPI,In-store,Tablet,1
1970,1941,1354.18,2024-01-26 16:52:00,Electronics,Debit Card,Online,Mobile,0
1971,1068,4808.13,2025-01-18 16:51:00,Utilities,UPI,ATM,POS,0
1972,990,2511.02,2025-06-04 14:31:00,Utilities,UPI,Online,Tablet,0
1973,8481,2924.33,2024-02-14 09:57:00,Grocery,UPI,In-store,Mobile,0
1974,7747,256.76,2025-10-29 06:20:00,Entertainment,Credit Card,ATM,Tablet,0
1975,6144,203.09,2025-06-10 02:06:00,Grocery,Credit Card,Online,POS,0
1976,3108,3801.69,2024-06-20 17:34:00,Healthcare,UPI,Mobile,Tablet,0
1977,4634,511.78,2024-01-08 20:04:00,Food,Credit Card,Mobile,Tablet,0
1978,7462,4033.94,2024-08-03 21:40:00,Travel,Cash,Online,Desktop,0
1979,5220,307.56,2024-08-06 21:27:00,Other,Net Banking,ATM,POS,0
1980,1175,737.64,2024-04-16 06:34:00,Other,Debit Card,In-store,POS,0
1981,9352,5282.8,2025-12-20 23:49:00,Healthcare,Debit Card,ATM,Desktop,0
1982,9998,3661.64,2025-03-21 20:52:00,Healthcare,Debit Card,Mobile,Desktop,0
1983,3538,111.54,2024-03-14 23:43:00,Other,Credit Card,In-store,Mobile,0
1984,7592,1188.77,2024-06-06 00:29:00,Electronics,UPI,In-store,POS,0
1985,7781,4812.96,2024-12-05 01:05:00,Grocery,Cash,In-store,Tablet,0
1986,1689,29.74,2024-03-16 01:11:00,Travel,Credit Card,Online,Tablet,0
1987,6553,227.05,2024-09-14 17:04:00,Shopping,Debit Card,ATM,Mobile,0
1988,644,2072.38,2025-08-11 07:58:00,Electronics,Cash,Online,POS,0
1989,4347,221.83,2024-09-21 13:24:00,Shopping,Cash,In-store,Mobile,0
1990,5844,1191.45,2025-04-06 20:25:00,Healthcare,Debit Card,Online,Desktop,0
1991,8045,1417.83,2025-03-19 10:01:00,Entertainment,Credit Card,Online,Tablet,0
1992,4975,3935.86,2025-02-02 21:07:00,Entertainment,Credit Card,In-store,Tablet,0
1993,2620,6311.37,2025-07-01 00:41:00,Utilities,UPI,In-store,Desktop,0
1994,9815,1435.83,2025-09-25 02:48:00,Utilities,Credit Card,Online,Desktop,0
1995,555,1428.17,2025-08-22 01:44:00,Other,UPI,Mobile,Desktop,0
1996,6070,2595.07,2024-03-15 11:59:00,Entertainment,Debit Card,In-store,Mobile,0
1997,1844,427.64,2025-05-29 03:18:00,Other,Credit Card,Mobile,Tablet,0
1998,533,5655.65,2025-12-03 09:38:00,Entertainment,Credit Card,In-store,Mobile,0
1999,7832,2.4,2024-03-29 09:48:00,Electronics,UPI,In-store,Tablet,0
2000,3493,3.59,2025-03-24 12:25:00,Utilities,Credit Card,ATM,Desktop,0
2001,634,1965.22,2025-11-07 00:30:00,Other,Debit Card,Mobile,Mobile,0
2002,9170,835.54,2024-06-09 17:14:00,Electronics,Debit Card,Online,Tablet,0
2003,5804,1015.38,2024-05-19 23:25:00,Healthcare,UPI,Online,Tablet,0
2004,3283,500.61,2025-07-12 09:40:00,Healthcare,Debit Card,ATM,Mobile,0
2005,2181,1047.83,2024-05-27 09:43:00,Travel,Net Banking,Mobile,Tablet,0
2006,957,3520.33,2025-10-25 11:00:00,Shopping,Net Banking,Online,Mobile,0
2007,1324,2402.95,2025-07-20 17:09:00,Food,Net Banking,Mobile,Mobile,0
2008,8411,198.88,2024-05-06 01:00:00,Entertainment,Credit Card,Mobile,Desktop,0
2009,3057,116.7,2025-08-09 19:25:00,Entertainment,Cash,Online,POS,0
2010,9550,1411.22,2025-07-04 17:05:00,Food,Debit Card,Mobile,Desktop,0
2011,4483,2619.86,2024-11-08 06:47:00,Entertainment,Cash,In-store,Desktop,0
2012,2719,2184.2,2024-12-18 06:26:00,Healthcare,Net Banking,Mobile,Desktop,0
2013,3373,3991.89,2025-10-23 16:09:00,Shopping,Net Banking,Mobile,Mobile,0
2014,4210,286.04,2024-06-13 05:14:00,Electronics,UPI,Mobile,Mobile,0
2015,3658,1861.55,2025-09-23 08:12:00,Utilities,Credit Card,ATM,Desktop,0
2016,2871,2904.99,2024-04-27 05:42:00,Healthcare,Cash,Online,Mobile,0
2017,8252,5556.11,2025-08-03 01:54:00,Entertainment,Debit Card,Mobile,Desktop,0
2018,927,212.68,2025-07-16 14:41:00,Electronics,Net Banking,Online,Tablet,0
2019,3838,547.93,2025-07-16 02:18:00,Grocery,Net Banking,ATM,Desktop,0
2020,4851,875.74,2025-11-18 02:16:00,Shopping,Net Banking,Online,Tablet,0
2021,6259,1556.32,2024-04-10 06:46:00,Shopping,Credit Card,Online,POS,0
2022,8487,1050.57,2025-08-17 15:21:00,Other,UPI,In-store,Tablet,0
2023,9596,3948.25,2024-12-31 04:42:00,Food,Credit Card,ATM,Mobile,0
2024,616,6012.65,2025-11-02 07:06:00,Other,Net Banking,In-store,Desktop,0
2025,1584,145.31,2024-10-18 19:04:00,Entertainment,UPI,In-store,Tablet,0
2026,9243,2405.82,2024-07-17 10:31:00,Entertainment,UPI,ATM,Desktop,0
2027,3856,242.69,2025-04-06 10:39:00,Food,Net Banking,Online,Tablet,0
2028,3508,4564.69,2025-11-06 09:44:00,Travel,Credit Card,Mobile,Mobile,0
2029,5353,306.53,2025-08-21 04:36:00,Food,Credit Card,ATM,Mobile,0
2030,4350,9538.02,2025-08-03 11:51:00,Food,Debit Card,Online,Mobile,0
2031,5485,1116.36,2024-11-19 13:10:00,Entertainment,Credit Card,Mobile,POS,0
2032,5508,962.33,2024-01-05 10:15:00,Food,Credit Card,Online,Tablet,0
2033,8539,1765.13,2024-08-14 22:47:00,Food,UPI,ATM,Desktop,0
2034,5257,1002.93,2025-10-18 13:17:00,Other,Debit Card,In-store,Mobile,0
2035,3225,534.96,2025-01-03 04:43:00,Grocery,Cash,In-store,Tablet,0
2036,2106,1983.88,2024-12-05 15:29:00,Utilities,Debit Card,ATM,Desktop,0
2037,220,2606.58,2025-04-01 11:49:00,Grocery,Credit Card,ATM,POS,0
2038,5138,5812.57,2024-11-08 15:35:00,Grocery,Net Banking,Online,Tablet,0
2039,1201,1052.28,2024-04-21 05:41:00,Travel,Credit Card,In-store,Desktop,0
2040,5676,2446.81,2025-09-13 02:53:00,Food,Credit Card,ATM,Tablet,1
2041,5614,3586.76,2024-10-14 04:57:00,Other,UPI,Online,Tablet,0
2042,4582,3560.26,2025-07-05 06:16:00,Other,Credit Card,Mobile,Tablet,0
2043,5835,69.74,2025-10-03 02:46:00,Grocery,Credit Card,Mobile,Mobile,1
2044,9166,879.19,2024-03-18 00:54:00,Travel,UPI,ATM,Tablet,0
2045,6054,27.02,2025-06-03 20:01:00,Grocery,Credit Card,Online,Tablet,0
2046,705,1637.78,2025-08-18 18:25:00,Grocery,Credit Card,Mobile,Desktop,0
2047,4945,4006.3,2025-08-27 06:58:00,Other,UPI,In-store,Tablet,0
2048,4049,3373.91,2024-02-07 17:16:00,Electronics,Debit Card,Mobile,POS,0
2049,3562,3334.66,2025-07-10 17:30:00,Grocery,Net Banking,ATM,Mobile,0
2050,9953,867.22,2025-10-31 04:23:00,Healthcare,Credit Card,Mobile,Mobile,0
2051,6402,94.87,2025-02-05 07:57:00,Electronics,Debit Card,Mobile,Tablet,0
2052,2930,378.49,2025-08-26 23:54:00,Food,Credit Card,ATM,Tablet,0
2053,2452,2221.52,2024-10-24 04:29:00,Travel,Debit Card,Mobile,Desktop,0
2054,1248,287.38,2025-05-28 16:05:00,Food,Debit Card,ATM,POS,0
2055,771,267.81,2025-02-10 11:32:00,Shopping,UPI,In-store,Tablet,0
2056,2596,872.91,2024-01-11 21:15:00,Healthcare,UPI,Mobile,Mobile,0
2057,4357,198.61,2025-09-20 21:10:00,Shopping,Credit Card,Online,Mobile,0
2058,5891,800.31,2025-06-10 04:28:00,Healthcare,Credit Card,In-store,Tablet,0
2059,3428,6992.73,2024-06-12 05:36:00,Entertainment,Credit Card,ATM,Desktop,0
2060,2374,40.31,2025-08-02 21:55:00,Entertainment,Net Banking,In-store,Tablet,0
2061,8064,3550.31,2024-05-29 23:46:00,Travel,UPI,Online,Tablet,0
2062,3375,10109.7,2025-05-10 11:02:00,Shopping,Net Banking,In-store,Desktop,0
2063,8,1146.84,2024-08-12 15:14:00,Other,UPI,ATM,Tablet,0
2064,4710,5731.35,2024-03-05 08:23:00,Shopping,Net Banking,ATM,POS,0
2065,6769,605.31,2024-08-27 01:42:00,Other,UPI,ATM,Desktop,0
2066,6352,8068.08,2024-07-30 16:58:00,Other,Credit Card,ATM,Desktop,0
2067,8142,3954.51,2025-01-04 12:30:00,Travel,UPI,Online,POS,0
2068,1069,4320.39,2025-04-10 01:02:00,Entertainment,UPI,In-store,Mobile,0
2069,8714,279.44,2025-10-26 10:06:00,Travel,Credit Card,Mobile,POS,0
2070,6486,4081.4,2025-12-21 16:40:00,Food,Credit Card,Online,Tablet,0
2071,5865,5688.53,2024-10-07 23:16:00,Other,Debit Card,In-store,Tablet,0
2072,5599,3419.05,2025-08-15 17:36:00,Travel,UPI,Mobile,POS,0
2073,5463,191.62,2024-06-27 12:41:00,Healthcare,UPI,ATM,Desktop,0
2074,6313,177.17,2025-01-22 11:37:00,Entertainment,Debit Card,In-store,Mobile,0
2075,2316,885.11,2025-10-31 02:33:00,Grocery,Debit Card,In-store,Mobile,0
2076,8941,2441.06,2024-09-14 12:58:00,Shopping,Credit Card,Mobile,POS,0
2077,9084,25.06,2024-08-16 16:25:00,Travel,Credit Card,ATM,POS,1
2078,8792,6017.46,2024-12-27 11:31:00,Shopping,Debit Card,ATM,Mobile,0
2079,3801,1490.77,2025-05-08 19:00:00,Food,Debit Card,ATM,Tablet,0
2080,3896,887.49,2025-05-28 04:28:00,Shopping,UPI,In-store,POS,1
2081,3426,1647.55,2024-06-18 07:04:00,Grocery,UPI,ATM,Tablet,0
2082,6216,2516.06,2025-06-10 20:17:00,Healthcare,Cash,Online,Tablet,0
2083,2681,638.43,2024-08-04 04:11:00,Travel,Debit Card,In-store,Desktop,0
2084,7340,688.15,2024-06-10 11:38:00,Food,Credit Card,ATM,POS,0
2085,4323,1262.89,2024-05-01 21:14:00,Entertainment,Debit Card,Mobile,Desktop,0
2086,4703,2216.91,2025-02-28 10:46:00,Other,UPI,Online,Tablet,0
2087,3249,2450.87,2024-04-26 15:43:00,Travel,Credit Card,Mobile,Tablet,0
2088,8294,783.29,2025-05-05 15:13:00,Utilities,Net Banking,Mobile,Desktop,0
2089,9572,778.67,2025-08-27 05:41:00,Entertainment,Net Banking,In-store,Mobile,0
2090,4039,1335.38,2025-02-24 00:15:00,Travel,Debit Card,Online,Desktop,0
2091,9343,1561.43,2024-02-14 04:36:00,Travel,UPI,In-store,Mobile,0
2092,9610,2096.3,2025-08-29 05:08:00,Entertainment,Net Banking,ATM,Mobile,0
2093,260,1923.15,2025-10-06 16:02:00,Utilities,UPI,Online,POS,0
2094,277,932.08,2025-08-09 04:03:00,Other,Debit Card,ATM,Desktop,0
2095,9002,704.47,2024-06-19 08:59:00,Healthcare,Credit Card,In-store,Tablet,0
2096,4692,736.11,2024-07-03 16:25:00,Grocery,Credit Card,In-store,Desktop,0
2097,4561,2073.54,2025-09-05 18:40:00,Shopping,Cash,Online,Desktop,0
2098,7540,1135.31,2024-01-20 23:46:00,Electronics,Credit Card,ATM,Mobile,0
2099,3327,288.55,2025-11-08 09:05:00,Other,Debit Card,Mobile,Tablet,0
2100,2935,11.88,2024-08-09 14:38:00,Travel,Credit Card,In-store,Tablet,0
2101,3359,60.25,2025-04-27 15:10:00,Utilities,UPI,Mobile,Desktop,0
2102,7730,4042.59,2024-08-12 13:38:00,Healthcare,UPI,ATM,Desktop,0
2103,8546,1224.34,2024-05-26 18:52:00,Other,Credit Card,ATM,Tablet,0
2104,2160,2142.54,2024-07-05 19:42:00,Travel,Cash,ATM,Tablet,0
2105,2764,5291.21,2025-06-07 08:10:00,Electronics,Net Banking,Online,Desktop,0
2106,3277,269.99,2025-12-03 10:59:00,Travel,Credit Card,ATM,POS,0
2107,6210,1187.02,2025-04-09 19:37:00,Entertainment,Net Banking,Online,Tablet,0
2108,461,1549.01,2024-03-11 07:24:00,Food,Net Banking,In-store,POS,0
2109,8738,3684.44,2025-01-29 04:06:00,Healthcare,UPI,ATM,Mobile,0
2110,5594,10140.27,2024-01-17 06:33:00,Utilities,Debit Card,Online,Tablet,0
2111,4806,2487.36,2025-05-31 21:26:00,Travel,Credit Card,Mobile,Mobile,0
2112,4140,2053.52,2024-06-02 19:06:00,Other,Debit Card,Online,Desktop,0
2113,7841,5059.29,2024-06-30 15:57:00,Travel,Debit Card,Mobile,POS,0
2114,1359,3632.69,2025-09-21 19:02:00,Travel,UPI,Mobile,Mobile,0
2115,5468,4005.62,2025-06-28 16:48:00,Shopping,Debit Card,Online,POS,0
2116,3557,5.42,2024-04-30 02:30:00,Travel,Credit Card,Online,Tablet,0
2117,9478,1444.87,2025-11-06 04:57:00,Utilities,UPI,Online,Mobile,0
2118,9742,3053.22,2025-09-09 17:52:00,Grocery,Debit Card,Mobile,POS,0
2119,8149,400.46,2024-01-02 21:41:00,Grocery,Net Banking,Online,Tablet,0
2120,8197,2784.24,2025-03-17 16:26:00,Food,UPI,Online,POS,0
2121,1211,18.4,2025-01-14 01:44:00,Other,UPI,ATM,Mobile,0
2122,9141,1712.12,2025-06-26 13:14:00,Shopping,Debit Card,Mobile,Tablet,0
2123,6395,3812.03,2025-05-08 12:22:00,Electronics,Net Banking,Online,Desktop,0
2124,7544,1128.97,2025-08-26 23:58:00,Shopping,Debit Card,Mobile,Desktop,0
2125,4165,2689.94,2025-12-14 18:06:00,Other,Cash,Mobile,POS,0
2126,8184,1511.74,2025-03-11 04:16:00,Entertainment,Net Banking,In-store,Tablet,0
2127,5369,2084.22,2025-05-03 07:58:00,Other,Credit Card,In-store,POS,0
2128,232,1454.1,2024-03-26 09:38:00,Entertainment,Net Banking,Online,Mobile,0
2129,3535,1291.9,2025-07-10 13:16:00,Shopping,Debit Card,Mobile,Desktop,0
2130,1647,3685.6,2024-07-12 00:45:00,Utilities,UPI,In-store,Mobile,0
2131,793,194.66,2024-01-08 18:33:00,Utilities,Cash,In-store,Tablet,0
2132,5256,1757.27,2024-04-30 16:00:00,Other,UPI,In-store,Mobile,0
2133,9806,243.91,2025-01-19 20:13:00,Shopping,Credit Card,Mobile,Desktop,0
2134,2791,1654.77,2025-12-05 10:26:00,Healthcare,UPI,Mobile,Tablet,0
2135,4863,6626.16,2025-01-05 03:09:00,Entertainment,Credit Card,Mobile,POS,0
2136,9888,117.59,2025-03-12 20:37:00,Food,Net Banking,Mobile,Tablet,0
2137,6623,1096.39,2024-09-16 08:54:00,Entertainment,Credit Card,In-store,Mobile,0
2138,8279,3238.69,2025-07-02 13:36:00,Grocery,Debit Card,ATM,Tablet,0
2139,2028,923.09,2025-01-09 19:17:00,Healthcare,Net Banking,Online,Mobile,0
2140,7681,1469.25,2025-11-27 12:48:00,Other,Cash,Online,Mobile,0
2141,2447,243.68,2024-07-27 13:35:00,Utilities,Credit Card,ATM,Mobile,1
2142,6890,504.82,2025-07-24 15:11:00,Entertainment,Credit Card,ATM,Mobile,0
2143,5702,2319.43,2025-01-14 17:35:00,Grocery,UPI,Mobile,Desktop,0
2144,1424,3527.37,2025-05-10 08:19:00,Shopping,Net Banking,Online,Desktop,0
2145,6508,2079.5,2025-08-14 11:49:00,Electronics,UPI,In-store,Mobile,0
2146,81,3627.04,2025-12-23 12:47:00,Electronics,Credit Card,ATM,Mobile,0
2147,8264,1861.07,2024-05-21 21:07:00,Utilities,Credit Card,Mobile,Desktop,0
2148,1081,3323.66,2024-08-23 14:50:00,Shopping,Debit Card,In-store,Desktop,0
2149,2555,8135.81,2025-12-17 05:06:00,Electronics,Credit Card,ATM,POS,0
2150,9874,172.91,2024-08-07 16:25:00,Electronics,Debit Card,Mobile,Desktop,0
2151,5549,1306.51,2024-12-12 17:39:00,Entertainment,UPI,In-store,Desktop,0
2152,720,421.18,2025-12-14 21:45:00,Other,Credit Card,ATM,Mobile,0
2153,9819,1251.83,2024-02-23 05:24:00,Other,Debit Card,ATM,Tablet,0
2154,6765,1384.64,2025-10-13 00:51:00,Shopping,Debit Card,Mobile,Desktop,0
2155,3355,1945.31,2024-04-03 04:30:00,Utilities,Credit Card,Mobile,Mobile,0
2156,5580,1157.13,2025-09-06 13:05:00,Shopping,UPI,ATM,Tablet,0
2157,265,785.23,2024-03-06 08:14:00,Utilities,Debit Card,In-store,Desktop,0
2158,8461,88.26,2025-01-14 02:38:00,Travel,Net Banking,ATM,Desktop,0
2159,9133,70.83,2024-02-08 23:24:00,Entertainment,Debit Card,Online,Desktop,0
2160,264,384.76,2025-02-14 19:41:00,Electronics,Net Banking,Online,POS,0
2161,3698,1191.99,2025-06-17 09:45:00,Shopping,UPI,Mobile,POS,0
2162,6968,1080.91,2025-09-03 01:49:00,Shopping,Debit Card,In-store,Mobile,0
2163,3803,423.16,2024-06-28 20:31:00,Utilities,Credit Card,ATM,Mobile,0
2164,9825,3455.76,2025-03-25 00:12:00,Other,Net Banking,ATM,Tablet,0
2165,4103,2300.82,2025-11-03 16:18:00,Utilities,Debit Card,Online,Tablet,0
2166,399,840.64,2024-07-18 01:50:00,Travel,Debit Card,In-store,POS,0
2167,8376,3188.78,2025-09-05 16:33:00,Shopping,Net Banking,Mobile,Mobile,0
2168,7252,9064.94,2025-12-16 07:39:00,Travel,Net Banking,Online,Mobile,0
2169,6584,562.19,2024-06-22 21:02:00,Grocery,Debit Card,In-store,Desktop,0
2170,2853,900.68,2025-01-03 07:41:00,Grocery,Net Banking,Online,POS,0
2171,3648,9894.83,2024-01-01 05:05:00,Entertainment,UPI,Mobile,Desktop,0
2172,5710,296.73,2024-10-09 12:22:00,Electronics,Credit Card,In-store,POS,0
2173,2409,160.66,2025-11-16 12:25:00,Shopping,Debit Card,Mobile,Desktop,0
2174,8303,1472.07,2025-08-23 06:33:00,Grocery,Debit Card,ATM,POS,0
2175,5462,1263.84,2024-01-16 23:45:00,Healthcare,UPI,ATM,Desktop,0
2176,4404,163.05,2024-03-11 02:35:00,Entertainment,UPI,In-store,Desktop,0
2177,4173,685.08,2024-10-18 23:53:00,Shopping,UPI,In-store,Desktop,0
2178,6890,1085.79,2025-07-26 18:22:00,Travel,Debit Card,In-store,POS,0
2179,607,3454.3,2024-12-21 08:14:00,Food,Net Banking,In-store,Desktop,0
2180,9262,2460.92,2025-09-12 06:29:00,Utilities,Credit Card,In-store,POS,0
2181,1350,4919.1,2025-02-17 18:00:00,Grocery,UPI,Online,Desktop,0
2182,7627,808.43,2024-09-24 05:26:00,Entertainment,Debit Card,In-store,Desktop,0
2183,6359,740.33,2025-06-02 03:35:00,Electronics,Credit Card,Mobile,Desktop,0
2184,8633,1244.19,2024-03-15 16:18:00,Entertainment,Credit Card,ATM,Desktop,0
2185,4884,15.11,2024-12-14 03:51:00,Electronics,Debit Card,In-store,Mobile,0
2186,8772,464.67,2025-06-09 08:56:00,Electronics,Debit Card,ATM,Desktop,0
2187,1324,475.17,2025-07-04 18:16:00,Utilities,Credit Card,ATM,Tablet,0
2188,1310,126.07,2025-12-11 14:24:00,Shopping,Credit Card,Online,Tablet,0
2189,7577,1214.42,2025-07-30 15:49:00,Utilities,Debit Card,Mobile,Mobile,0
2190,2542,4718.74,2024-09-06 10:49:00,Other,Net Banking,ATM,Mobile,0
2191,9961,8.08,2025-04-14 21:29:00,Shopping,Debit Card,Mobile,Mobile,0
2192,8718,1979.95,2025-08-23 00:30:00,Shopping,Credit Card,Mobile,POS,0
2193,9830,4229.44,2024-04-29 08:04:00,Healthcare,Cash,In-store,Tablet,0
2194,2199,227.5,2025-01-26 20:50:00,Food,UPI,ATM,Mobile,0
2195,6836,4984.06,2024-08-13 21:44:00,Grocery,Debit Card,Online,Mobile,0
2196,7123,3413.24,2024-08-23 10:26:00,Electronics,Net Banking,In-store,Desktop,0
2197,1202,483.05,2024-12-27 16:34:00,Grocery,UPI,Mobile,Tablet,0
2198,1569,4715.0,2024-01-10 22:53:00,Other,Debit Card,ATM,Tablet,0
2199,3028,3259.44,2024-09-26 07:18:00,Entertainment,Credit Card,In-store,Mobile,0
2200,9,236.19,2024-04-05 12:43:00,Travel,Debit Card,ATM,Mobile,0
2201,5471,3550.98,2024-12-16 02:35:00,Electronics,UPI,Mobile,Tablet,0
2202,6920,1562.57,2024-07-01 15:20:00,Utilities,Credit Card,In-store,Desktop,0
2203,203,3385.2,2024-12-28 06:57:00,Healthcare,Credit Card,Online,Desktop,0
2204,3057,1922.92,2025-08-10 08:11:00,Utilities,UPI,Online,Tablet,0
2205,5576,994.69,2025-11-30 06:31:00,Grocery,Net Banking,Mobile,Mobile,0
2206,3636,1838.29,2024-07-23 07:47:00,Grocery,Cash,ATM,Mobile,0
2207,3532,2022.2,2024-09-04 08:13:00,Entertainment,Credit Card,Mobile,Tablet,0
2208,7368,2906.63,2024-08-22 06:53:00,Food,Cash,Online,Tablet,0
2209,8142,3551.95,2024-09-12 19:22:00,Electronics,Debit Card,ATM,Mobile,0
2210,7556,2176.6,2024-06-08 03:07:00,Healthcare,UPI,Online,Tablet,0
2211,1615,9141.19,2024-03-21 21:42:00,Electronics,Credit Card,ATM,Tablet,0
2212,662,3015.13,2025-05-19 19:00:00,Utilities,UPI,In-store,Tablet,1
2213,94,4832.96,2025-07-08 01:54:00,Electronics,UPI,ATM,Tablet,0
2214,9057,769.84,2025-05-08 11:39:00,Grocery,Credit Card,ATM,Mobile,0
2215,7359,760.26,2024-11-18 15:57:00,Other,Debit Card,ATM,Mobile,0
2216,6620,899.88,2025-08-11 08:31:00,Entertainment,Debit Card,In-store,POS,0
2217,1064,1158.62,2024-07-06 16:17:00,Grocery,UPI,Online,Mobile,0
2218,9280,6509.01,2025-02-11 07:48:00,Shopping,Cash,Online,POS,0
2219,5572,152.75,2025-08-13 04:03:00,Other,UPI,In-store,Desktop,0
2220,5762,1380.08,2025-06-22 13:30:00,Healthcare,Debit Card,Online,Mobile,0
2221,3045,351.47,2025-07-07 01:32:00,Entertainment,Debit Card,In-store,Tablet,0
2222,5871,3330.89,2024-12-21 12:55:00,Electronics,UPI,Online,Desktop,0
2223,4371,63.28,2025-12-03 05:29:00,Shopping,Net Banking,ATM,Desktop,0
2224,7246,1214.47,2024-05-03 22:33:00,Travel,Credit Card,ATM,Desktop,0
2225,2173,1004.2,2025-04-16 10:44:00,Healthcare,Credit Card,ATM,POS,0
2226,8713,193.42,2024-01-09 00:43:00,Healthcare,UPI,Mobile,Tablet,0
2227,5409,945.52,2024-08-03 12:37:00,Grocery,Credit Card,In-store,Tablet,0
2228,5247,3311.28,2024-04-13 10:23:00,Utilities,Debit Card,Mobile,Desktop,0
2229,6360,295.78,2025-09-19 08:11:00,Utilities,Debit Card,In-store,Desktop,0
2230,1130,8209.49,2025-07-15 08:15:00,Food,Net Banking,Online,Desktop,0
2231,2773,120.46,2024-10-02 15:39:00,Electronics,Debit Card,Mobile,Desktop,0
2232,3649,682.45,2024-12-17 11:11:00,Entertainment,Debit Card,In-store,Tablet,0
2233,6201,2982.41,2025-05-25 13:13:00,Utilities,Credit Card,Online,POS,0
2234,6888,884.84,2025-03-05 22:48:00,Healthcare,Credit Card,ATM,Mobile,0
2235,3352,1309.21,2025-01-16 11:54:00,Other,Debit Card,Online,Desktop,0
2236,614,413.21,2025-02-14 08:28:00,Shopping,Net Banking,Mobile,Desktop,0
2237,4268,2514.02,2024-07-03 18:08:00,Food,Debit Card,Online,Desktop,0
2238,7273,395.78,2025-08-12 21:14:00,Utilities,Credit Card,ATM,Desktop,0
2239,8198,3777.39,2024-04-12 23:17:00,Travel,Debit Card,ATM,POS,0
2240,4035,1550.88,2024-08-29 17:27:00,Entertainment,Credit Card,In-store,POS,0
2241,2969,1588.84,2025-01-25 06:09:00,Utilities,Debit Card,Online,Tablet,0
2242,8731,5421.46,2024-06-02 15:51:00,Grocery,Credit Card,Mobile,Mobile,0
2243,7698,2965.61,2024-01-10 05:26:00,Other,Net Banking,In-store,Desktop,0
2244,2520,2718.44,2025-05-26 04:57:00,Utilities,UPI,Online,POS,0
2245,9824,3904.42,2025-10-07 16:34:00,Other,UPI,Mobile,Mobile,0
2246,9471,192.62,2024-11-19 15:19:00,Utilities,Net Banking,Online,Desktop,0
2247,556,2589.58,2024-09-13 17:54:00,Food,Net Banking,ATM,Mobile,0
2248,4343,531.08,2025-08-04 01:25:00,Grocery,Credit Card,ATM,Mobile,0
2249,6917,659.64,2024-04-11 22:10:00,Utilities,UPI,Mobile,Mobile,0
2250,8509,30.52,2024-03-02 06:52:00,Other,UPI,Online,Tablet,0
2251,5371,4483.38,2024-09-17 15:53:00,Travel,Debit Card,In-store,Desktop,0
2252,8946,2687.34,2025-10-06 03:28:00,Food,Credit Card,In-store,POS,0
2253,3718,299.99,2024-12-08 08:23:00,Travel,Credit Card,Online,Mobile,0
2254,5927,794.77,2025-01-03 17:35:00,Grocery,Net Banking,ATM,Desktop,1
2255,2288,1307.59,2024-09-20 11:01:00,Shopping,Debit Card,Online,Desktop,0
2256,4232,1362.08,2025-02-25 03:22:00,Utilities,Debit Card,Mobile,POS,0
2257,2275,1810.97,2025-11-26 19:12:00,Shopping,UPI,ATM,POS,0
2258,8651,1278.01,2025-08-13 18:41:00,Travel,UPI,Mobile,Tablet,0
2259,5716,2091.92,2025-10-26 17:11:00,Food,UPI,Mobile,Tablet,0
2260,3830,4306.1,2024-10-18 11:20:00,Utilities,Debit Card,ATM,Tablet,0
2261,1110,1015.24,2025-11-20 16:31:00,Other,Credit Card,Online,Mobile,0
2262,2985,4186.45,2025-04-02 02:24:00,Healthcare,UPI,Online,POS,0
2263,7628,495.92,2025-09-20 09:29:00,Travel,Net Banking,In-store,Tablet,0
2264,4165,258.81,2025-10-08 04:55:00,Utilities,Credit Card,ATM,Mobile,0
2265,1386,547.3,2024-06-20 20:51:00,Utilities,Debit Card,ATM,Desktop,0
2266,5563,462.84,2024-12-11 13:40:00,Travel,Credit Card,Online,Desktop,0
2267,6295,8409.98,2025-09-19 18:25:00,Food,Debit Card,In-store,POS,0
2268,5604,959.47,2024-03-14 02:10:00,Healthcare,Credit Card,Mobile,Tablet,0
2269,1734,2108.08,2024-12-17 07:20:00,Grocery,Net Banking,In-store,Desktop,0
2270,1578,2381.8,2024-11-20 20:18:00,Grocery,UPI,Online,Mobile,0
2271,6741,1178.33,2025-12-28 08:38:00,Entertainment,Credit Card,ATM,POS,0
2272,8007,506.1,2025-10-22 12:17:00,Utilities,Net Banking,ATM,Mobile,0
2273,741,1152.86,2025-03-31 11:47:00,Utilities,UPI,In-store,Tablet,0
2274,2479,1284.0,2025-08-24 16:28:00,Shopping,Cash,Mobile,Tablet,0
2275,2964,6158.56,2025-02-27 05:11:00,Healthcare,Credit Card,In-store,POS,0
2276,3292,1681.55,2024-01-24 04:46:00,Utilities,Net Banking,ATM,POS,0
2277,9363,7004.64,2024-08-28 21:16:00,Healthcare,Credit Card,In-store,Tablet,0
2278,2250,1719.41,2025-12-18 23:05:00,Food,UPI,Mobile,Tablet,0
2279,3794,313.3,2024-08-03 05:25:00,Healthcare,Credit Card,Online,POS,0
2280,2461,970.24,2024-04-15 03:04:00,Entertainment,UPI,ATM,Tablet,0
2281,4316,3143.45,2025-04-29 17:03:00,Utilities,Credit Card,Mobile,Desktop,0
2282,6956,1095.06,2024-01-27 12:33:00,Shopping,UPI,In-store,Tablet,0
2283,7551,210.13,2024-03-26 03:16:00,Shopping,Debit Card,In-store,Desktop,0
2284,617,202.02,2025-09-24 04:05:00,Entertainment,Credit Card,ATM,Tablet,0
2285,1986,541.16,2025-11-01 12:19:00,Travel,UPI,In-store,POS,0
2286,3350,1663.77,2024-08-22 07:47:00,Utilities,Credit Card,In-store,Desktop,0
2287,2797,3545.74,2024-10-17 14:40:00,Utilities,Credit Card,Mobile,Tablet,0
2288,8907,1525.91,2024-05-09 04:33:00,Travel,Credit Card,Mobile,Desktop,0
2289,8710,2741.48,2024-06-23 00:02:00,Grocery,Cash,Online,POS,0
2290,1982,2074.62,2025-11-10 11:55:00,Travel,UPI,Mobile,Tablet,0
2291,6941,1485.09,2024-11-29 15:29:00,Travel,Debit Card,In-store,Tablet,0
2292,3115,483.65,2025-07-07 08:35:00,Healthcare,Debit Card,Mobile,POS,1
2293,8899,4294.05,2025-03-31 04:44:00,Electronics,Debit Card,In-store,Mobile,0
2294,2296,645.14,2025-07-06 05:37:00,Entertainment,UPI,Mobile,Mobile,0
2295,5438,582.9,2025-09-03 14:40:00,Food,UPI,Online,Desktop,0
2296,8973,596.27,2025-10-13 18:27:00,Healthcare,Debit Card,ATM,POS,0
2297,5679,201.16,2025-06-20 20:40:00,Other,Debit Card,Online,Desktop,0
2298,8463,1380.92,2025-06-30 09:58:00,Food,Credit Card,Online,Tablet,0
2299,3653,793.6,2024-12-21 15:34:00,Electronics,Debit Card,In-store,Tablet,0
2300,5926,1476.05,2024-08-20 02:28:00,Utilities,UPI,ATM,Tablet,0
2301,5362,1207.03,2024-11-11 11:26:00,Grocery,Debit Card,Online,Tablet,0
2302,6238,1467.07,2024-09-23 04:19:00,Shopping,Debit Card,Mobile,Mobile,0
2303,6624,706.66,2024-01-11 00:33:00,Utilities,Debit Card,In-store,Tablet,0
2304,5524,3376.29,2024-05-19 11:18:00,Shopping,Debit Card,In-store,Mobile,0
2305,2467,1527.97,2025-04-25 17:00:00,Grocery,UPI,In-store,POS,0
2306,3208,467.49,2025-12-05 15:48:00,Healthcare,Net Banking,ATM,POS,0
2307,2711,4641.57,2025-05-03 09:00:00,Food,Debit Card,Mobile,POS,0
2308,4955,231.84,2025-03-16 09:38:00,Electronics,Credit Card,In-store,Desktop,0
2309,1530,2644.27,2024-08-24 00:35:00,Shopping,UPI,Mobile,Desktop,0
2310,180,2269.19,2025-01-17 06:26:00,Electronics,UPI,Mobile,Mobile,0
2311,2696,151.3,2025-07-28 13:25:00,Electronics,UPI,Mobile,Desktop,0
2312,8803,4635.55,2024-09-12 05:45:00,Other,UPI,In-store,Tablet,0
2313,4421,760.51,2025-10-23 12:53:00,Healthcare,Debit Card,In-store,Desktop,0
2314,961,2701.04,2025-01-22 07:16:00,Travel,UPI,Mobile,Desktop,0
2315,7359,648.7,2024-03-22 13:40:00,Other,Cash,ATM,Mobile,0
2316,2776,1491.8,2024-09-02 16:48:00,Electronics,Debit Card,Online,POS,0
2317,9505,7175.07,2025-09-19 22:43:00,Shopping,Credit Card,Mobile,Desktop,0
2318,1282,1887.2,2024-10-05 09:41:00,Entertainment,Credit Card,In-store,Tablet,0
2319,7889,702.87,2025-06-28 08:26:00,Electronics,Credit Card,ATM,Tablet,1
2320,1418,1226.37,2024-07-11 02:11:00,Food,UPI,Mobile,Mobile,1
2321,741,2254.28,2024-05-19 09:07:00,Travel,UPI,Mobile,Mobile,0
2322,6722,1178.26,2025-10-14 14:39:00,Other,Debit Card,Online,POS,0
2323,4556,4832.6,2025-04-08 08:44:00,Shopping,UPI,ATM,Tablet,1
2324,3087,4041.75,2025-09-29 15:12:00,Healthcare,Credit Card,Online,Desktop,0
2325,471,317.55,2024-11-24 00:09:00,Healthcare,Net Banking,Online,Desktop,0
2326,7028,3073.68,2024-02-20 17:01:00,Other,Credit Card,ATM,Mobile,0
2327,1190,5708.98,2024-07-09 03:18:00,Electronics,Net Banking,ATM,Tablet,0
2328,5789,762.25,2024-10-02 04:45:00,Utilities,UPI,Mobile,Tablet,0
2329,3576,544.19,2025-03-24 23:00:00,Travel,UPI,Mobile,Tablet,0
2330,9422,19.27,2024-08-26 02:09:00,Travel,Credit Card,ATM,Tablet,0
2331,1145,245.82,2024-01-16 15:13:00,Entertainment,Debit Card,Mobile,Desktop,0
2332,8875,6483.93,2024-12-16 13:19:00,Food,Credit Card,In-store,Desktop,0
2333,5097,992.27,2025-05-25 11:29:00,Food,Debit Card,Online,POS,0
2334,1510,979.9,2025-12-14 01:21:00,Grocery,Credit Card,Mobile,POS,0
2335,3740,620.34,2024-03-23 04:03:00,Healthcare,Credit Card,Mobile,Mobile,0
2336,3934,358.39,2024-09-29 12:04:00,Electronics,UPI,Mobile,Mobile,0
2337,5628,1421.77,2025-07-10 15:11:00,Electronics,Credit Card,ATM,Mobile,0
2338,7368,2568.83,2024-07-15 08:52:00,Other,UPI,ATM,Tablet,1
2339,8048,1600.55,2025-01-25 00:07:00,Grocery,Credit Card,Mobile,Mobile,0
2340,8275,72.19,2024-09-11 12:49:00,Electronics,Debit Card,In-store,Mobile,0
2341,3969,3253.88,2025-03-29 07:47:00,Other,UPI,Online,Desktop,0
2342,876,5364.59,2024-02-04 06:29:00,Entertainment,Credit Card,Online,Tablet,0
2343,8414,1160.98,2024-04-06 16:42:00,Entertainment,Net Banking,Mobile,Mobile,0
2344,8185,912.88,2024-08-01 15:24:00,Other,Credit Card,Mobile,Mobile,0
2345,1565,522.35,2025-11-28 09:59:00,Food,Credit Card,ATM,POS,0
2346,648,718.7,2024-11-26 05:40:00,Entertainment,UPI,Online,Tablet,0
2347,1190,2068.16,2024-02-13 23:59:00,Other,UPI,In-store,Mobile,0
2348,1795,2940.62,2025-07-16 16:07:00,Entertainment,UPI,Mobile,Desktop,0
2349,5431,807.58,2024-09-16 15:40:00,Entertainment,Net Banking,ATM,POS,0
2350,5116,830.04,2024-11-01 06:23:00,Utilities,Net Banking,In-store,POS,0
2351,2217,1199.68,2024-02-23 21:13:00,Grocery,Credit Card,ATM,Mobile,0
2352,155,373.15,2024-04-25 07:40:00,Travel,Debit Card,Online,Desktop,0
2353,1116,5240.3,2025-03-20 10:00:00,Entertainment,Debit Card,ATM,POS,0
2354,9372,2444.65,2024-06-20 08:37:00,Shopping,Credit Card,ATM,Desktop,0
2355,7359,1136.85,2024-05-02 12:50:00,Other,Credit Card,In-store,Tablet,0
2356,6719,260.84,2024-09-05 00:02:00,Grocery,Debit Card,Mobile,Tablet,0
2357,2825,3778.64,2025-08-18 22:30:00,Travel,Credit Card,In-store,Tablet,0
2358,5204,1322.19,2025-12-05 19:09:00,Travel,UPI,Online,Mobile,0
2359,3549,3187.95,2025-01-15 02:15:00,Shopping,UPI,Mobile,Tablet,0
2360,9245,67.93,2024-06-10 15:05:00,Food,Net Banking,In-store,POS,0
2361,9611,639.46,2025-12-03 19:21:00,Food,Credit Card,ATM,POS,0
2362,6615,1946.23,2025-10-02 01:03:00,Shopping,UPI,In-store,Desktop,0
2363,7889,1338.56,2024-12-30 20:09:00,Healthcare,UPI,In-store,Mobile,0
2364,1176,699.32,2025-12-19 17:50:00,Healthcare,Debit Card,ATM,POS,0
2365,2083,449.11,2024-04-19 04:31:00,Utilities,Cash,Online,POS,0
2366,4922,718.54,2024-08-26 10:35:00,Grocery,Credit Card,Online,Desktop,0
2367,9151,2712.22,2025-10-22 11:51:00,Other,Debit Card,In-store,Desktop,0
2368,6859,405.96,2025-03-25 23:12:00,Food,Debit Card,Mobile,Tablet,0
2369,9975,1801.88,2024-01-22 22:24:00,Shopping,Cash,ATM,POS,0
2370,3294,1102.19,2025-01-01 23:08:00,Healthcare,Cash,Online,Desktop,0
2371,8892,2879.71,2024-09-13 01:31:00,Healthcare,Credit Card,Mobile,Desktop,0
2372,7591,450.34,2025-12-24 14:35:00,Entertainment,Debit Card,Mobile,POS,0
2373,6548,629.67,2024-10-28 17:44:00,Travel,Credit Card,Mobile,Tablet,0
2374,5718,1017.28,2025-05-16 06:36:00,Electronics,Net Banking,In-store,Desktop,0
2375,1624,364.42,2024-07-10 17:22:00,Entertainment,Net Banking,Mobile,Mobile,0
2376,4544,1236.8,2024-11-27 23:29:00,Grocery,Net Banking,Online,POS,0
2377,8846,1075.88,2024-10-08 19:58:00,Healthcare,Debit Card,Online,Desktop,0
2378,4237,9227.52,2025-07-21 05:04:00,Utilities,Debit Card,In-store,Desktop,0
2379,4353,1802.13,2025-06-27 04:28:00,Food,UPI,Mobile,Desktop,0
2380,2551,143.98,2024-10-29 08:34:00,Grocery,Net Banking,Mobile,Tablet,0
2381,3675,1232.16,2025-01-10 14:00:00,Travel,Credit Card,ATM,POS,0
2382,1293,4215.71,2025-10-15 16:24:00,Healthcare,Credit Card,Mobile,Desktop,0
2383,8072,4031.32,2024-07-08 00:39:00,Utilities,Debit Card,ATM,Desktop,0
2384,1554,6530.11,2025-01-07 19:15:00,Other,Debit Card,Online,POS,0
2385,4770,4492.99,2024-11-24 23:04:00,Electronics,Debit Card,In-store,Desktop,1
2386,9274,387.9,2025-11-05 17:52:00,Travel,Debit Card,ATM,Desktop,0
2387,8475,7.15,2025-01-31 06:33:00,Entertainment,Debit Card,Online,Tablet,0
2388,3730,1915.54,2025-11-30 15:49:00,Food,UPI,ATM,Tablet,0
2389,9273,2424.31,2025-07-18 04:39:00,Utilities,UPI,Mobile,Desktop,0
2390,4978,281.31,2024-10-16 10:26:00,Healthcare,UPI,Mobile,Desktop,0
2391,5824,365.05,2025-10-18 10:07:00,Food,Debit Card,In-store,Desktop,0
2392,591,6597.82,2024-04-08 16:42:00,Healthcare,Credit Card,Online,POS,0
2393,4923,5758.86,2024-03-09 01:53:00,Grocery,Net Banking,Online,Tablet,0
2394,3779,341.51,2024-05-12 05:55:00,Shopping,Net Banking,Online,Desktop,0
2395,9721,567.4,2024-02-02 06:06:00,Utilities,UPI,ATM,Mobile,0
2396,4374,4453.35,2025-05-12 06:06:00,Travel,Credit Card,ATM,Tablet,0
2397,5554,1141.84,2024-02-02 18:41:00,Electronics,Credit Card,Mobile,Tablet,0
2398,2455,3199.69,2025-02-01 21:31:00,Other,Net Banking,ATM,POS,0
2399,84,1008.32,2025-06-22 19:44:00,Food,UPI,ATM,Desktop,0
2400,6580,2666.52,2025-08-27 08:03:00,Other,Credit Card,In-store,Desktop,0
2401,5895,1011.1,2025-01-10 07:38:00,Other,Credit Card,Online,POS,0
2402,1927,4588.82,2024-03-13 00:59:00,Travel,Credit Card,Mobile,Desktop,0
2403,8141,787.78,2024-08-01 20:31:00,Travel,Debit Card,Online,POS,0
2404,745,1480.97,2024-03-22 14:51:00,Other,Net Banking,In-store,Mobile,0
2405,8343,1475.27,2025-10-16 01:23:00,Travel,Net Banking,In-store,POS,1
2406,2884,2093.21,2025-07-25 23:56:00,Utilities,Credit Card,Online,POS,0
2407,2249,732.59,2025-03-01 11:50:00,Travel,Credit Card,Mobile,POS,0
2408,8554,2058.14,2025-12-26 01:52:00,Grocery,UPI,ATM,Desktop,0
2409,1216,304.06,2025-09-23 08:33:00,Travel,UPI,Mobile,Tablet,0
2410,4626,4481.35,2024-02-11 23:04:00,Food,Credit Card,Mobile,Tablet,0
2411,4259,311.38,2024-11-07 02:13:00,Shopping,Net Banking,ATM,Desktop,0
2412,2327,3668.85,2025-06-15 03:06:00,Utilities,Net Banking,Online,Tablet,0
2413,1159,2362.78,2024-08-24 17:24:00,Grocery,Credit Card,Online,POS,0
2414,7869,834.27,2024-07-13 06:33:00,Electronics,UPI,In-store,Mobile,0
2415,945,793.31,2025-11-03 07:36:00,Other,Debit Card,In-store,Mobile,0
2416,5114,6765.44,2025-10-02 05:35:00,Shopping,Credit Card,Online,Mobile,0
2417,4851,433.79,2025-07-25 13:47:00,Electronics,Debit Card,Mobile,Desktop,0
2418,4804,2567.18,2024-04-18 20:36:00,Travel,Debit Card,In-store,Tablet,0
2419,9602,405.9,2025-01-01 21:29:00,Shopping,UPI,ATM,Tablet,0
2420,2938,4716.14,2025-12-20 21:27:00,Entertainment,Credit Card,Online,Tablet,0
2421,3759,2709.12,2024-04-16 05:50:00,Electronics,UPI,Mobile,Tablet,0
2422,4555,5397.33,2024-07-03 17:25:00,Entertainment,Debit Card,ATM,Desktop,0
2423,9230,4225.71,2025-05-31 10:42:00,Healthcare,UPI,In-store,Tablet,0
2424,8808,1594.79,2024-06-10 17:38:00,Shopping,Net Banking,In-store,POS,0
2425,7298,330.29,2025-03-29 11:57:00,Travel,UPI,In-store,Desktop,0
2426,4,500.67,2024-11-18 17:20:00,Food,Net Banking,Online,POS,0
2427,4755,450.84,2025-01-15 13:48:00,Travel,UPI,ATM,Tablet,0
2428,5064,498.56,2025-10-10 13:52:00,Shopping,UPI,Online,Mobile,0
2429,1613,1294.11,2024-11-27 19:15:00,Shopping,UPI,ATM,Desktop,0
2430,4530,4046.78,2025-07-30 17:13:00,Healthcare,Debit Card,In-store,Desktop,0
2431,4722,46.77,2025-01-19 17:59:00,Grocery,Net Banking,ATM,Tablet,0
2432,8404,544.88,2024-09-17 11:28:00,Travel,Debit Card,Online,POS,0
2433,2241,1816.66,2025-04-03 12:00:00,Utilities,Credit Card,Mobile,POS,0
2434,4323,4009.76,2024-02-05 09:38:00,Shopping,Credit Card,Online,Tablet,0
2435,8532,706.16,2024-01-17 16:08:00,Travel,Net Banking,ATM,POS,0
2436,5964,964.24,2024-11-05 00:19:00,Healthcare,Credit Card,In-store,Tablet,0
2437,7154,934.97,2024-08-15 06:54:00,Electronics,UPI,ATM,POS,0
2438,8871,695.41,2024-11-18 00:49:00,Grocery,Net Banking,In-store,Mobile,0
2439,2461,2399.71,2025-12-07 08:58:00,Other,UPI,Online,POS,0
2440,4419,2133.15,2025-07-20 16:35:00,Other,Net Banking,Online,Mobile,0
2441,2557,3706.53,2025-08-07 18:09:00,Food,Credit Card,Online,Desktop,0
2442,4171,4991.79,2024-04-06 01:29:00,Grocery,Cash,Online,Desktop,0
2443,7796,4614.71,2024-12-30 04:08:00,Electronics,UPI,ATM,Desktop,0
2444,2388,1553.76,2024-09-28 11:56:00,Grocery,Net Banking,Mobile,POS,0
2445,3633,410.85,2025-08-19 07:14:00,Healthcare,Credit Card,In-store,POS,0
2446,2367,502.47,2024-09-19 09:05:00,Electronics,Debit Card,In-store,Mobile,0
2447,795,1784.43,2025-08-07 12:36:00,Grocery,Credit Card,In-store,Desktop,0
2448,3782,5011.81,2024-08-10 23:04:00,Healthcare,UPI,ATM,Desktop,0
2449,5993,1511.88,2024-11-28 15:11:00,Electronics,Credit Card,Online,Desktop,0
2450,7226,5489.28,2025-05-14 22:44:00,Other,Credit Card,Online,Tablet,0
2451,9850,608.3,2025-08-13 03:38:00,Travel,Credit Card,In-store,POS,0
2452,3706,180.61,2025-10-19 09:02:00,Shopping,UPI,Online,POS,0
2453,7433,3182.12,2025-08-13 12:05:00,Other,UPI,Online,Mobile,0
2454,8917,4230.28,2024-02-27 10:22:00,Food,UPI,ATM,POS,0
2455,978,1188.71,2025-03-20 13:59:00,Healthcare,Debit Card,Online,POS,0
2456,9089,216.16,2024-05-03 07:47:00,Food,Net Banking,ATM,Desktop,0
2457,76,86.5,2025-10-30 19:59:00,Healthcare,Cash,ATM,POS,0
2458,3603,129.2,2024-01-12 20:49:00,Electronics,Debit Card,In-store,Desktop,0
2459,1658,1156.48,2025-10-09 12:03:00,Other,Debit Card,In-store,Mobile,0
2460,5006,535.28,2024-11-08 16:02:00,Utilities,UPI,In-store,POS,0
2461,5850,1239.51,2024-11-22 17:36:00,Healthcare,Credit Card,Mobile,Tablet,0
2462,1872,1340.77,2024-06-02 10:32:00,Entertainment,UPI,ATM,Desktop,0
2463,9724,1225.32,2025-12-15 07:09:00,Other,UPI,Online,Tablet,0
2464,4870,1934.76,2024-02-21 21:46:00,Utilities,Debit Card,Online,Desktop,0
2465,4209,2275.15,2025-02-06 14:48:00,Entertainment,Debit Card,Online,POS,0
2466,350,1008.18,2025-09-01 18:32:00,Travel,UPI,ATM,Desktop,0
2467,4861,822.06,2024-04-02 07:27:00,Shopping,Credit Card,In-store,Desktop,0
2468,3091,919.0,2024-10-23 12:09:00,Healthcare,Net Banking,Online,Tablet,0
2469,5849,145.53,2024-05-15 10:05:00,Electronics,Net Banking,Mobile,Mobile,1
2470,2265,776.13,2025-05-02 18:47:00,Utilities,Debit Card,Mobile,Mobile,0
2471,1524,446.07,2024-02-20 17:25:00,Shopping,Credit Card,ATM,Tablet,0
2472,642,687.35,2024-09-25 02:25:00,Food,Debit Card,Mobile,Desktop,0
2473,8906,2506.31,2025-05-28 13:49:00,Travel,Debit Card,ATM,Tablet,0
2474,8191,8937.51,2025-12-15 04:48:00,Shopping,Net Banking,In-store,Mobile,0
2475,3497,5142.31,2024-05-18 15:35:00,Electronics,Credit Card,Online,Mobile,0
2476,5813,3447.74,2024-07-21 15:25:00,Healthcare,Debit Card,Online,Mobile,0
2477,1928,2672.7,2025-10-29 18:12:00,Utilities,Debit Card,Online,Desktop,0
2478,8481,5798.58,2025-07-28 19:47:00,Other,Credit Card,Online,Mobile,0
2479,5547,2788.99,2025-06-20 07:15:00,Food,Credit Card,In-store,POS,0
2480,6046,1273.36,2024-03-14 08:49:00,Grocery,UPI,Online,Tablet,0
2481,6434,1839.4,2025-03-16 10:43:00,Electronics,Cash,Mobile,Desktop,0
2482,5988,729.95,2025-08-12 02:07:00,Shopping,UPI,ATM,Mobile,0
2483,6164,6.63,2025-11-18 13:27:00,Grocery,Debit Card,ATM,Mobile,0
2484,6462,872.71,2025-01-09 11:12:00,Electronics,UPI,Mobile,Desktop,0
2485,6360,1037.82,2024-11-24 11:38:00,Food,UPI,Mobile,Mobile,0
2486,1624,2641.7,2025-11-02 00:49:00,Travel,UPI,In-store,Desktop,0
2487,253,3921.12,2024-11-08 05:22:00,Entertainment,Debit Card,In-store,Desktop,0
2488,6212,6575.1,2025-09-23 14:39:00,Food,UPI,ATM,Mobile,0
2489,3663,867.09,2024-05-29 14:02:00,Travel,Credit Card,ATM,Desktop,0
2490,6483,6311.66,2024-08-27 06:43:00,Food,Net Banking,ATM,Desktop,0
2491,5779,3212.74,2025-01-17 04:48:00,Travel,Net Banking,ATM,Tablet,0
2492,368,62.66,2024-03-28 03:47:00,Grocery,UPI,Online,Mobile,0
2493,9763,1809.02,2024-02-25 07:39:00,Utilities,Credit Card,Online,POS,0
2494,2031,910.28,2024-05-31 09:00:00,Entertainment,UPI,ATM,Mobile,0
2495,2701,69.21,2024-12-17 22:51:00,Shopping,Net Banking,ATM,Desktop,0
2496,7559,1516.45,2024-04-23 09:28:00,Entertainment,Net Banking,Online,Mobile,0
2497,4624,1758.07,2025-04-27 00:21:00,Utilities,Net Banking,In-store,Tablet,0
2498,3338,581.32,2024-08-02 23:34:00,Travel,UPI,ATM,Tablet,0
2499,2297,5622.82,2024-08-04 06:34:00,Electronics,Net Banking,Mobile,Tablet,0
2500,7846,1885.55,2025-06-19 08:35:00,Travel,Credit Card,Mobile,Tablet,1
2501,8245,387.08,2025-05-09 19:46:00,Utilities,Credit Card,ATM,Mobile,0
2502,9762,2554.93,2024-05-24 22:44:00,Travel,Debit Card,In-store,Desktop,0
2503,5205,1382.86,2025-11-15 00:24:00,Shopping,Credit Card,Online,Desktop,0
2504,1409,1282.0,2025-08-19 21:33:00,Shopping,Credit Card,ATM,Tablet,0
2505,719,3597.97,2024-02-14 08:10:00,Grocery,UPI,In-store,Tablet,0
2506,6858,297.42,2024-03-02 09:12:00,Utilities,UPI,In-store,Tablet,0
2507,571,1350.56,2025-12-14 19:17:00,Shopping,Credit Card,ATM,Mobile,0
2508,7011,3035.2,2024-02-24 14:41:00,Other,Debit Card,In-store,Desktop,0
2509,1049,2159.91,2024-01-09 02:24:00,Shopping,Net Banking,Mobile,POS,0
2510,4000,10.86,2025-11-07 08:42:00,Healthcare,Credit Card,In-store,Desktop,0
2511,5663,3097.16,2025-11-06 11:55:00,Shopping,Net Banking,ATM,POS,0
2512,3965,5788.95,2024-04-20 00:18:00,Travel,UPI,Mobile,Desktop,0
2513,3075,2439.32,2025-10-26 12:14:00,Electronics,UPI,Mobile,Mobile,0
2514,854,4173.35,2025-01-24 16:45:00,Grocery,Credit Card,ATM,Tablet,0
2515,4290,895.11,2024-04-11 10:31:00,Shopping,Credit Card,In-store,Tablet,0
2516,5847,863.42,2025-09-03 17:05:00,Utilities,Debit Card,ATM,Tablet,0
2517,7016,773.87,2024-07-09 06:32:00,Healthcare,Credit Card,ATM,Desktop,0
2518,830,2655.82,2025-04-13 17:59:00,Travel,Credit Card,Mobile,Mobile,0
2519,693,5696.9,2025-12-30 00:02:00,Healthcare,Net Banking,In-store,Mobile,0
2520,5976,4332.63,2024-09-10 16:19:00,Food,Credit Card,ATM,Mobile,0
2521,5497,325.54,2024-12-07 15:25:00,Food,Debit Card,Online,Desktop,0
2522,3617,1967.58,2024-06-09 00:22:00,Entertainment,UPI,ATM,Tablet,0
2523,7921,11022.17,2025-12-01 11:22:00,Food,Credit Card,Online,Desktop,0
2524,3163,700.16,2025-10-02 09:15:00,Food,Debit Card,Mobile,Mobile,0
2525,2701,2014.54,2025-05-28 08:51:00,Food,Debit Card,In-store,POS,0
2526,6629,4742.24,2024-03-04 20:16:00,Shopping,UPI,In-store,Mobile,0
2527,1575,4596.15,2025-01-31 00:35:00,Electronics,UPI,ATM,Tablet,0
2528,2153,775.67,2024-10-13 07:09:00,Electronics,Debit Card,ATM,POS,0
2529,7193,197.27,2024-12-15 12:42:00,Healthcare,UPI,In-store,Tablet,0
2530,6638,2076.97,2024-05-20 02:46:00,Travel,Credit Card,Mobile,Desktop,0
2531,5569,5873.7,2025-01-26 16:43:00,Entertainment,UPI,ATM,Mobile,0
2532,1552,1418.49,2025-09-19 20:43:00,Travel,UPI,Mobile,Desktop,0
2533,4680,1223.9,2024-08-20 13:15:00,Entertainment,Credit Card,Mobile,Mobile,0
2534,1621,3989.44,2025-08-09 04:27:00,Electronics,UPI,Mobile,Mobile,0
2535,4043,1105.37,2024-11-15 19:21:00,Other,Debit Card,ATM,Mobile,0
2536,3802,2284.68,2025-04-04 17:08:00,Travel,Credit Card,Mobile,Desktop,0
2537,8628,984.15,2024-07-30 20:08:00,Utilities,Credit Card,In-store,Mobile,0
2538,1468,946.86,2025-08-17 17:43:00,Other,Cash,In-store,POS,0
2539,3365,416.04,2024-07-26 04:19:00,Other,Debit Card,Online,Tablet,0
2540,1846,185.22,2025-12-06 22:57:00,Healthcare,Debit Card,Mobile,Tablet,0
2541,1535,4328.44,2025-06-20 04:27:00,Grocery,Net Banking,Mobile,POS,0
2542,1491,399.88,2024-05-28 20:59:00,Electronics,Debit Card,Online,Desktop,0
2543,4271,128.48,2025-08-01 05:20:00,Other,Net Banking,Mobile,Mobile,0
2544,6485,1746.02,2024-03-10 17:34:00,Food,UPI,In-store,Tablet,0
2545,9214,1579.3,2024-05-01 05:20:00,Electronics,Credit Card,In-store,Tablet,0
2546,3819,1677.53,2024-05-29 23:01:00,Healthcare,Debit Card,Online,Mobile,0
2547,7634,1262.62,2024-11-22 13:26:00,Utilities,Credit Card,In-store,POS,0
2548,170,306.15,2024-11-06 14:47:00,Healthcare,Debit Card,In-store,Mobile,0
2549,4836,42.27,2025-10-14 23:17:00,Grocery,Net Banking,In-store,Tablet,0
2550,701,95.05,2024-06-04 06:06:00,Grocery,UPI,ATM,Tablet,0
2551,6131,5734.58,2024-05-14 05:01:00,Electronics,UPI,Mobile,Tablet,0
2552,4542,1517.95,2025-09-18 19:17:00,Other,Net Banking,Online,POS,0
2553,951,1020.72,2025-09-12 18:39:00,Grocery,Credit Card,Mobile,Tablet,0
2554,9743,1058.09,2024-08-24 19:14:00,Other,UPI,Online,Mobile,0
2555,3046,2112.23,2024-08-24 21:01:00,Healthcare,UPI,Online,Desktop,0
2556,2619,945.34,2025-01-02 02:44:00,Electronics,Debit Card,Mobile,Mobile,0
2557,3831,3183.78,2025-05-03 04:32:00,Travel,Debit Card,Mobile,Desktop,0
2558,298,602.06,2025-09-11 15:45:00,Other,Credit Card,In-store,Mobile,0
2559,8052,915.39,2025-10-27 11:11:00,Electronics,UPI,In-store,Mobile,0
2560,510,5466.64,2025-01-31 15:30:00,Food,UPI,ATM,Desktop,0
2561,5894,602.98,2024-05-20 05:12:00,Shopping,Credit Card,Mobile,Tablet,0
2562,3750,2166.97,2024-08-19 01:26:00,Healthcare,Credit Card,Online,Tablet,0
2563,7119,906.9,2024-01-16 08:26:00,Shopping,Debit Card,Mobile,Mobile,0
2564,1441,1274.28,2024-08-15 23:42:00,Healthcare,Debit Card,Mobile,Desktop,0
2565,5466,92.48,2024-07-26 06:04:00,Entertainment,UPI,In-store,POS,0
2566,7582,366.0,2024-06-30 14:55:00,Shopping,Debit Card,In-store,Tablet,0
2567,5230,214.98,2025-09-23 15:44:00,Other,Credit Card,ATM,Mobile,0
2568,449,3724.99,2024-11-28 14:56:00,Food,Net Banking,In-store,POS,0
2569,634,6524.15,2024-09-09 13:25:00,Travel,Debit Card,Online,Mobile,0
2570,5887,140.79,2024-02-12 19:47:00,Grocery,Net Banking,Online,Mobile,0
2571,1019,159.92,2025-01-24 23:20:00,Electronics,UPI,Online,Tablet,0
2572,8907,1606.68,2025-02-07 19:47:00,Grocery,UPI,Online,POS,0
2573,5610,1402.5,2025-08-08 19:34:00,Other,Debit Card,ATM,Mobile,1
2574,5647,2102.92,2025-06-21 20:56:00,Utilities,Cash,Mobile,Mobile,0
2575,7116,2669.73,2025-12-22 01:33:00,Electronics,Cash,In-store,Tablet,0
2576,918,3191.26,2024-04-21 14:29:00,Travel,Debit Card,ATM,POS,0
2577,9016,322.88,2024-02-13 07:33:00,Travel,UPI,ATM,POS,0
2578,6938,77.14,2025-07-04 12:47:00,Grocery,Credit Card,Online,POS,0
2579,4274,4399.31,2024-02-10 17:24:00,Travel,UPI,Mobile,Desktop,0
2580,2033,1268.02,2025-06-12 20:03:00,Grocery,UPI,Online,Mobile,0
2581,8791,7097.84,2024-07-13 09:28:00,Travel,Cash,Mobile,POS,0
2582,2365,1521.87,2025-02-11 09:49:00,Travel,Credit Card,Mobile,POS,0
2583,3,1426.81,2024-10-19 14:10:00,Food,UPI,Mobile,POS,0
2584,5278,1950.91,2025-03-08 09:39:00,Travel,Credit Card,In-store,Mobile,0
2585,5306,373.01,2024-02-25 22:33:00,Travel,Credit Card,Online,Mobile,0
2586,6040,586.17,2024-05-25 14:53:00,Grocery,Credit Card,ATM,Desktop,0
2587,8005,4724.81,2025-10-23 14:05:00,Other,UPI,ATM,Tablet,0
2588,4147,477.35,2025-05-27 03:11:00,Grocery,Net Banking,ATM,POS,0
2589,6966,530.46,2025-08-22 22:34:00,Utilities,Credit Card,In-store,Desktop,0
2590,3763,1426.64,2024-05-18 12:26:00,Utilities,Credit Card,Mobile,Tablet,0
2591,2715,2049.71,2024-11-27 14:01:00,Shopping,Debit Card,Mobile,POS,0
2592,2473,1.81,2024-07-02 14:37:00,Utilities,Debit Card,ATM,POS,0
2593,7793,1220.49,2025-12-30 06:56:00,Healthcare,Net Banking,Mobile,Mobile,0
2594,4216,1018.36,2025-04-10 02:16:00,Shopping,Credit Card,Mobile,Desktop,0
2595,618,4014.16,2024-11-27 22:41:00,Entertainment,Net Banking,In-store,POS,0
2596,1394,3661.38,2025-12-29 05:45:00,Entertainment,Debit Card,Online,Mobile,0
2597,2465,4727.29,2024-05-06 02:07:00,Travel,Credit Card,In-store,Tablet,0
2598,1803,3690.96,2025-12-24 14:40:00,Shopping,Credit Card,Online,Mobile,0
2599,8356,3090.22,2025-01-06 02:33:00,Healthcare,Credit Card,Online,Tablet,0
2600,9849,3918.06,2025-12-25 12:46:00,Shopping,Credit Card,Online,Tablet,0
2601,8827,384.27,2025-06-07 19:10:00,Shopping,Cash,In-store,Mobile,0
2602,9148,833.61,2025-01-22 17:24:00,Utilities,UPI,In-store,Desktop,0
2603,4645,2301.61,2024-02-14 05:58:00,Travel,Cash,Online,POS,1
2604,6032,5131.3,2024-12-09 18:55:00,Food,Credit Card,Mobile,Mobile,0
2605,719,2198.68,2025-11-06 04:10:00,Electronics,Debit Card,ATM,POS,0
2606,3464,466.26,2024-05-28 05:49:00,Grocery,Net Banking,Mobile,Desktop,0
2607,995,5788.7,2025-12-30 01:26:00,Travel,UPI,ATM,Tablet,0
2608,4617,2857.08,2024-11-11 09:46:00,Entertainment,Credit Card,Mobile,Mobile,0
2609,837,2521.4,2025-04-01 09:40:00,Entertainment,Credit Card,Online,Mobile,0
2610,8704,2875.23,2024-07-04 03:57:00,Electronics,Debit Card,ATM,Desktop,0
2611,7760,2152.59,2024-05-14 06:00:00,Travel,Debit Card,Mobile,Desktop,0
2612,1042,44.72,2025-09-29 08:00:00,Shopping,Net Banking,Mobile,Tablet,0
2613,7628,585.04,2025-04-14 15:54:00,Other,UPI,In-store,Desktop,0
2614,4803,6273.29,2025-05-25 17:51:00,Electronics,Credit Card,Online,Desktop,0
2615,5236,681.05,2024-01-06 19:56:00,Healthcare,Credit Card,ATM,POS,0
2616,8736,2953.55,2025-05-20 07:13:00,Grocery,Net Banking,ATM,Desktop,0
2617,6367,1104.98,2025-08-25 21:30:00,Entertainment,Debit Card,ATM,POS,1
2618,4184,4761.69,2025-04-09 13:28:00,Other,Credit Card,In-store,POS,0
2619,5793,1631.39,2024-03-22 19:38:00,Grocery,Net Banking,Mobile,Mobile,0
2620,9157,1998.73,2024-01-07 07:56:00,Travel,UPI,In-store,Desktop,0
2621,1922,547.89,2025-07-14 08:39:00,Utilities,Credit Card,ATM,POS,0
2622,2870,118.49,2025-10-05 17:52:00,Shopping,UPI,ATM,Tablet,0
2623,9190,2825.74,2024-07-31 01:11:00,Utilities,Debit Card,Mobile,Desktop,0
2624,8867,140.08,2024-05-31 01:41:00,Utilities,Credit Card,ATM,Mobile,0
2625,9079,2558.82,2024-12-23 01:09:00,Healthcare,UPI,Mobile,POS,0
2626,2237,1621.58,2024-02-03 21:36:00,Utilities,Debit Card,ATM,Desktop,0
2627,6515,3429.86,2025-09-09 09:21:00,Utilities,UPI,Online,Desktop,0
2628,4924,460.77,2024-03-30 01:06:00,Other,Credit Card,ATM,Desktop,0
2629,2298,1559.72,2025-03-02 05:10:00,Other,UPI,ATM,Desktop,0
2630,4220,1904.72,2025-11-19 09:39:00,Shopping,Debit Card,Online,Tablet,0
2631,2014,154.41,2025-11-07 22:44:00,Other,Net Banking,Online,POS,0
2632,2353,2686.02,2025-09-01 18:50:00,Healthcare,UPI,ATM,Tablet,0
2633,4887,985.41,2025-07-29 05:29:00,Entertainment,Credit Card,ATM,Tablet,0
2634,1860,276.03,2025-08-15 11:59:00,Other,Debit Card,Online,Desktop,0
2635,4494,978.99,2024-02-06 02:49:00,Electronics,Credit Card,In-store,POS,0
2636,7326,206.95,2024-11-02 10:23:00,Shopping,Debit Card,In-store,POS,0
2637,2051,4378.44,2025-01-23 02:48:00,Electronics,Credit Card,Mobile,Desktop,0
2638,2044,1220.41,2025-03-13 17:04:00,Utilities,Debit Card,In-store,Desktop,0
2639,6475,297.07,2024-10-26 15:08:00,Other,Credit Card,Online,Tablet,0
2640,4675,580.96,2024-05-04 22:55:00,Entertainment,Debit Card,Mobile,Desktop,0
2641,2729,2579.42,2024-10-08 10:33:00,Shopping,Debit Card,ATM,Desktop,0
2642,8112,3084.38,2025-02-27 16:13:00,Utilities,UPI,In-store,Tablet,0
2643,5682,84.39,2025-12-13 06:39:00,Travel,Net Banking,In-store,Desktop,0
2644,442,123.5,2024-02-29 03:36:00,Grocery,UPI,ATM,Tablet,0
2645,2063,4982.3,2025-10-06 16:05:00,Shopping,Credit Card,Online,POS,0
2646,5242,803.89,2025-05-10 23:44:00,Other,UPI,In-store,POS,0
2647,9776,429.67,2025-09-11 22:18:00,Food,Net Banking,Mobile,Desktop,0
2648,8818,262.63,2025-03-13 19:54:00,Entertainment,Debit Card,In-store,Tablet,0
2649,6977,1292.36,2024-11-20 08:33:00,Electronics,Net Banking,ATM,POS,0
2650,6114,2948.53,2025-08-11 19:22:00,Grocery,Net Banking,Mobile,Tablet,0
2651,9151,1472.6,2024-05-12 19:36:00,Entertainment,Net Banking,ATM,Desktop,0
2652,9231,41.78,2025-05-23 16:46:00,Shopping,Cash,Online,Desktop,0
2653,7556,1322.93,2025-10-09 15:31:00,Other,UPI,ATM,POS,0
2654,91,746.94,2024-07-03 19:14:00,Grocery,UPI,Online,POS,0
2655,2765,2296.82,2025-12-26 09:12:00,Entertainment,UPI,Online,Desktop,0
2656,5879,1482.61,2024-01-02 03:01:00,Food,Debit Card,Mobile,Mobile,0
2657,1518,6724.17,2025-04-21 20:50:00,Electronics,Credit Card,ATM,Tablet,0
2658,8040,1823.42,2024-04-30 23:54:00,Electronics,Credit Card,In-store,POS,0
2659,6048,2001.96,2024-07-31 19:26:00,Travel,Net Banking,In-store,POS,0
2660,6665,1468.9,2025-02-27 01:21:00,Grocery,Debit Card,Mobile,Tablet,0
2661,3813,745.04,2024-12-24 17:51:00,Shopping,Debit Card,In-store,Tablet,0
2662,9433,1991.77,2025-10-14 06:00:00,Grocery,UPI,Mobile,Tablet,0
2663,8377,809.67,2025-10-17 06:44:00,Entertainment,Credit Card,ATM,Mobile,0
2664,8387,2527.08,2024-10-15 08:50:00,Utilities,Debit Card,Online,Tablet,0
2665,8208,540.59,2024-03-10 09:19:00,Travel,Net Banking,Online,Mobile,0
2666,3153,916.66,2025-06-02 17:20:00,Other,Debit Card,ATM,Tablet,0
2667,3675,1752.45,2024-01-07 03:43:00,Travel,Debit Card,ATM,Mobile,0
2668,5770,1980.37,2024-12-07 10:25:00,Food,Credit Card,ATM,Tablet,1
2669,6837,2208.94,2025-08-05 19:01:00,Electronics,UPI,ATM,Mobile,0
2670,6209,2410.06,2024-06-28 06:21:00,Food,UPI,Mobile,Tablet,0
2671,4381,766.35,2024-12-12 21:30:00,Electronics,UPI,In-store,Mobile,0
2672,8338,4461.95,2025-04-30 01:41:00,Shopping,Credit Card,In-store,Mobile,0
2673,9632,60.78,2024-05-19 15:09:00,Other,Net Banking,In-store,Desktop,0
2674,1899,417.57,2025-10-04 14:57:00,Food,Debit Card,In-store,POS,0
2675,3745,145.44,2025-07-03 10:29:00,Healthcare,Cash,Online,Tablet,0
2676,9686,2226.66,2025-02-27 23:03:00,Entertainment,Debit Card,Mobile,Desktop,0
2677,1899,639.49,2025-06-17 09:36:00,Utilities,Net Banking,Mobile,Mobile,0
2678,6411,444.17,2025-11-25 10:35:00,Food,UPI,In-store,POS,0
2679,5832,1310.42,2025-07-02 00:13:00,Food,Credit Card,Mobile,Desktop,0
2680,6435,1930.16,2025-08-14 21:21:00,Grocery,Cash,Mobile,Desktop,0
2681,8272,1931.2,2024-12-28 02:09:00,Electronics,Debit Card,ATM,Mobile,0
2682,7788,1630.42,2024-10-14 00:21:00,Electronics,Net Banking,ATM,Desktop,0
2683,5597,9653.22,2025-01-19 20:34:00,Entertainment,UPI,ATM,Desktop,0
2684,1186,3935.3,2024-06-18 18:38:00,Food,Credit Card,In-store,Desktop,0
2685,5625,545.88,2025-02-02 05:38:00,Entertainment,Credit Card,Mobile,Desktop,0
2686,3060,2843.56,2024-04-29 09:45:00,Travel,Credit Card,In-store,Mobile,0
2687,6968,1684.67,2024-11-18 22:02:00,Entertainment,Debit Card,ATM,Mobile,0
2688,3935,146.26,2024-10-05 13:05:00,Food,Debit Card,Mobile,Desktop,0
2689,1438,101.7,2025-05-23 07:23:00,Travel,Credit Card,ATM,Tablet,0
2690,5104,3215.07,2025-04-07 09:13:00,Healthcare,Credit Card,In-store,Tablet,0
2691,8030,1574.87,2025-06-21 09:11:00,Entertainment,Debit Card,Online,Desktop,0
2692,8650,1694.11,2024-04-24 11:50:00,Electronics,Credit Card,ATM,Mobile,0
2693,2274,819.76,2024-02-08 06:58:00,Travel,Debit Card,In-store,POS,0
2694,5695,5328.49,2024-04-04 14:32:00,Grocery,Debit Card,ATM,POS,0
2695,2326,2498.97,2024-01-26 15:57:00,Utilities,Debit Card,In-store,Desktop,1
2696,7993,5255.87,2025-05-27 04:12:00,Food,Credit Card,Mobile,POS,0
2697,5814,209.09,2024-12-14 15:46:00,Utilities,Credit Card,In-store,Mobile,0
2698,2052,1752.84,2025-06-20 09:49:00,Food,UPI,Online,Tablet,0
2699,7361,2029.61,2024-12-01 04:49:00,Grocery,Cash,Mobile,POS,0
2700,9983,269.33,2024-04-10 16:43:00,Travel,UPI,Online,Desktop,0
2701,3376,850.11,2024-05-15 06:46:00,Other,Net Banking,Online,Desktop,0
2702,151,483.64,2024-02-07 14:24:00,Utilities,Credit Card,Online,Mobile,0
2703,8051,8328.54,2025-12-31 16:07:00,Utilities,Credit Card,ATM,POS,0
2704,7383,1567.96,2024-01-05 09:59:00,Food,UPI,Mobile,Mobile,0
2705,1766,757.43,2024-02-15 21:54:00,Travel,Debit Card,Mobile,Tablet,0
2706,7495,2184.25,2025-08-31 02:21:00,Entertainment,Net Banking,Mobile,Tablet,0
2707,4001,2154.96,2025-04-23 01:06:00,Entertainment,Debit Card,Online,Desktop,0
2708,9114,853.37,2025-06-17 21:47:00,Healthcare,Credit Card,Online,Desktop,0
2709,955,10206.44,2024-11-15 00:36:00,Healthcare,Debit Card,Mobile,POS,0
2710,85,3310.56,2024-11-15 20:57:00,Utilities,UPI,Mobile,POS,0
2711,8610,1022.71,2024-08-02 10:12:00,Shopping,Debit Card,ATM,Mobile,0
2712,8898,2157.97,2024-07-16 09:17:00,Other,Credit Card,Online,Tablet,0
2713,5366,2479.47,2025-06-29 10:49:00,Shopping,Net Banking,Mobile,Tablet,0
2714,8565,381.88,2025-03-27 21:07:00,Other,UPI,Online,Desktop,0
2715,1095,4210.08,2024-10-06 04:10:00,Other,Debit Card,ATM,POS,0
2716,3274,3497.83,2024-10-07 03:00:00,Travel,Debit Card,Mobile,POS,0
2717,7519,2818.51,2025-09-29 17:32:00,Utilities,UPI,Mobile,Tablet,0
2718,9096,503.8,2024-04-14 06:34:00,Travel,Debit Card,In-store,Mobile,0
2719,4865,292.94,2024-12-24 17:20:00,Food,Debit Card,ATM,Mobile,0
2720,4317,398.24,2024-10-04 04:45:00,Other,Debit Card,In-store,Mobile,0
2721,1183,195.27,2024-10-17 18:15:00,Shopping,Credit Card,In-store,Tablet,0
2722,5328,5636.54,2024-06-24 02:19:00,Travel,UPI,ATM,POS,0
2723,2899,3814.27,2025-09-19 10:34:00,Healthcare,Net Banking,Mobile,POS,0
2724,9946,190.34,2025-03-30 01:08:00,Food,UPI,ATM,Mobile,0
2725,4490,2266.23,2024-01-30 15:57:00,Entertainment,Debit Card,Online,Desktop,0
2726,5093,563.63,2025-11-22 01:06:00,Healthcare,Credit Card,Mobile,Tablet,0
2727,8514,34.85,2025-01-27 01:05:00,Shopping,Cash,Online,Tablet,0
2728,1204,691.73,2025-03-12 12:11:00,Shopping,UPI,ATM,POS,0
2729,3672,1159.74,2025-12-22 19:57:00,Travel,UPI,Online,Mobile,1
2730,7550,40.48,2025-08-29 20:53:00,Healthcare,UPI,Online,POS,0
2731,6972,782.3,2025-12-07 22:28:00,Grocery,Credit Card,ATM,POS,0
2732,8014,2410.3,2025-09-23 11:19:00,Grocery,Credit Card,In-store,Tablet,0
2733,126,518.65,2024-12-06 06:45:00,Grocery,Credit Card,In-store,Desktop,0
2734,5102,1326.76,2025-11-17 17:05:00,Other,UPI,In-store,Desktop,0
2735,6962,4371.04,2025-04-21 18:08:00,Other,Credit Card,ATM,POS,0
2736,3691,57.6,2024-04-05 22:29:00,Food,Debit Card,In-store,Tablet,0
2737,3160,3080.17,2024-04-09 14:19:00,Utilities,Net Banking,In-store,POS,0
2738,6143,968.67,2025-12-01 20:45:00,Entertainment,Credit Card,ATM,Tablet,0
2739,3598,1558.06,2025-04-21 15:14:00,Electronics,Credit Card,In-store,Tablet,0
2740,3315,525.0,2024-08-17 04:55:00,Healthcare,UPI,In-store,Tablet,0
2741,2578,1730.0,2025-09-23 08:58:00,Electronics,Debit Card,Mobile,Tablet,0
2742,4386,2623.86,2025-01-07 12:11:00,Utilities,UPI,Online,Desktop,0
2743,3625,450.14,2025-12-17 21:21:00,Entertainment,Credit Card,In-store,POS,0
2744,1611,840.96,2024-11-28 14:31:00,Entertainment,Credit Card,Online,POS,0
2745,5297,1675.79,2024-01-31 02:30:00,Electronics,Debit Card,In-store,Desktop,0
2746,8410,1078.39,2024-04-25 11:30:00,Other,Cash,In-store,Desktop,0
2747,4821,693.88,2025-04-17 05:18:00,Travel,Credit Card,Online,Tablet,0
2748,2864,1201.82,2024-12-22 19:36:00,Healthcare,Net Banking,In-store,Desktop,0
2749,4033,687.31,2024-05-10 16:06:00,Other,Credit Card,Mobile,Desktop,0
2750,3854,718.71,2025-02-19 22:50:00,Shopping,Cash,Mobile,Tablet,0
2751,391,1886.47,2024-04-19 10:35:00,Other,Credit Card,Online,Mobile,0
2752,3998,1296.6,2025-10-27 02:50:00,Utilities,Credit Card,Online,Desktop,0
2753,4247,2260.65,2024-11-05 17:29:00,Other,Net Banking,ATM,Tablet,0
2754,8655,3633.48,2025-02-14 18:26:00,Other,Debit Card,In-store,Tablet,0
2755,5009,5728.19,2024-09-01 19:15:00,Food,UPI,ATM,POS,0
2756,6018,328.22,2025-07-15 05:30:00,Utilities,UPI,Mobile,Desktop,0
2757,9544,1968.02,2025-01-28 02:21:00,Food,UPI,Online,POS,0
2758,9127,1746.46,2024-08-01 22:37:00,Grocery,Net Banking,In-store,POS,0
2759,9436,4033.99,2025-03-17 13:36:00,Utilities,Credit Card,Mobile,POS,0
2760,3376,4524.61,2024-12-16 17:44:00,Other,Net Banking,Mobile,Mobile,0
2761,511,2858.43,2024-08-29 05:42:00,Food,Cash,In-store,POS,0
2762,4869,1810.02,2025-11-16 02:47:00,Entertainment,UPI,Online,Desktop,0
2763,4066,444.44,2025-12-29 18:53:00,Food,UPI,Online,Tablet,0
2764,3143,647.69,2025-05-13 03:37:00,Entertainment,Cash,In-store,Tablet,0
2765,2910,1846.46,2025-09-02 14:20:00,Other,Credit Card,Mobile,Tablet,0
2766,5214,300.12,2025-07-22 03:52:00,Shopping,Debit Card,Mobile,Tablet,0
2767,2767,406.59,2025-03-31 05:19:00,Food,Credit Card,In-store,Tablet,0
2768,1609,4847.98,2025-02-19 02:38:00,Food,Credit Card,ATM,Tablet,0
2769,1691,6261.36,2024-04-21 21:52:00,Food,Net Banking,In-store,POS,0
2770,8962,10.5,2025-09-02 12:20:00,Utilities,Debit Card,Online,Tablet,0
2771,228,3968.0,2025-05-21 20:42:00,Utilities,Credit Card,ATM,Desktop,0
2772,7343,5561.68,2024-03-03 02:13:00,Travel,Debit Card,ATM,POS,0
2773,808,1492.0,2024-05-22 18:57:00,Grocery,Debit Card,Online,POS,0
2774,6361,1191.68,2025-10-13 00:48:00,Shopping,Credit Card,In-store,Mobile,0
2775,548,5021.67,2024-05-30 21:09:00,Entertainment,Debit Card,In-store,POS,0
2776,5517,15.12,2025-04-08 17:18:00,Entertainment,Credit Card,ATM,Mobile,0
2777,724,3671.25,2025-02-03 19:36:00,Other,Credit Card,Online,Mobile,1
2778,115,703.59,2025-04-02 06:13:00,Utilities,UPI,ATM,Tablet,0
2779,6662,2049.77,2025-11-28 10:19:00,Utilities,Debit Card,Mobile,Mobile,0
2780,4036,780.75,2025-08-06 21:19:00,Shopping,UPI,ATM,Tablet,0
2781,9341,1480.25,2025-03-21 22:58:00,Grocery,Credit Card,Mobile,POS,0
2782,6452,3303.83,2024-12-18 02:37:00,Other,Debit Card,In-store,Desktop,0
2783,9935,400.0,2024-01-09 19:32:00,Grocery,Credit Card,In-store,Desktop,0
2784,7683,2180.8,2025-02-17 04:54:00,Food,Credit Card,Online,Tablet,0
2785,4162,4572.18,2024-10-28 01:23:00,Other,UPI,ATM,Mobile,0
2786,8470,4626.32,2025-07-16 01:00:00,Travel,UPI,Mobile,Tablet,0
2787,139,4490.92,2025-12-21 17:52:00,Electronics,UPI,Online,Tablet,0
2788,676,1461.55,2025-01-02 03:55:00,Electronics,UPI,Mobile,POS,0
2789,7477,2919.46,2024-10-15 00:15:00,Utilities,Debit Card,Online,Tablet,0
2790,9259,1184.28,2025-03-18 22:37:00,Food,UPI,In-store,Desktop,1
2791,1837,1232.98,2025-02-07 20:20:00,Shopping,Credit Card,ATM,POS,0
2792,8873,667.74,2025-12-29 12:25:00,Food,Net Banking,ATM,POS,0
2793,4367,671.58,2025-01-25 13:34:00,Electronics,Debit Card,Online,Mobile,0
2794,2348,77.12,2024-08-04 21:11:00,Utilities,Net Banking,Online,POS,0
2795,1066,1516.32,2025-05-01 04:12:00,Utilities,UPI,Online,Desktop,0
2796,9813,738.54,2025-07-22 12:53:00,Electronics,Credit Card,ATM,Mobile,0
2797,7684,415.74,2025-01-03 13:09:00,Healthcare,Debit Card,In-store,Desktop,0
2798,5033,259.56,2024-10-22 21:08:00,Food,Net Banking,Online,Tablet,0
2799,6406,852.35,2024-05-17 00:04:00,Entertainment,Credit Card,Online,Mobile,0
2800,5841,4585.48,2025-10-25 00:09:00,Shopping,Credit Card,ATM,POS,0
2801,3327,1453.0,2025-05-13 21:27:00,Shopping,Credit Card,In-store,POS,0
2802,6225,1628.08,2024-05-19 02:08:00,Food,UPI,Mobile,Desktop,0
2803,4507,111.72,2025-10-19 13:55:00,Entertainment,Debit Card,Mobile,Desktop,0
2804,8922,1467.3,2025-04-11 22:38:00,Other,Credit Card,In-store,Mobile,0
2805,4852,2202.9,2025-03-11 19:11:00,Food,UPI,In-store,Desktop,0
2806,8050,326.72,2025-04-10 16:27:00,Entertainment,Credit Card,Online,Tablet,0
2807,7271,8215.32,2025-07-19 14:24:00,Electronics,UPI,ATM,Desktop,0
2808,5664,4932.9,2024-12-29 07:11:00,Healthcare,UPI,ATM,POS,0
2809,9586,9953.12,2025-03-10 19:00:00,Food,Credit Card,In-store,Tablet,0
2810,2903,893.57,2025-08-14 15:54:00,Healthcare,Net Banking,Mobile,Mobile,0
2811,51,3455.31,2024-08-30 22:32:00,Grocery,UPI,ATM,Mobile,0
2812,7406,797.18,2024-10-02 13:59:00,Healthcare,Credit Card,In-store,Tablet,0
2813,8232,2765.64,2025-07-13 18:23:00,Food,UPI,Online,POS,0
2814,6023,5906.49,2024-02-04 01:36:00,Utilities,Debit Card,ATM,Mobile,0
2815,8961,336.89,2025-05-09 22:23:00,Grocery,UPI,Mobile,Mobile,0
2816,2969,302.39,2024-04-25 18:30:00,Travel,Debit Card,Mobile,Desktop,0
2817,6367,220.53,2025-12-08 02:09:00,Electronics,Credit Card,Mobile,POS,0
2818,8710,3202.45,2025-06-23 08:29:00,Healthcare,UPI,In-store,Desktop,0
2819,8156,2197.03,2025-06-13 02:33:00,Grocery,Debit Card,ATM,Tablet,0
2820,2020,1477.61,2025-09-16 02:15:00,Travel,Net Banking,Mobile,POS,0
2821,6416,2973.67,2025-04-28 20:47:00,Entertainment,Net Banking,Online,Mobile,0
2822,7574,3793.22,2025-11-10 21:04:00,Healthcare,Debit Card,Online,Desktop,0
2823,4325,5972.69,2025-12-01 20:34:00,Food,Credit Card,ATM,Tablet,0
2824,5681,449.42,2025-08-16 09:39:00,Food,Debit Card,ATM,POS,0
2825,9467,1165.63,2024-02-24 10:34:00,Food,UPI,Mobile,Mobile,0
2826,4490,5128.25,2024-01-12 15:29:00,Grocery,UPI,Online,Desktop,0
2827,7463,1237.28,2025-06-08 15:36:00,Shopping,Debit Card,Online,Tablet,0
2828,6714,1337.51,2024-12-05 13:22:00,Electronics,Credit Card,ATM,Mobile,0
2829,5831,5710.04,2024-10-28 09:10:00,Healthcare,UPI,In-store,POS,0
2830,2730,2653.61,2024-02-06 22:59:00,Utilities,Debit Card,Mobile,Tablet,0
2831,9517,1606.14,2025-09-03 23:19:00,Entertainment,Cash,In-store,Mobile,0
2832,601,884.11,2025-07-31 08:03:00,Shopping,UPI,In-store,Tablet,0
2833,1797,4938.45,2025-10-06 15:37:00,Grocery,Credit Card,Online,Desktop,0
2834,8505,17.96,2024-06-22 18:03:00,Other,Debit Card,Online,Tablet,0
2835,5200,774.29,2025-11-03 09:51:00,Entertainment,Debit Card,Online,Mobile,0
2836,663,5840.25,2025-10-01 00:18:00,Other,Net Banking,Mobile,Mobile,0
2837,5778,1379.12,2025-05-11 02:08:00,Electronics,Debit Card,In-store,POS,0
2838,8687,1955.56,2025-06-01 02:54:00,Shopping,Net Banking,In-store,POS,0
2839,3976,1521.21,2024-10-11 08:08:00,Food,Credit Card,In-store,POS,0
2840,3048,1012.87,2025-09-22 08:17:00,Utilities,Debit Card,Online,Tablet,0
2841,2195,2188.94,2024-09-20 00:47:00,Food,Debit Card,Mobile,Desktop,0
2842,6373,2908.93,2024-04-24 19:11:00,Healthcare,Credit Card,Online,POS,0
2843,3996,906.45,2025-08-28 23:09:00,Utilities,UPI,In-store,Mobile,0
2844,1732,1785.74,2025-11-05 14:23:00,Other,Net Banking,ATM,Tablet,0
2845,2902,172.77,2024-06-28 08:50:00,Healthcare,Debit Card,Online,Tablet,0
2846,4428,1586.37,2025-12-18 07:31:00,Grocery,Cash,Online,Tablet,0
2847,5569,2754.67,2024-07-04 16:55:00,Grocery,UPI,Mobile,Desktop,0
2848,776,1760.13,2024-02-03 10:05:00,Grocery,Net Banking,ATM,POS,0
2849,442,4214.82,2024-05-28 19:59:00,Food,UPI,Mobile,Tablet,0
2850,3049,674.29,2024-06-06 15:48:00,Healthcare,Net Banking,Online,Tablet,0
2851,411,1353.59,2025-02-26 12:15:00,Healthcare,Cash,Mobile,Desktop,0
2852,8301,183.09,2025-11-07 14:46:00,Other,Net Banking,Online,Tablet,0
2853,7670,2408.09,2025-10-14 05:13:00,Grocery,Debit Card,ATM,Mobile,0
2854,3174,1169.99,2025-08-14 23:53:00,Travel,UPI,Mobile,Tablet,0
2855,5869,1511.6,2024-12-19 01:41:00,Entertainment,UPI,ATM,Tablet,0
2856,2937,274.84,2024-09-27 03:03:00,Other,Debit Card,Online,Mobile,0
2857,6783,11867.77,2024-06-20 14:25:00,Grocery,UPI,Online,Tablet,0
2858,8079,2956.12,2025-05-02 09:30:00,Shopping,Debit Card,ATM,Tablet,0
2859,4830,1023.75,2025-06-29 07:24:00,Travel,Debit Card,Mobile,Mobile,0
2860,5827,1687.75,2025-11-30 22:24:00,Shopping,Credit Card,ATM,Tablet,0
2861,1727,1928.43,2025-04-30 08:09:00,Electronics,Credit Card,ATM,Mobile,0
2862,3166,6476.42,2025-06-27 13:00:00,Healthcare,Credit Card,In-store,Tablet,0
2863,484,2925.39,2024-10-22 14:24:00,Electronics,Credit Card,ATM,Mobile,0
2864,6915,860.54,2025-11-25 10:33:00,Utilities,Credit Card,ATM,POS,0
2865,6964,7606.85,2025-11-30 01:06:00,Healthcare,UPI,In-store,Mobile,0
2866,4140,718.49,2025-06-28 20:22:00,Utilities,UPI,In-store,Tablet,0
2867,1340,1720.51,2025-03-18 19:58:00,Other,Debit Card,ATM,Desktop,0
2868,6202,2412.4,2025-10-29 08:21:00,Other,Cash,Online,POS,0
2869,607,632.51,2024-10-03 08:51:00,Healthcare,UPI,In-store,Mobile,0
2870,5262,6263.61,2024-04-10 08:41:00,Shopping,Credit Card,ATM,Mobile,1
2871,6931,486.97,2025-08-21 12:29:00,Healthcare,Debit Card,Online,Mobile,0
2872,9662,1165.98,2025-11-22 23:15:00,Electronics,UPI,Mobile,Tablet,0
2873,8627,396.59,2025-11-19 18:49:00,Food,Cash,Online,Tablet,0
2874,4219,4158.68,2024-07-18 16:21:00,Food,UPI,Mobile,Tablet,0
2875,3062,501.03,2025-11-24 22:11:00,Entertainment,Credit Card,ATM,Mobile,0
2876,1818,70.72,2024-11-16 17:00:00,Other,UPI,ATM,Desktop,0
2877,4722,79.44,2025-11-19 00:53:00,Electronics,UPI,In-store,POS,0
2878,952,1068.03,2024-03-10 00:26:00,Utilities,Net Banking,Mobile,Tablet,0
2879,2807,1479.55,2024-04-10 16:06:00,Healthcare,Credit Card,Online,POS,0
2880,9068,85.06,2025-12-02 14:22:00,Travel,Net Banking,Online,Desktop,0
2881,9701,194.93,2024-08-12 23:18:00,Utilities,Net Banking,Online,Tablet,0
2882,4781,205.09,2024-09-14 06:02:00,Shopping,Net Banking,ATM,Mobile,0
2883,3295,2208.26,2024-01-25 19:05:00,Entertainment,Debit Card,Mobile,Tablet,0
2884,6866,712.82,2024-02-28 19:42:00,Shopping,UPI,ATM,Mobile,0
2885,2946,1653.69,2024-08-10 19:40:00,Healthcare,Net Banking,ATM,Desktop,0
2886,4218,153.11,2024-05-04 22:07:00,Food,Net Banking,Online,Tablet,0
2887,7533,4453.39,2024-03-29 19:08:00,Shopping,Debit Card,In-store,POS,0
2888,7494,726.06,2025-01-19 21:48:00,Healthcare,Credit Card,Online,POS,0
2889,2888,3011.96,2025-10-25 18:51:00,Shopping,UPI,ATM,Tablet,0
2890,9325,3505.5,2024-07-08 03:44:00,Healthcare,Credit Card,Online,Tablet,0
2891,2884,8830.53,2024-07-07 08:18:00,Entertainment,UPI,ATM,Tablet,0
2892,4639,2702.15,2025-04-23 21:59:00,Electronics,Net Banking,Online,POS,0
2893,1146,1169.68,2024-03-18 20:29:00,Travel,Credit Card,Mobile,POS,0
2894,2119,331.23,2024-10-10 13:44:00,Utilities,Debit Card,Online,Mobile,0
2895,1199,98.11,2025-11-14 10:16:00,Healthcare,Net Banking,ATM,POS,0
2896,7461,4347.68,2024-06-14 02:17:00,Healthcare,Debit Card,Mobile,Desktop,0
2897,1745,1183.58,2024-03-04 12:24:00,Other,Credit Card,In-store,POS,0
2898,9952,2772.3,2024-12-06 01:16:00,Food,Credit Card,Mobile,Tablet,0
2899,3091,1371.67,2024-09-28 05:28:00,Other,UPI,Online,POS,0
2900,9945,4234.94,2024-03-12 15:59:00,Grocery,Credit Card,Mobile,POS,0
2901,9269,2769.91,2024-07-24 19:25:00,Travel,Debit Card,Online,POS,0
2902,9214,178.66,2024-07-01 20:31:00,Food,UPI,ATM,Desktop,0
2903,992,2789.84,2024-04-21 04:34:00,Utilities,Credit Card,ATM,Desktop,0
2904,587,620.71,2025-03-17 06:39:00,Food,Net Banking,ATM,Desktop,0
2905,7812,2966.11,2025-10-20 03:58:00,Entertainment,Cash,Online,Desktop,0
2906,8750,5932.93,2025-03-28 22:16:00,Food,Debit Card,In-store,POS,0
2907,3487,5322.3,2024-04-15 01:04:00,Grocery,Credit Card,ATM,Tablet,0
2908,9764,267.06,2024-03-13 18:46:00,Food,Credit Card,ATM,Tablet,0
2909,9348,112.45,2024-09-13 14:01:00,Other,UPI,Mobile,Tablet,0
2910,8834,3001.0,2025-05-24 04:41:00,Travel,Credit Card,ATM,Tablet,0
2911,4775,2475.48,2025-10-17 00:59:00,Healthcare,Net Banking,Online,POS,0
2912,3884,387.59,2024-02-08 21:24:00,Other,Net Banking,Mobile,Desktop,0
2913,4187,2307.62,2024-09-29 04:44:00,Healthcare,Debit Card,Mobile,POS,0
2914,8057,31.22,2024-12-03 12:36:00,Healthcare,UPI,Online,Desktop,0
2915,7977,1994.8,2024-01-04 16:45:00,Healthcare,Credit Card,In-store,Mobile,0
2916,3194,3571.22,2025-05-17 15:27:00,Utilities,Cash,In-store,Mobile,0
2917,5985,2053.55,2025-02-17 23:49:00,Healthcare,Debit Card,In-store,POS,0
2918,3878,135.27,2024-03-12 17:14:00,Shopping,Cash,In-store,Desktop,0
2919,4042,9414.93,2024-01-04 12:44:00,Electronics,Debit Card,Online,Mobile,0
2920,2753,880.4,2025-05-08 03:36:00,Shopping,UPI,Online,Desktop,0
2921,3186,957.61,2025-07-02 11:21:00,Entertainment,UPI,In-store,Mobile,0
2922,419,177.12,2025-11-29 09:25:00,Electronics,UPI,Mobile,Mobile,0
2923,4619,365.73,2024-02-26 20:41:00,Other,UPI,Mobile,Mobile,0
2924,2235,632.65,2024-04-02 11:34:00,Food,Credit Card,ATM,Mobile,0
2925,7750,3210.92,2024-12-14 02:53:00,Travel,Debit Card,In-store,Desktop,0
2926,811,2353.68,2025-04-15 09:41:00,Travel,Debit Card,Mobile,Mobile,0
2927,7655,1752.45,2024-07-26 05:35:00,Other,UPI,Mobile,Desktop,0
2928,9832,3988.63,2024-02-10 12:42:00,Food,Debit Card,Mobile,Mobile,0
2929,2905,12243.32,2024-07-14 09:44:00,Utilities,UPI,Online,Mobile,0
2930,2775,971.53,2025-02-03 03:40:00,Electronics,Debit Card,Mobile,Mobile,0
2931,1654,992.61,2025-12-06 11:31:00,Healthcare,UPI,Mobile,Desktop,0
2932,4101,2664.29,2024-03-27 20:28:00,Grocery,Credit Card,In-store,Tablet,0
2933,5786,2067.61,2024-07-13 04:02:00,Shopping,UPI,In-store,Desktop,0
2934,6944,26.97,2024-07-16 00:46:00,Grocery,Net Banking,ATM,POS,0
2935,4399,2130.9,2025-08-30 07:31:00,Travel,Credit Card,In-store,POS,0
2936,1976,2543.14,2025-02-02 02:50:00,Healthcare,Debit Card,Online,Tablet,0
2937,6499,8528.36,2025-07-07 20:19:00,Shopping,Credit Card,ATM,POS,0
2938,5050,1767.51,2025-05-26 17:53:00,Grocery,Debit Card,Online,Tablet,0
2939,9884,2306.67,2025-04-05 00:02:00,Entertainment,UPI,ATM,Desktop,1
2940,5215,3109.4,2024-12-13 01:21:00,Travel,UPI,Mobile,POS,0
2941,7759,201.76,2024-02-13 12:07:00,Grocery,Debit Card,In-store,Mobile,0
2942,4791,2653.43,2024-08-04 20:42:00,Food,Credit Card,ATM,Mobile,0
2943,826,1583.13,2025-06-19 14:43:00,Shopping,UPI,In-store,Desktop,0
2944,5109,210.89,2025-07-03 04:47:00,Utilities,Credit Card,ATM,Tablet,0
2945,430,2216.6,2025-08-16 07:59:00,Travel,Credit Card,In-store,Desktop,0
2946,3914,534.46,2024-03-14 01:47:00,Food,Debit Card,Mobile,Mobile,0
2947,5805,1543.94,2024-05-24 15:41:00,Food,UPI,ATM,Tablet,0
2948,3722,659.68,2024-01-20 15:58:00,Shopping,Net Banking,In-store,POS,0
2949,1382,220.83,2025-09-25 01:15:00,Healthcare,Credit Card,Online,Tablet,0
2950,1756,577.67,2025-12-19 20:08:00,Travel,UPI,Mobile,Tablet,0
2951,3672,1155.38,2024-01-15 05:40:00,Utilities,Net Banking,ATM,Desktop,0
2952,4601,1362.95,2024-02-21 09:52:00,Grocery,Credit Card,ATM,Desktop,0
2953,5488,321.47,2024-04-09 14:39:00,Electronics,Credit Card,Online,Tablet,0
2954,2912,774.21,2024-06-23 18:04:00,Utilities,Net Banking,Online,Mobile,0
2955,5894,3923.54,2024-04-18 03:31:00,Electronics,Credit Card,ATM,POS,0
2956,1419,4824.4,2025-09-01 19:14:00,Electronics,Credit Card,Online,POS,0
2957,4483,1532.22,2024-03-05 06:27:00,Utilities,Debit Card,Online,Tablet,0
2958,5064,1348.11,2024-12-11 23:43:00,Entertainment,Credit Card,Mobile,Mobile,0
2959,1953,1741.72,2025-02-15 10:07:00,Other,Cash,Online,Desktop,0
2960,2031,483.05,2025-12-01 18:34:00,Utilities,Net Banking,Mobile,Desktop,0
2961,979,10093.92,2024-05-20 10:53:00,Healthcare,UPI,Online,Mobile,0
2962,762,2735.12,2024-08-06 01:37:00,Entertainment,Credit Card,Online,Mobile,0
2963,6154,545.58,2024-06-26 10:04:00,Shopping,Credit Card,Mobile,Desktop,0
2964,5907,635.31,2024-05-03 08:09:00,Food,Credit Card,Mobile,Desktop,0
2965,135,2090.59,2025-03-01 05:44:00,Shopping,Credit Card,In-store,Desktop,0
2966,2621,779.71,2025-01-13 17:10:00,Shopping,Net Banking,Online,Desktop,0
2967,2574,877.99,2025-03-25 07:59:00,Other,Debit Card,Online,POS,0
2968,2306,3036.84,2025-08-18 01:08:00,Other,Net Banking,In-store,Mobile,0
2969,6588,621.02,2024-04-12 20:39:00,Utilities,Debit Card,Online,Tablet,0
2970,2349,2443.2,2025-01-20 05:01:00,Utilities,UPI,Online,Desktop,0
2971,7956,5463.2,2025-05-13 02:00:00,Healthcare,Net Banking,ATM,Mobile,0
2972,5146,265.09,2024-01-08 05:59:00,Other,UPI,ATM,Desktop,0
2973,5563,311.63,2024-04-01 22:41:00,Shopping,Debit Card,Mobile,Tablet,0
2974,5111,5724.96,2025-08-30 09:26:00,Grocery,Debit Card,Mobile,POS,0
2975,7144,455.1,2025-12-11 15:44:00,Shopping,Debit Card,ATM,Mobile,0
2976,9879,42.24,2024-05-09 06:09:00,Electronics,Net Banking,In-store,Desktop,1
2977,7376,4057.62,2025-10-17 08:33:00,Other,Debit Card,Mobile,Tablet,0
2978,9881,663.42,2025-04-06 13:15:00,Healthcare,Credit Card,ATM,Mobile,0
2979,4724,708.65,2024-06-27 19:44:00,Food,UPI,Online,POS,0
2980,6345,514.75,2024-02-08 19:11:00,Utilities,Net Banking,ATM,Mobile,0
2981,381,4993.96,2025-05-26 19:05:00,Entertainment,Debit Card,Online,Tablet,0
2982,6047,2978.15,2025-10-04 09:22:00,Other,Credit Card,Online,POS,0
2983,1139,1816.61,2025-03-04 00:35:00,Shopping,Credit Card,Online,POS,0
2984,6447,1207.56,2024-08-29 06:07:00,Grocery,Net Banking,In-store,Tablet,0
2985,142,309.87,2025-06-26 03:39:00,Grocery,Credit Card,In-store,Desktop,0
2986,4624,5207.02,2025-01-05 17:32:00,Travel,Debit Card,Online,POS,0
2987,5268,2769.9,2024-08-12 14:49:00,Shopping,Debit Card,Online,Desktop,0
2988,1525,653.91,2025-10-03 21:13:00,Shopping,Credit Card,In-store,Tablet,0
2989,5894,5893.73,2024-10-10 01:12:00,Electronics,Credit Card,ATM,POS,0
2990,9245,5472.62,2024-04-25 04:43:00,Grocery,Credit Card,ATM,Tablet,0
2991,6404,2154.79,2025-04-30 15:11:00,Entertainment,UPI,ATM,Desktop,0
2992,2056,8399.88,2024-06-12 21:59:00,Electronics,UPI,ATM,POS,0
2993,3376,414.66,2024-02-14 01:41:00,Food,Credit Card,Mobile,Tablet,0
2994,7184,2628.99,2025-01-07 09:13:00,Utilities,UPI,Online,POS,0
2995,3375,330.16,2025-03-21 08:21:00,Food,Debit Card,Mobile,Mobile,0
2996,6240,2353.31,2025-09-23 14:02:00,Grocery,Credit Card,ATM,Tablet,0
2997,4322,5047.76,2024-04-16 23:03:00,Food,Net Banking,Mobile,Tablet,0
2998,8780,1536.16,2025-07-04 05:10:00,Healthcare,UPI,Online,Tablet,0
2999,9540,2879.95,2024-01-30 15:32:00,Other,UPI,Online,Desktop,0
3000,7287,308.92,2024-04-28 02:57:00,Grocery,Debit Card,Mobile,Mobile,0
3001,7339,2005.85,2024-08-28 23:28:00,Travel,UPI,In-store,Mobile,0
3002,34,130.55,2025-08-29 18:20:00,Food,Credit Card,ATM,Tablet,0
3003,7942,75.19,2025-03-05 06:47:00,Grocery,UPI,ATM,Desktop,0
3004,5425,2010.59,2025-11-24 10:14:00,Utilities,Credit Card,In-store,Desktop,0
3005,9267,1701.05,2024-04-22 10:14:00,Grocery,UPI,In-store,Tablet,0
3006,1545,798.72,2024-04-10 07:47:00,Travel,Debit Card,Online,Tablet,0
3007,7534,1438.69,2025-02-26 06:24:00,Grocery,Credit Card,ATM,Desktop,0
3008,528,2306.18,2024-08-13 02:30:00,Other,UPI,Online,Desktop,0
3009,3259,2069.74,2025-08-22 15:03:00,Utilities,Credit Card,ATM,POS,0
3010,6328,152.97,2025-03-22 04:13:00,Other,UPI,ATM,Mobile,0
3011,7361,2267.15,2025-09-16 14:11:00,Other,Net Banking,Online,Tablet,0
3012,3156,2154.87,2025-01-31 11:08:00,Other,Net Banking,In-store,Desktop,0
3013,896,2214.99,2025-04-13 23:12:00,Food,Cash,ATM,Desktop,0
3014,5514,3759.26,2025-10-09 11:17:00,Utilities,Debit Card,ATM,Mobile,0
3015,5081,1719.36,2024-07-26 10:08:00,Healthcare,Net Banking,In-store,Mobile,0
3016,1527,5558.05,2024-02-02 22:36:00,Healthcare,Credit Card,Mobile,POS,0
3017,604,7824.97,2024-03-02 08:08:00,Travel,Credit Card,In-store,Tablet,0
3018,8995,2787.39,2024-04-23 14:29:00,Healthcare,Credit Card,Online,Mobile,0
3019,1086,888.46,2025-03-04 05:48:00,Healthcare,Debit Card,Online,Tablet,0
3020,2081,308.86,2024-12-17 07:56:00,Food,Credit Card,In-store,Mobile,0
3021,143,3431.15,2024-10-29 19:10:00,Entertainment,Debit Card,Mobile,Tablet,0
3022,9578,317.13,2025-10-15 19:57:00,Food,Credit Card,Online,POS,0
3023,9714,316.04,2024-06-23 18:35:00,Utilities,Credit Card,Online,Tablet,0
3024,5235,5027.66,2024-08-23 02:26:00,Entertainment,Net Banking,Online,Tablet,0
3025,1909,1641.38,2025-06-18 15:55:00,Other,Debit Card,ATM,Desktop,0
3026,5477,694.39,2024-08-09 18:30:00,Entertainment,UPI,ATM,Tablet,0
3027,9610,6592.8,2025-04-18 08:00:00,Other,Debit Card,In-store,Desktop,0
3028,3576,2457.42,2025-03-14 23:55:00,Other,Credit Card,Online,Mobile,0
3029,6736,1530.77,2024-09-09 07:20:00,Utilities,UPI,Mobile,Desktop,0
3030,754,799.4,2025-03-20 18:14:00,Utilities,Debit Card,ATM,Desktop,0
3031,7775,2257.83,2025-08-28 04:58:00,Grocery,Net Banking,ATM,Desktop,0
3032,4360,2625.31,2025-08-10 00:26:00,Electronics,Credit Card,Online,Mobile,0
3033,1261,2490.35,2024-02-15 01:30:00,Travel,Debit Card,Online,Tablet,0
3034,1534,434.67,2025-05-31 01:27:00,Travel,Credit Card,Online,Tablet,1
3035,1595,2389.66,2025-06-27 12:30:00,Travel,UPI,ATM,Mobile,0
3036,3921,1741.9,2025-12-14 03:28:00,Other,Debit Card,In-store,Tablet,0
3037,3247,3795.26,2025-05-22 07:05:00,Electronics,Debit Card,ATM,Tablet,0
3038,1596,1960.43,2025-07-25 00:44:00,Grocery,Debit Card,In-store,POS,0
3039,3241,316.3,2025-02-20 06:08:00,Grocery,Net Banking,Mobile,Tablet,0
3040,7220,767.01,2025-01-02 09:15:00,Healthcare,UPI,ATM,POS,0
3041,3300,2723.73,2025-10-25 02:01:00,Utilities,UPI,Mobile,Tablet,0
3042,7416,2693.85,2025-05-06 21:19:00,Electronics,UPI,Mobile,Mobile,0
3043,2380,503.9,2024-06-14 22:29:00,Electronics,UPI,ATM,Tablet,0
3044,2936,875.75,2025-08-07 23:37:00,Shopping,Net Banking,Online,Tablet,0
3045,3510,30.88,2024-01-25 14:29:00,Utilities,UPI,Online,POS,0
3046,7501,806.05,2024-05-21 22:25:00,Entertainment,UPI,In-store,Desktop,0
3047,99,53.38,2024-07-08 11:40:00,Utilities,Net Banking,Mobile,Desktop,0
3048,9928,4125.1,2025-04-20 22:40:00,Entertainment,Credit Card,ATM,Tablet,0
3049,7159,2197.11,2024-01-02 20:04:00,Food,Credit Card,Mobile,Desktop,0
3050,5387,6957.09,2025-01-29 22:21:00,Shopping,Credit Card,Mobile,POS,0
3051,6152,4449.85,2025-06-27 01:18:00,Entertainment,Credit Card,ATM,Tablet,0
3052,1598,1850.03,2025-03-12 08:44:00,Utilities,Credit Card,In-store,Tablet,0
3053,5521,1398.04,2025-09-19 17:36:00,Electronics,UPI,In-store,Desktop,0
3054,2893,4303.59,2024-07-31 21:05:00,Electronics,Credit Card,ATM,POS,0
3055,4068,708.83,2025-09-27 10:47:00,Other,Cash,In-store,Tablet,0
3056,6029,505.96,2024-02-26 16:58:00,Shopping,Credit Card,Mobile,Desktop,0
3057,9046,1055.34,2025-11-21 11:56:00,Travel,Credit Card,Online,Mobile,0
3058,3182,109.33,2024-02-22 03:24:00,Utilities,UPI,In-store,Desktop,0
3059,9786,718.99,2025-01-09 14:39:00,Grocery,Credit Card,ATM,POS,0
3060,9048,174.78,2024-02-11 11:23:00,Entertainment,UPI,Online,Mobile,0
3061,2462,108.2,2024-06-28 20:35:00,Entertainment,Net Banking,Online,Desktop,0
3062,5005,1602.98,2025-12-22 02:35:00,Shopping,Debit Card,ATM,Mobile,0
3063,3080,2463.13,2025-12-27 06:08:00,Entertainment,Debit Card,Online,Tablet,0
3064,3648,1538.65,2024-12-08 07:34:00,Other,UPI,Online,Tablet,0
3065,5940,146.38,2024-04-26 20:30:00,Utilities,Net Banking,Online,Desktop,0
3066,3974,1004.95,2025-08-17 22:13:00,Food,Debit Card,Online,POS,0
3067,5447,235.21,2024-08-18 10:22:00,Shopping,Net Banking,In-store,POS,0
3068,1974,2100.01,2024-09-30 16:43:00,Entertainment,UPI,In-store,POS,0
3069,4374,3502.08,2025-03-09 08:03:00,Healthcare,Debit Card,Online,Tablet,0
3070,3263,248.19,2024-03-05 11:22:00,Food,Debit Card,Mobile,Desktop,0
3071,8696,138.38,2025-04-08 15:32:00,Travel,Credit Card,Mobile,Tablet,0
3072,9950,1041.59,2025-06-23 03:30:00,Shopping,Credit Card,ATM,Tablet,0
3073,700,723.3,2025-12-27 17:43:00,Healthcare,UPI,ATM,Tablet,0
3074,8852,604.08,2025-06-29 09:28:00,Entertainment,UPI,In-store,Tablet,0
3075,4191,474.98,2025-09-27 11:51:00,Grocery,Debit Card,ATM,Desktop,0
3076,1651,762.3,2025-11-20 22:51:00,Grocery,Credit Card,In-store,POS,0
3077,7853,6726.33,2024-03-08 06:57:00,Travel,Credit Card,In-store,POS,0
3078,6778,3899.23,2025-04-13 02:05:00,Shopping,Net Banking,Online,POS,0
3079,7482,1839.38,2025-02-04 05:18:00,Shopping,UPI,In-store,Tablet,0
3080,7372,3223.63,2024-03-19 03:10:00,Electronics,Debit Card,In-store,Desktop,0
3081,677,29.69,2024-10-09 03:44:00,Grocery,UPI,ATM,Mobile,0
3082,8414,236.34,2024-05-31 15:09:00,Food,Credit Card,Mobile,Tablet,0
3083,6731,691.93,2024-07-28 16:40:00,Grocery,Debit Card,ATM,POS,0
3084,6090,2065.08,2024-01-24 09:26:00,Shopping,Debit Card,In-store,Tablet,0
3085,4830,4298.25,2025-11-29 17:59:00,Other,Credit Card,In-store,POS,0
3086,5342,525.69,2024-05-15 15:22:00,Electronics,Cash,Online,Mobile,0
3087,6574,299.79,2025-03-06 14:47:00,Entertainment,Debit Card,In-store,Desktop,0
3088,3306,3766.69,2025-10-22 00:18:00,Healthcare,Cash,ATM,Desktop,0
3089,121,1052.34,2024-07-12 02:01:00,Utilities,UPI,In-store,POS,0
3090,7729,2404.67,2024-08-25 16:41:00,Food,Net Banking,Online,Desktop,0
3091,3451,1588.27,2024-12-09 13:37:00,Grocery,Credit Card,In-store,Desktop,0
3092,9784,386.95,2024-12-17 20:41:00,Utilities,Cash,Mobile,Tablet,0
3093,6312,2411.78,2024-11-30 15:37:00,Utilities,Debit Card,ATM,Mobile,0
3094,8986,1092.14,2025-11-12 22:33:00,Food,Credit Card,Mobile,Mobile,0
3095,7764,678.65,2025-07-15 14:29:00,Electronics,UPI,In-store,Mobile,0
3096,7258,4659.88,2024-11-07 18:08:00,Electronics,UPI,Mobile,Mobile,0
3097,5731,12.01,2024-11-09 05:50:00,Other,UPI,Mobile,Mobile,0
3098,7440,1037.95,2024-09-23 07:30:00,Other,Debit Card,Online,POS,0
3099,2123,714.81,2025-01-15 09:49:00,Entertainment,Net Banking,ATM,Tablet,0
3100,4233,112.04,2024-02-18 04:22:00,Entertainment,UPI,Mobile,Tablet,0
3101,2309,167.68,2024-10-18 14:10:00,Utilities,UPI,In-store,Desktop,0
3102,3284,378.18,2025-09-25 05:45:00,Food,Debit Card,In-store,POS,0
3103,6008,1406.39,2025-07-02 09:11:00,Grocery,Net Banking,Mobile,Tablet,0
3104,6754,664.36,2024-06-28 22:44:00,Food,UPI,Online,POS,0
3105,8990,3638.58,2025-11-13 04:10:00,Entertainment,Net Banking,ATM,Desktop,0
3106,1568,548.81,2024-08-31 03:02:00,Travel,UPI,Mobile,Tablet,0
3107,4312,2547.51,2024-11-20 18:08:00,Grocery,UPI,In-store,POS,0
3108,4881,472.4,2025-03-27 08:23:00,Other,Net Banking,Mobile,Tablet,0
3109,364,86.97,2024-07-07 06:35:00,Entertainment,Debit Card,Online,Mobile,1
3110,4327,614.74,2025-12-25 01:42:00,Travel,UPI,ATM,POS,0
3111,8171,3635.0,2024-11-20 11:09:00,Shopping,UPI,In-store,POS,0
3112,383,171.66,2025-01-16 14:34:00,Utilities,UPI,In-store,Desktop,0
3113,2202,844.7,2024-06-15 17:19:00,Healthcare,Debit Card,Online,POS,0
3114,5157,16.1,2024-05-04 00:25:00,Healthcare,Net Banking,Mobile,Desktop,0
3115,5433,1989.83,2025-05-26 04:29:00,Electronics,Net Banking,In-store,Desktop,0
3116,4108,5721.0,2024-11-23 04:00:00,Other,Credit Card,ATM,POS,0
3117,7393,970.21,2025-07-13 16:21:00,Grocery,Credit Card,ATM,Desktop,0
3118,2203,1720.38,2025-10-24 22:18:00,Entertainment,Credit Card,Mobile,POS,0
3119,519,1204.0,2025-04-30 09:48:00,Entertainment,Debit Card,Online,Desktop,0
3120,5098,7248.49,2025-08-10 21:09:00,Other,Debit Card,In-store,Tablet,0
3121,236,2663.6,2025-08-01 23:58:00,Travel,UPI,ATM,Mobile,0
3122,5158,90.46,2025-03-28 10:44:00,Other,Debit Card,Mobile,Tablet,0
3123,6064,230.2,2024-04-25 23:30:00,Electronics,UPI,Online,Tablet,0
3124,4394,1271.57,2024-02-11 04:43:00,Grocery,Net Banking,Mobile,Tablet,0
3125,1268,1997.96,2025-07-18 03:19:00,Utilities,Debit Card,Online,Mobile,0
3126,2171,686.1,2024-01-26 12:39:00,Electronics,UPI,Online,POS,0
3127,9708,2245.67,2024-08-13 14:22:00,Grocery,Net Banking,In-store,Desktop,0
3128,8074,1718.52,2024-04-04 10:03:00,Other,UPI,Online,POS,0
3129,7019,1142.19,2025-09-14 20:12:00,Shopping,Credit Card,In-store,POS,0
3130,9481,1745.97,2025-08-20 16:14:00,Travel,Credit Card,Online,POS,0
3131,3180,4964.94,2024-10-11 06:01:00,Electronics,Credit Card,ATM,Mobile,0
3132,5346,557.32,2024-03-26 17:54:00,Grocery,Credit Card,Mobile,Desktop,0
3133,1198,3132.87,2025-04-01 21:42:00,Entertainment,Credit Card,Mobile,Desktop,0
3134,3933,24.06,2024-03-30 16:25:00,Healthcare,UPI,In-store,Mobile,0
3135,6482,177.22,2024-07-18 15:20:00,Electronics,Credit Card,ATM,Mobile,0
3136,9910,5978.93,2025-09-09 19:32:00,Healthcare,Debit Card,Online,POS,0
3137,1629,2392.86,2024-02-27 21:23:00,Food,Debit Card,In-store,Desktop,0
3138,7799,2006.52,2025-02-11 04:45:00,Grocery,UPI,ATM,Tablet,0
3139,2902,813.1,2025-03-13 11:24:00,Utilities,Credit Card,In-store,Desktop,0
3140,9744,407.51,2025-01-16 00:18:00,Utilities,Net Banking,Mobile,Mobile,0
3141,2989,955.8,2024-12-19 11:19:00,Food,Debit Card,Online,Mobile,0
3142,8736,1824.55,2025-04-01 17:05:00,Entertainment,UPI,In-store,Tablet,0
3143,8616,2012.33,2024-08-08 23:56:00,Electronics,Debit Card,In-store,Tablet,0
3144,3418,371.58,2025-03-30 23:26:00,Utilities,Credit Card,In-store,Desktop,0
3145,8147,1179.38,2025-03-29 09:10:00,Shopping,UPI,In-store,Desktop,0
3146,994,1672.92,2025-03-10 23:57:00,Other,Net Banking,Online,Desktop,0
3147,9724,6435.79,2025-02-28 04:53:00,Healthcare,UPI,In-store,POS,0
3148,3004,1594.45,2025-08-24 19:05:00,Electronics,UPI,Online,Desktop,0
3149,4427,1737.86,2024-05-27 06:19:00,Grocery,Debit Card,In-store,Desktop,0
3150,3516,2897.95,2025-05-01 16:21:00,Electronics,Credit Card,ATM,Desktop,0
3151,1573,1085.71,2024-03-08 18:48:00,Travel,Net Banking,In-store,Tablet,0
3152,5654,968.59,2025-01-19 02:00:00,Grocery,Credit Card,Online,Desktop,0
3153,1933,1787.64,2025-02-23 20:58:00,Food,Debit Card,ATM,Tablet,0
3154,912,3058.55,2024-10-06 13:11:00,Utilities,Credit Card,Mobile,Mobile,0
3155,4412,2029.91,2025-07-23 14:45:00,Other,Net Banking,Mobile,POS,0
3156,5847,411.91,2025-08-04 04:12:00,Healthcare,Credit Card,ATM,Tablet,0
3157,6816,1014.0,2024-07-09 12:18:00,Shopping,UPI,ATM,Desktop,0
3158,7851,1437.33,2025-07-21 15:02:00,Electronics,Credit Card,Online,Tablet,0
3159,6304,1483.6,2024-11-05 18:19:00,Food,Net Banking,Mobile,Desktop,0
3160,7014,829.8,2025-05-20 17:47:00,Other,Credit Card,Online,POS,0
3161,156,1478.02,2025-04-19 07:01:00,Utilities,Net Banking,ATM,POS,0
3162,9121,2235.44,2024-01-03 04:16:00,Utilities,Credit Card,Online,Tablet,0
3163,6888,1262.12,2024-11-03 20:53:00,Travel,UPI,ATM,POS,0
3164,5457,1200.58,2025-10-13 15:07:00,Travel,UPI,Mobile,POS,0
3165,2730,3234.77,2025-10-31 21:57:00,Electronics,Net Banking,In-store,Tablet,0
3166,7554,2828.06,2024-10-21 13:11:00,Other,Debit Card,ATM,POS,0
3167,6899,1097.76,2025-05-18 22:41:00,Entertainment,Debit Card,Online,Desktop,0
3168,1698,11049.6,2024-09-07 00:07:00,Other,Debit Card,ATM,Tablet,0
3169,9070,137.57,2024-10-10 15:04:00,Entertainment,UPI,ATM,POS,0
3170,5542,789.04,2025-09-05 23:23:00,Shopping,Debit Card,In-store,Desktop,0
3171,2316,75.05,2025-08-18 15:36:00,Grocery,UPI,Online,POS,0
3172,5013,3658.54,2025-03-22 08:40:00,Grocery,UPI,ATM,Desktop,0
3173,1115,2818.15,2025-12-03 15:44:00,Healthcare,Credit Card,Online,Mobile,0
3174,1320,2301.98,2024-05-02 11:32:00,Healthcare,Debit Card,Mobile,Desktop,0
3175,357,482.8,2025-08-12 00:54:00,Utilities,Credit Card,Online,Mobile,0
3176,7166,2460.08,2024-09-22 05:37:00,Utilities,Credit Card,Online,Mobile,0
3177,8510,877.98,2024-02-29 04:20:00,Travel,Credit Card,In-store,Tablet,0
3178,9533,4058.55,2025-04-17 22:08:00,Other,UPI,Online,Mobile,0
3179,2900,445.04,2024-12-31 05:03:00,Other,Cash,Mobile,Mobile,0
3180,1020,491.39,2024-10-06 11:26:00,Travel,UPI,Online,Desktop,0
3181,6446,6467.28,2025-10-13 11:03:00,Utilities,Debit Card,Online,POS,0
3182,7401,1455.56,2024-10-23 09:33:00,Entertainment,UPI,In-store,POS,0
3183,9180,1182.57,2025-10-16 02:32:00,Healthcare,Debit Card,Online,Mobile,0
3184,9629,866.95,2024-07-17 20:11:00,Healthcare,Credit Card,Online,Tablet,0
3185,1074,3558.23,2024-04-06 19:48:00,Food,Net Banking,Mobile,Tablet,0
3186,8553,869.91,2024-06-20 17:20:00,Healthcare,Credit Card,In-store,POS,0
3187,3008,880.6,2024-11-19 21:51:00,Utilities,Cash,In-store,POS,0
3188,3574,263.26,2024-11-04 08:43:00,Electronics,Debit Card,ATM,Tablet,0
3189,3558,1470.97,2025-12-15 22:23:00,Utilities,UPI,Online,Tablet,0
3190,870,5147.48,2024-04-08 17:37:00,Utilities,Cash,ATM,Tablet,0
3191,6282,6318.35,2024-12-26 04:00:00,Utilities,UPI,In-store,Mobile,0
3192,877,10814.28,2024-05-20 16:18:00,Food,Cash,Online,Mobile,0
3193,3765,1281.38,2025-01-16 15:26:00,Travel,Credit Card,ATM,Desktop,0
3194,1820,2982.85,2024-12-14 05:06:00,Food,Credit Card,Mobile,Tablet,0
3195,2,1608.31,2024-08-11 04:32:00,Grocery,UPI,In-store,Tablet,0
3196,9885,1587.96,2024-08-14 06:50:00,Food,Credit Card,Online,Mobile,0
3197,4916,3282.28,2025-07-26 19:44:00,Travel,Debit Card,Mobile,POS,0
3198,7677,3607.96,2025-06-22 17:45:00,Utilities,UPI,In-store,POS,0
3199,2190,39.98,2025-07-18 22:48:00,Entertainment,Net Banking,ATM,Mobile,0
3200,6172,5722.05,2024-04-26 13:29:00,Healthcare,UPI,In-store,Desktop,0
3201,2305,3463.03,2024-03-19 03:52:00,Healthcare,Debit Card,Mobile,POS,0
3202,3003,2553.87,2024-05-14 00:30:00,Entertainment,Credit Card,ATM,Tablet,0
3203,3058,3821.52,2024-12-22 09:44:00,Grocery,UPI,In-store,Tablet,0
3204,7928,1541.19,2025-01-06 04:52:00,Travel,UPI,Online,Mobile,0
3205,5093,2967.93,2025-03-28 19:33:00,Travel,Debit Card,ATM,Desktop,0
3206,3157,1825.84,2024-12-16 05:45:00,Healthcare,Debit Card,In-store,POS,0
3207,3315,1565.84,2024-11-07 00:47:00,Shopping,Credit Card,Online,POS,0
3208,5326,475.52,2024-05-01 07:08:00,Electronics,Debit Card,Mobile,POS,0
3209,4881,3760.07,2025-12-11 04:44:00,Healthcare,UPI,In-store,Desktop,0
3210,1295,4306.11,2024-08-20 09:08:00,Utilities,UPI,Mobile,POS,0
3211,479,7094.25,2024-08-02 04:05:00,Travel,Credit Card,Online,Tablet,0
3212,7726,256.66,2025-03-11 22:48:00,Grocery,Debit Card,ATM,Desktop,0
3213,5297,689.42,2024-04-24 02:01:00,Electronics,Credit Card,Online,Mobile,0
3214,4878,2312.94,2025-05-10 13:02:00,Food,Net Banking,In-store,Desktop,0
3215,3812,3865.21,2024-07-20 03:02:00,Grocery,UPI,In-store,POS,0
3216,4571,2783.05,2025-11-06 16:37:00,Entertainment,Debit Card,In-store,Tablet,0
3217,3459,1216.11,2024-03-01 15:07:00,Healthcare,Credit Card,Mobile,POS,0
3218,9060,2589.09,2024-09-16 01:04:00,Grocery,Debit Card,ATM,Mobile,0
3219,7422,149.72,2024-11-04 21:00:00,Healthcare,UPI,In-store,Desktop,0
3220,3462,2172.61,2024-04-08 03:58:00,Shopping,Debit Card,Mobile,Tablet,0
3221,1406,16.09,2025-09-08 06:37:00,Grocery,Credit Card,Online,Tablet,0
3222,9691,97.43,2024-07-23 05:42:00,Shopping,Cash,In-store,Mobile,0
3223,5654,2831.82,2024-12-25 00:05:00,Shopping,Credit Card,Mobile,POS,0
3224,534,1298.75,2024-05-29 23:17:00,Electronics,Cash,In-store,Desktop,0
3225,4832,122.8,2025-08-16 11:22:00,Travel,Credit Card,Mobile,POS,0
3226,4443,1315.02,2024-06-13 16:49:00,Healthcare,Debit Card,Online,Mobile,0
3227,9415,129.62,2025-09-19 07:32:00,Shopping,Debit Card,In-store,Desktop,0
3228,3303,849.39,2025-08-06 02:06:00,Food,Credit Card,In-store,Mobile,0
3229,3404,342.46,2025-08-15 00:33:00,Other,Debit Card,Online,Mobile,0
3230,9552,495.31,2024-08-10 22:12:00,Entertainment,UPI,Mobile,POS,0
3231,9450,435.33,2024-10-15 05:57:00,Entertainment,Debit Card,Mobile,Mobile,0
3232,5118,929.69,2025-07-04 00:46:00,Shopping,Credit Card,Mobile,Desktop,0
3233,8121,228.37,2024-04-11 06:58:00,Food,UPI,Mobile,Tablet,0
3234,9531,1500.44,2025-05-31 22:30:00,Shopping,Net Banking,ATM,Desktop,0
3235,8362,1045.46,2025-01-10 22:37:00,Grocery,Cash,Mobile,Desktop,0
3236,3509,3663.48,2024-07-08 14:43:00,Food,Net Banking,Mobile,Mobile,0
3237,9510,3496.54,2024-04-19 05:53:00,Shopping,Credit Card,Mobile,POS,0
3238,7513,3477.7,2024-12-29 12:27:00,Shopping,Credit Card,ATM,Desktop,0
3239,8068,1268.4,2024-08-07 16:14:00,Utilities,Credit Card,Online,Tablet,0
3240,7348,687.2,2025-02-21 03:48:00,Travel,Net Banking,ATM,Desktop,0
3241,6652,1073.66,2024-11-17 03:29:00,Utilities,Credit Card,Online,Mobile,0
3242,4396,2325.48,2024-04-22 16:08:00,Travel,Cash,Online,Mobile,0
3243,7703,1509.14,2025-05-22 11:45:00,Healthcare,Debit Card,Mobile,Mobile,0
3244,3786,1957.95,2024-10-22 17:46:00,Other,Credit Card,ATM,Mobile,0
3245,7391,2366.5,2024-02-11 02:20:00,Shopping,UPI,Mobile,POS,0
3246,8955,5010.95,2025-05-20 03:24:00,Entertainment,Credit Card,ATM,Desktop,0
3247,900,5763.94,2024-10-17 14:38:00,Food,UPI,In-store,Desktop,0
3248,2691,3671.05,2024-11-15 21:53:00,Entertainment,UPI,In-store,Desktop,0
3249,2526,134.55,2025-03-30 07:35:00,Healthcare,Credit Card,Online,Desktop,0
3250,5157,7758.63,2025-02-21 09:54:00,Shopping,Net Banking,In-store,Desktop,0
3251,18,2432.3,2025-03-14 06:54:00,Healthcare,Debit Card,In-store,Tablet,0
3252,3845,2364.37,2024-03-12 15:43:00,Food,Debit Card,In-store,Mobile,0
3253,5673,46.75,2025-01-11 05:00:00,Other,UPI,In-store,POS,0
3254,2908,1305.55,2025-11-21 15:43:00,Utilities,Net Banking,In-store,Desktop,0
3255,5772,1969.67,2024-04-17 12:28:00,Travel,Cash,In-store,Desktop,0
3256,1750,652.87,2025-06-19 21:43:00,Electronics,Net Banking,Online,Tablet,0
3257,1542,173.82,2024-03-28 03:09:00,Food,UPI,Mobile,POS,0
3258,1469,1520.48,2025-02-08 12:44:00,Food,Debit Card,ATM,Tablet,0
3259,5119,1182.24,2025-08-27 03:47:00,Healthcare,Debit Card,Online,Mobile,0
3260,9664,90.16,2024-06-21 02:23:00,Grocery,UPI,Mobile,POS,0
3261,7536,1465.52,2024-07-22 10:12:00,Food,Cash,ATM,Tablet,0
3262,4573,227.94,2025-09-01 12:07:00,Utilities,Credit Card,Online,Mobile,0
3263,4063,1105.21,2024-08-26 13:46:00,Other,Debit Card,ATM,Tablet,0
3264,8773,630.55,2025-05-26 08:48:00,Travel,Credit Card,In-store,Tablet,0
3265,5003,7044.75,2025-12-31 18:37:00,Utilities,UPI,Mobile,POS,0
3266,7102,70.7,2024-10-06 20:25:00,Utilities,UPI,ATM,Tablet,0
3267,2961,1642.07,2024-12-30 15:42:00,Utilities,Net Banking,Online,POS,0
3268,4027,329.56,2025-09-09 12:31:00,Entertainment,Debit Card,Online,Desktop,0
3269,1689,769.25,2025-06-07 08:09:00,Travel,UPI,Online,Tablet,0
3270,2416,406.44,2025-04-10 03:07:00,Grocery,UPI,In-store,Desktop,0
3271,3552,10656.27,2024-09-13 15:31:00,Healthcare,Debit Card,Online,Mobile,0
3272,9117,65.79,2024-08-24 20:08:00,Entertainment,Debit Card,In-store,Tablet,0
3273,9763,1558.96,2024-01-31 03:47:00,Shopping,Debit Card,In-store,Desktop,0
3274,4198,1873.2,2024-02-24 02:31:00,Healthcare,Net Banking,In-store,Mobile,0
3275,4367,2958.29,2025-11-25 00:11:00,Healthcare,Credit Card,Online,Mobile,0
3276,2355,1966.91,2025-01-26 19:43:00,Shopping,UPI,Mobile,POS,0
3277,6531,526.23,2024-11-30 04:19:00,Food,Debit Card,Mobile,Desktop,0
3278,957,1822.8,2025-09-28 19:06:00,Shopping,Credit Card,ATM,Mobile,0
3279,8451,7375.11,2024-03-19 21:48:00,Grocery,Credit Card,In-store,Desktop,0
3280,4021,3773.7,2025-06-16 15:50:00,Electronics,UPI,Mobile,Tablet,0
3281,3619,1208.43,2025-04-22 06:18:00,Shopping,UPI,Online,POS,0
3282,4616,1297.91,2025-11-08 15:31:00,Grocery,Debit Card,ATM,Mobile,0
3283,1456,285.22,2025-05-31 08:34:00,Food,Debit Card,ATM,POS,0
3284,4555,1687.59,2024-12-17 17:34:00,Food,UPI,Online,Desktop,0
3285,9072,657.68,2024-01-19 01:27:00,Electronics,Credit Card,Online,Desktop,0
3286,7554,228.83,2024-05-01 12:28:00,Electronics,Credit Card,In-store,Mobile,0
3287,3474,1285.7,2024-11-18 12:28:00,Grocery,Cash,Online,POS,0
3288,2994,92.24,2025-04-15 01:02:00,Entertainment,Cash,Online,Desktop,0
3289,3094,255.97,2024-06-30 17:42:00,Healthcare,UPI,In-store,Tablet,0
3290,8427,494.47,2024-11-06 22:10:00,Travel,UPI,Online,Tablet,0
3291,1822,9341.47,2025-05-18 13:08:00,Entertainment,Credit Card,In-store,Desktop,0
3292,4486,3305.54,2024-11-15 22:24:00,Shopping,Debit Card,Mobile,Desktop,0
3293,5513,1560.72,2025-05-14 03:36:00,Electronics,Debit Card,ATM,Mobile,0
3294,2512,529.4,2025-11-22 15:42:00,Other,Credit Card,In-store,Tablet,0
3295,2589,1463.44,2025-07-21 21:34:00,Healthcare,Credit Card,ATM,Tablet,0
3296,5950,2093.92,2025-08-08 15:30:00,Other,Credit Card,ATM,Desktop,0
3297,2077,9.15,2025-07-29 05:32:00,Grocery,Cash,Mobile,Desktop,0
3298,9939,8828.04,2024-02-27 12:16:00,Entertainment,Net Banking,ATM,Desktop,0
3299,534,1971.18,2025-05-21 18:24:00,Utilities,Credit Card,Mobile,Desktop,0
3300,3761,8887.2,2025-09-23 21:22:00,Other,Net Banking,Mobile,POS,0
3301,2696,1266.23,2024-10-18 10:03:00,Grocery,Debit Card,In-store,POS,0
3302,6226,1953.71,2024-01-29 18:02:00,Grocery,UPI,ATM,Mobile,0
3303,7152,1237.79,2024-05-11 11:22:00,Travel,Debit Card,In-store,Desktop,0
3304,9796,19.06,2025-08-20 00:48:00,Healthcare,Credit Card,In-store,POS,0
3305,9768,3792.8,2025-10-02 10:24:00,Food,Cash,In-store,Desktop,0
3306,9307,1192.05,2024-04-09 13:22:00,Food,Credit Card,In-store,Tablet,0
3307,7902,1273.29,2024-12-31 13:22:00,Other,Credit Card,Online,Desktop,0
3308,5196,892.46,2024-02-27 21:15:00,Travel,Cash,In-store,Tablet,0
3309,1677,1133.58,2024-09-10 07:41:00,Food,UPI,Mobile,Desktop,0
3310,2536,2585.98,2024-11-15 18:05:00,Utilities,Debit Card,ATM,Mobile,0
3311,6573,2412.11,2025-12-05 02:55:00,Electronics,Net Banking,Mobile,Tablet,0
3312,1471,3304.47,2024-11-08 03:21:00,Utilities,UPI,Mobile,Desktop,0
3313,4673,7351.3,2024-06-22 00:34:00,Grocery,Debit Card,Online,Desktop,0
3314,3799,992.42,2024-11-29 01:29:00,Utilities,Credit Card,Online,Desktop,0
3315,1898,827.88,2025-11-04 13:36:00,Electronics,UPI,Mobile,Desktop,0
3316,5351,1360.56,2025-06-11 13:17:00,Utilities,Net Banking,Online,Tablet,0
3317,1493,335.39,2024-01-21 22:30:00,Travel,Debit Card,Mobile,Desktop,0
3318,6492,2837.88,2025-08-25 00:20:00,Food,UPI,In-store,POS,0
3319,7513,1740.43,2025-01-21 18:24:00,Other,Net Banking,Online,Desktop,0
3320,9604,474.84,2024-11-26 18:06:00,Grocery,Net Banking,ATM,POS,0
3321,3106,3990.72,2025-05-15 03:44:00,Healthcare,Debit Card,Mobile,POS,0
3322,7161,1930.24,2025-11-22 06:21:00,Utilities,Credit Card,Online,Desktop,0
3323,9498,69.26,2025-05-23 16:51:00,Other,Credit Card,Online,Tablet,0
3324,4469,437.6,2025-11-14 10:10:00,Entertainment,Net Banking,Online,Mobile,0
3325,9014,4434.53,2025-09-21 09:23:00,Other,Net Banking,Mobile,Mobile,0
3326,6555,959.45,2025-03-22 06:31:00,Grocery,UPI,ATM,POS,0
3327,1237,8314.77,2025-10-12 02:53:00,Entertainment,Debit Card,In-store,POS,0
3328,3349,1508.99,2025-07-02 06:18:00,Healthcare,Debit Card,In-store,Desktop,0
3329,7734,466.17,2024-09-28 01:19:00,Utilities,Credit Card,In-store,Desktop,0
3330,4317,1802.28,2025-08-10 12:51:00,Grocery,Net Banking,Mobile,Mobile,0
3331,9826,215.95,2024-08-19 19:47:00,Grocery,Debit Card,ATM,Mobile,0
3332,4650,3295.47,2024-04-04 22:54:00,Other,Debit Card,Online,Mobile,0
3333,2809,1976.86,2025-08-15 03:37:00,Utilities,Debit Card,ATM,POS,0
3334,110,6645.51,2024-12-10 08:04:00,Other,Net Banking,In-store,POS,0
3335,8136,2343.06,2025-08-03 16:30:00,Food,Credit Card,ATM,Mobile,0
3336,5842,100.8,2025-03-13 06:22:00,Other,Debit Card,Mobile,Tablet,0
3337,949,1294.16,2024-03-19 20:52:00,Food,Cash,Mobile,Desktop,0
3338,453,1515.63,2024-11-05 16:51:00,Healthcare,UPI,In-store,Mobile,0
3339,7923,4972.44,2024-11-03 13:42:00,Shopping,Debit Card,ATM,Tablet,0
3340,8299,1132.91,2025-07-06 10:12:00,Other,UPI,ATM,Tablet,0
3341,5,1800.41,2025-02-28 12:16:00,Travel,UPI,Online,Tablet,0
3342,5264,411.48,2025-10-01 16:29:00,Electronics,Debit Card,Mobile,Mobile,0
3343,137,561.08,2025-11-18 17:11:00,Food,Debit Card,Online,POS,0
3344,8985,1590.74,2024-01-20 20:45:00,Healthcare,UPI,ATM,Tablet,0
3345,3513,2387.94,2025-06-12 05:36:00,Shopping,Net Banking,ATM,Desktop,0
3346,9856,1143.49,2025-05-26 06:42:00,Entertainment,Debit Card,Online,Desktop,0
3347,7233,1133.62,2025-04-23 08:59:00,Grocery,Cash,Online,Tablet,0
3348,8607,591.41,2025-10-15 17:51:00,Entertainment,Debit Card,ATM,Mobile,1
3349,7969,2395.52,2025-09-21 13:59:00,Shopping,UPI,ATM,POS,0
3350,6524,10.98,2025-08-02 23:40:00,Electronics,Credit Card,Online,Mobile,0
3351,8389,1438.03,2024-03-02 16:12:00,Shopping,UPI,In-store,POS,0
3352,7972,7.14,2025-01-08 14:09:00,Entertainment,Debit Card,Online,Mobile,0
3353,9712,1800.18,2024-09-03 04:47:00,Electronics,Debit Card,Mobile,Desktop,0
3354,8788,62.79,2025-12-02 09:54:00,Entertainment,Credit Card,Mobile,Tablet,0
3355,9718,5629.06,2025-03-21 13:20:00,Grocery,Credit Card,Mobile,POS,0
3356,4797,1300.0,2024-03-06 20:13:00,Utilities,Debit Card,In-store,Desktop,0
3357,723,2304.17,2025-02-26 08:52:00,Travel,UPI,Mobile,Desktop,0
3358,7228,3842.8,2024-10-20 20:10:00,Entertainment,Credit Card,In-store,POS,0
3359,8286,536.86,2024-09-19 21:38:00,Travel,Credit Card,ATM,Tablet,0
3360,2895,1553.29,2024-08-29 12:15:00,Shopping,Credit Card,Mobile,Mobile,0
3361,9340,3982.12,2024-04-26 04:12:00,Travel,Credit Card,In-store,Mobile,0
3362,9767,1543.4,2024-01-29 07:51:00,Utilities,Credit Card,ATM,Desktop,0
3363,4109,997.7,2024-11-13 14:31:00,Electronics,Credit Card,Online,POS,0
3364,4836,920.49,2025-07-27 13:27:00,Other,Net Banking,ATM,Mobile,0
3365,2602,969.37,2025-10-24 01:12:00,Healthcare,UPI,ATM,POS,0
3366,8101,1911.27,2024-06-12 08:08:00,Travel,Net Banking,In-store,POS,0
3367,1209,93.47,2024-01-30 08:50:00,Shopping,Net Banking,ATM,Mobile,0
3368,2083,1073.6,2024-10-11 21:35:00,Shopping,Debit Card,ATM,POS,0
3369,6693,1644.64,2024-06-29 20:54:00,Healthcare,Debit Card,In-store,POS,0
3370,250,3087.12,2024-02-13 23:31:00,Entertainment,UPI,Online,POS,0
3371,8130,1510.02,2024-01-21 01:55:00,Travel,Net Banking,Online,Desktop,0
3372,247,5212.05,2024-03-26 10:38:00,Other,UPI,Online,POS,0
3373,5783,1173.16,2024-11-01 02:57:00,Food,UPI,ATM,Tablet,0
3374,7607,2104.19,2025-02-20 11:42:00,Entertainment,UPI,Online,POS,0
3375,3506,35.47,2025-11-04 02:25:00,Other,Debit Card,Online,Mobile,0
3376,7788,544.79,2024-05-23 07:07:00,Utilities,Debit Card,Mobile,POS,0
3377,3742,3379.75,2025-08-07 23:32:00,Travel,Credit Card,Mobile,Desktop,0
3378,9565,1764.82,2024-05-03 16:42:00,Healthcare,Credit Card,In-store,POS,0
3379,3308,5843.96,2025-08-17 16:16:00,Shopping,Credit Card,Online,Tablet,0
3380,6778,2795.73,2025-05-23 02:15:00,Food,Debit Card,Mobile,Mobile,0
3381,3883,1194.45,2025-09-06 03:49:00,Electronics,Credit Card,ATM,Mobile,0
3382,9449,3016.57,2024-11-16 10:53:00,Shopping,Debit Card,ATM,Tablet,0
3383,5019,1261.42,2025-08-21 23:24:00,Electronics,Cash,Online,POS,0
3384,4160,801.46,2024-08-29 13:13:00,Grocery,UPI,Mobile,POS,0
3385,5126,96.48,2024-05-27 03:11:00,Food,Credit Card,In-store,Mobile,0
3386,8032,4014.22,2024-08-07 08:28:00,Food,Net Banking,Online,POS,0
3387,2847,1085.81,2025-02-22 08:55:00,Grocery,Debit Card,In-store,Tablet,0
3388,1228,2311.45,2025-08-26 01:31:00,Healthcare,Net Banking,Online,Tablet,0
3389,1532,332.25,2025-06-30 11:44:00,Utilities,UPI,ATM,Tablet,0
3390,6743,3531.74,2024-04-25 10:34:00,Other,Debit Card,ATM,Desktop,0
3391,4253,3476.82,2025-03-09 15:43:00,Other,UPI,Mobile,Desktop,0
3392,387,1316.13,2024-09-09 08:56:00,Electronics,Net Banking,Mobile,Desktop,0
3393,3681,2230.37,2024-05-28 11:30:00,Shopping,Debit Card,Online,Tablet,0
3394,5330,1474.01,2025-01-11 09:01:00,Other,Credit Card,Online,Mobile,0
3395,7276,1607.11,2025-10-22 19:02:00,Entertainment,UPI,In-store,POS,0
3396,3798,4392.88,2025-11-09 01:44:00,Utilities,Credit Card,ATM,Tablet,0
3397,6292,6817.39,2025-11-18 07:16:00,Food,Debit Card,ATM,Desktop,0
3398,2768,916.15,2025-07-19 12:19:00,Grocery,Credit Card,Online,Tablet,0
3399,5178,806.14,2025-10-16 22:23:00,Shopping,UPI,In-store,Tablet,0
3400,2105,724.26,2025-12-02 03:34:00,Electronics,Debit Card,ATM,POS,0
3401,8263,2945.96,2024-08-30 14:24:00,Travel,Debit Card,Online,Tablet,0
3402,8689,2566.74,2024-01-09 12:59:00,Food,Net Banking,Online,Tablet,0
3403,7202,89.58,2024-09-18 09:05:00,Utilities,Debit Card,Mobile,Tablet,0
3404,1508,185.2,2024-08-29 09:13:00,Food,Cash,In-store,Tablet,0
3405,5473,2078.07,2024-06-13 14:40:00,Entertainment,Credit Card,Mobile,Tablet,0
3406,2753,643.05,2024-11-20 20:26:00,Electronics,Net Banking,Online,POS,0
3407,1904,192.1,2024-02-04 08:55:00,Grocery,Debit Card,ATM,Tablet,0
3408,3993,1067.72,2024-03-23 15:30:00,Travel,UPI,ATM,Mobile,0
3409,8621,4199.01,2025-02-26 10:45:00,Healthcare,Debit Card,ATM,Desktop,0
3410,4238,912.4,2025-03-08 03:52:00,Other,Debit Card,In-store,Mobile,0
3411,9849,2379.02,2024-06-13 22:16:00,Other,Debit Card,In-store,Tablet,0
3412,2302,4616.7,2025-06-02 02:22:00,Food,Credit Card,Online,Desktop,0
3413,9981,371.0,2025-03-06 19:46:00,Travel,Credit Card,ATM,Desktop,0
3414,4872,1881.69,2025-07-14 23:20:00,Travel,UPI,In-store,Mobile,0
3415,9514,4764.54,2025-04-09 22:01:00,Utilities,Credit Card,In-store,Desktop,0
3416,5776,429.89,2024-02-23 20:41:00,Utilities,UPI,ATM,POS,0
3417,3835,8968.14,2024-07-07 20:28:00,Travel,Debit Card,Mobile,Tablet,0
3418,9383,908.52,2025-10-18 04:00:00,Utilities,Debit Card,In-store,Desktop,0
3419,3685,490.59,2025-02-14 06:40:00,Shopping,UPI,Online,POS,0
3420,4447,3638.09,2024-11-08 10:36:00,Travel,Credit Card,Online,POS,0
3421,4487,1261.88,2024-03-25 03:10:00,Food,UPI,In-store,Mobile,0
3422,2436,2221.44,2024-09-12 16:45:00,Shopping,UPI,Online,POS,0
3423,1482,1345.15,2025-10-26 04:54:00,Utilities,Debit Card,Online,Mobile,0
3424,2802,2063.0,2025-08-31 21:26:00,Grocery,UPI,In-store,Mobile,0
3425,7907,72.02,2024-11-23 14:30:00,Electronics,Debit Card,In-store,Mobile,0
3426,2861,862.12,2024-05-16 08:11:00,Healthcare,Credit Card,ATM,Tablet,0
3427,7455,2141.87,2025-12-04 18:52:00,Shopping,Credit Card,Online,POS,0
3428,2486,863.97,2024-12-01 09:12:00,Food,UPI,Online,Mobile,0
3429,5678,2990.03,2024-03-27 13:23:00,Utilities,Cash,In-store,Tablet,0
3430,9441,6482.47,2024-07-05 12:56:00,Utilities,Net Banking,ATM,Desktop,0
3431,7173,76.26,2025-01-21 18:14:00,Travel,Credit Card,Online,Mobile,0
3432,9459,3866.44,2024-01-22 00:59:00,Grocery,Credit Card,Online,Desktop,0
3433,3223,370.41,2025-07-25 20:39:00,Healthcare,UPI,In-store,Tablet,1
3434,4410,4985.97,2025-10-03 07:58:00,Food,Credit Card,ATM,Mobile,0
3435,860,5867.12,2024-04-01 14:12:00,Other,UPI,Online,POS,0
3436,4255,1684.13,2024-09-25 22:54:00,Grocery,Cash,Online,Mobile,0
3437,1001,1304.06,2024-06-21 01:25:00,Food,Debit Card,Online,Mobile,0
3438,2203,2841.77,2025-09-24 13:38:00,Travel,Net Banking,Mobile,Tablet,0
3439,8586,5002.6,2024-09-23 04:05:00,Healthcare,Credit Card,Mobile,Mobile,0
3440,3144,529.09,2025-01-11 05:36:00,Food,Credit Card,Mobile,Mobile,0
3441,649,963.96,2024-04-30 00:45:00,Entertainment,Debit Card,Online,Mobile,0
3442,7819,1080.98,2025-06-22 13:49:00,Shopping,UPI,Mobile,POS,0
3443,858,3739.29,2025-04-09 21:31:00,Other,Net Banking,Mobile,Desktop,0
3444,1586,294.49,2024-05-01 07:45:00,Other,Credit Card,ATM,Tablet,0
3445,6245,1951.25,2024-07-27 06:55:00,Grocery,Credit Card,In-store,Mobile,0
3446,6722,864.46,2024-09-29 09:47:00,Other,Debit Card,Online,Tablet,0
3447,9151,4334.61,2025-05-21 12:08:00,Entertainment,Debit Card,ATM,Tablet,0
3448,1683,830.4,2025-03-17 06:38:00,Entertainment,Credit Card,Online,Mobile,0
3449,1266,7628.55,2024-08-08 09:46:00,Other,Debit Card,In-store,Mobile,0
3450,5764,31.51,2025-11-24 06:26:00,Grocery,Credit Card,Mobile,Mobile,0
3451,5425,547.7,2024-07-03 13:50:00,Food,Debit Card,In-store,Desktop,0
3452,6839,1222.47,2024-05-29 00:18:00,Shopping,Credit Card,In-store,Tablet,0
3453,7694,592.3,2024-09-25 07:39:00,Food,UPI,Online,Tablet,0
3454,1740,2674.2,2025-04-06 07:23:00,Shopping,Credit Card,In-store,Mobile,0
3455,149,3369.96,2025-08-19 21:41:00,Food,Credit Card,ATM,Desktop,0
3456,2687,2391.4,2025-04-14 02:00:00,Electronics,Debit Card,ATM,POS,0
3457,932,7039.86,2025-04-25 04:55:00,Electronics,Debit Card,Online,Desktop,0
3458,2024,1217.75,2024-11-27 22:25:00,Shopping,Net Banking,In-store,Mobile,0
3459,1343,7801.16,2025-12-04 06:45:00,Travel,UPI,Online,Desktop,0
3460,298,266.17,2025-01-27 22:27:00,Electronics,Credit Card,Online,POS,0
3461,6065,3740.89,2025-09-03 08:04:00,Grocery,UPI,Online,Desktop,0
3462,6215,78.4,2024-04-07 17:03:00,Entertainment,Credit Card,Online,Mobile,0
3463,4693,1518.22,2024-02-23 10:59:00,Travel,Debit Card,ATM,POS,0
3464,6794,1325.13,2024-08-28 15:58:00,Shopping,Debit Card,Online,Desktop,0
3465,8469,3880.05,2024-12-28 19:42:00,Grocery,UPI,Online,Tablet,0
3466,5072,2412.83,2025-09-04 22:47:00,Food,Debit Card,Online,Tablet,0
3467,6221,1163.41,2024-02-16 00:16:00,Healthcare,UPI,Mobile,Tablet,0
3468,6962,4520.42,2025-05-31 19:24:00,Grocery,UPI,Mobile,POS,0
3469,229,4340.82,2024-11-05 12:42:00,Other,Cash,Mobile,POS,0
3470,8159,50.09,2025-01-14 04:57:00,Electronics,Net Banking,In-store,POS,0
3471,1735,4096.17,2025-07-26 01:37:00,Entertainment,Debit Card,Mobile,POS,0
3472,9254,1495.57,2024-07-02 08:10:00,Utilities,UPI,ATM,Desktop,0
3473,6140,3652.22,2025-05-30 15:59:00,Other,Debit Card,Online,Mobile,0
3474,7416,400.13,2024-12-13 14:08:00,Travel,Cash,Online,Mobile,0
3475,1385,327.62,2024-04-01 10:45:00,Electronics,Credit Card,Mobile,POS,0
3476,7710,2561.73,2025-06-27 13:09:00,Shopping,Credit Card,ATM,Tablet,0
3477,5918,644.15,2024-09-23 03:20:00,Other,Credit Card,In-store,Desktop,0
3478,7112,1636.7,2024-02-15 04:31:00,Electronics,Credit Card,In-store,Desktop,0
3479,2122,2334.74,2024-10-14 23:23:00,Travel,Credit Card,In-store,Tablet,0
3480,583,1885.31,2025-03-16 09:57:00,Healthcare,UPI,Online,POS,0
3481,9696,2401.06,2024-09-26 19:53:00,Travel,Net Banking,Online,Mobile,0
3482,3397,1937.05,2024-09-27 16:20:00,Healthcare,Credit Card,Online,Desktop,0
3483,7530,953.26,2025-03-22 05:20:00,Healthcare,Net Banking,Mobile,Tablet,0
3484,9140,189.71,2025-05-18 04:35:00,Travel,Debit Card,Online,Mobile,0
3485,7918,3866.81,2025-11-04 20:51:00,Electronics,UPI,ATM,Desktop,0
3486,2776,3741.71,2025-03-26 01:12:00,Shopping,UPI,In-store,Tablet,0
3487,7785,11.39,2024-06-01 01:14:00,Utilities,UPI,Mobile,Desktop,0
3488,2478,3676.01,2024-07-06 01:30:00,Other,Credit Card,Mobile,POS,0
3489,6691,327.37,2024-09-23 05:45:00,Grocery,Debit Card,In-store,Desktop,0
3490,6173,809.52,2025-04-23 13:07:00,Grocery,Credit Card,In-store,POS,0
3491,1380,1066.65,2025-05-21 01:28:00,Grocery,Credit Card,ATM,Mobile,0
3492,7799,2276.56,2024-12-31 22:35:00,Grocery,Credit Card,ATM,Mobile,0
3493,3106,193.94,2025-05-11 14:31:00,Food,Credit Card,In-store,POS,0
3494,6024,3504.83,2024-04-25 23:55:00,Electronics,UPI,In-store,POS,0
3495,4034,5720.58,2024-05-31 03:22:00,Entertainment,Debit Card,In-store,Desktop,0
3496,4958,6102.32,2024-04-05 06:55:00,Other,Debit Card,ATM,Mobile,0
3497,7509,192.67,2024-10-17 05:53:00,Travel,UPI,In-store,Tablet,0
3498,7881,5036.02,2024-06-21 23:32:00,Shopping,Credit Card,Mobile,POS,0
3499,8642,1677.87,2024-10-06 18:57:00,Other,Debit Card,In-store,Mobile,0
3500,3062,2596.04,2025-11-10 18:13:00,Other,Debit Card,ATM,Tablet,0
3501,8817,5335.64,2025-08-20 00:33:00,Electronics,Credit Card,ATM,Tablet,0
3502,7777,2163.48,2025-08-07 05:26:00,Shopping,Debit Card,ATM,Desktop,0
3503,7174,1220.33,2024-03-19 07:49:00,Shopping,Debit Card,ATM,POS,0
3504,4432,1489.35,2025-05-25 21:06:00,Travel,UPI,Online,Mobile,0
3505,9093,2307.22,2024-12-02 00:18:00,Grocery,Credit Card,In-store,Mobile,0
3506,7845,5789.93,2025-11-28 21:07:00,Grocery,UPI,In-store,Tablet,0
3507,393,4411.07,2025-02-07 11:37:00,Entertainment,Net Banking,ATM,Mobile,0
3508,2016,1721.08,2024-04-18 10:09:00,Other,Credit Card,In-store,Tablet,0
3509,5695,474.0,2024-01-30 02:29:00,Other,Credit Card,Mobile,Desktop,0
3510,7407,851.53,2025-12-25 21:30:00,Electronics,Debit Card,Online,Mobile,0
3511,3322,898.23,2025-04-09 20:17:00,Utilities,Credit Card,In-store,Desktop,0
3512,7865,682.66,2025-08-31 21:00:00,Grocery,UPI,Mobile,Desktop,0
3513,247,2746.72,2024-12-03 01:41:00,Food,Credit Card,ATM,Tablet,0
3514,2600,3615.63,2025-09-29 14:20:00,Food,Net Banking,Online,POS,0
3515,4061,770.83,2025-08-05 04:13:00,Shopping,Credit Card,ATM,Mobile,0
3516,6208,3743.24,2024-02-19 20:18:00,Other,UPI,ATM,Mobile,0
3517,2783,2651.81,2024-11-26 01:47:00,Travel,UPI,Mobile,Mobile,0
3518,9338,1163.63,2024-03-13 17:38:00,Healthcare,Debit Card,Online,Tablet,0
3519,1835,2399.05,2025-01-25 02:25:00,Utilities,Debit Card,Online,Desktop,0
3520,5245,2933.61,2024-09-18 05:15:00,Healthcare,Credit Card,In-store,Tablet,0
3521,3108,1646.65,2025-02-12 02:01:00,Other,Credit Card,ATM,Desktop,0
3522,4204,1170.79,2024-08-01 05:24:00,Entertainment,Net Banking,In-store,Tablet,0
3523,2234,214.53,2025-02-16 09:41:00,Grocery,Credit Card,In-store,Mobile,0
3524,8211,2.74,2025-10-31 04:07:00,Entertainment,UPI,In-store,Tablet,0
3525,2960,5537.24,2024-11-01 15:51:00,Healthcare,Net Banking,ATM,POS,0
3526,3818,622.54,2025-03-18 23:51:00,Healthcare,Credit Card,ATM,Tablet,0
3527,2142,2175.25,2024-11-13 21:38:00,Travel,Debit Card,Mobile,POS,0
3528,3815,5742.12,2024-05-14 11:42:00,Electronics,Debit Card,In-store,Desktop,0
3529,8320,3410.7,2024-04-08 11:32:00,Shopping,Credit Card,Online,Tablet,0
3530,8182,261.55,2024-07-23 15:28:00,Other,Credit Card,Online,Tablet,0
3531,7984,3238.09,2025-02-01 15:17:00,Entertainment,Debit Card,ATM,Mobile,0
3532,6526,2592.13,2025-07-30 19:27:00,Travel,Credit Card,ATM,Mobile,0
3533,5891,799.16,2024-04-02 13:51:00,Grocery,Credit Card,In-store,POS,0
3534,1884,2339.8,2025-01-12 19:11:00,Electronics,Debit Card,Mobile,Desktop,0
3535,7410,3496.1,2025-03-20 20:27:00,Shopping,Credit Card,In-store,Desktop,0
3536,8171,688.99,2024-04-05 01:32:00,Healthcare,Credit Card,Mobile,Tablet,0
3537,3699,4065.56,2024-12-15 14:43:00,Healthcare,Net Banking,Mobile,Mobile,0
3538,9844,164.19,2024-08-17 20:43:00,Grocery,Debit Card,Online,Tablet,0
3539,4066,1499.24,2025-12-31 04:59:00,Shopping,Net Banking,ATM,Mobile,0
3540,2559,531.11,2025-05-22 16:40:00,Healthcare,Credit Card,ATM,Desktop,0
3541,761,2603.98,2025-10-24 16:05:00,Entertainment,UPI,In-store,Desktop,0
3542,8894,384.42,2024-10-24 14:27:00,Travel,Net Banking,Mobile,Mobile,0
3543,6648,835.44,2024-03-22 15:19:00,Healthcare,UPI,In-store,Tablet,0
3544,2304,272.52,2024-06-01 04:43:00,Travel,Net Banking,Mobile,Desktop,0
3545,3727,3341.72,2024-11-03 07:33:00,Entertainment,Credit Card,Mobile,POS,0
3546,9505,283.76,2025-03-13 09:36:00,Shopping,Credit Card,Online,Desktop,0
3547,4953,2568.57,2024-02-18 17:04:00,Utilities,Credit Card,ATM,POS,0
3548,8336,2456.74,2024-02-16 16:06:00,Utilities,UPI,In-store,Mobile,0
3549,2740,307.16,2025-06-06 13:26:00,Healthcare,Cash,In-store,Tablet,0
3550,8397,1669.66,2024-04-06 14:42:00,Shopping,Debit Card,Online,Mobile,0
3551,5922,1373.85,2025-08-05 08:22:00,Other,Net Banking,Mobile,Desktop,0
3552,2175,1805.29,2024-09-17 18:05:00,Grocery,Net Banking,Mobile,Tablet,0
3553,7101,5536.48,2025-05-30 00:07:00,Travel,Net Banking,Mobile,Tablet,0
3554,7017,167.93,2025-11-08 14:11:00,Shopping,Debit Card,Mobile,Mobile,0
3555,7958,3435.2,2024-07-05 12:02:00,Grocery,Debit Card,ATM,Mobile,0
3556,2225,3962.56,2024-03-26 13:56:00,Other,Credit Card,Online,Desktop,0
3557,7919,269.98,2025-12-22 09:20:00,Grocery,Debit Card,Online,POS,0
3558,8919,2134.84,2025-08-24 23:29:00,Other,Net Banking,Online,Mobile,0
3559,3277,2422.15,2025-11-17 14:39:00,Utilities,Debit Card,Online,Tablet,0
3560,8392,1591.1,2024-09-28 10:58:00,Healthcare,Credit Card,Mobile,POS,0
3561,7337,1398.05,2024-07-10 06:11:00,Other,UPI,Online,Mobile,0
3562,434,764.92,2024-03-21 23:38:00,Entertainment,Credit Card,Mobile,Mobile,0
3563,1288,2336.45,2024-09-22 21:06:00,Food,Credit Card,In-store,Mobile,0
3564,1885,672.48,2025-03-20 17:01:00,Electronics,Credit Card,Online,POS,0
3565,4214,1232.46,2024-01-06 12:07:00,Travel,Credit Card,Mobile,Mobile,0
3566,4182,3894.99,2024-01-14 05:41:00,Utilities,UPI,ATM,Desktop,0
3567,4418,187.61,2025-05-03 14:44:00,Food,Net Banking,Online,Mobile,0
3568,6402,1503.12,2025-02-18 21:47:00,Shopping,Credit Card,Online,Tablet,0
3569,6161,1331.35,2025-09-08 23:31:00,Travel,Debit Card,ATM,Mobile,0
3570,1757,951.18,2024-11-06 19:52:00,Travel,UPI,Mobile,Tablet,0
3571,4790,1820.27,2025-09-23 11:44:00,Grocery,Debit Card,In-store,POS,0
3572,5484,31.5,2025-11-20 22:43:00,Grocery,Debit Card,ATM,Mobile,0
3573,6763,1356.4,2025-02-08 09:05:00,Electronics,Credit Card,In-store,Mobile,0
3574,9140,1329.86,2024-05-08 04:00:00,Utilities,UPI,Mobile,POS,0
3575,7269,1451.8,2024-07-14 03:52:00,Other,Debit Card,In-store,Desktop,0
3576,769,477.63,2024-01-17 22:12:00,Healthcare,Cash,In-store,POS,0
3577,2896,465.37,2024-01-28 06:30:00,Food,Debit Card,ATM,POS,0
3578,395,2083.72,2025-10-26 04:41:00,Entertainment,Net Banking,Online,Tablet,0
3579,8982,194.62,2024-09-04 13:53:00,Entertainment,Net Banking,Online,Mobile,0
3580,897,730.34,2025-10-03 17:12:00,Utilities,Debit Card,ATM,Mobile,0
3581,6477,3553.54,2024-03-29 09:49:00,Grocery,Credit Card,Mobile,Tablet,0
3582,8558,219.1,2025-04-19 04:30:00,Healthcare,Net Banking,ATM,Tablet,0
3583,4913,1262.47,2025-03-08 00:07:00,Grocery,UPI,In-store,Mobile,0
3584,5802,2209.04,2024-06-19 04:47:00,Entertainment,Credit Card,Online,Desktop,0
3585,8796,305.47,2025-12-20 14:31:00,Healthcare,Credit Card,Online,Desktop,0
3586,7089,749.28,2025-04-27 00:55:00,Electronics,Credit Card,ATM,Tablet,0
3587,7437,1636.32,2025-04-05 18:15:00,Food,Debit Card,Online,Mobile,0
3588,7006,792.7,2024-07-25 09:36:00,Entertainment,UPI,Mobile,Desktop,0
3589,9978,232.93,2025-02-05 01:21:00,Travel,Debit Card,ATM,Desktop,0
3590,6372,528.99,2024-01-09 03:40:00,Healthcare,Credit Card,Online,Mobile,0
3591,9924,231.75,2025-12-31 13:26:00,Utilities,Credit Card,Mobile,POS,0
3592,3214,8215.55,2025-05-22 23:37:00,Electronics,Net Banking,Online,POS,0
3593,9124,537.46,2025-09-02 23:35:00,Healthcare,UPI,ATM,Desktop,0
3594,4792,1512.4,2024-10-24 01:31:00,Grocery,Net Banking,ATM,POS,0
3595,3287,1119.06,2025-02-13 15:32:00,Entertainment,Credit Card,Mobile,POS,0
3596,5166,1685.68,2025-08-28 23:39:00,Healthcare,Net Banking,In-store,Desktop,0
3597,4111,1378.67,2025-11-25 15:14:00,Travel,Debit Card,ATM,Mobile,0
3598,9559,2597.75,2024-03-03 16:01:00,Other,Credit Card,Mobile,Mobile,0
3599,8328,4127.36,2025-03-08 18:20:00,Travel,Credit Card,Mobile,Desktop,0
3600,1658,671.78,2025-07-20 02:17:00,Entertainment,Credit Card,Mobile,Desktop,0
3601,2744,405.72,2025-10-25 13:56:00,Food,Credit Card,ATM,Tablet,0
3602,5387,8313.27,2025-04-29 03:31:00,Shopping,Credit Card,In-store,POS,0
3603,3991,4020.91,2025-09-29 20:22:00,Electronics,UPI,In-store,Desktop,0
3604,3483,904.86,2025-04-04 22:27:00,Entertainment,Credit Card,In-store,POS,0
3605,1823,4503.53,2024-01-22 05:18:00,Electronics,Debit Card,In-store,Desktop,0
3606,3944,2220.64,2024-07-15 15:22:00,Travel,UPI,Online,POS,0
3607,1346,1150.45,2025-03-24 07:32:00,Travel,UPI,In-store,Mobile,0
3608,876,4133.79,2024-08-12 18:58:00,Utilities,Net Banking,Online,Mobile,0
3609,2416,2249.6,2025-12-02 10:58:00,Food,Credit Card,Online,Desktop,0
3610,8968,3502.59,2025-09-08 22:42:00,Electronics,UPI,Mobile,POS,0
3611,3905,1081.74,2025-04-24 04:56:00,Healthcare,Credit Card,Online,Desktop,0
3612,4505,3206.07,2024-10-27 23:45:00,Entertainment,Credit Card,In-store,POS,0
3613,408,914.34,2025-02-03 13:53:00,Electronics,UPI,Mobile,Desktop,0
3614,3807,2656.65,2025-11-20 20:47:00,Travel,Net Banking,In-store,Desktop,0
3615,7795,1143.74,2025-01-03 15:51:00,Electronics,UPI,Online,Tablet,0
3616,6910,1039.04,2024-06-14 19:13:00,Entertainment,Net Banking,Online,Tablet,0
3617,308,3185.49,2024-10-16 22:47:00,Travel,UPI,ATM,Tablet,0
3618,4159,267.15,2024-03-29 21:30:00,Shopping,UPI,ATM,Tablet,0
3619,8269,5267.99,2024-05-12 05:12:00,Entertainment,Credit Card,In-store,Tablet,0
3620,4047,1421.32,2024-06-09 19:31:00,Travel,Debit Card,ATM,Tablet,0
3621,7968,2021.61,2024-04-13 13:31:00,Other,Net Banking,Mobile,POS,0
3622,365,1039.27,2024-11-06 07:13:00,Other,UPI,ATM,Tablet,0
3623,9491,2076.21,2025-07-24 01:01:00,Travel,Credit Card,In-store,Mobile,0
3624,1960,2474.72,2025-01-02 08:22:00,Entertainment,UPI,Mobile,Desktop,0
3625,4136,4057.15,2025-11-24 05:11:00,Utilities,Credit Card,In-store,Mobile,0
3626,8858,3853.49,2025-05-30 01:51:00,Travel,Net Banking,Mobile,Tablet,0
3627,3589,885.76,2024-03-06 10:27:00,Other,Net Banking,Online,POS,0
3628,8917,1913.46,2024-04-26 19:14:00,Utilities,Net Banking,ATM,Desktop,0
3629,3528,3033.51,2024-05-03 17:14:00,Healthcare,Credit Card,Online,Tablet,0
3630,8406,2895.18,2025-05-13 08:21:00,Healthcare,Credit Card,ATM,Desktop,0
3631,2007,4431.56,2024-12-29 01:49:00,Shopping,Net Banking,Mobile,Desktop,0
3632,8281,3566.91,2025-07-24 08:57:00,Other,Debit Card,Online,Mobile,0
3633,1607,2530.67,2024-06-03 22:55:00,Travel,Net Banking,Mobile,POS,0
3634,5966,2763.45,2025-06-11 19:42:00,Travel,Net Banking,ATM,Desktop,0
3635,4480,3294.73,2024-04-16 22:03:00,Shopping,Net Banking,Online,POS,0
3636,1193,3638.94,2025-03-24 14:53:00,Travel,Credit Card,In-store,Mobile,0
3637,4531,869.8,2024-04-23 03:50:00,Entertainment,UPI,In-store,Tablet,0
3638,7878,3044.78,2025-09-17 19:50:00,Utilities,Net Banking,Mobile,Mobile,0
3639,2656,5960.07,2024-04-14 17:02:00,Utilities,Debit Card,Mobile,POS,0
3640,319,530.44,2025-06-03 03:10:00,Electronics,UPI,Online,Tablet,0
3641,3166,98.87,2025-10-07 03:55:00,Electronics,Debit Card,Online,POS,0
3642,7538,150.3,2024-07-29 11:10:00,Entertainment,Credit Card,Mobile,Desktop,0
3643,5173,488.53,2024-10-26 22:28:00,Food,Net Banking,Mobile,Desktop,0
3644,4961,5046.22,2025-06-02 15:46:00,Healthcare,Credit Card,ATM,POS,0
3645,1547,271.17,2024-04-11 04:41:00,Utilities,Credit Card,Mobile,Desktop,0
3646,7690,2753.5,2025-01-07 10:52:00,Travel,Credit Card,In-store,Mobile,0
3647,4829,4035.47,2024-05-21 03:54:00,Grocery,Debit Card,Mobile,POS,0
3648,988,4199.63,2024-07-25 14:26:00,Electronics,UPI,ATM,Tablet,0
3649,8616,1078.27,2024-01-07 07:53:00,Grocery,Credit Card,ATM,POS,0
3650,7415,1367.43,2025-04-30 10:18:00,Electronics,Net Banking,In-store,Tablet,0
3651,6290,780.9,2025-06-01 05:05:00,Healthcare,Debit Card,ATM,POS,0
3652,5202,318.8,2024-09-29 11:45:00,Utilities,UPI,Mobile,POS,0
3653,5935,476.95,2025-02-28 11:40:00,Shopping,Credit Card,Online,POS,0
3654,375,289.55,2025-11-11 07:09:00,Shopping,Net Banking,In-store,Desktop,0
3655,8239,1046.88,2025-06-26 13:50:00,Utilities,Credit Card,Mobile,POS,0
3656,500,373.49,2024-08-21 04:51:00,Electronics,Credit Card,Online,Tablet,0
3657,6651,1033.02,2025-03-15 13:58:00,Other,UPI,In-store,POS,0
3658,7759,3810.16,2025-02-23 14:54:00,Food,Credit Card,Online,Desktop,0
3659,5244,2125.62,2025-06-12 21:23:00,Entertainment,UPI,In-store,Mobile,0
3660,2393,2173.87,2024-01-31 14:09:00,Electronics,UPI,Online,Desktop,0
3661,4525,3341.2,2024-01-11 22:51:00,Shopping,UPI,In-store,Desktop,0
3662,5551,84.13,2025-06-13 02:05:00,Entertainment,Credit Card,Mobile,Tablet,0
3663,5152,3164.72,2024-12-12 10:25:00,Grocery,UPI,Online,POS,0
3664,2034,437.18,2024-06-17 13:03:00,Healthcare,UPI,Mobile,Mobile,0
3665,4883,849.07,2025-02-06 01:42:00,Entertainment,Debit Card,Mobile,Mobile,0
3666,9362,736.46,2025-10-18 04:57:00,Utilities,Debit Card,In-store,Mobile,0
3667,3864,223.33,2025-08-11 01:40:00,Utilities,Credit Card,ATM,Desktop,0
3668,2991,381.62,2025-12-31 21:56:00,Food,Credit Card,Mobile,Tablet,0
3669,9309,6262.98,2025-06-16 09:26:00,Other,Credit Card,ATM,Mobile,0
3670,8438,1833.94,2025-02-15 21:44:00,Utilities,UPI,Online,Desktop,0
3671,3413,1284.8,2025-07-20 09:46:00,Food,Debit Card,Mobile,Desktop,0
3672,9877,2835.94,2024-11-17 11:00:00,Shopping,Credit Card,ATM,Tablet,0
3673,304,3361.22,2024-10-13 16:39:00,Electronics,Credit Card,ATM,Desktop,0
3674,2025,233.66,2024-05-30 22:25:00,Healthcare,Credit Card,Mobile,POS,0
3675,450,2701.12,2025-04-01 20:13:00,Shopping,Credit Card,In-store,Desktop,0
3676,9133,5388.19,2025-07-11 19:50:00,Utilities,Credit Card,Mobile,Tablet,0
3677,534,1761.06,2025-09-25 20:28:00,Entertainment,UPI,ATM,Desktop,0
3678,2472,1904.65,2025-12-15 11:56:00,Grocery,Debit Card,In-store,Desktop,0
3679,6182,4086.72,2025-10-26 12:49:00,Travel,Credit Card,In-store,Desktop,0
3680,2579,2275.64,2024-07-21 09:05:00,Food,Debit Card,Online,Mobile,0
3681,8083,10706.61,2024-02-07 17:21:00,Healthcare,Debit Card,ATM,POS,0
3682,2653,664.5,2025-02-03 23:46:00,Travel,UPI,ATM,Mobile,0
3683,4978,3734.87,2024-05-09 16:34:00,Electronics,Credit Card,Mobile,Desktop,0
3684,3759,1895.61,2024-10-17 06:05:00,Travel,UPI,ATM,Desktop,0
3685,3898,910.58,2025-06-07 17:19:00,Food,Debit Card,Mobile,Desktop,0
3686,953,4292.18,2025-06-17 10:48:00,Travel,Debit Card,Online,Tablet,0
3687,9691,11170.0,2025-10-12 05:01:00,Shopping,UPI,Mobile,POS,0
3688,6359,119.18,2024-01-29 17:37:00,Utilities,Debit Card,Online,Mobile,0
3689,3576,5194.52,2024-09-21 07:53:00,Other,Debit Card,In-store,POS,0
3690,914,454.08,2024-11-07 23:27:00,Travel,Debit Card,Online,Desktop,0
3691,3038,459.3,2025-06-01 03:46:00,Shopping,UPI,In-store,Tablet,0
3692,4056,85.31,2024-03-02 11:16:00,Other,UPI,Online,POS,0
3693,3280,5106.91,2025-10-04 16:22:00,Shopping,Credit Card,ATM,Tablet,0
3694,5086,2849.22,2024-05-06 01:48:00,Food,UPI,Mobile,POS,0
3695,7961,109.86,2025-10-28 03:28:00,Healthcare,Debit Card,Online,Desktop,0
3696,3494,2007.71,2024-11-01 18:47:00,Other,Cash,Online,Mobile,0
3697,2023,255.97,2024-01-06 14:21:00,Electronics,Debit Card,Mobile,Tablet,0
3698,5761,2783.86,2024-08-29 23:37:00,Other,Net Banking,Online,POS,0
3699,5288,1052.06,2025-08-02 22:57:00,Grocery,Net Banking,Mobile,Desktop,0
3700,951,106.33,2025-10-04 21:34:00,Healthcare,Cash,In-store,Desktop,0
3701,9055,3536.95,2025-09-01 07:22:00,Grocery,Credit Card,ATM,Mobile,0
3702,9823,1699.2,2024-11-02 09:42:00,Grocery,Debit Card,Online,POS,0
3703,4065,2964.45,2025-08-09 21:08:00,Travel,UPI,In-store,Mobile,0
3704,8780,2244.98,2025-01-21 16:47:00,Entertainment,Credit Card,ATM,POS,0
3705,9463,1139.72,2024-09-10 03:20:00,Entertainment,UPI,Online,Desktop,1
3706,8875,2399.08,2025-06-12 18:12:00,Food,Credit Card,Online,Tablet,0
3707,1328,29.73,2025-01-04 14:06:00,Healthcare,Credit Card,Mobile,POS,0
3708,8486,830.24,2024-05-30 22:27:00,Entertainment,Credit Card,Online,Mobile,0
3709,9050,3008.84,2025-02-25 02:05:00,Utilities,Debit Card,Online,Desktop,0
3710,4350,2879.91,2024-03-04 13:56:00,Electronics,Credit Card,Online,Mobile,0
3711,913,4367.99,2024-05-13 15:13:00,Shopping,Debit Card,ATM,Tablet,0
3712,8173,1888.59,2025-04-01 02:23:00,Entertainment,Debit Card,In-store,Mobile,0
3713,9381,5701.42,2025-11-24 16:25:00,Healthcare,Net Banking,Mobile,Tablet,0
3714,7874,1631.59,2025-08-25 17:33:00,Grocery,Credit Card,Online,Tablet,0
3715,8862,1388.11,2025-02-08 08:37:00,Electronics,Net Banking,Mobile,Desktop,0
3716,9104,439.34,2025-05-25 20:27:00,Entertainment,UPI,Mobile,Desktop,0
3717,9772,3017.71,2025-03-26 22:59:00,Other,UPI,ATM,Tablet,0
3718,1723,2355.68,2025-05-16 23:26:00,Grocery,Cash,ATM,Desktop,0
3719,7300,1235.19,2024-06-15 04:32:00,Grocery,Credit Card,Online,Tablet,0
3720,4255,182.28,2024-05-10 15:45:00,Utilities,Debit Card,Mobile,Desktop,0
3721,5417,268.67,2025-04-13 04:45:00,Shopping,UPI,In-store,Tablet,0
3722,9804,243.12,2025-06-09 16:07:00,Utilities,Debit Card,Online,Tablet,0
3723,8578,941.93,2025-12-12 06:29:00,Travel,Debit Card,Mobile,Desktop,0
3724,5640,346.27,2025-04-29 01:47:00,Shopping,Credit Card,ATM,POS,0
3725,5739,3944.29,2024-06-09 17:23:00,Shopping,UPI,ATM,Desktop,0
3726,5160,4592.14,2024-05-01 19:54:00,Food,Net Banking,Mobile,Desktop,0
3727,6761,3886.59,2025-02-22 03:07:00,Shopping,UPI,ATM,Mobile,0
3728,6462,1877.35,2025-01-13 18:18:00,Electronics,Credit Card,ATM,Desktop,0
3729,9786,1814.44,2024-02-11 16:09:00,Other,UPI,In-store,Tablet,0
3730,1351,4431.42,2024-04-30 11:19:00,Food,UPI,In-store,POS,0
3731,7767,1042.79,2025-01-18 09:18:00,Travel,UPI,Mobile,Desktop,0
3732,174,128.74,2025-05-12 00:50:00,Healthcare,UPI,Online,Tablet,0
3733,8551,1271.24,2024-05-26 04:50:00,Healthcare,UPI,In-store,Desktop,0
3734,9882,1613.57,2025-08-26 13:03:00,Travel,UPI,Online,Tablet,0
3735,9002,1594.58,2024-11-08 09:13:00,Utilities,Debit Card,ATM,Tablet,0
3736,943,346.34,2024-07-06 23:31:00,Shopping,Debit Card,Online,POS,0
3737,4530,3059.53,2024-01-03 03:35:00,Electronics,Credit Card,Mobile,Mobile,0
3738,429,2633.29,2024-12-23 02:55:00,Grocery,Debit Card,Online,POS,0
3739,1945,522.35,2024-02-15 13:30:00,Other,UPI,Online,POS,0
3740,2356,1602.49,2025-08-09 09:36:00,Electronics,Debit Card,In-store,Mobile,0
3741,9607,3124.42,2025-04-08 10:50:00,Shopping,UPI,In-store,Tablet,0
3742,4374,15.43,2025-01-21 15:53:00,Electronics,UPI,Online,Tablet,0
3743,3229,643.59,2025-09-12 04:48:00,Travel,Credit Card,ATM,Tablet,0
3744,7896,1277.46,2024-05-21 16:40:00,Food,UPI,Online,Desktop,0
3745,4264,3729.07,2025-04-16 14:42:00,Electronics,Debit Card,ATM,Desktop,0
3746,5556,3208.58,2025-04-04 04:55:00,Other,UPI,ATM,Desktop,0
3747,6514,327.37,2024-11-29 02:51:00,Travel,Credit Card,ATM,POS,0
3748,4044,1242.55,2025-10-01 21:39:00,Utilities,UPI,ATM,Tablet,1
3749,7680,726.64,2025-02-23 12:14:00,Electronics,UPI,In-store,Tablet,0
3750,6523,1026.44,2025-02-08 10:34:00,Electronics,Debit Card,In-store,Desktop,0
3751,569,1555.78,2024-02-16 21:56:00,Utilities,UPI,ATM,POS,0
3752,8030,1383.66,2025-03-29 23:17:00,Grocery,Credit Card,ATM,POS,0
3753,6243,305.31,2025-10-23 02:55:00,Travel,Net Banking,ATM,Mobile,0
3754,2211,259.51,2024-06-18 22:01:00,Electronics,Credit Card,Online,POS,1
3755,8026,279.14,2025-08-08 20:50:00,Entertainment,Cash,In-store,Mobile,0
3756,5395,3681.33,2025-12-25 09:35:00,Entertainment,UPI,Online,POS,0
3757,7125,40.27,2025-10-22 03:41:00,Grocery,UPI,ATM,Mobile,0
3758,344,452.31,2025-07-26 02:12:00,Food,UPI,In-store,POS,0
3759,2584,6242.22,2025-09-25 17:36:00,Utilities,UPI,In-store,Mobile,0
3760,6752,136.6,2024-02-24 18:33:00,Other,Debit Card,Online,Mobile,0
3761,3193,73.99,2024-07-12 15:32:00,Entertainment,Credit Card,ATM,POS,0
3762,154,979.86,2024-01-20 03:42:00,Healthcare,Credit Card,Online,Mobile,0
3763,7250,327.86,2025-06-28 05:01:00,Other,Net Banking,In-store,POS,0
3764,7445,1668.33,2024-10-08 06:15:00,Grocery,Debit Card,ATM,Mobile,0
3765,4222,826.74,2025-12-23 18:28:00,Grocery,Credit Card,In-store,Mobile,0
3766,5404,468.84,2024-03-27 17:38:00,Shopping,UPI,Online,Desktop,0
3767,7804,13145.02,2024-11-24 12:37:00,Other,UPI,Online,Tablet,0
3768,1871,834.38,2024-02-16 15:55:00,Grocery,Debit Card,In-store,Desktop,0
3769,7959,2048.9,2024-01-24 10:27:00,Utilities,Debit Card,In-store,Tablet,0
3770,3253,4144.74,2024-07-03 13:01:00,Food,Debit Card,ATM,POS,0
3771,5941,5112.04,2025-06-24 10:24:00,Shopping,Credit Card,Mobile,Tablet,0
3772,3548,1055.7,2024-09-20 02:07:00,Healthcare,Cash,Online,Tablet,0
3773,3908,7472.47,2024-04-11 17:10:00,Entertainment,Debit Card,Mobile,Mobile,0
3774,9577,2578.81,2024-10-19 04:11:00,Travel,Net Banking,ATM,Tablet,0
3775,7007,1750.66,2024-09-18 02:09:00,Travel,Net Banking,In-store,POS,0
3776,7805,2363.64,2024-11-10 13:43:00,Grocery,Credit Card,Mobile,POS,0
3777,1476,893.0,2024-06-22 01:39:00,Electronics,Credit Card,ATM,Desktop,0
3778,4002,1104.7,2024-11-29 05:01:00,Other,Debit Card,Online,Tablet,0
3779,9350,1765.08,2025-12-31 01:19:00,Food,Credit Card,In-store,POS,0
3780,3935,791.53,2025-02-03 03:20:00,Utilities,Debit Card,ATM,POS,0
3781,4991,2929.05,2024-05-25 13:57:00,Entertainment,Net Banking,ATM,Desktop,0
3782,4786,578.26,2024-11-27 08:24:00,Electronics,UPI,ATM,Desktop,0
3783,3864,3187.18,2024-05-03 01:12:00,Food,Debit Card,Mobile,Desktop,0
3784,2521,330.12,2024-09-02 19:37:00,Other,UPI,In-store,Mobile,0
3785,4101,490.24,2024-08-30 15:32:00,Other,Credit Card,ATM,Mobile,0
3786,7734,2797.49,2025-05-31 12:07:00,Shopping,UPI,In-store,Mobile,0
3787,778,610.72,2024-10-02 01:20:00,Food,UPI,Online,Desktop,0
3788,8413,3173.34,2025-04-20 17:26:00,Utilities,Cash,Online,POS,0
3789,9822,3063.75,2024-03-08 15:01:00,Grocery,Debit Card,ATM,Desktop,0
3790,1542,594.93,2025-02-21 20:14:00,Entertainment,Credit Card,Online,Desktop,0
3791,5648,151.78,2024-01-20 08:35:00,Utilities,Credit Card,In-store,POS,1
3792,7740,363.91,2025-08-23 21:06:00,Travel,Net Banking,ATM,Desktop,0
3793,9157,2792.91,2024-09-09 17:41:00,Entertainment,Debit Card,ATM,Desktop,0
3794,6056,3754.56,2024-05-08 09:36:00,Grocery,Credit Card,Mobile,Desktop,0
3795,6644,965.95,2025-02-20 14:05:00,Shopping,UPI,In-store,Desktop,0
3796,6851,358.78,2025-10-13 16:13:00,Electronics,UPI,In-store,Mobile,0
3797,9186,156.94,2024-05-25 11:34:00,Grocery,Net Banking,Online,POS,0
3798,3521,486.22,2024-06-21 07:34:00,Travel,Net Banking,Mobile,Tablet,1
3799,6389,7792.78,2025-03-09 17:28:00,Travel,Credit Card,ATM,Desktop,0
3800,8454,373.32,2024-02-12 00:52:00,Utilities,Credit Card,Mobile,Mobile,0
3801,4639,180.21,2025-04-20 19:18:00,Electronics,Debit Card,In-store,Mobile,0
3802,3423,3078.64,2025-10-30 05:00:00,Utilities,Net Banking,ATM,POS,0
3803,2082,1911.16,2024-03-02 15:17:00,Grocery,UPI,Mobile,POS,0
3804,488,1530.67,2025-09-04 08:53:00,Entertainment,Credit Card,Online,Desktop,0
3805,9973,1187.88,2025-11-27 12:22:00,Shopping,Credit Card,Online,Mobile,0
3806,3421,2420.26,2025-10-09 06:37:00,Utilities,Debit Card,Mobile,Desktop,0
3807,7614,2397.01,2025-06-06 09:02:00,Food,UPI,Mobile,POS,0
3808,6614,1104.77,2024-06-14 23:34:00,Utilities,Credit Card,ATM,Tablet,0
3809,6438,533.74,2025-07-30 02:19:00,Other,Credit Card,Mobile,Mobile,0
3810,4984,3681.02,2024-04-01 12:44:00,Grocery,Credit Card,In-store,Mobile,0
3811,1783,359.74,2024-05-05 04:46:00,Electronics,Credit Card,ATM,Tablet,0
3812,7556,1527.17,2025-07-23 08:56:00,Grocery,Debit Card,Online,Tablet,0
3813,277,2359.69,2025-03-18 06:39:00,Food,Net Banking,Online,Tablet,0
3814,9892,2037.07,2025-05-31 10:56:00,Travel,Credit Card,ATM,POS,0
3815,8690,1928.83,2025-11-29 10:40:00,Grocery,UPI,ATM,POS,0
3816,5363,2172.42,2024-09-24 22:28:00,Grocery,Credit Card,Online,Mobile,0
3817,8039,4169.39,2024-10-06 07:42:00,Utilities,Debit Card,In-store,POS,0
3818,3929,909.5,2024-11-25 10:13:00,Electronics,Credit Card,Online,Tablet,0
3819,4455,1974.7,2025-04-15 19:21:00,Other,Net Banking,Online,POS,0
3820,2840,2387.83,2024-01-17 22:08:00,Utilities,UPI,Mobile,Desktop,0
3821,278,1784.79,2025-10-23 00:38:00,Grocery,Credit Card,In-store,Desktop,0
3822,4267,4666.14,2025-05-02 00:57:00,Grocery,Debit Card,Mobile,Mobile,0
3823,1520,2127.14,2024-01-10 21:11:00,Entertainment,UPI,ATM,Desktop,0
3824,6833,1104.79,2025-02-27 17:57:00,Travel,Net Banking,In-store,POS,0
3825,4472,3736.25,2025-12-14 22:31:00,Healthcare,UPI,Online,Tablet,0
3826,5138,1345.0,2025-02-06 17:05:00,Shopping,UPI,In-store,Desktop,0
3827,6444,1510.74,2025-10-26 20:04:00,Utilities,Credit Card,ATM,POS,0
3828,4205,1745.89,2025-07-05 00:57:00,Grocery,Debit Card,In-store,Tablet,0
3829,9248,779.53,2025-11-18 14:43:00,Healthcare,Net Banking,In-store,Mobile,0
3830,1466,2564.16,2024-05-06 11:52:00,Other,UPI,Mobile,Tablet,0
3831,1080,206.56,2025-01-20 19:22:00,Other,Credit Card,ATM,Desktop,0
3832,9956,4062.81,2025-01-31 05:53:00,Electronics,UPI,Online,Tablet,0
3833,2495,2809.22,2025-12-14 00:07:00,Shopping,Debit Card,Online,Mobile,0
3834,6636,872.77,2025-04-18 11:59:00,Entertainment,UPI,In-store,Tablet,0
3835,9081,513.38,2024-07-16 14:00:00,Travel,Net Banking,Mobile,POS,0
3836,8324,981.71,2024-08-14 23:01:00,Utilities,Credit Card,In-store,Desktop,0
3837,9454,3270.05,2024-10-14 21:58:00,Food,Net Banking,In-store,Mobile,0
3838,250,64.16,2025-12-27 11:12:00,Healthcare,Credit Card,Mobile,Desktop,0
3839,1066,1261.94,2024-04-02 19:40:00,Entertainment,Credit Card,Mobile,POS,0
3840,997,586.35,2024-11-06 22:14:00,Other,UPI,Mobile,Desktop,0
3841,231,4158.11,2024-08-27 15:23:00,Travel,UPI,Mobile,Desktop,0
3842,9020,1068.33,2024-02-07 08:31:00,Food,Debit Card,ATM,Tablet,0
3843,404,2393.98,2025-12-21 22:38:00,Electronics,Credit Card,Mobile,Desktop,0
3844,4077,886.0,2024-08-02 00:12:00,Entertainment,Net Banking,In-store,POS,0
3845,3964,800.06,2025-10-15 12:07:00,Utilities,Debit Card,Online,POS,0
3846,3453,788.67,2024-10-11 18:32:00,Food,Cash,ATM,POS,0
3847,8047,2267.49,2025-05-20 05:35:00,Healthcare,Net Banking,Online,Mobile,0
3848,7957,6661.9,2024-07-17 21:47:00,Food,Credit Card,ATM,Mobile,0
3849,4223,466.75,2025-08-02 21:43:00,Utilities,UPI,ATM,POS,0
3850,5765,2065.09,2025-09-09 18:11:00,Other,Credit Card,Mobile,Desktop,0
3851,8432,616.95,2024-03-07 18:08:00,Utilities,Credit Card,In-store,Tablet,0
3852,7718,1594.13,2024-03-07 04:16:00,Travel,Credit Card,In-store,Tablet,0
3853,6714,1560.02,2025-08-06 07:56:00,Utilities,Credit Card,In-store,Mobile,0
3854,8880,1195.84,2025-06-19 23:50:00,Travel,Debit Card,Mobile,Tablet,0
3855,8555,1380.88,2024-10-07 06:54:00,Entertainment,Debit Card,In-store,POS,0
3856,4270,4244.38,2025-11-25 00:44:00,Healthcare,Credit Card,In-store,Mobile,0
3857,4951,185.56,2025-11-25 17:39:00,Utilities,Credit Card,Online,Desktop,0
3858,2305,3547.25,2024-09-15 21:35:00,Shopping,Debit Card,Online,Desktop,0
3859,2148,1240.96,2025-04-09 00:27:00,Other,Debit Card,In-store,Tablet,0
3860,2535,811.71,2025-10-18 21:41:00,Grocery,Debit Card,Online,Mobile,0
3861,9564,389.95,2024-02-23 10:27:00,Entertainment,Cash,In-store,Mobile,0
3862,2593,3372.71,2025-02-20 08:07:00,Travel,Debit Card,Mobile,Mobile,0
3863,3438,1793.18,2025-11-27 16:29:00,Healthcare,UPI,Online,Mobile,0
3864,5272,2606.67,2025-05-22 11:33:00,Healthcare,Debit Card,Online,Tablet,0
3865,2630,756.57,2024-02-14 23:14:00,Shopping,UPI,ATM,Mobile,0
3866,6798,998.32,2024-02-18 08:58:00,Entertainment,Cash,Mobile,POS,0
3867,8288,4898.55,2025-03-06 17:28:00,Entertainment,Debit Card,Mobile,Mobile,0
3868,8531,6497.76,2024-11-19 00:25:00,Grocery,Debit Card,In-store,Mobile,0
3869,9670,2692.93,2024-07-18 10:05:00,Travel,Credit Card,ATM,Mobile,0
3870,1108,2768.0,2025-08-08 00:47:00,Travel,Net Banking,In-store,Desktop,0
3871,7641,2370.96,2024-08-19 22:27:00,Shopping,Credit Card,Online,Desktop,0
3872,4221,1769.63,2024-03-17 07:12:00,Shopping,UPI,Online,Mobile,0
3873,2388,1808.12,2024-06-17 10:19:00,Shopping,UPI,In-store,POS,0
3874,651,6637.55,2024-03-05 20:40:00,Other,Credit Card,Online,Desktop,0
3875,5629,2779.89,2024-04-09 00:30:00,Shopping,Debit Card,In-store,Tablet,0
3876,6816,2130.4,2025-03-18 00:37:00,Healthcare,Debit Card,Mobile,Mobile,0
3877,1437,419.15,2025-10-03 10:53:00,Food,Credit Card,ATM,POS,0
3878,3358,7550.97,2024-09-13 07:06:00,Entertainment,Net Banking,ATM,POS,0
3879,3158,1469.16,2025-04-29 07:21:00,Travel,Debit Card,Mobile,Tablet,0
3880,4235,5754.59,2024-02-25 10:33:00,Utilities,Net Banking,In-store,Tablet,0
3881,9172,2500.44,2024-08-30 02:49:00,Other,Net Banking,ATM,POS,0
3882,704,81.81,2025-09-06 19:28:00,Grocery,Cash,In-store,Desktop,0
3883,6054,1548.69,2024-04-07 20:28:00,Electronics,Net Banking,Mobile,Desktop,0
3884,1212,4463.92,2025-08-15 03:05:00,Shopping,UPI,In-store,POS,0
3885,9607,106.34,2024-03-03 01:24:00,Entertainment,UPI,ATM,Desktop,0
3886,4999,4030.72,2024-11-16 22:04:00,Shopping,Credit Card,Online,Mobile,0
3887,8132,1900.68,2024-05-10 01:58:00,Healthcare,Debit Card,ATM,Tablet,0
3888,7460,91.1,2025-03-28 01:19:00,Grocery,UPI,ATM,Tablet,0
3889,1062,935.53,2025-09-17 20:27:00,Healthcare,Credit Card,In-store,Desktop,0
3890,1060,61.27,2024-03-08 03:43:00,Grocery,Credit Card,In-store,Desktop,0
3891,8307,3.44,2024-02-27 17:03:00,Shopping,UPI,In-store,Mobile,1
3892,8706,4534.92,2024-10-28 12:25:00,Grocery,Credit Card,ATM,Mobile,0
3893,8503,2761.25,2024-04-08 19:48:00,Food,Debit Card,In-store,POS,0
3894,9982,683.49,2025-02-24 07:55:00,Healthcare,Credit Card,Mobile,Desktop,0
3895,845,241.42,2025-09-05 21:39:00,Shopping,Credit Card,Online,Desktop,0
3896,3260,111.94,2024-01-11 14:24:00,Entertainment,UPI,Mobile,Desktop,0
3897,4121,4983.19,2025-04-20 13:56:00,Travel,UPI,Mobile,Tablet,0
3898,8974,1964.63,2025-09-27 19:06:00,Food,Credit Card,ATM,Mobile,0
3899,7408,350.04,2024-12-13 20:43:00,Shopping,Credit Card,Online,Tablet,0
3900,5513,2288.03,2024-01-27 14:33:00,Shopping,Debit Card,ATM,Desktop,0
3901,675,13608.08,2024-12-02 18:12:00,Food,UPI,ATM,POS,0
3902,9477,3102.6,2024-04-20 03:00:00,Other,Credit Card,Mobile,Mobile,0
3903,4332,1183.1,2025-09-01 22:04:00,Electronics,Debit Card,ATM,Desktop,0
3904,1486,3365.92,2025-08-30 06:57:00,Entertainment,UPI,ATM,Tablet,0
3905,9726,2727.55,2025-08-09 04:40:00,Grocery,Credit Card,Mobile,Mobile,0
3906,2117,185.66,2025-06-05 08:22:00,Shopping,Debit Card,Online,Mobile,1
3907,5371,5199.2,2025-03-07 15:46:00,Electronics,Debit Card,Mobile,Desktop,0
3908,6831,4310.11,2025-09-27 14:11:00,Shopping,Debit Card,Mobile,POS,0
3909,735,1785.93,2024-09-05 04:51:00,Shopping,Net Banking,Online,Desktop,0
3910,7498,1419.16,2024-02-15 01:08:00,Shopping,Debit Card,ATM,Tablet,0
3911,3568,516.87,2024-11-15 18:27:00,Healthcare,Debit Card,ATM,Tablet,0
3912,1021,3597.06,2025-06-09 20:48:00,Shopping,Credit Card,ATM,Tablet,0
3913,6493,1130.87,2025-01-01 09:37:00,Entertainment,Debit Card,ATM,POS,0
3914,6160,1731.7,2025-07-08 04:09:00,Healthcare,Debit Card,ATM,Mobile,0
3915,209,372.87,2025-04-25 09:38:00,Electronics,Credit Card,In-store,Desktop,0
3916,7211,481.15,2024-12-17 09:23:00,Utilities,Credit Card,ATM,Mobile,0
3917,9166,8426.44,2024-01-09 16:37:00,Grocery,Credit Card,ATM,Mobile,0
3918,6828,1362.44,2025-11-04 21:09:00,Other,UPI,Mobile,Mobile,0
3919,1929,3382.85,2024-02-28 07:32:00,Electronics,UPI,Mobile,Mobile,0
3920,4935,3540.74,2025-07-26 01:27:00,Utilities,Net Banking,In-store,POS,0
3921,9808,7981.09,2024-12-18 06:12:00,Healthcare,UPI,Online,Tablet,0
3922,1724,8137.82,2025-10-17 06:50:00,Electronics,Net Banking,Mobile,Tablet,0
3923,7475,1221.13,2024-03-11 10:12:00,Healthcare,Credit Card,In-store,POS,0
3924,8728,6004.32,2025-11-14 15:44:00,Travel,Net Banking,Mobile,POS,0
3925,8574,909.69,2025-12-09 14:38:00,Grocery,Net Banking,Online,Desktop,1
3926,6907,1871.15,2025-12-10 10:54:00,Other,UPI,Mobile,POS,0
3927,3063,3448.71,2025-08-15 18:21:00,Utilities,UPI,Online,Desktop,0
3928,6126,4901.86,2025-09-22 09:26:00,Other,Credit Card,In-store,Desktop,0
3929,9399,1484.0,2024-12-02 05:06:00,Entertainment,Net Banking,In-store,POS,0
3930,5878,1082.09,2025-04-10 01:31:00,Utilities,Debit Card,Online,Tablet,0
3931,5251,2607.72,2024-08-12 00:40:00,Electronics,Net Banking,Online,POS,0
3932,5487,1217.35,2024-08-16 22:14:00,Grocery,Debit Card,Online,Mobile,0
3933,5994,2228.27,2025-04-22 19:13:00,Shopping,Credit Card,In-store,Mobile,0
3934,4039,3261.52,2024-09-01 15:47:00,Utilities,Debit Card,ATM,Mobile,0
3935,8467,3679.3,2024-12-05 23:24:00,Food,Net Banking,Online,Desktop,0
3936,4522,586.9,2024-07-29 12:11:00,Entertainment,Credit Card,In-store,Desktop,0
3937,3400,1694.73,2024-01-07 11:00:00,Electronics,Debit Card,Mobile,Mobile,0
3938,6871,50.71,2024-03-16 11:01:00,Healthcare,Net Banking,Online,Mobile,0
3939,7060,3196.56,2025-07-22 03:09:00,Food,Credit Card,Mobile,POS,0
3940,3873,267.28,2024-10-24 14:12:00,Other,Credit Card,Mobile,POS,0
3941,8582,4106.53,2025-10-08 18:58:00,Electronics,UPI,ATM,POS,0
3942,8463,1044.48,2025-01-03 01:01:00,Food,Net Banking,Mobile,POS,0
3943,3022,366.09,2024-07-22 06:18:00,Travel,UPI,ATM,Desktop,0
3944,457,3177.46,2024-06-27 07:56:00,Food,Credit Card,Online,Tablet,0
3945,8538,447.0,2024-09-25 23:11:00,Food,Net Banking,Mobile,POS,0
3946,3328,1003.12,2024-12-13 17:15:00,Food,Debit Card,In-store,Desktop,0
3947,5919,1673.46,2024-07-01 06:01:00,Shopping,Debit Card,In-store,Desktop,0
3948,3457,892.67,2024-06-29 08:58:00,Food,UPI,Online,POS,0
3949,5267,394.53,2024-04-13 00:53:00,Healthcare,UPI,Online,Mobile,0
3950,9743,1042.07,2025-11-24 04:24:00,Grocery,Debit Card,ATM,Mobile,0
3951,3874,311.54,2025-11-01 03:21:00,Entertainment,Net Banking,ATM,Mobile,0
3952,5202,2539.91,2024-08-03 09:29:00,Electronics,Credit Card,In-store,Desktop,0
3953,3758,376.29,2024-09-02 11:51:00,Electronics,Net Banking,ATM,Mobile,0
3954,9267,1317.04,2025-01-16 21:10:00,Grocery,Credit Card,Mobile,Desktop,0
3955,2315,1643.68,2025-06-23 19:56:00,Healthcare,Credit Card,Online,Tablet,0
3956,3563,5803.28,2025-03-20 22:04:00,Travel,Net Banking,Online,POS,0
3957,4946,162.98,2024-05-01 04:56:00,Electronics,Credit Card,In-store,Desktop,0
3958,7616,5331.57,2024-05-13 06:12:00,Shopping,Cash,Mobile,Mobile,0
3959,6401,466.96,2025-06-29 12:44:00,Food,Credit Card,In-store,POS,0
3960,2057,3676.9,2025-01-18 10:38:00,Grocery,Net Banking,In-store,Mobile,0
3961,4417,189.71,2025-03-15 20:15:00,Grocery,Cash,Online,Tablet,0
3962,1367,8966.33,2024-02-17 19:37:00,Electronics,UPI,In-store,Mobile,0
3963,7425,3296.7,2024-07-12 17:18:00,Travel,Credit Card,Mobile,POS,0
3964,3962,130.04,2024-06-01 10:15:00,Electronics,Credit Card,In-store,Mobile,0
3965,9364,481.88,2024-02-24 20:50:00,Electronics,UPI,ATM,Tablet,0
3966,2240,1590.56,2024-10-13 04:54:00,Food,Credit Card,ATM,POS,0
3967,9108,1482.88,2025-06-04 18:56:00,Utilities,UPI,In-store,Tablet,0
3968,5244,1984.56,2025-05-15 06:46:00,Grocery,Credit Card,Online,POS,0
3969,9553,1245.4,2024-03-24 15:50:00,Grocery,Net Banking,Online,Desktop,0
3970,85,2649.75,2025-11-10 19:04:00,Electronics,UPI,Online,POS,0
3971,5032,856.91,2024-06-20 16:24:00,Electronics,Credit Card,In-store,Mobile,0
3972,9688,388.11,2025-10-22 16:23:00,Grocery,Net Banking,Mobile,POS,0
3973,7838,68.73,2025-05-25 16:29:00,Other,Cash,In-store,Mobile,0
3974,1559,785.39,2024-07-02 10:45:00,Utilities,UPI,Mobile,POS,0
3975,5240,1113.32,2025-01-17 16:44:00,Utilities,UPI,In-store,Tablet,0
3976,5176,2152.15,2025-05-09 22:31:00,Healthcare,Net Banking,ATM,Mobile,0
3977,6545,3284.5,2025-04-30 08:37:00,Healthcare,Credit Card,In-store,Mobile,0
3978,4610,549.04,2025-02-14 20:58:00,Healthcare,Net Banking,Mobile,Mobile,0
3979,4458,1359.29,2025-08-20 20:02:00,Electronics,Credit Card,ATM,Mobile,0
3980,3800,532.45,2024-07-31 07:57:00,Utilities,UPI,In-store,Desktop,0
3981,33,6038.63,2024-07-26 14:55:00,Entertainment,Debit Card,In-store,Tablet,0
3982,1785,2085.67,2024-08-28 12:13:00,Electronics,Debit Card,Online,Mobile,0
3983,8463,2265.8,2024-11-09 13:56:00,Other,Debit Card,ATM,POS,0
3984,9578,1515.26,2025-01-21 18:10:00,Utilities,UPI,ATM,Mobile,0
3985,6818,662.1,2025-01-18 08:35:00,Healthcare,UPI,In-store,Mobile,0
3986,8636,447.36,2024-03-27 04:48:00,Food,Debit Card,Mobile,Tablet,0
3987,8340,2137.98,2024-03-27 09:28:00,Travel,Cash,Mobile,Tablet,0
3988,2519,5094.6,2025-06-15 11:14:00,Grocery,Cash,ATM,Mobile,0
3989,8735,478.78,2025-08-20 01:29:00,Food,Credit Card,ATM,Desktop,0
3990,2026,1696.16,2025-06-08 19:21:00,Entertainment,UPI,In-store,Desktop,0
3991,8544,1507.17,2025-03-12 14:29:00,Other,Debit Card,Mobile,POS,0
3992,369,2052.51,2025-03-18 13:23:00,Healthcare,Credit Card,In-store,POS,0
3993,6169,1772.44,2025-05-24 10:17:00,Utilities,Net Banking,In-store,POS,0
3994,7680,637.09,2025-01-26 00:11:00,Travel,Credit Card,Mobile,POS,0
3995,4428,2351.69,2025-03-28 07:16:00,Utilities,UPI,Online,Desktop,0
3996,780,636.72,2025-10-22 02:22:00,Other,UPI,Mobile,Desktop,0
3997,9676,2116.82,2024-03-25 09:53:00,Other,Debit Card,Online,Tablet,0
3998,7667,713.16,2025-05-28 16:34:00,Other,Credit Card,Online,Tablet,0
3999,2486,172.04,2025-10-21 02:50:00,Grocery,Debit Card,ATM,POS,0
4000,6288,272.15,2024-10-10 07:06:00,Grocery,Net Banking,In-store,Mobile,0
4001,2750,3592.69,2024-05-01 02:23:00,Electronics,UPI,In-store,Tablet,0
4002,4170,258.75,2024-02-09 17:12:00,Shopping,Debit Card,Online,Desktop,0
4003,9208,802.49,2024-12-07 06:43:00,Shopping,UPI,Online,Mobile,0
4004,6026,678.35,2024-12-03 08:19:00,Grocery,Credit Card,Mobile,Tablet,0
4005,7259,119.2,2025-11-30 08:12:00,Healthcare,Net Banking,In-store,Mobile,0
4006,9268,1830.18,2025-12-23 19:08:00,Travel,Net Banking,Mobile,Tablet,0
4007,9232,3206.77,2025-07-10 08:00:00,Grocery,Credit Card,In-store,POS,0
4008,2703,9740.82,2024-11-02 09:52:00,Food,UPI,Mobile,POS,0
4009,1016,5498.75,2024-12-20 12:25:00,Electronics,Credit Card,Mobile,Mobile,0
4010,4623,101.17,2025-08-16 20:00:00,Healthcare,Debit Card,Mobile,Desktop,0
4011,9862,595.49,2025-04-28 20:32:00,Entertainment,Credit Card,In-store,Desktop,0
4012,8145,1062.46,2024-06-01 12:14:00,Shopping,UPI,Mobile,POS,0
4013,7789,4159.11,2024-08-20 23:47:00,Grocery,Credit Card,Online,POS,0
4014,6258,892.84,2024-08-02 15:14:00,Utilities,UPI,In-store,Desktop,0
4015,5207,1689.39,2025-06-12 18:50:00,Healthcare,Credit Card,Online,POS,0
4016,2274,2155.23,2025-07-19 14:46:00,Other,Debit Card,ATM,Tablet,0
4017,6268,707.53,2025-04-17 10:50:00,Entertainment,Credit Card,In-store,POS,0
4018,1643,1744.26,2024-03-28 10:54:00,Healthcare,Debit Card,Mobile,Mobile,0
4019,2393,104.45,2024-07-11 13:49:00,Utilities,Debit Card,Online,POS,0
4020,4390,1308.56,2025-12-15 13:13:00,Shopping,UPI,Mobile,POS,0
4021,2512,951.35,2025-03-25 14:54:00,Utilities,Debit Card,Mobile,Desktop,0
4022,1577,879.35,2025-07-25 00:23:00,Utilities,UPI,In-store,Desktop,0
4023,7308,535.48,2024-05-22 18:55:00,Healthcare,Net Banking,Online,Mobile,0
4024,5568,3404.58,2024-05-11 09:47:00,Healthcare,Cash,Mobile,Desktop,0
4025,3739,4272.84,2024-01-10 15:51:00,Grocery,Credit Card,Online,Mobile,0
4026,504,4380.81,2025-11-05 11:21:00,Other,Debit Card,In-store,Tablet,0
4027,326,1008.72,2024-08-18 13:27:00,Shopping,Credit Card,Online,Desktop,0
4028,9773,599.94,2025-12-03 12:48:00,Other,UPI,ATM,Mobile,0
4029,4888,207.2,2025-12-08 17:19:00,Grocery,Debit Card,Online,POS,0
4030,552,2231.97,2024-11-29 18:01:00,Healthcare,Credit Card,ATM,Mobile,0
4031,3929,801.46,2025-08-04 01:59:00,Healthcare,Credit Card,Online,Mobile,0
4032,8485,647.77,2024-05-22 04:21:00,Other,Debit Card,Online,POS,0
4033,9987,928.64,2025-08-04 20:51:00,Electronics,Debit Card,Mobile,Desktop,0
4034,9156,1618.12,2025-09-09 19:36:00,Grocery,Debit Card,Online,POS,0
4035,1604,353.3,2025-02-04 12:13:00,Electronics,Credit Card,In-store,Tablet,0
4036,2793,6505.77,2025-02-04 02:34:00,Healthcare,Debit Card,In-store,Mobile,0
4037,9822,2638.12,2025-01-30 06:30:00,Utilities,Cash,ATM,POS,0
4038,8485,95.83,2024-04-21 10:36:00,Utilities,Credit Card,ATM,Tablet,0
4039,114,732.84,2025-04-07 20:57:00,Travel,Credit Card,Online,Tablet,0
4040,5675,103.16,2024-11-07 02:10:00,Entertainment,Net Banking,In-store,Desktop,0
4041,3157,521.4,2024-04-16 21:35:00,Travel,Net Banking,In-store,Tablet,0
4042,2820,675.4,2024-06-30 01:52:00,Other,Debit Card,ATM,Mobile,0
4043,6343,2531.55,2025-12-06 19:31:00,Travel,Debit Card,ATM,Tablet,1
4044,634,2536.95,2024-01-28 05:12:00,Healthcare,Debit Card,In-store,Tablet,0
4045,4637,92.77,2024-03-12 12:18:00,Healthcare,Credit Card,Mobile,POS,0
4046,7779,1774.08,2024-07-29 07:18:00,Food,Credit Card,In-store,Desktop,0
4047,7776,6483.81,2025-11-06 16:04:00,Food,Debit Card,Mobile,Tablet,0
4048,9066,1979.69,2025-04-10 01:23:00,Shopping,UPI,Mobile,Mobile,0
4049,2804,6465.31,2025-06-14 00:10:00,Other,Credit Card,Online,Mobile,0
4050,7307,957.88,2024-11-30 13:25:00,Shopping,Debit Card,Mobile,Mobile,0
4051,9714,1231.55,2024-06-09 03:08:00,Shopping,Debit Card,Online,Desktop,0
4052,5557,1368.32,2025-07-03 13:30:00,Travel,Credit Card,ATM,Desktop,0
4053,5649,5152.65,2024-03-11 12:57:00,Healthcare,Cash,Mobile,Mobile,0
4054,5772,956.98,2024-07-30 04:55:00,Other,Debit Card,In-store,Tablet,0
4055,9735,8198.92,2024-07-29 09:27:00,Food,Net Banking,Online,Desktop,0
4056,3564,1566.7,2025-12-27 21:30:00,Entertainment,UPI,ATM,Tablet,0
4057,1589,492.11,2024-06-11 19:36:00,Other,Credit Card,ATM,Tablet,0
4058,5730,218.93,2024-11-13 18:12:00,Food,UPI,In-store,POS,0
4059,9469,379.59,2025-05-29 22:43:00,Healthcare,Credit Card,Online,POS,0
4060,8266,80.15,2025-04-14 08:12:00,Utilities,Net Banking,Online,Desktop,0
4061,2485,2357.33,2024-01-08 04:28:00,Shopping,UPI,ATM,Tablet,0
4062,7685,1455.08,2024-03-06 12:38:00,Travel,UPI,Mobile,Tablet,0
4063,1889,2678.24,2024-09-09 16:21:00,Grocery,Debit Card,In-store,Mobile,0
4064,4772,3048.93,2025-08-05 15:29:00,Food,Debit Card,Mobile,Tablet,0
4065,1390,5357.85,2025-04-18 18:02:00,Other,UPI,In-store,Tablet,0
4066,4218,248.86,2024-04-03 09:41:00,Other,Debit Card,Mobile,Desktop,0
4067,4747,411.84,2025-04-12 11:44:00,Entertainment,Debit Card,ATM,Desktop,0
4068,8640,1589.36,2025-12-29 09:25:00,Travel,UPI,In-store,Tablet,0
4069,5465,277.43,2025-09-19 05:26:00,Food,Credit Card,ATM,Tablet,0
4070,6691,194.61,2024-09-12 05:57:00,Electronics,UPI,Mobile,POS,0
4071,4899,2195.25,2025-09-24 23:27:00,Electronics,Credit Card,Mobile,Desktop,0
4072,6179,2579.87,2025-04-13 12:58:00,Healthcare,Credit Card,In-store,Tablet,0
4073,6945,3708.13,2025-11-05 05:44:00,Food,UPI,Online,Mobile,0
4074,9293,4947.85,2025-08-05 03:25:00,Other,Debit Card,Mobile,POS,0
4075,9593,1168.58,2025-12-16 01:15:00,Entertainment,Net Banking,In-store,Tablet,0
4076,7596,7811.52,2024-06-10 08:56:00,Grocery,UPI,Mobile,POS,0
4077,5864,77.25,2025-10-05 17:18:00,Healthcare,Net Banking,Mobile,Tablet,0
4078,294,4082.41,2025-11-13 02:44:00,Shopping,Debit Card,In-store,Tablet,0
4079,9770,775.67,2024-08-10 15:26:00,Utilities,UPI,Online,POS,0
4080,4269,5094.79,2025-07-20 03:23:00,Travel,Credit Card,Online,Tablet,0
4081,7198,503.61,2024-03-19 03:32:00,Entertainment,Credit Card,ATM,Desktop,0
4082,4059,2701.81,2024-11-29 13:28:00,Food,Net Banking,In-store,POS,0
4083,5283,1108.36,2024-06-17 08:13:00,Travel,Debit Card,In-store,Tablet,0
4084,7196,960.8,2025-06-02 01:29:00,Shopping,UPI,ATM,POS,0
4085,5545,122.52,2024-01-28 02:40:00,Other,Credit Card,Mobile,Mobile,0
4086,8496,2447.75,2025-12-12 21:47:00,Utilities,Net Banking,Online,Tablet,0
4087,2952,385.6,2025-04-17 12:21:00,Shopping,UPI,Mobile,Mobile,0
4088,4762,1243.49,2025-02-12 06:25:00,Electronics,Net Banking,In-store,POS,0
4089,7019,304.69,2024-02-08 00:16:00,Travel,Credit Card,Mobile,Desktop,0
4090,9954,1855.1,2024-04-27 22:58:00,Entertainment,UPI,Mobile,Mobile,0
4091,5757,525.49,2024-05-19 10:42:00,Electronics,Credit Card,Mobile,Desktop,0
4092,2931,1804.76,2025-04-20 15:29:00,Travel,UPI,ATM,Desktop,0
4093,2717,5860.48,2024-03-10 02:35:00,Shopping,Debit Card,ATM,Desktop,0
4094,6967,5074.55,2025-11-03 07:45:00,Utilities,Credit Card,In-store,Mobile,0
4095,5826,447.45,2025-03-24 04:30:00,Healthcare,UPI,ATM,POS,0
4096,9542,208.91,2024-10-12 05:10:00,Healthcare,Credit Card,ATM,POS,0
4097,3376,87.2,2024-01-19 19:06:00,Electronics,Credit Card,ATM,POS,0
4098,8144,3526.4,2024-06-30 09:07:00,Shopping,Debit Card,Mobile,Mobile,0
4099,1611,573.52,2025-07-01 23:25:00,Healthcare,Debit Card,Mobile,Mobile,0
4100,123,667.98,2024-06-21 02:42:00,Food,Net Banking,ATM,Desktop,0
4101,6565,513.0,2024-01-12 21:17:00,Food,Debit Card,In-store,Tablet,0
4102,5379,3666.21,2024-06-06 14:22:00,Electronics,Credit Card,Online,Mobile,0
4103,7605,7717.15,2024-07-01 06:45:00,Electronics,Cash,Mobile,Mobile,0
4104,8360,2814.52,2024-02-05 21:34:00,Utilities,Net Banking,ATM,Mobile,0
4105,8721,3469.75,2024-08-09 14:44:00,Food,Credit Card,Online,Tablet,0
4106,8574,1937.8,2024-02-18 20:51:00,Utilities,Debit Card,Mobile,Desktop,0
4107,2790,1504.84,2025-06-19 20:42:00,Shopping,Credit Card,ATM,POS,0
4108,5484,2557.23,2025-11-06 03:24:00,Entertainment,Cash,Online,Tablet,0
4109,7983,72.84,2025-12-07 09:28:00,Food,Debit Card,In-store,POS,0
4110,3978,126.73,2024-02-23 19:00:00,Grocery,Debit Card,Mobile,POS,0
4111,7229,2324.85,2024-02-19 12:49:00,Healthcare,Net Banking,Mobile,Tablet,0
4112,245,816.15,2024-07-25 07:23:00,Grocery,Credit Card,In-store,POS,0
4113,1949,1342.12,2024-09-01 06:05:00,Travel,Credit Card,Mobile,Tablet,0
4114,1353,3046.45,2024-01-17 13:01:00,Travel,UPI,Mobile,Desktop,0
4115,1730,1721.51,2024-01-15 10:52:00,Utilities,UPI,Mobile,Mobile,0
4116,8004,3272.2,2024-07-15 21:42:00,Electronics,Credit Card,In-store,Mobile,0
4117,4265,1086.54,2024-03-05 07:56:00,Other,Credit Card,In-store,Mobile,0
4118,5352,677.74,2024-04-08 21:10:00,Entertainment,Net Banking,Online,POS,0
4119,1118,535.33,2024-06-20 01:26:00,Healthcare,Net Banking,ATM,POS,0
4120,8171,282.39,2025-06-08 03:52:00,Healthcare,Credit Card,In-store,Desktop,0
4121,459,74.98,2024-11-30 10:35:00,Electronics,Cash,Mobile,Tablet,0
4122,519,109.23,2025-10-03 06:39:00,Entertainment,UPI,ATM,Desktop,0
4123,9810,632.16,2024-07-31 17:25:00,Electronics,Debit Card,Online,Desktop,0
4124,4232,652.6,2025-03-14 03:14:00,Grocery,Debit Card,In-store,Tablet,0
4125,9658,961.84,2024-08-06 03:22:00,Utilities,Debit Card,Mobile,POS,0
4126,9326,1791.1,2024-11-27 05:00:00,Food,Debit Card,Mobile,Desktop,0
4127,763,2848.4,2025-02-15 20:20:00,Food,Credit Card,Mobile,POS,0
4128,8386,440.56,2024-01-13 12:13:00,Travel,Credit Card,Mobile,Tablet,0
4129,3690,2847.98,2025-04-14 07:04:00,Grocery,UPI,Mobile,Desktop,0
4130,7318,299.3,2025-11-04 08:41:00,Travel,Debit Card,In-store,POS,0
4131,9140,8964.78,2025-09-30 11:02:00,Other,UPI,Mobile,Desktop,0
4132,1250,671.04,2024-03-09 06:26:00,Entertainment,Debit Card,In-store,POS,0
4133,4017,3632.12,2024-11-04 19:31:00,Food,Debit Card,Online,Desktop,0
4134,5380,422.59,2024-04-14 22:34:00,Healthcare,Debit Card,ATM,Tablet,0
4135,2649,6017.34,2025-08-05 05:16:00,Other,UPI,In-store,Desktop,0
4136,8121,3504.62,2024-04-07 19:20:00,Food,Credit Card,In-store,Mobile,0
4137,2117,890.67,2025-10-08 22:24:00,Utilities,Net Banking,ATM,Mobile,0
4138,8140,1094.54,2025-11-25 22:08:00,Other,UPI,ATM,POS,0
4139,3381,7.69,2024-12-06 05:40:00,Grocery,UPI,Mobile,POS,0
4140,1875,579.19,2025-12-05 10:54:00,Electronics,Debit Card,In-store,Tablet,0
4141,5503,683.0,2025-11-13 15:04:00,Food,UPI,In-store,Tablet,0
4142,2533,1205.66,2024-12-09 00:38:00,Food,UPI,Online,POS,0
4143,7351,299.44,2025-08-22 14:24:00,Other,UPI,In-store,Desktop,0
4144,5679,1303.12,2025-06-07 20:47:00,Utilities,Debit Card,Online,POS,0
4145,5081,2208.06,2024-08-26 16:37:00,Other,Debit Card,Online,Mobile,0
4146,3001,928.15,2025-12-22 00:14:00,Utilities,Net Banking,ATM,Mobile,0
4147,3705,528.44,2024-01-22 19:48:00,Healthcare,Credit Card,Mobile,Mobile,0
4148,8771,1586.89,2024-05-07 09:15:00,Healthcare,Credit Card,Mobile,POS,0
4149,5634,58.87,2025-03-14 07:39:00,Grocery,Cash,Mobile,Desktop,1
4150,4491,833.57,2024-03-22 01:08:00,Utilities,UPI,Mobile,Mobile,0
4151,2030,1499.82,2025-01-18 15:18:00,Entertainment,Debit Card,Mobile,POS,0
4152,7134,818.47,2024-07-25 04:24:00,Travel,Credit Card,Online,POS,0
4153,8333,847.56,2024-07-28 20:02:00,Grocery,UPI,Online,POS,0
4154,1192,3771.66,2024-08-31 23:38:00,Utilities,UPI,In-store,Mobile,0
4155,3401,5435.95,2025-03-30 23:56:00,Other,Debit Card,In-store,Mobile,0
4156,3588,3513.47,2024-12-02 04:17:00,Grocery,Credit Card,Online,Mobile,0
4157,676,208.21,2024-11-21 20:50:00,Electronics,Debit Card,Online,Desktop,0
4158,2080,684.26,2024-02-10 16:50:00,Entertainment,Credit Card,Online,Desktop,0
4159,6329,2484.7,2025-02-28 20:52:00,Other,Debit Card,Mobile,Tablet,0
4160,9356,7329.76,2024-10-22 00:14:00,Shopping,Credit Card,Online,Desktop,0
4161,6034,554.89,2024-12-05 10:15:00,Grocery,Credit Card,Mobile,Desktop,0
4162,6639,4569.7,2024-07-29 17:03:00,Entertainment,Credit Card,Online,Mobile,0
4163,942,2686.58,2025-11-11 07:51:00,Other,UPI,Online,Tablet,0
4164,423,8202.78,2025-12-04 22:46:00,Electronics,UPI,Online,Desktop,0
4165,1335,196.52,2024-08-15 19:55:00,Electronics,Credit Card,Mobile,Tablet,0
4166,1949,1004.21,2025-01-25 16:20:00,Healthcare,Net Banking,Online,POS,0
4167,3291,1300.62,2024-07-06 14:40:00,Healthcare,Net Banking,Mobile,Desktop,0
4168,6497,2229.99,2024-01-07 02:55:00,Healthcare,Credit Card,ATM,Desktop,0
4169,8433,2122.47,2025-05-18 02:12:00,Grocery,Debit Card,In-store,Desktop,0
4170,8876,4736.28,2024-02-23 20:09:00,Other,Debit Card,ATM,Mobile,0
4171,6676,3648.65,2024-07-28 04:05:00,Electronics,Credit Card,In-store,Desktop,0
4172,3168,113.93,2024-06-26 18:35:00,Utilities,Debit Card,ATM,Mobile,0
4173,6997,1333.17,2024-07-28 07:32:00,Grocery,UPI,In-store,Desktop,0
4174,8549,1045.33,2024-03-21 13:46:00,Grocery,Debit Card,Mobile,Tablet,0
4175,2075,11717.08,2025-04-23 09:10:00,Other,Debit Card,Online,Mobile,0
4176,8486,1114.64,2024-07-21 07:27:00,Utilities,Debit Card,Online,Desktop,0
4177,986,2295.31,2024-06-29 19:15:00,Food,UPI,In-store,POS,0
4178,4172,669.35,2024-11-06 09:36:00,Travel,Net Banking,ATM,Desktop,0
4179,7947,1907.1,2025-04-04 20:12:00,Shopping,Net Banking,Mobile,Desktop,0
4180,5024,462.94,2024-10-05 15:05:00,Grocery,Net Banking,Online,Tablet,0
4181,9447,1850.7,2025-01-03 12:24:00,Shopping,Debit Card,In-store,POS,0
4182,4069,4052.79,2024-06-20 15:28:00,Entertainment,Cash,Mobile,Desktop,0
4183,5500,38.85,2025-03-08 16:39:00,Electronics,Credit Card,Online,Tablet,0
4184,2090,1404.72,2025-03-19 04:52:00,Utilities,Debit Card,Online,POS,0
4185,415,8076.38,2025-05-08 00:48:00,Entertainment,Debit Card,Mobile,Desktop,0
4186,7819,346.95,2025-01-25 13:54:00,Entertainment,Cash,Online,Tablet,0
4187,636,405.24,2024-03-26 09:38:00,Healthcare,Debit Card,In-store,Mobile,0
4188,9086,1272.87,2025-07-04 04:35:00,Electronics,UPI,Mobile,Tablet,0
4189,3376,4095.78,2024-06-28 08:24:00,Food,Credit Card,Mobile,Desktop,0
4190,9466,1654.54,2025-04-19 09:29:00,Other,Debit Card,Online,Mobile,0
4191,2452,1421.44,2024-10-17 12:35:00,Travel,UPI,In-store,Desktop,0
4192,9747,181.51,2025-09-12 15:04:00,Entertainment,Credit Card,Online,Tablet,0
4193,637,6539.6,2024-12-07 04:45:00,Travel,Debit Card,Online,Mobile,0
4194,6534,852.71,2025-04-25 06:09:00,Utilities,UPI,ATM,Desktop,0
4195,4920,580.19,2024-07-13 00:00:00,Travel,Credit Card,ATM,POS,0
4196,1490,1061.19,2025-05-27 23:46:00,Utilities,Debit Card,In-store,Tablet,0
4197,2812,1069.49,2025-01-18 15:25:00,Food,Net Banking,ATM,Tablet,0
4198,3474,1226.95,2025-03-01 12:47:00,Travel,Debit Card,Mobile,POS,0
4199,7915,2332.96,2025-01-17 12:31:00,Grocery,Credit Card,Mobile,Tablet,0
4200,2346,4049.1,2024-11-11 20:37:00,Food,Credit Card,In-store,Mobile,0
4201,2620,118.04,2024-03-13 13:56:00,Other,UPI,Mobile,POS,1
4202,4152,1349.71,2024-02-09 03:24:00,Entertainment,Credit Card,Online,Desktop,0
4203,259,1068.8,2025-08-02 05:12:00,Other,Credit Card,Online,Desktop,0
4204,7634,21.88,2025-03-22 08:49:00,Travel,Net Banking,ATM,POS,0
4205,7120,3390.97,2024-12-22 16:45:00,Shopping,Credit Card,Mobile,Desktop,0
4206,6187,220.33,2025-05-15 20:44:00,Food,Debit Card,Mobile,Mobile,0
4207,8604,243.77,2025-01-12 22:03:00,Healthcare,Credit Card,ATM,Desktop,0
4208,8106,99.01,2025-10-28 12:59:00,Entertainment,UPI,In-store,Desktop,0
4209,9353,447.34,2025-03-10 23:15:00,Healthcare,Credit Card,In-store,Desktop,0
4210,8532,389.15,2024-09-05 15:02:00,Travel,Net Banking,ATM,POS,0
4211,5141,855.01,2025-01-05 20:45:00,Utilities,UPI,ATM,Tablet,0
4212,3053,2153.33,2025-11-23 00:44:00,Entertainment,Credit Card,ATM,Desktop,0
4213,5002,111.65,2025-11-12 20:09:00,Food,UPI,Mobile,POS,0
4214,940,3936.17,2024-09-24 19:29:00,Healthcare,Credit Card,In-store,Tablet,0
4215,4277,790.77,2025-11-28 04:16:00,Food,UPI,Online,POS,0
4216,5878,1865.89,2024-09-10 19:37:00,Electronics,UPI,ATM,Tablet,0
4217,7973,24.16,2025-11-09 05:00:00,Entertainment,Debit Card,Online,POS,0
4218,5816,910.81,2024-04-29 02:41:00,Shopping,Credit Card,Online,Tablet,0
4219,2700,4.11,2025-12-29 12:25:00,Shopping,Credit Card,ATM,POS,0
4220,5627,361.75,2025-12-24 18:57:00,Utilities,Credit Card,Online,Tablet,0
4221,4099,1187.87,2024-03-23 16:58:00,Electronics,Debit Card,Online,Desktop,0
4222,3726,1531.81,2024-07-12 13:10:00,Entertainment,Credit Card,In-store,Desktop,0
4223,8867,331.94,2025-03-13 08:44:00,Other,Credit Card,ATM,Tablet,0
4224,3426,2734.68,2024-11-05 16:34:00,Healthcare,Credit Card,In-store,Desktop,0
4225,8350,418.98,2025-11-05 12:37:00,Shopping,Credit Card,Online,Tablet,0
4226,6727,246.25,2024-11-11 23:26:00,Other,Net Banking,Online,Mobile,0
4227,8082,811.2,2024-04-01 03:40:00,Food,Credit Card,Mobile,Desktop,0
4228,8657,1603.38,2025-08-09 11:52:00,Food,Debit Card,Mobile,Tablet,0
4229,9914,9001.95,2024-05-26 08:47:00,Other,Debit Card,Online,Mobile,0
4230,6969,1085.03,2024-08-02 23:25:00,Healthcare,Credit Card,ATM,Desktop,0
4231,1440,1110.24,2025-12-16 09:00:00,Utilities,UPI,Online,POS,0
4232,5745,122.33,2024-06-21 15:00:00,Shopping,Credit Card,In-store,Desktop,0
4233,3037,2903.33,2024-04-09 02:49:00,Shopping,Net Banking,ATM,POS,0
4234,8932,401.26,2025-12-14 13:33:00,Travel,UPI,In-store,POS,0
4235,8514,2731.44,2025-03-02 20:18:00,Food,UPI,Mobile,Mobile,0
4236,2981,4829.65,2025-03-17 05:11:00,Grocery,Cash,ATM,Desktop,0
4237,6798,2923.94,2025-01-18 05:45:00,Travel,Net Banking,ATM,POS,0
4238,2368,2056.98,2024-05-17 06:31:00,Electronics,Debit Card,In-store,Mobile,0
4239,3703,1852.26,2024-07-05 16:07:00,Electronics,UPI,ATM,Desktop,0
4240,4885,1208.93,2025-04-06 18:52:00,Electronics,UPI,In-store,Mobile,1
4241,4745,312.24,2024-08-05 05:12:00,Grocery,Credit Card,In-store,POS,0
4242,4498,3017.73,2024-03-01 23:11:00,Healthcare,UPI,Online,POS,0
4243,1144,1297.58,2024-07-15 08:57:00,Entertainment,Credit Card,Online,Desktop,0
4244,6213,1965.11,2025-02-22 14:40:00,Electronics,Credit Card,Online,Tablet,0
4245,6206,936.86,2025-10-01 03:55:00,Food,Cash,Mobile,Desktop,0
4246,9872,448.09,2025-10-13 05:05:00,Electronics,UPI,In-store,POS,0
4247,2169,3285.04,2024-10-27 02:24:00,Shopping,UPI,ATM,Mobile,0
4248,6660,838.32,2024-05-07 08:04:00,Entertainment,Debit Card,Mobile,POS,0
4249,9317,4030.01,2024-12-16 00:37:00,Food,Credit Card,Mobile,Mobile,0
4250,5838,6746.67,2024-08-28 15:31:00,Shopping,Net Banking,Online,Tablet,0
4251,2673,3543.78,2025-11-19 03:00:00,Healthcare,UPI,ATM,Mobile,0
4252,8091,274.25,2024-03-03 08:48:00,Grocery,Credit Card,ATM,Tablet,0
4253,1186,3862.19,2024-01-08 21:37:00,Healthcare,Credit Card,Mobile,Mobile,0
4254,5892,1465.26,2024-02-12 03:13:00,Grocery,UPI,In-store,Desktop,0
4255,6123,552.59,2025-06-18 00:24:00,Healthcare,Credit Card,Mobile,Desktop,0
4256,7660,195.57,2025-09-09 16:48:00,Utilities,Credit Card,ATM,POS,0
4257,3379,652.87,2024-09-29 15:30:00,Healthcare,Credit Card,In-store,POS,0
4258,3970,295.67,2024-12-11 19:27:00,Entertainment,UPI,In-store,POS,0
4259,746,51.96,2024-12-10 11:43:00,Entertainment,UPI,In-store,POS,0
4260,7146,8806.8,2024-12-17 10:52:00,Electronics,Debit Card,In-store,Mobile,0
4261,8608,3562.14,2024-09-02 11:42:00,Electronics,Credit Card,In-store,Tablet,0
4262,570,2686.08,2025-02-12 12:39:00,Utilities,UPI,In-store,Mobile,0
4263,4246,428.9,2024-02-28 11:55:00,Shopping,UPI,ATM,Desktop,0
4264,2067,56.26,2024-12-04 03:00:00,Healthcare,Credit Card,Online,POS,0
4265,7898,1327.97,2025-04-12 22:25:00,Healthcare,Debit Card,Mobile,Mobile,0
4266,6500,2707.22,2024-05-22 00:38:00,Utilities,Credit Card,Online,Desktop,0
4267,6900,6584.9,2024-05-05 16:17:00,Travel,Debit Card,Online,POS,0
4268,1970,3714.31,2025-12-17 07:23:00,Electronics,Credit Card,Mobile,Desktop,0
4269,788,4479.26,2025-04-07 19:43:00,Entertainment,Debit Card,ATM,Desktop,0
4270,2349,545.36,2025-11-05 15:32:00,Electronics,Net Banking,ATM,POS,0
4271,5976,337.61,2025-02-27 21:12:00,Utilities,Credit Card,In-store,Mobile,0
4272,7471,569.46,2024-01-04 20:52:00,Other,Debit Card,Online,POS,0
4273,3172,298.34,2024-11-25 00:40:00,Utilities,Debit Card,ATM,Mobile,0
4274,9774,3203.77,2025-01-03 01:51:00,Food,Credit Card,Mobile,Desktop,0
4275,9095,4666.98,2024-11-29 21:28:00,Travel,Cash,In-store,Desktop,0
4276,4913,734.44,2024-08-27 19:31:00,Grocery,Debit Card,Online,Mobile,1
4277,8599,4189.94,2025-02-13 23:39:00,Grocery,UPI,In-store,Mobile,0
4278,9181,113.22,2024-03-24 11:27:00,Travel,Credit Card,Online,Tablet,0
4279,2143,2262.41,2025-05-02 21:54:00,Entertainment,Net Banking,Mobile,Mobile,0
4280,8351,1499.41,2025-12-17 03:46:00,Food,Net Banking,Online,Tablet,0
4281,6500,647.98,2025-01-29 09:38:00,Other,Debit Card,Mobile,POS,0
4282,5650,2923.77,2024-07-18 22:09:00,Electronics,Debit Card,Online,Tablet,0
4283,4298,476.63,2025-06-16 18:50:00,Entertainment,Credit Card,ATM,Mobile,0
4284,5383,1076.22,2025-05-31 01:08:00,Travel,Credit Card,In-store,Desktop,0
4285,3757,2474.78,2025-05-24 02:19:00,Shopping,Debit Card,Mobile,Mobile,0
4286,3100,825.67,2025-11-20 17:55:00,Grocery,UPI,In-store,Tablet,0
4287,1042,3867.02,2025-04-23 05:57:00,Grocery,Debit Card,Mobile,Tablet,0
4288,3062,4011.3,2025-04-01 03:30:00,Other,Debit Card,ATM,Tablet,0
4289,9225,452.62,2025-11-09 17:15:00,Grocery,Net Banking,Online,Desktop,0
4290,875,1161.03,2024-09-06 06:10:00,Entertainment,Credit Card,Online,Mobile,0
4291,7696,1131.31,2025-11-06 22:05:00,Shopping,UPI,Online,Mobile,0
4292,9534,1055.42,2024-04-18 13:45:00,Entertainment,Credit Card,In-store,Desktop,0
4293,1920,1394.2,2024-01-30 05:59:00,Food,UPI,In-store,Desktop,0
4294,4136,154.55,2024-11-30 12:49:00,Electronics,Credit Card,In-store,Desktop,0
4295,5593,4081.21,2024-10-14 07:46:00,Other,Credit Card,Mobile,Desktop,0
4296,4709,684.74,2024-09-20 21:30:00,Other,Credit Card,Online,POS,0
4297,7262,3.63,2025-11-17 03:42:00,Travel,UPI,Online,Mobile,0
4298,8250,2311.03,2024-05-19 17:40:00,Shopping,UPI,Online,Desktop,0
4299,5829,2102.34,2025-05-18 02:50:00,Other,Credit Card,In-store,POS,0
4300,6762,8168.26,2025-12-09 10:55:00,Travel,Net Banking,Mobile,Mobile,0
4301,6494,2540.56,2024-08-17 18:49:00,Grocery,UPI,Mobile,Desktop,0
4302,9491,809.05,2025-09-07 02:41:00,Electronics,Credit Card,Online,Desktop,0
4303,3611,6099.01,2024-12-17 12:58:00,Shopping,Credit Card,Online,POS,0
4304,2093,909.35,2025-01-25 20:41:00,Grocery,UPI,ATM,Desktop,0
4305,974,3443.47,2025-07-29 13:51:00,Utilities,Net Banking,In-store,Mobile,0
4306,2463,817.96,2024-08-26 07:16:00,Electronics,Debit Card,Mobile,POS,0
4307,5426,99.87,2024-04-28 09:05:00,Travel,Cash,In-store,Tablet,0
4308,2287,2646.9,2024-04-24 02:21:00,Entertainment,Cash,In-store,Desktop,0
4309,1483,862.21,2025-08-29 06:47:00,Travel,Credit Card,In-store,Mobile,0
4310,2215,827.66,2024-04-28 18:23:00,Entertainment,UPI,ATM,POS,0
4311,3835,2516.52,2024-05-10 10:24:00,Food,Debit Card,Mobile,Mobile,0
4312,9429,777.33,2025-08-13 23:00:00,Healthcare,Credit Card,ATM,Tablet,0
4313,4828,251.16,2024-11-14 01:37:00,Food,UPI,Mobile,Tablet,0
4314,9208,1036.74,2025-07-02 06:54:00,Other,UPI,ATM,Desktop,0
4315,1687,3472.77,2025-02-01 13:20:00,Other,Credit Card,ATM,Tablet,0
4316,7534,278.99,2025-01-08 21:59:00,Healthcare,Credit Card,Mobile,POS,0
4317,6465,1617.03,2024-05-09 16:42:00,Healthcare,Credit Card,Online,Tablet,0
4318,9149,283.72,2025-09-08 18:14:00,Other,UPI,Online,POS,0
4319,1206,100.87,2024-04-19 12:00:00,Utilities,Credit Card,ATM,Desktop,0
4320,9869,951.91,2025-07-05 14:20:00,Healthcare,UPI,Online,Mobile,0
4321,968,2145.21,2024-05-28 09:53:00,Other,UPI,In-store,Mobile,0
4322,5203,643.13,2024-08-12 15:43:00,Utilities,Debit Card,Online,Tablet,0
4323,4760,1180.21,2025-04-11 04:38:00,Shopping,Debit Card,Online,POS,0
4324,2152,1351.92,2024-10-17 04:47:00,Food,UPI,Mobile,Tablet,0
4325,7345,3681.36,2025-11-12 22:02:00,Shopping,Debit Card,Mobile,Tablet,0
4326,9851,3418.29,2025-09-05 10:19:00,Grocery,Debit Card,Online,Desktop,0
4327,1753,4.7,2025-05-29 22:07:00,Utilities,UPI,Online,POS,0
4328,3438,1068.59,2024-10-07 22:36:00,Electronics,Credit Card,Mobile,Mobile,0
4329,6624,2134.76,2025-05-04 20:53:00,Travel,Debit Card,ATM,Mobile,0
4330,3308,3826.45,2024-08-08 15:18:00,Shopping,Credit Card,Mobile,Mobile,0
4331,7939,100.27,2025-12-22 12:03:00,Travel,Net Banking,Online,Desktop,0
4332,2493,1979.06,2024-12-07 04:52:00,Utilities,Debit Card,Online,Tablet,0
4333,7497,3690.57,2024-08-03 23:59:00,Healthcare,Debit Card,In-store,Mobile,0
4334,7745,588.95,2024-08-18 22:47:00,Travel,Credit Card,Mobile,Tablet,0
4335,2962,459.47,2024-02-23 05:54:00,Travel,Debit Card,ATM,Desktop,0
4336,8259,1261.66,2025-05-14 23:25:00,Other,UPI,In-store,Tablet,0
4337,9870,6571.08,2024-11-02 21:58:00,Food,Credit Card,Online,Desktop,0
4338,448,2361.08,2024-06-12 00:35:00,Utilities,Debit Card,Online,Tablet,0
4339,6432,1104.98,2025-02-05 10:27:00,Electronics,UPI,In-store,Desktop,0
4340,3780,42.17,2025-11-25 15:22:00,Utilities,Cash,In-store,Tablet,0
4341,5308,1627.13,2025-02-04 12:04:00,Shopping,UPI,Mobile,Mobile,0
4342,613,857.84,2025-06-24 23:18:00,Entertainment,UPI,Online,Mobile,0
4343,6549,410.89,2024-10-16 22:59:00,Grocery,Credit Card,In-store,Desktop,0
4344,6506,1386.89,2024-07-18 22:54:00,Entertainment,Cash,Mobile,Tablet,0
4345,2693,835.23,2025-07-15 12:06:00,Food,Credit Card,Online,Desktop,0
4346,4675,78.99,2024-05-14 10:48:00,Food,Credit Card,Online,Mobile,0
4347,8916,2585.65,2025-08-17 01:54:00,Electronics,Debit Card,Mobile,Tablet,0
4348,6825,2637.89,2025-12-27 09:29:00,Shopping,UPI,Mobile,Desktop,0
4349,6146,1929.03,2025-11-01 05:36:00,Electronics,Credit Card,ATM,Mobile,0
4350,3324,3675.45,2024-05-20 14:44:00,Grocery,Credit Card,In-store,Mobile,0
4351,5215,454.26,2025-05-09 09:57:00,Food,UPI,ATM,POS,0
4352,1627,674.31,2024-05-28 06:13:00,Utilities,Credit Card,Online,POS,0
4353,7224,1227.4,2024-07-19 23:41:00,Shopping,UPI,ATM,Mobile,0
4354,5179,124.12,2024-01-10 11:46:00,Entertainment,Credit Card,Mobile,POS,0
4355,3472,4300.51,2025-08-12 03:43:00,Grocery,Debit Card,Mobile,Desktop,0
4356,7258,1349.16,2024-05-31 12:27:00,Food,Debit Card,ATM,POS,0
4357,2102,785.09,2025-11-26 05:59:00,Travel,UPI,Online,Tablet,0
4358,6907,1300.04,2024-02-27 03:22:00,Grocery,Debit Card,Online,Desktop,0
4359,5679,786.47,2025-04-30 05:03:00,Utilities,Credit Card,ATM,POS,0
4360,2996,674.48,2024-04-30 16:41:00,Other,Credit Card,ATM,POS,0
4361,7214,1188.48,2024-12-12 18:27:00,Other,Debit Card,In-store,Tablet,0
4362,4313,1315.19,2024-06-01 20:46:00,Entertainment,UPI,ATM,Desktop,0
4363,6778,1136.01,2025-02-17 07:02:00,Shopping,Net Banking,In-store,Desktop,0
4364,1178,1587.84,2024-05-01 07:25:00,Grocery,UPI,Mobile,Desktop,0
4365,7680,3059.21,2025-05-15 09:44:00,Entertainment,UPI,Mobile,Tablet,0
4366,1329,117.95,2025-09-02 05:41:00,Entertainment,Credit Card,ATM,POS,0
4367,9070,3337.51,2025-01-19 22:50:00,Electronics,Cash,Mobile,Desktop,0
4368,1182,518.93,2025-11-17 21:05:00,Shopping,Credit Card,In-store,Tablet,0
4369,5729,580.95,2025-04-19 20:24:00,Shopping,UPI,ATM,Tablet,0
4370,6297,1829.92,2024-10-08 20:41:00,Utilities,Net Banking,Online,Mobile,1
4371,4889,7432.2,2025-03-31 11:00:00,Entertainment,Debit Card,Mobile,Tablet,0
4372,5019,35.1,2024-05-02 03:05:00,Food,Net Banking,Online,Mobile,0
4373,8227,2236.41,2024-05-04 15:41:00,Food,UPI,ATM,Mobile,0
4374,6414,2387.37,2025-11-15 16:14:00,Grocery,Net Banking,Mobile,Mobile,0
4375,1699,1705.0,2024-01-24 18:36:00,Healthcare,UPI,ATM,POS,0
4376,5666,19.47,2025-08-09 15:17:00,Utilities,UPI,ATM,Desktop,0
4377,7055,1864.6,2025-12-11 23:06:00,Entertainment,Credit Card,Online,POS,0
4378,3591,244.38,2025-08-30 05:24:00,Travel,Credit Card,ATM,POS,0
4379,2472,162.57,2025-05-10 20:44:00,Shopping,Credit Card,Online,Tablet,0
4380,6946,2381.86,2025-03-20 09:36:00,Electronics,Debit Card,Mobile,POS,0
4381,2308,2409.51,2024-05-08 03:20:00,Grocery,Debit Card,ATM,Mobile,0
4382,5168,4412.95,2024-03-06 22:58:00,Utilities,Debit Card,ATM,POS,0
4383,108,6.77,2025-07-04 05:25:00,Travel,Credit Card,Mobile,Tablet,0
4384,6871,952.08,2025-12-18 00:25:00,Travel,Net Banking,Mobile,Desktop,0
4385,9565,24.7,2025-07-23 17:50:00,Healthcare,Debit Card,ATM,Mobile,0
4386,3617,907.2,2025-06-26 15:04:00,Travel,Credit Card,Mobile,Mobile,0
4387,2583,1353.2,2025-06-15 18:34:00,Other,Credit Card,Mobile,Mobile,0
4388,2720,1508.89,2025-12-31 20:07:00,Electronics,Debit Card,Mobile,POS,0
4389,3511,879.9,2024-07-31 21:57:00,Grocery,Net Banking,Online,Mobile,0
4390,8707,2584.16,2024-04-30 05:55:00,Utilities,Debit Card,In-store,Mobile,0
4391,5004,1074.32,2025-09-05 22:11:00,Utilities,Credit Card,ATM,Desktop,0
4392,7480,1456.0,2024-01-06 17:28:00,Other,Net Banking,Online,Mobile,0
4393,1220,3219.75,2024-11-17 03:02:00,Food,Net Banking,ATM,POS,0
4394,5152,383.05,2024-05-11 18:13:00,Travel,UPI,Online,Mobile,0
4395,1609,773.96,2025-10-30 05:05:00,Electronics,Net Banking,Online,Mobile,0
4396,2557,1473.9,2025-07-29 08:54:00,Shopping,Net Banking,In-store,POS,0
4397,1283,2918.75,2024-02-05 02:07:00,Food,UPI,Mobile,Mobile,0
4398,5351,1108.01,2025-06-02 09:23:00,Electronics,Debit Card,ATM,Desktop,1
4399,4389,151.1,2025-07-11 05:27:00,Healthcare,Net Banking,ATM,Tablet,0
4400,6380,8989.14,2025-11-04 00:15:00,Shopping,Debit Card,Mobile,Desktop,0
4401,7971,2461.39,2024-11-03 01:33:00,Travel,UPI,Online,Desktop,0
4402,545,2565.56,2024-10-27 21:34:00,Grocery,Credit Card,Mobile,Desktop,0
4403,9904,1251.37,2025-03-31 04:36:00,Food,UPI,ATM,Mobile,0
4404,645,1583.9,2025-05-17 22:20:00,Shopping,Net Banking,In-store,Tablet,0
4405,5324,10248.21,2025-06-19 11:38:00,Food,UPI,ATM,Mobile,0
4406,5648,1808.31,2025-07-05 16:13:00,Travel,UPI,Online,POS,0
4407,859,494.18,2025-12-05 03:42:00,Utilities,Debit Card,Online,Mobile,0
4408,6834,6669.68,2024-02-15 07:02:00,Utilities,Net Banking,Mobile,Desktop,0
4409,7677,1543.35,2024-07-11 04:19:00,Food,Debit Card,Online,Mobile,0
4410,2233,41.78,2024-08-08 04:38:00,Electronics,Net Banking,ATM,Desktop,0
4411,9785,1703.59,2025-07-19 06:37:00,Shopping,Credit Card,Online,Tablet,0
4412,4929,146.16,2025-01-02 08:08:00,Utilities,UPI,Mobile,Tablet,0
4413,6969,1499.81,2025-09-29 13:04:00,Utilities,UPI,Online,POS,0
4414,406,3489.73,2025-07-17 08:16:00,Shopping,Credit Card,ATM,Tablet,0
4415,2945,1548.13,2025-01-25 20:57:00,Shopping,UPI,Mobile,Tablet,1
4416,8367,935.06,2024-06-16 12:29:00,Entertainment,Credit Card,ATM,Tablet,0
4417,6038,4284.5,2024-03-26 08:43:00,Grocery,Debit Card,Online,Desktop,1
4418,4696,5250.82,2025-03-11 22:09:00,Entertainment,Net Banking,Mobile,Tablet,0
4419,7968,853.86,2025-07-02 06:04:00,Electronics,Debit Card,Mobile,POS,0
4420,8302,1382.1,2025-10-06 23:17:00,Healthcare,Net Banking,Mobile,Mobile,0
4421,7746,8139.96,2025-10-10 22:41:00,Shopping,Credit Card,Online,POS,0
4422,6756,392.28,2024-07-16 22:23:00,Travel,Credit Card,Online,Tablet,0
4423,6983,708.08,2025-07-31 21:41:00,Healthcare,Credit Card,Mobile,Desktop,0
4424,4324,1118.71,2025-06-07 19:10:00,Other,Credit Card,Online,Tablet,0
4425,4840,212.7,2025-03-05 04:20:00,Entertainment,Cash,In-store,Tablet,0
4426,747,635.03,2025-03-20 12:01:00,Healthcare,Credit Card,In-store,Mobile,0
4427,3620,1573.55,2025-09-10 07:04:00,Electronics,Credit Card,Online,Desktop,0
4428,6635,518.83,2024-10-03 03:34:00,Healthcare,Credit Card,ATM,Tablet,0
4429,9484,2318.54,2024-04-22 21:35:00,Grocery,UPI,ATM,Desktop,0
4430,6812,854.41,2025-02-20 02:21:00,Utilities,Debit Card,In-store,Mobile,0
4431,8851,188.17,2025-10-17 02:23:00,Travel,UPI,In-store,Desktop,0
4432,9557,2892.37,2024-12-07 08:09:00,Travel,Debit Card,Mobile,Mobile,0
4433,2353,1675.96,2024-08-19 08:00:00,Healthcare,Credit Card,In-store,Tablet,0
4434,368,3484.45,2024-04-10 12:14:00,Food,Debit Card,ATM,Tablet,0
4435,7860,893.05,2025-01-22 03:50:00,Grocery,UPI,In-store,Mobile,0
4436,3541,39.14,2024-05-06 05:33:00,Grocery,Net Banking,Mobile,Desktop,0
4437,572,95.63,2024-11-09 18:52:00,Electronics,UPI,Mobile,POS,0
4438,7393,3173.88,2025-05-16 03:33:00,Travel,Debit Card,ATM,Desktop,0
4439,6954,1057.44,2024-12-23 22:36:00,Entertainment,UPI,ATM,Tablet,0
4440,8967,7491.81,2024-10-15 17:17:00,Healthcare,Credit Card,Mobile,Tablet,0
4441,4906,3547.54,2025-09-14 03:57:00,Electronics,Credit Card,In-store,POS,0
4442,1651,32.51,2024-02-19 05:20:00,Utilities,Credit Card,Online,Desktop,0
4443,3481,4080.14,2025-02-02 05:22:00,Shopping,Credit Card,Online,Tablet,0
4444,8492,478.71,2025-11-25 17:35:00,Entertainment,Net Banking,ATM,Desktop,0
4445,3622,1332.1,2025-08-31 12:30:00,Utilities,Debit Card,ATM,Tablet,0
4446,8170,1410.93,2025-08-29 04:16:00,Other,Net Banking,In-store,Mobile,0
4447,6387,123.16,2024-01-10 21:32:00,Grocery,Credit Card,Online,Desktop,0
4448,4766,268.58,2025-12-31 04:42:00,Healthcare,UPI,In-store,POS,0
4449,3984,1099.99,2024-05-09 04:24:00,Healthcare,Net Banking,Online,POS,0
4450,3284,2057.92,2025-08-04 23:17:00,Travel,Credit Card,ATM,Mobile,0
4451,6717,614.18,2024-02-24 23:40:00,Utilities,Credit Card,In-store,Desktop,0
4452,5627,1494.79,2025-01-14 22:49:00,Other,Net Banking,ATM,Mobile,0
4453,1669,953.28,2024-09-12 21:38:00,Healthcare,UPI,In-store,Mobile,0
4454,3693,1990.47,2025-03-04 22:29:00,Travel,Credit Card,Mobile,Tablet,0
4455,1358,1104.81,2024-07-06 14:22:00,Electronics,Credit Card,Mobile,POS,0
4456,2944,3816.13,2025-04-24 16:18:00,Healthcare,Net Banking,In-store,POS,0
4457,5545,8238.59,2024-10-09 13:33:00,Travel,Credit Card,ATM,Desktop,0
4458,1820,4884.89,2024-08-22 09:40:00,Grocery,Net Banking,Mobile,Tablet,0
4459,4234,369.3,2024-03-30 09:26:00,Other,UPI,ATM,Desktop,0
4460,8829,1221.95,2024-11-16 02:40:00,Utilities,UPI,In-store,Mobile,0
4461,1204,1228.0,2024-03-22 02:46:00,Entertainment,Debit Card,Online,Desktop,0
4462,4318,3671.0,2024-09-02 02:10:00,Electronics,Credit Card,In-store,Tablet,0
4463,1394,883.81,2025-08-12 01:05:00,Travel,UPI,Mobile,POS,0
4464,4256,1595.25,2024-10-19 17:59:00,Healthcare,UPI,ATM,Tablet,0
4465,1228,1879.52,2025-05-19 00:27:00,Shopping,Credit Card,ATM,Desktop,0
4466,528,236.49,2025-11-24 16:59:00,Travel,Credit Card,In-store,POS,0
4467,6746,1632.71,2024-05-19 15:31:00,Electronics,Net Banking,ATM,Mobile,0
4468,8128,566.96,2025-06-11 21:43:00,Food,UPI,In-store,POS,0
4469,6947,462.9,2025-06-29 22:07:00,Shopping,UPI,In-store,POS,0
4470,4713,576.21,2025-02-19 00:39:00,Other,Credit Card,ATM,Tablet,0
4471,9873,209.28,2024-07-13 23:00:00,Entertainment,Debit Card,In-store,Desktop,0
4472,7280,144.56,2025-03-11 22:34:00,Electronics,UPI,Mobile,Mobile,0
4473,215,2081.82,2024-12-19 07:47:00,Utilities,Credit Card,ATM,Tablet,0
4474,1942,5659.72,2025-11-08 16:43:00,Food,Credit Card,In-store,Tablet,0
4475,4786,2329.5,2025-09-15 01:38:00,Other,Debit Card,Mobile,Mobile,0
4476,5653,747.51,2025-04-04 05:43:00,Grocery,Net Banking,Online,Desktop,0
4477,4834,816.08,2025-06-20 07:11:00,Food,Debit Card,In-store,Mobile,0
4478,7214,1559.11,2024-03-17 11:53:00,Entertainment,Net Banking,ATM,Mobile,0
4479,9702,4024.34,2024-05-16 16:22:00,Other,Credit Card,Online,POS,1
4480,1439,452.46,2024-02-22 13:31:00,Electronics,Credit Card,Mobile,Mobile,0
4481,8097,1264.15,2025-01-23 05:23:00,Grocery,Credit Card,ATM,POS,0
4482,9647,1382.09,2024-04-25 10:58:00,Electronics,UPI,Online,Desktop,0
4483,3203,5353.79,2025-11-26 07:53:00,Utilities,UPI,In-store,Desktop,0
4484,1976,1536.4,2025-07-06 03:18:00,Electronics,Credit Card,Online,Desktop,0
4485,3090,3036.08,2024-11-02 15:18:00,Healthcare,UPI,ATM,Mobile,0
4486,6556,183.79,2024-09-28 06:00:00,Grocery,Net Banking,In-store,POS,0
4487,4239,791.79,2025-10-08 18:25:00,Entertainment,Debit Card,Mobile,Tablet,0
4488,9522,1890.53,2024-08-10 09:59:00,Utilities,UPI,Mobile,Tablet,0
4489,1564,2264.16,2025-10-20 16:52:00,Shopping,Debit Card,Online,Desktop,0
4490,4910,4329.34,2024-02-06 14:57:00,Shopping,UPI,Mobile,Tablet,0
4491,3448,1785.26,2025-09-24 15:03:00,Food,Net Banking,Mobile,Tablet,0
4492,5608,683.8,2024-12-30 00:39:00,Electronics,UPI,Online,Desktop,0
4493,9979,1549.13,2025-04-16 10:19:00,Entertainment,Debit Card,In-store,Desktop,0
4494,9841,2486.33,2024-12-28 03:00:00,Travel,UPI,ATM,Mobile,0
4495,1118,3068.15,2024-12-24 23:11:00,Utilities,Cash,In-store,Mobile,0
4496,7169,5785.78,2025-02-15 11:00:00,Healthcare,Credit Card,In-store,POS,0
4497,8647,423.3,2024-04-13 13:31:00,Electronics,Debit Card,ATM,Desktop,0
4498,7994,2163.19,2024-07-21 02:33:00,Entertainment,Credit Card,Online,Tablet,0
4499,7630,447.06,2025-06-10 04:26:00,Travel,Credit Card,Online,Tablet,0
4500,3640,765.08,2024-05-06 15:00:00,Grocery,UPI,In-store,POS,0
4501,5777,308.09,2024-06-08 21:16:00,Grocery,Cash,ATM,Tablet,0
4502,78,2965.56,2024-08-19 15:25:00,Travel,Net Banking,Online,POS,0
4503,8839,4906.8,2025-01-18 09:23:00,Other,Credit Card,Online,Desktop,0
4504,1103,60.77,2025-03-14 05:34:00,Entertainment,Credit Card,In-store,Mobile,0
4505,7100,3358.73,2024-10-02 03:28:00,Shopping,UPI,In-store,Tablet,0
4506,248,553.5,2025-11-03 14:10:00,Grocery,Debit Card,Online,Mobile,0
4507,3293,1334.84,2024-05-23 11:47:00,Shopping,Debit Card,ATM,Mobile,0
4508,1151,2758.39,2025-03-20 00:22:00,Electronics,Debit Card,ATM,POS,0
4509,5000,1413.9,2025-12-27 06:07:00,Travel,UPI,In-store,Tablet,0
4510,8606,525.98,2024-07-13 09:02:00,Grocery,Debit Card,ATM,Mobile,0
4511,8868,4732.45,2024-05-16 12:26:00,Shopping,Credit Card,ATM,Mobile,0
4512,1410,1800.75,2024-12-05 01:10:00,Food,Credit Card,In-store,Mobile,0
4513,7685,5354.72,2025-11-13 06:30:00,Other,Credit Card,Online,Mobile,0
4514,9902,3749.95,2025-11-12 08:07:00,Shopping,Credit Card,Online,POS,0
4515,8525,4184.45,2025-03-07 15:35:00,Electronics,Net Banking,In-store,POS,0
4516,2344,897.93,2025-05-22 21:45:00,Healthcare,Credit Card,ATM,POS,0
4517,8633,8734.69,2024-05-10 10:48:00,Entertainment,Credit Card,In-store,Desktop,0
4518,6923,3826.42,2025-02-13 16:46:00,Entertainment,Net Banking,Online,POS,0
4519,8721,823.79,2025-02-02 04:07:00,Entertainment,Cash,In-store,Mobile,0
4520,5707,4534.73,2024-04-20 00:08:00,Shopping,Credit Card,In-store,Tablet,0
4521,7289,2815.39,2024-06-08 11:32:00,Shopping,UPI,Online,Mobile,0
4522,1818,2582.97,2024-01-14 21:15:00,Travel,Credit Card,Mobile,Desktop,0
4523,7010,12.49,2024-02-23 21:53:00,Shopping,UPI,Mobile,Tablet,0
4524,2546,45.65,2024-12-16 13:38:00,Shopping,UPI,In-store,POS,0
4525,4249,2373.53,2024-01-09 13:30:00,Utilities,Debit Card,In-store,Mobile,0
4526,4440,653.35,2024-10-23 09:31:00,Electronics,Net Banking,Online,Desktop,0
4527,4212,120.6,2024-03-25 13:15:00,Food,Credit Card,ATM,Desktop,0
4528,3998,673.61,2025-09-24 04:46:00,Food,Debit Card,In-store,Desktop,0
4529,8296,3639.2,2025-06-07 05:15:00,Entertainment,UPI,ATM,POS,0
4530,2296,1272.07,2024-10-14 03:55:00,Grocery,UPI,ATM,Desktop,0
4531,9179,1912.04,2024-09-26 22:15:00,Entertainment,Credit Card,ATM,Tablet,0
4532,5042,3223.94,2025-11-13 13:12:00,Grocery,Debit Card,ATM,POS,0
4533,364,781.27,2025-04-30 22:50:00,Utilities,Debit Card,In-store,Tablet,0
4534,1410,22.42,2024-04-15 22:46:00,Grocery,Debit Card,Online,Desktop,0
4535,4984,781.12,2025-05-29 19:11:00,Entertainment,Debit Card,In-store,POS,0
4536,9365,6278.21,2024-07-12 18:40:00,Utilities,Cash,Mobile,Tablet,0
4537,1227,1316.66,2025-10-11 04:14:00,Food,Credit Card,ATM,POS,0
4538,3446,1687.05,2024-05-03 04:25:00,Travel,UPI,ATM,POS,0
4539,6120,2857.81,2024-02-09 08:12:00,Other,Debit Card,In-store,Tablet,1
4540,965,244.18,2024-05-29 13:01:00,Electronics,UPI,ATM,Desktop,0
4541,1814,2648.04,2025-09-23 06:05:00,Electronics,Cash,Mobile,Tablet,0
4542,1285,706.94,2024-02-22 12:26:00,Shopping,Debit Card,ATM,POS,0
4543,6662,982.57,2025-06-21 09:44:00,Food,Net Banking,In-store,Desktop,0
4544,5392,628.02,2025-10-10 07:14:00,Utilities,Credit Card,In-store,POS,0
4545,2808,333.4,2024-12-10 13:30:00,Other,UPI,Online,Tablet,0
4546,8600,897.15,2024-03-03 16:27:00,Electronics,Debit Card,ATM,Mobile,0
4547,8206,198.84,2025-10-21 01:19:00,Utilities,UPI,Mobile,Mobile,0
4548,536,3725.8,2024-04-22 08:23:00,Utilities,Credit Card,ATM,Mobile,0
4549,254,730.41,2024-10-14 11:45:00,Entertainment,Debit Card,In-store,Tablet,0
4550,2892,2120.42,2025-03-04 07:20:00,Utilities,Debit Card,Mobile,POS,0
4551,7079,703.93,2024-02-18 05:02:00,Entertainment,Net Banking,Mobile,POS,0
4552,9990,473.23,2024-01-01 01:42:00,Other,Debit Card,In-store,Mobile,0
4553,5879,2501.13,2024-11-25 06:18:00,Entertainment,Debit Card,Mobile,Tablet,0
4554,4585,1956.35,2025-04-28 08:58:00,Grocery,Debit Card,ATM,Mobile,1
4555,3184,492.07,2025-09-13 03:27:00,Healthcare,Debit Card,Mobile,Mobile,0
4556,7470,1894.0,2024-07-08 08:31:00,Food,Credit Card,In-store,Desktop,0
4557,105,10.03,2025-01-07 10:19:00,Entertainment,Credit Card,Mobile,Mobile,1
4558,228,389.39,2024-04-24 03:42:00,Travel,Cash,In-store,Tablet,0
4559,7593,2602.1,2024-01-14 21:35:00,Entertainment,UPI,In-store,POS,0
4560,6632,1055.78,2024-05-13 10:23:00,Grocery,Cash,ATM,Mobile,0
4561,2030,455.38,2025-01-05 23:49:00,Food,UPI,Mobile,Tablet,0
4562,453,1410.1,2025-08-26 16:38:00,Electronics,Net Banking,ATM,POS,0
4563,9898,1251.79,2025-01-15 07:41:00,Utilities,Debit Card,Online,Desktop,0
4564,1211,2009.9,2024-10-09 06:37:00,Other,Debit Card,Online,Tablet,0
4565,1955,150.61,2025-01-28 02:56:00,Healthcare,Cash,Online,Desktop,0
4566,7491,3422.38,2024-04-18 04:40:00,Healthcare,Credit Card,Online,Desktop,0
4567,3411,120.09,2025-09-08 03:02:00,Travel,Credit Card,ATM,Desktop,0
4568,8275,1209.74,2025-08-23 20:52:00,Shopping,UPI,In-store,Desktop,0
4569,833,2479.01,2024-07-14 06:45:00,Travel,Credit Card,ATM,Mobile,0
4570,147,845.66,2025-04-01 03:04:00,Entertainment,Debit Card,Mobile,Tablet,0
4571,9178,4818.53,2025-07-13 19:21:00,Travel,Net Banking,ATM,POS,0
4572,2383,2814.89,2024-11-04 23:30:00,Electronics,Credit Card,ATM,Mobile,0
4573,6937,1110.42,2024-07-25 17:46:00,Grocery,Debit Card,Online,POS,0
4574,2727,406.26,2024-06-06 01:08:00,Grocery,UPI,Mobile,POS,0
4575,2271,88.82,2024-07-15 13:35:00,Grocery,Credit Card,In-store,POS,0
4576,4702,3235.59,2025-12-29 08:57:00,Food,Credit Card,In-store,POS,0
4577,4956,432.02,2025-07-27 11:57:00,Grocery,UPI,ATM,POS,0
4578,9798,628.53,2025-01-09 14:40:00,Food,Net Banking,Online,Desktop,0
4579,8874,20.87,2024-04-30 13:04:00,Entertainment,UPI,ATM,Mobile,0
4580,398,36.79,2025-05-09 13:33:00,Electronics,Credit Card,In-store,POS,0
4581,1467,523.82,2025-05-30 00:10:00,Travel,Debit Card,In-store,Desktop,0
4582,441,4125.07,2025-09-05 08:44:00,Shopping,UPI,Mobile,POS,0
4583,7895,3035.75,2024-05-12 09:02:00,Travel,UPI,Mobile,POS,0
4584,5087,2938.25,2025-08-02 01:50:00,Travel,Credit Card,ATM,Desktop,0
4585,4686,3509.33,2025-12-11 06:47:00,Electronics,Credit Card,Mobile,Tablet,0
4586,992,413.1,2025-02-11 15:43:00,Food,Net Banking,Mobile,POS,0
4587,7615,7732.69,2025-06-29 16:04:00,Electronics,Credit Card,In-store,Mobile,0
4588,9921,528.43,2024-06-18 14:48:00,Utilities,Cash,Online,Desktop,0
4589,7025,324.87,2025-06-05 12:35:00,Shopping,Credit Card,In-store,Tablet,0
4590,8500,698.11,2025-02-03 12:38:00,Healthcare,Credit Card,ATM,Tablet,0
4591,2697,1511.98,2024-10-05 06:11:00,Other,UPI,In-store,Desktop,0
4592,144,265.76,2024-01-04 05:36:00,Food,Credit Card,ATM,Tablet,0
4593,8522,2683.57,2024-08-11 18:44:00,Healthcare,Cash,ATM,Tablet,0
4594,784,928.92,2024-01-10 16:29:00,Entertainment,Credit Card,Online,Mobile,0
4595,9182,1680.59,2025-05-30 22:46:00,Other,UPI,ATM,POS,0
4596,3233,2650.29,2025-06-21 08:19:00,Electronics,Debit Card,ATM,Tablet,0
4597,6451,4643.41,2024-08-13 09:45:00,Grocery,Credit Card,Mobile,Mobile,0
4598,2875,3422.35,2024-10-01 17:07:00,Healthcare,UPI,In-store,Mobile,0
4599,2052,1542.08,2024-06-24 07:02:00,Healthcare,UPI,Mobile,POS,0
4600,3564,9459.86,2025-06-30 07:18:00,Healthcare,Net Banking,In-store,Desktop,0
4601,9602,1508.94,2024-02-10 20:09:00,Healthcare,Debit Card,Mobile,Desktop,0
4602,4601,1535.62,2024-10-11 04:17:00,Entertainment,Cash,Mobile,POS,0
4603,186,345.11,2024-02-22 20:15:00,Other,UPI,Mobile,Tablet,0
4604,7014,322.03,2024-08-03 17:07:00,Utilities,Debit Card,Mobile,Tablet,0
4605,8034,369.53,2024-01-02 20:22:00,Shopping,Credit Card,Mobile,POS,0
4606,9497,1792.1,2025-10-09 19:23:00,Shopping,Credit Card,Mobile,Mobile,0
4607,9851,1072.87,2024-11-28 02:45:00,Entertainment,UPI,Mobile,POS,0
4608,3866,975.14,2025-07-16 08:46:00,Healthcare,Net Banking,Mobile,Desktop,0
4609,2788,272.92,2024-05-16 13:57:00,Utilities,UPI,In-store,Mobile,0
4610,3056,959.59,2025-09-18 09:20:00,Healthcare,Debit Card,Mobile,Desktop,0
4611,9198,949.6,2024-02-28 20:52:00,Healthcare,Debit Card,Online,Desktop,0
4612,1966,1939.46,2024-01-11 11:14:00,Utilities,Debit Card,Mobile,Mobile,0
4613,6330,983.39,2024-10-13 05:16:00,Other,Debit Card,Online,POS,0
4614,3467,1085.19,2024-01-17 17:42:00,Shopping,UPI,In-store,Desktop,0
4615,3733,636.4,2025-08-20 03:46:00,Travel,Credit Card,Mobile,Desktop,0
4616,3076,281.98,2025-12-05 12:41:00,Travel,Credit Card,Online,POS,0
4617,3397,713.38,2024-09-20 20:40:00,Electronics,Credit Card,In-store,Tablet,0
4618,7366,87.41,2025-09-10 17:13:00,Healthcare,UPI,Mobile,Tablet,0
4619,8982,455.58,2025-03-28 07:20:00,Utilities,Net Banking,Online,POS,0
4620,2926,785.94,2024-10-02 06:37:00,Other,Debit Card,ATM,POS,0
4621,3431,314.82,2025-10-06 12:09:00,Healthcare,Debit Card,Mobile,POS,0
4622,7174,2187.07,2025-04-01 07:46:00,Other,Credit Card,In-store,Tablet,0
4623,1998,659.13,2025-03-20 11:09:00,Electronics,Credit Card,In-store,Desktop,0
4624,5782,1911.77,2025-05-05 02:31:00,Entertainment,UPI,Mobile,Mobile,0
4625,6928,2065.01,2024-07-04 14:11:00,Grocery,Credit Card,Online,Mobile,0
4626,2016,1185.84,2024-06-29 06:36:00,Healthcare,Net Banking,Online,Mobile,0
4627,6308,1192.43,2025-05-17 23:11:00,Travel,UPI,Mobile,Mobile,0
4628,2738,1741.98,2025-10-25 09:01:00,Healthcare,Net Banking,ATM,POS,0
4629,7738,608.86,2024-11-13 05:56:00,Grocery,UPI,Online,Tablet,0
4630,711,42.95,2024-06-30 12:43:00,Shopping,Credit Card,In-store,Desktop,0
4631,4695,2071.41,2025-09-14 06:04:00,Healthcare,Debit Card,Mobile,POS,0
4632,1203,1875.67,2024-05-26 02:27:00,Utilities,Credit Card,ATM,Tablet,0
4633,3050,1293.98,2024-09-08 14:58:00,Other,Debit Card,In-store,Mobile,0
4634,7555,4171.17,2025-10-22 12:06:00,Entertainment,UPI,Online,Mobile,0
4635,8245,1421.09,2025-06-23 04:46:00,Entertainment,UPI,In-store,Mobile,0
4636,9970,723.36,2024-01-13 19:06:00,Entertainment,Credit Card,Mobile,POS,0
4637,1311,2500.26,2025-01-21 12:01:00,Electronics,Debit Card,ATM,POS,0
4638,1407,6561.69,2024-04-22 00:48:00,Travel,Credit Card,Mobile,Tablet,0
4639,4086,2670.28,2025-10-21 01:08:00,Healthcare,Cash,In-store,Desktop,0
4640,4675,4790.45,2024-09-11 02:17:00,Electronics,Net Banking,Mobile,POS,0
4641,5457,239.18,2024-05-26 20:38:00,Other,UPI,Online,Mobile,0
4642,5303,257.91,2024-01-14 00:50:00,Travel,Net Banking,In-store,Desktop,0
4643,3522,335.9,2024-04-18 17:47:00,Travel,UPI,Mobile,Desktop,0
4644,1309,2427.07,2024-12-12 22:05:00,Healthcare,Net Banking,In-store,Tablet,0
4645,5283,987.63,2024-07-26 04:30:00,Electronics,Net Banking,ATM,Tablet,0
4646,6116,1299.07,2025-07-30 14:52:00,Entertainment,Net Banking,Mobile,Desktop,0
4647,2354,607.41,2024-06-16 09:21:00,Grocery,UPI,Mobile,Desktop,0
4648,9487,2664.41,2025-05-05 04:15:00,Entertainment,Cash,Mobile,Tablet,0
4649,1565,3733.16,2024-02-27 17:44:00,Food,Debit Card,Online,POS,0
4650,409,349.22,2024-09-30 20:34:00,Food,Credit Card,ATM,Desktop,0
4651,1099,428.2,2024-05-06 00:52:00,Electronics,Credit Card,ATM,Desktop,0
4652,9701,829.22,2024-02-15 03:34:00,Other,Debit Card,ATM,Desktop,0
4653,5433,657.47,2024-10-30 03:32:00,Utilities,Credit Card,Online,Mobile,0
4654,112,1516.59,2025-03-01 04:00:00,Entertainment,Credit Card,Mobile,Mobile,0
4655,1272,2793.33,2024-08-17 00:14:00,Food,Debit Card,In-store,POS,0
4656,5939,3152.72,2025-03-13 12:09:00,Grocery,UPI,Online,Tablet,0
4657,2884,467.52,2024-12-27 20:18:00,Food,Cash,In-store,POS,0
4658,7036,386.15,2024-08-19 21:24:00,Healthcare,UPI,ATM,POS,0
4659,6902,904.15,2025-12-04 22:52:00,Food,UPI,In-store,POS,0
4660,1676,319.69,2024-04-25 15:10:00,Healthcare,UPI,Online,Mobile,0
4661,6624,192.57,2024-04-22 07:06:00,Utilities,Debit Card,Online,Tablet,0
4662,325,555.68,2024-10-15 11:04:00,Healthcare,Credit Card,Online,Tablet,0
4663,4074,1001.57,2025-09-22 10:07:00,Electronics,Credit Card,In-store,POS,0
4664,3827,1772.7,2025-01-04 02:57:00,Electronics,Net Banking,In-store,POS,0
4665,6629,2569.49,2024-02-14 19:09:00,Other,Credit Card,Online,Desktop,0
4666,1433,504.14,2024-07-01 13:33:00,Healthcare,Credit Card,Online,Tablet,0
4667,5956,3414.81,2024-12-08 19:11:00,Entertainment,Net Banking,In-store,Mobile,0
4668,5528,68.5,2025-11-26 13:09:00,Food,Debit Card,ATM,Mobile,0
4669,9341,1174.14,2025-11-14 21:19:00,Food,UPI,Online,POS,0
4670,7944,2005.2,2025-10-01 09:22:00,Shopping,Net Banking,In-store,Tablet,0
4671,3785,688.54,2024-04-16 08:58:00,Food,Debit Card,Online,Mobile,0
4672,4380,2302.08,2025-05-26 21:23:00,Electronics,UPI,Mobile,Desktop,0
4673,6582,4035.62,2024-09-28 22:51:00,Electronics,UPI,ATM,Desktop,0
4674,6014,187.23,2024-03-19 00:55:00,Food,Credit Card,ATM,Desktop,0
4675,872,1437.18,2024-06-01 20:09:00,Entertainment,UPI,Mobile,POS,0
4676,8236,37.9,2024-11-23 04:24:00,Electronics,Debit Card,Mobile,Tablet,0
4677,6520,655.83,2025-04-02 23:50:00,Healthcare,Credit Card,Mobile,Mobile,0
4678,7322,294.54,2025-05-04 02:07:00,Shopping,Cash,ATM,Tablet,0
4679,4703,1957.8,2025-08-14 13:46:00,Electronics,UPI,In-store,Mobile,0
4680,2,571.86,2024-10-12 04:05:00,Utilities,Credit Card,ATM,POS,0
4681,6892,663.68,2024-11-26 04:11:00,Entertainment,UPI,Mobile,Tablet,0
4682,4494,460.41,2025-01-29 11:20:00,Food,Net Banking,Online,Mobile,0
4683,597,558.91,2025-05-21 13:30:00,Electronics,Debit Card,Mobile,Tablet,0
4684,7036,510.07,2025-12-11 13:38:00,Other,Debit Card,Mobile,Desktop,0
4685,6518,2393.8,2025-10-13 10:08:00,Travel,Debit Card,ATM,Tablet,0
4686,1790,6238.53,2025-10-31 07:24:00,Grocery,Debit Card,Mobile,POS,0
4687,3805,1347.6,2025-03-04 17:31:00,Entertainment,Debit Card,Online,Mobile,0
4688,9977,1834.52,2025-07-05 17:31:00,Grocery,Debit Card,Online,Mobile,0
4689,7213,3408.66,2025-06-29 17:52:00,Healthcare,Cash,Mobile,Tablet,0
4690,4067,1292.93,2024-08-23 12:05:00,Entertainment,Credit Card,Mobile,POS,0
4691,4911,719.14,2025-08-17 22:26:00,Entertainment,Cash,Online,Tablet,0
4692,5652,6030.84,2025-06-23 18:49:00,Other,Net Banking,Online,POS,0
4693,2172,4732.25,2025-12-11 23:14:00,Other,UPI,Online,POS,0
4694,4669,497.85,2025-12-20 02:15:00,Utilities,Debit Card,ATM,Mobile,0
4695,7424,2428.56,2025-01-05 00:13:00,Entertainment,Credit Card,In-store,Desktop,0
4696,5836,2083.37,2024-01-18 11:35:00,Other,UPI,ATM,Tablet,0
4697,8709,2097.55,2025-04-30 04:58:00,Food,Net Banking,ATM,Mobile,0
4698,314,3551.02,2024-04-22 01:58:00,Entertainment,Debit Card,In-store,Tablet,0
4699,1361,2242.36,2024-12-23 11:54:00,Food,Credit Card,ATM,Desktop,0
4700,2125,1459.64,2024-05-22 09:29:00,Other,Credit Card,In-store,Mobile,0
4701,828,3742.46,2024-05-27 17:59:00,Grocery,Credit Card,Mobile,POS,0
4702,1677,615.34,2025-03-07 07:13:00,Utilities,UPI,Mobile,POS,0
4703,4392,2274.03,2024-08-17 01:47:00,Other,Cash,Online,Mobile,0
4704,3779,2418.11,2024-05-21 03:44:00,Grocery,UPI,ATM,Mobile,0
4705,1461,4085.37,2025-12-21 04:24:00,Travel,Credit Card,Mobile,POS,0
4706,2755,12763.26,2024-01-27 22:27:00,Utilities,Net Banking,Online,POS,0
4707,5771,1630.86,2025-01-15 01:44:00,Entertainment,UPI,Online,Tablet,0
4708,8970,1324.9,2024-04-18 21:37:00,Other,Debit Card,In-store,Mobile,0
4709,1564,1836.0,2024-03-16 15:53:00,Shopping,Debit Card,ATM,Mobile,0
4710,5239,2149.86,2025-08-31 05:01:00,Entertainment,Debit Card,Online,Mobile,0
4711,8587,2496.44,2024-05-30 11:09:00,Travel,Net Banking,Mobile,Mobile,0
4712,9713,660.4,2024-03-21 07:04:00,Food,Cash,Online,Mobile,0
4713,1273,1335.09,2024-01-13 18:53:00,Utilities,Credit Card,Online,POS,0
4714,5127,927.0,2025-03-02 04:48:00,Healthcare,Credit Card,Mobile,Tablet,0
4715,5533,79.09,2024-07-05 15:47:00,Utilities,Credit Card,In-store,POS,0
4716,5057,1880.77,2024-05-23 23:33:00,Food,Debit Card,In-store,Desktop,0
4717,8847,4155.92,2025-12-16 09:30:00,Electronics,Cash,Mobile,Desktop,0
4718,1476,5088.62,2025-02-25 23:21:00,Food,Cash,Online,POS,0
4719,6019,1457.23,2025-03-30 20:44:00,Utilities,UPI,ATM,Desktop,0
4720,7188,2903.88,2024-01-14 09:07:00,Grocery,Debit Card,In-store,POS,0
4721,1916,2492.46,2024-06-08 01:56:00,Food,Debit Card,Online,Mobile,0
4722,8195,519.87,2025-10-19 01:38:00,Entertainment,Credit Card,Online,POS,0
4723,413,129.95,2024-06-26 16:10:00,Utilities,Credit Card,Mobile,POS,0
4724,4116,2755.51,2024-01-12 12:53:00,Healthcare,Credit Card,In-store,Tablet,0
4725,4092,664.51,2025-03-09 21:56:00,Utilities,Credit Card,Online,Desktop,0
4726,4541,1594.27,2025-04-10 17:45:00,Entertainment,Net Banking,Mobile,POS,0
4727,1370,1484.95,2024-09-21 18:32:00,Food,Credit Card,Mobile,Tablet,0
4728,9946,3406.11,2024-11-09 22:14:00,Shopping,UPI,ATM,Mobile,0
4729,6821,2069.28,2025-03-09 05:17:00,Travel,Net Banking,Mobile,Mobile,0
4730,3412,3756.56,2024-04-04 16:24:00,Entertainment,Credit Card,Mobile,Tablet,0
4731,5171,2790.56,2024-05-08 23:13:00,Healthcare,Credit Card,In-store,Mobile,1
4732,8545,17375.0,2025-02-14 19:03:00,Utilities,Credit Card,In-store,Desktop,0
4733,8670,3988.36,2024-08-12 12:11:00,Other,Credit Card,Mobile,Tablet,0
4734,2292,474.17,2025-07-26 19:53:00,Food,Net Banking,ATM,Desktop,0
4735,5677,6508.43,2024-03-20 22:29:00,Travel,Net Banking,Online,POS,0
4736,4823,831.44,2025-05-03 10:41:00,Food,Debit Card,Mobile,Desktop,0
4737,7583,1872.17,2025-10-19 12:52:00,Electronics,UPI,Mobile,Mobile,0
4738,7191,5672.36,2025-01-24 05:03:00,Shopping,Debit Card,In-store,Desktop,0
4739,2101,482.02,2025-01-15 20:27:00,Entertainment,UPI,ATM,Desktop,0
4740,5162,3894.01,2024-07-18 08:06:00,Other,UPI,ATM,POS,0
4741,4949,6121.72,2024-04-16 02:23:00,Travel,UPI,Online,POS,0
4742,1351,3844.88,2025-09-09 10:01:00,Utilities,Net Banking,In-store,Mobile,0
4743,373,3420.41,2024-09-02 09:10:00,Travel,UPI,In-store,Tablet,0
4744,6699,614.72,2025-07-08 03:04:00,Entertainment,UPI,Mobile,Mobile,0
4745,1490,1045.46,2024-08-04 19:00:00,Electronics,UPI,Mobile,Desktop,0
4746,4998,2857.02,2024-11-12 06:35:00,Healthcare,Credit Card,ATM,Mobile,0
4747,2868,251.5,2024-07-25 20:59:00,Food,Credit Card,Mobile,Tablet,0
4748,3566,4385.18,2024-02-03 07:17:00,Entertainment,Credit Card,ATM,POS,0
4749,9666,472.1,2024-03-28 18:36:00,Entertainment,Credit Card,In-store,POS,0
4750,9840,1663.93,2024-02-15 18:50:00,Grocery,Debit Card,Online,Desktop,0
4751,1023,222.0,2025-05-10 01:03:00,Travel,Cash,Online,Mobile,0
4752,5224,409.6,2024-11-18 02:19:00,Food,Credit Card,Online,Mobile,0
4753,9284,1761.36,2024-01-09 11:48:00,Electronics,Debit Card,ATM,POS,0
4754,5645,2013.76,2024-10-16 12:32:00,Utilities,UPI,ATM,POS,0
4755,2380,628.74,2024-07-18 10:48:00,Travel,UPI,Online,Mobile,1
4756,7467,253.62,2025-02-04 23:22:00,Shopping,Credit Card,In-store,Mobile,0
4757,7024,1595.04,2024-05-12 22:43:00,Electronics,Credit Card,ATM,POS,1
4758,5764,3673.15,2024-04-09 10:26:00,Shopping,UPI,ATM,POS,0
4759,5212,449.9,2025-05-30 03:32:00,Food,Net Banking,In-store,Mobile,0
4760,490,2352.49,2024-06-02 00:37:00,Other,Net Banking,Mobile,Tablet,0
4761,2592,975.13,2025-01-26 15:37:00,Other,Debit Card,ATM,Mobile,0
4762,3981,5732.5,2024-02-08 09:10:00,Healthcare,UPI,ATM,Mobile,0
4763,36,172.36,2024-06-04 21:29:00,Travel,Credit Card,Online,Mobile,0
4764,1306,81.58,2024-03-21 20:05:00,Grocery,Debit Card,Online,POS,0
4765,7373,265.48,2024-08-25 06:51:00,Grocery,Debit Card,Mobile,Tablet,0
4766,7830,3050.61,2025-11-28 20:09:00,Food,UPI,In-store,Desktop,0
4767,2699,5121.93,2024-06-13 16:33:00,Electronics,Debit Card,Online,POS,0
4768,2841,3457.31,2025-09-15 20:33:00,Other,Credit Card,ATM,Tablet,0
4769,6991,2530.51,2024-12-15 14:50:00,Travel,Net Banking,Online,Desktop,0
4770,8365,118.62,2024-05-14 10:18:00,Entertainment,Cash,Mobile,Desktop,0
4771,9892,481.12,2025-01-03 19:54:00,Electronics,UPI,Online,Tablet,0
4772,3490,5478.43,2025-03-17 01:57:00,Electronics,Credit Card,ATM,POS,0
4773,6432,1949.92,2025-12-30 21:24:00,Travel,UPI,ATM,Mobile,0
4774,3174,1263.44,2024-09-01 06:39:00,Healthcare,Credit Card,Mobile,Tablet,0
4775,665,2112.9,2025-09-13 02:09:00,Utilities,UPI,Mobile,Mobile,0
4776,2499,393.47,2025-08-03 20:31:00,Food,Debit Card,Mobile,POS,0
4777,121,4467.41,2024-04-09 00:09:00,Shopping,UPI,ATM,POS,0
4778,1081,2135.99,2024-11-12 17:55:00,Grocery,Credit Card,Online,POS,0
4779,2287,1274.46,2024-03-30 15:06:00,Electronics,Cash,Online,Desktop,0
4780,1437,1222.68,2025-04-10 10:10:00,Food,UPI,Online,POS,0
4781,8213,3456.19,2024-10-29 05:04:00,Grocery,Net Banking,In-store,Desktop,0
4782,9045,735.96,2024-10-13 18:23:00,Utilities,UPI,Online,Desktop,0
4783,3605,294.99,2024-12-27 02:04:00,Travel,UPI,Mobile,Mobile,0
4784,7111,410.78,2024-07-02 22:49:00,Healthcare,UPI,In-store,Desktop,0
4785,7466,169.23,2025-04-16 08:30:00,Utilities,Debit Card,ATM,Desktop,0
4786,6155,1418.0,2024-09-19 14:41:00,Food,Cash,ATM,POS,0
4787,3642,2261.81,2024-05-23 03:36:00,Utilities,UPI,In-store,Desktop,0
4788,6498,5435.75,2025-05-14 01:23:00,Travel,Credit Card,ATM,POS,0
4789,3824,2779.12,2024-10-20 12:26:00,Shopping,Cash,ATM,POS,0
4790,1945,1749.87,2025-09-26 21:08:00,Utilities,UPI,In-store,Desktop,0
4791,1218,3989.52,2025-03-27 11:32:00,Entertainment,Debit Card,In-store,Mobile,0
4792,7020,4455.2,2025-10-01 10:23:00,Utilities,UPI,Mobile,Desktop,0
4793,1010,2492.27,2024-03-26 21:26:00,Food,Credit Card,Mobile,Mobile,0
4794,6446,115.86,2025-06-02 14:16:00,Food,Cash,Online,Mobile,0
4795,5142,689.95,2025-11-29 01:39:00,Travel,Credit Card,Online,Mobile,0
4796,8016,819.51,2025-10-21 01:47:00,Utilities,Credit Card,In-store,Tablet,0
4797,2695,11890.24,2024-09-07 22:52:00,Entertainment,Net Banking,Mobile,Tablet,0
4798,6130,1247.85,2025-07-28 00:09:00,Utilities,UPI,In-store,Desktop,0
4799,8209,2870.01,2024-04-17 09:24:00,Utilities,Net Banking,In-store,POS,0
4800,3843,3361.84,2024-06-11 18:25:00,Entertainment,Credit Card,In-store,Desktop,0
4801,2444,2118.36,2024-03-15 07:24:00,Electronics,Net Banking,In-store,POS,0
4802,3148,36.89,2025-04-18 21:05:00,Healthcare,Credit Card,Online,Tablet,0
4803,8395,39.08,2024-12-23 14:29:00,Healthcare,UPI,In-store,POS,1
4804,8425,3416.06,2025-10-19 17:57:00,Food,Credit Card,ATM,Mobile,0
4805,8979,2688.31,2025-04-21 03:05:00,Grocery,Debit Card,Online,Mobile,0
4806,1773,1536.24,2024-07-03 23:06:00,Electronics,Debit Card,ATM,Desktop,0
4807,96,572.34,2025-02-10 13:12:00,Utilities,Net Banking,Mobile,Mobile,0
4808,8466,181.41,2025-02-15 10:04:00,Travel,UPI,Online,Mobile,0
4809,7940,358.9,2024-11-20 10:38:00,Utilities,Credit Card,ATM,Desktop,0
4810,3990,1736.54,2025-05-12 06:44:00,Electronics,Debit Card,ATM,Desktop,0
4811,9592,1578.55,2025-05-02 03:17:00,Other,Debit Card,In-store,POS,0
4812,7878,5669.5,2025-04-10 01:34:00,Other,Net Banking,In-store,Desktop,0
4813,1944,6306.02,2024-06-08 15:09:00,Food,Credit Card,Online,Desktop,0
4814,2093,1716.08,2025-10-17 06:20:00,Food,Net Banking,Online,Desktop,0
4815,5499,3683.15,2025-08-04 01:38:00,Shopping,Net Banking,In-store,Tablet,0
4816,1885,3345.28,2025-01-24 01:59:00,Other,Credit Card,ATM,Desktop,0
4817,5002,2791.69,2025-01-05 13:30:00,Shopping,Credit Card,Online,Desktop,0
4818,4526,1150.15,2024-08-06 01:13:00,Healthcare,UPI,Online,POS,0
4819,8868,986.65,2024-01-24 21:27:00,Electronics,UPI,In-store,POS,0
4820,1634,613.41,2024-10-03 08:40:00,Electronics,Credit Card,In-store,Desktop,0
4821,9523,5532.26,2024-06-29 02:09:00,Electronics,UPI,Online,Desktop,0
4822,1267,3596.67,2024-03-11 08:25:00,Travel,UPI,ATM,Mobile,0
4823,137,389.88,2024-03-24 09:55:00,Food,Credit Card,Online,Tablet,0
4824,5178,581.94,2025-12-30 14:55:00,Grocery,Debit Card,In-store,Mobile,0
4825,9124,1741.33,2025-03-05 16:13:00,Other,Net Banking,Online,POS,0
4826,1942,1067.51,2025-11-16 08:11:00,Food,Net Banking,Online,Tablet,1
4827,6925,481.34,2024-02-25 02:57:00,Utilities,UPI,ATM,Desktop,0
4828,8361,3132.34,2025-03-14 10:48:00,Food,UPI,Online,Mobile,0
4829,8654,3.11,2024-10-31 05:12:00,Travel,Net Banking,ATM,Tablet,0
4830,4506,840.98,2024-12-23 13:30:00,Travel,Debit Card,In-store,Mobile,0
4831,8056,5300.03,2025-05-01 17:44:00,Entertainment,Credit Card,Mobile,Tablet,0
4832,7552,2860.64,2024-06-13 22:27:00,Travel,Net Banking,In-store,Tablet,0
4833,8748,1025.94,2024-12-29 22:36:00,Healthcare,Debit Card,Online,Tablet,0
4834,6617,5282.52,2025-02-02 00:35:00,Food,UPI,In-store,POS,0
4835,8790,4621.3,2025-09-03 06:04:00,Grocery,Debit Card,Mobile,POS,0
4836,6733,108.03,2025-11-14 18:39:00,Entertainment,Credit Card,In-store,Mobile,0
4837,1266,273.8,2024-05-28 10:42:00,Shopping,Debit Card,Online,Mobile,0
4838,4005,979.53,2024-11-20 00:09:00,Other,Credit Card,Online,Mobile,0
4839,9018,5301.38,2025-04-14 04:31:00,Healthcare,Credit Card,Online,Mobile,0
4840,9891,3718.43,2024-11-20 03:50:00,Entertainment,Debit Card,In-store,Desktop,0
4841,1532,97.88,2025-11-21 13:16:00,Electronics,UPI,Mobile,POS,0
4842,3761,1436.24,2025-06-17 23:00:00,Other,Debit Card,ATM,Desktop,0
4843,5819,2547.74,2025-04-06 04:40:00,Shopping,Credit Card,Mobile,Desktop,0
4844,244,645.71,2025-04-05 20:37:00,Food,Debit Card,Mobile,POS,0
4845,2269,2564.05,2024-04-09 01:13:00,Shopping,UPI,Mobile,POS,0
4846,7303,923.2,2024-07-11 13:44:00,Healthcare,Cash,In-store,Mobile,0
4847,35,640.57,2025-07-13 05:38:00,Grocery,Debit Card,In-store,Desktop,0
4848,9383,997.02,2025-01-21 06:22:00,Shopping,Net Banking,Mobile,POS,0
4849,7430,6023.76,2024-08-02 06:43:00,Food,Cash,Mobile,POS,0
4850,5454,4713.96,2025-08-13 00:23:00,Travel,UPI,ATM,Desktop,0
4851,5230,4905.68,2025-01-07 00:19:00,Grocery,UPI,Mobile,Desktop,0
4852,9174,4986.99,2024-11-10 16:52:00,Shopping,Credit Card,ATM,Mobile,0
4853,1419,392.7,2024-05-07 22:31:00,Healthcare,Credit Card,Mobile,POS,1
4854,9,4527.91,2025-10-26 14:26:00,Utilities,Cash,ATM,Desktop,0
4855,5002,477.22,2025-02-24 11:22:00,Travel,UPI,ATM,Desktop,0
4856,3254,3641.99,2025-07-09 13:33:00,Shopping,UPI,In-store,Desktop,0
4857,3115,1561.33,2024-12-09 03:59:00,Travel,UPI,ATM,Tablet,0
4858,3704,548.77,2024-06-29 14:27:00,Food,UPI,In-store,Mobile,0
4859,113,1016.73,2025-01-17 05:35:00,Healthcare,UPI,In-store,POS,0
4860,9134,1136.13,2025-09-01 05:34:00,Shopping,Credit Card,Mobile,Tablet,0
4861,1343,2642.3,2025-03-22 12:18:00,Food,UPI,Mobile,POS,0
4862,1457,1862.92,2025-11-06 22:43:00,Grocery,Debit Card,Mobile,Tablet,0
4863,766,3394.16,2025-03-23 20:18:00,Grocery,UPI,Online,POS,0
4864,4327,1011.03,2025-12-19 19:59:00,Healthcare,Debit Card,Online,Mobile,0
4865,7135,2721.96,2024-04-11 02:51:00,Healthcare,UPI,ATM,POS,0
4866,7103,3148.18,2024-04-16 02:41:00,Utilities,UPI,In-store,Tablet,0
4867,680,130.45,2024-01-17 19:59:00,Utilities,UPI,Online,Tablet,0
4868,7100,942.05,2025-02-25 03:31:00,Other,UPI,ATM,POS,0
4869,6023,4342.93,2025-09-30 17:06:00,Healthcare,Credit Card,ATM,POS,0
4870,7934,2441.4,2025-10-10 14:32:00,Travel,Debit Card,Online,POS,0
4871,5037,1084.1,2025-08-18 01:42:00,Travel,Credit Card,In-store,POS,0
4872,2095,404.17,2024-10-23 13:13:00,Entertainment,Debit Card,Online,Desktop,0
4873,7310,203.2,2024-08-16 14:35:00,Healthcare,Net Banking,ATM,Desktop,0
4874,9301,521.04,2025-01-25 03:12:00,Entertainment,Credit Card,ATM,POS,0
4875,2479,561.26,2025-04-25 03:22:00,Electronics,Credit Card,Online,Desktop,0
4876,2141,926.17,2025-04-20 13:58:00,Utilities,UPI,Mobile,POS,0
4877,3502,389.41,2025-10-22 22:50:00,Electronics,Net Banking,Online,Mobile,0
4878,8351,315.76,2025-02-09 00:23:00,Food,Credit Card,ATM,Tablet,0
4879,5684,3715.89,2024-08-17 16:18:00,Food,Credit Card,ATM,Mobile,0
4880,9087,574.13,2024-10-01 21:16:00,Shopping,UPI,Online,Tablet,0
4881,9988,1649.27,2024-11-10 13:43:00,Food,UPI,ATM,Mobile,0
4882,4214,444.54,2024-09-04 00:57:00,Healthcare,UPI,ATM,Tablet,0
4883,7726,1353.58,2025-02-28 01:00:00,Entertainment,Debit Card,Mobile,Tablet,0
4884,4253,647.9,2024-01-27 04:50:00,Entertainment,Net Banking,Mobile,Tablet,0
4885,3505,181.6,2025-01-18 16:52:00,Travel,Credit Card,Online,Desktop,1
4886,7361,8054.4,2025-09-06 10:21:00,Electronics,UPI,Online,Desktop,0
4887,257,1224.26,2024-06-23 18:27:00,Entertainment,Net Banking,ATM,Tablet,0
4888,1860,998.61,2024-09-04 17:25:00,Other,Credit Card,ATM,POS,0
4889,2047,444.09,2024-07-16 19:41:00,Other,Credit Card,Mobile,Tablet,0
4890,2747,1367.84,2025-02-06 01:51:00,Entertainment,Credit Card,Mobile,Tablet,0
4891,7400,2016.92,2025-08-14 13:08:00,Other,Credit Card,In-store,POS,0
4892,2814,726.68,2025-10-13 12:46:00,Food,UPI,In-store,Desktop,0
4893,8613,1309.46,2024-06-26 12:57:00,Other,Debit Card,In-store,Tablet,0
4894,4474,541.21,2024-11-21 16:10:00,Other,UPI,Online,POS,0
4895,3764,1500.34,2025-03-23 07:06:00,Other,Debit Card,ATM,POS,0
4896,7926,3094.94,2025-12-28 04:32:00,Other,Debit Card,Online,POS,0
4897,2690,124.2,2024-05-01 20:36:00,Utilities,Cash,Mobile,POS,0
4898,1045,1458.95,2025-02-05 20:58:00,Other,Credit Card,In-store,Mobile,0
4899,4893,1019.53,2024-09-23 17:10:00,Grocery,UPI,In-store,Tablet,0
4900,9292,153.85,2024-11-26 06:05:00,Entertainment,Debit Card,Online,Desktop,0
4901,8169,5643.86,2024-04-05 00:27:00,Healthcare,UPI,ATM,Desktop,0
4902,7840,601.79,2024-01-12 20:49:00,Healthcare,UPI,In-store,Mobile,0
4903,5801,1663.03,2025-08-30 04:01:00,Grocery,UPI,Online,POS,0
4904,8982,932.41,2025-09-24 22:34:00,Grocery,Debit Card,ATM,Mobile,1
4905,8676,632.53,2024-03-21 18:24:00,Grocery,UPI,Mobile,POS,0
4906,6969,1498.08,2024-01-26 23:46:00,Shopping,UPI,ATM,Mobile,0
4907,1205,2336.11,2024-05-13 14:40:00,Grocery,Credit Card,In-store,Desktop,0
4908,8144,3079.22,2025-10-08 11:11:00,Other,Net Banking,Mobile,POS,0
4909,4849,2009.83,2024-09-02 20:57:00,Electronics,UPI,ATM,Tablet,0
4910,7697,1494.35,2024-08-15 09:12:00,Other,Credit Card,ATM,Tablet,0
4911,8755,3003.52,2025-07-02 07:46:00,Other,Net Banking,In-store,Mobile,0
4912,7047,1457.37,2025-01-22 08:42:00,Electronics,Credit Card,Online,POS,0
4913,4029,7316.84,2024-02-22 08:05:00,Entertainment,UPI,Online,POS,0
4914,3044,1496.22,2024-05-27 20:01:00,Other,Debit Card,In-store,Mobile,0
4915,1852,763.24,2025-10-15 18:55:00,Other,UPI,ATM,POS,0
4916,9772,1182.49,2024-04-15 03:29:00,Shopping,Net Banking,In-store,Desktop,0
4917,1357,1346.65,2025-09-02 03:06:00,Food,Net Banking,ATM,Mobile,0
4918,7913,666.72,2024-05-25 09:16:00,Grocery,UPI,In-store,Mobile,0
4919,4027,345.72,2024-07-03 02:04:00,Electronics,Net Banking,In-store,Desktop,0
4920,9032,1129.1,2025-05-21 11:58:00,Entertainment,Debit Card,Online,Tablet,0
4921,1044,4546.69,2024-07-31 12:06:00,Other,Net Banking,In-store,Tablet,0
4922,5036,590.17,2025-05-17 00:26:00,Entertainment,Debit Card,Online,Tablet,0
4923,688,898.27,2024-03-16 15:40:00,Food,Credit Card,In-store,POS,0
4924,5450,2835.35,2024-03-19 06:43:00,Grocery,Net Banking,Mobile,POS,0
4925,9103,171.71,2025-03-05 12:56:00,Food,Debit Card,Mobile,Mobile,0
4926,8396,3486.75,2024-11-17 20:58:00,Electronics,UPI,Online,Desktop,0
4927,9656,2547.92,2025-04-06 05:11:00,Other,UPI,Mobile,POS,0
4928,5304,1595.97,2024-11-01 00:57:00,Other,Credit Card,Mobile,Mobile,0
4929,3118,470.13,2024-07-01 21:36:00,Food,Debit Card,ATM,Desktop,0
4930,4537,194.52,2025-10-08 19:54:00,Shopping,Debit Card,ATM,Desktop,0
4931,2602,527.2,2024-02-02 03:21:00,Healthcare,UPI,ATM,Tablet,0
4932,2056,2866.73,2024-12-21 15:39:00,Shopping,UPI,In-store,Tablet,0
4933,14,5420.94,2025-09-06 17:00:00,Other,Cash,Mobile,Desktop,0
4934,794,2677.97,2024-06-11 16:47:00,Entertainment,UPI,Mobile,Mobile,0
4935,2150,1499.93,2024-09-17 03:12:00,Entertainment,Credit Card,Online,POS,0
4936,5149,6018.96,2025-09-12 00:34:00,Utilities,Debit Card,Mobile,Desktop,0
4937,6847,3527.13,2024-01-24 16:32:00,Food,Credit Card,Online,POS,0
4938,1805,2133.28,2024-06-05 06:55:00,Entertainment,Net Banking,Mobile,Desktop,0
4939,5078,77.28,2025-01-08 03:57:00,Electronics,Net Banking,Mobile,Tablet,0
4940,2029,678.61,2024-08-10 00:20:00,Electronics,Net Banking,In-store,POS,0
4941,4539,736.95,2024-05-21 07:05:00,Entertainment,UPI,Mobile,Tablet,0
4942,760,853.11,2025-12-09 04:17:00,Shopping,Credit Card,Mobile,POS,0
4943,3861,986.58,2024-10-07 15:12:00,Shopping,Net Banking,Online,Mobile,0
4944,7519,5605.91,2024-04-04 11:45:00,Utilities,Credit Card,In-store,POS,0
4945,1642,2708.6,2025-07-18 20:18:00,Entertainment,Debit Card,Online,Tablet,0
4946,7192,2354.89,2025-04-23 23:51:00,Utilities,Credit Card,In-store,POS,0
4947,1813,1112.05,2025-05-22 13:32:00,Other,UPI,Online,Desktop,0
4948,1817,823.62,2025-02-13 06:16:00,Shopping,Debit Card,ATM,Mobile,0
4949,1826,254.71,2024-06-26 06:43:00,Food,UPI,Mobile,Mobile,0
4950,3186,1208.43,2024-10-14 12:06:00,Travel,Cash,Online,Mobile,0
4951,562,459.69,2025-08-20 18:19:00,Electronics,Credit Card,Mobile,Mobile,0
4952,238,991.91,2024-06-18 06:46:00,Entertainment,Credit Card,In-store,Tablet,0
4953,5979,340.13,2025-05-14 13:56:00,Other,UPI,Online,Tablet,0
4954,9053,843.18,2025-04-01 13:38:00,Entertainment,Cash,Online,Mobile,0
4955,5834,87.86,2024-10-05 10:39:00,Other,Credit Card,Online,Tablet,0
4956,7468,12.08,2024-04-20 19:24:00,Food,Debit Card,In-store,Tablet,0
4957,2208,4079.05,2025-03-15 06:36:00,Travel,Credit Card,In-store,POS,0
4958,5558,2050.34,2024-12-27 11:57:00,Healthcare,Debit Card,Online,POS,0
4959,5004,1771.85,2025-10-09 02:28:00,Other,Credit Card,In-store,Tablet,0
4960,2650,1442.25,2024-06-20 01:32:00,Shopping,Credit Card,Mobile,POS,0
4961,5315,2594.58,2024-09-16 18:26:00,Travel,Debit Card,In-store,Desktop,0
4962,4714,2664.87,2024-10-27 19:52:00,Entertainment,Net Banking,Mobile,POS,0
4963,5579,5474.49,2025-10-22 16:22:00,Entertainment,UPI,ATM,Desktop,0
4964,8263,560.51,2025-02-11 00:07:00,Grocery,Debit Card,Online,Mobile,0
4965,7066,3076.08,2024-07-03 10:27:00,Food,UPI,ATM,Tablet,0
4966,5616,9456.43,2024-07-09 11:15:00,Travel,Credit Card,In-store,Mobile,0
4967,6176,58.9,2024-03-15 06:42:00,Utilities,UPI,Online,Mobile,0
4968,7846,936.76,2025-01-15 11:09:00,Utilities,Net Banking,In-store,Desktop,0
4969,1236,1145.53,2024-11-17 03:00:00,Food,Net Banking,ATM,POS,0
4970,4943,3450.06,2024-11-22 22:00:00,Food,UPI,ATM,Tablet,0
4971,463,27.68,2024-12-02 06:29:00,Grocery,Net Banking,Mobile,POS,0
4972,6391,1825.69,2025-08-04 10:57:00,Entertainment,Debit Card,ATM,Tablet,0
4973,3801,4462.0,2024-08-26 17:04:00,Grocery,Net Banking,In-store,POS,0
4974,5830,319.46,2025-01-29 09:38:00,Grocery,Debit Card,Online,Desktop,0
4975,6477,245.63,2024-08-05 16:13:00,Shopping,UPI,Mobile,POS,0
4976,5195,16903.17,2024-04-15 17:17:00,Other,Net Banking,Mobile,Desktop,0
4977,9306,3496.93,2025-09-14 21:04:00,Electronics,UPI,Online,Mobile,0
4978,2841,2390.81,2025-08-10 20:26:00,Other,Credit Card,ATM,Tablet,0
4979,52,1018.26,2025-11-29 13:20:00,Grocery,UPI,Online,POS,0
4980,7180,3847.79,2024-11-23 06:12:00,Other,Credit Card,Mobile,POS,0
4981,5769,5122.01,2024-02-20 15:31:00,Grocery,Debit Card,Online,POS,0
4982,9508,2636.59,2024-02-17 08:26:00,Shopping,Net Banking,ATM,Tablet,0
4983,3169,1015.31,2024-05-02 03:28:00,Grocery,UPI,Online,Tablet,0
4984,7080,1751.92,2024-06-24 19:20:00,Shopping,Credit Card,Mobile,Tablet,0
4985,5208,207.43,2025-08-28 12:15:00,Grocery,UPI,ATM,Desktop,0
4986,5173,344.0,2025-08-13 00:18:00,Shopping,Credit Card,Mobile,POS,0
4987,4961,3056.06,2024-01-19 20:50:00,Electronics,Credit Card,In-store,Tablet,0
4988,3233,59.51,2025-08-12 00:58:00,Food,Credit Card,In-store,Mobile,0
4989,3357,100.89,2025-04-17 09:08:00,Utilities,UPI,In-store,POS,0
4990,4006,1418.65,2025-02-16 01:57:00,Shopping,Debit Card,ATM,Tablet,0
4991,7984,373.93,2025-06-30 16:02:00,Healthcare,Credit Card,Online,Tablet,0
4992,973,695.44,2024-12-11 20:01:00,Shopping,Cash,ATM,Mobile,0
4993,9019,1017.76,2024-03-12 15:06:00,Travel,UPI,In-store,Tablet,0
4994,318,1477.36,2025-03-01 23:19:00,Utilities,Credit Card,Online,POS,0
4995,767,666.85,2024-10-08 10:48:00,Utilities,Credit Card,Online,Desktop,0
4996,2479,1321.54,2024-12-20 12:05:00,Electronics,Credit Card,Online,Mobile,0
4997,3899,926.25,2025-07-23 10:31:00,Travel,UPI,Mobile,Desktop,0
4998,2434,169.01,2025-09-19 01:25:00,Shopping,Net Banking,Online,POS,0
4999,5721,4036.73,2024-11-01 22:29:00,Other,Net Banking,In-store,Tablet,0
5000,1018,660.81,2025-05-20 20:58:00,Electronics,Net Banking,ATM,Tablet,0
5001,6681,1880.01,2024-05-04 11:39:00,Other,Credit Card,Online,Desktop,0
5002,2162,1687.01,2024-04-15 00:14:00,Travel,UPI,Online,Tablet,0
5003,6020,444.21,2024-02-18 00:08:00,Grocery,Net Banking,Online,POS,0
5004,7112,60.83,2024-04-17 10:55:00,Grocery,Net Banking,In-store,Mobile,0
5005,3042,3888.86,2025-12-05 23:27:00,Utilities,Credit Card,Mobile,Desktop,0
5006,4354,1377.08,2024-08-19 05:05:00,Shopping,Debit Card,In-store,Desktop,0
5007,6099,1070.47,2024-07-14 23:57:00,Grocery,Credit Card,Mobile,POS,0
5008,4956,2878.64,2025-01-12 17:00:00,Utilities,Credit Card,Mobile,POS,0
5009,9506,67.44,2025-12-05 01:16:00,Utilities,Cash,ATM,Mobile,1
5010,1705,2898.17,2024-02-14 03:03:00,Utilities,UPI,ATM,POS,0
5011,262,1051.59,2024-11-07 02:16:00,Healthcare,Cash,Online,Desktop,0
5012,6684,1604.24,2024-12-03 22:39:00,Entertainment,Credit Card,In-store,POS,0
5013,1160,2792.2,2025-01-23 08:44:00,Entertainment,Cash,Online,Desktop,0
5014,1665,1582.89,2024-06-23 04:37:00,Healthcare,Debit Card,In-store,Desktop,0
5015,9552,127.53,2025-04-16 03:08:00,Shopping,Credit Card,Mobile,Tablet,0
5016,2003,2608.33,2024-11-22 04:48:00,Shopping,Credit Card,In-store,POS,0
5017,7442,3086.75,2025-08-21 13:40:00,Travel,Debit Card,ATM,Tablet,0
5018,2270,1239.4,2025-04-02 21:07:00,Healthcare,Debit Card,Mobile,POS,0
5019,5456,1156.28,2025-06-18 16:15:00,Entertainment,Credit Card,ATM,Desktop,0
5020,9168,580.51,2025-08-14 15:42:00,Other,Net Banking,Mobile,POS,0
5021,9739,2066.56,2025-05-16 08:20:00,Utilities,Debit Card,In-store,Tablet,0
5022,1764,4273.95,2025-05-09 07:05:00,Shopping,Debit Card,Mobile,Mobile,0
5023,415,2134.05,2024-09-27 09:45:00,Grocery,Debit Card,Mobile,POS,0
5024,7571,2950.91,2024-03-25 11:35:00,Entertainment,Debit Card,Online,Desktop,0
5025,8819,3633.61,2024-09-05 21:41:00,Healthcare,Credit Card,In-store,Mobile,0
5026,6529,512.74,2024-07-29 22:04:00,Healthcare,Credit Card,In-store,Desktop,0
5027,4035,1028.68,2024-03-17 15:03:00,Electronics,UPI,In-store,Mobile,0
5028,6088,1145.26,2024-08-05 00:42:00,Utilities,Debit Card,ATM,POS,0
5029,653,1636.97,2024-08-09 14:52:00,Travel,Credit Card,In-store,POS,0
5030,513,100.87,2025-01-29 06:31:00,Healthcare,UPI,In-store,POS,0
5031,2445,1775.44,2024-04-17 10:13:00,Travel,UPI,ATM,Desktop,0
5032,9002,185.37,2025-08-27 16:32:00,Healthcare,Cash,ATM,Mobile,0
5033,2910,3285.68,2024-11-16 09:45:00,Shopping,UPI,Mobile,Tablet,0
5034,8695,6594.86,2025-04-09 20:09:00,Food,Credit Card,In-store,Desktop,0
5035,8232,684.3,2025-05-31 03:58:00,Grocery,Credit Card,In-store,Desktop,0
5036,222,1412.93,2024-05-13 07:58:00,Travel,Debit Card,Online,Desktop,0
5037,7095,3465.33,2025-01-07 12:28:00,Grocery,Credit Card,ATM,Tablet,0
5038,9658,755.66,2025-09-27 16:12:00,Shopping,Debit Card,In-store,Mobile,0
5039,8162,343.42,2025-02-13 06:04:00,Utilities,Debit Card,ATM,Desktop,0
5040,1028,2686.95,2024-10-11 13:10:00,Entertainment,Net Banking,ATM,POS,0
5041,6064,2397.05,2025-12-03 09:55:00,Entertainment,UPI,Mobile,Mobile,0
5042,9672,1687.69,2025-08-14 20:06:00,Grocery,Credit Card,ATM,Desktop,0
5043,7023,5780.47,2024-05-30 14:56:00,Entertainment,Debit Card,In-store,POS,0
5044,5104,6207.63,2024-04-19 23:07:00,Grocery,UPI,Online,Mobile,0
5045,1042,3954.48,2024-09-03 00:57:00,Food,Credit Card,Mobile,Desktop,0
5046,5462,693.51,2025-04-16 05:17:00,Food,Cash,Mobile,POS,0
5047,1907,510.73,2024-01-30 15:42:00,Electronics,Credit Card,ATM,Tablet,0
5048,7091,3612.62,2025-06-27 14:22:00,Electronics,Cash,Mobile,POS,0
5049,3446,2107.44,2024-09-28 03:59:00,Other,Credit Card,In-store,Tablet,0
5050,7982,1008.78,2025-07-17 02:22:00,Electronics,Debit Card,Mobile,Mobile,0
5051,7874,1054.44,2025-03-17 06:09:00,Food,Credit Card,In-store,Mobile,0
5052,6973,3839.17,2025-02-10 16:27:00,Other,Cash,Online,Mobile,0
5053,898,356.45,2025-06-04 10:03:00,Shopping,Net Banking,ATM,Tablet,0
5054,3491,5763.86,2025-03-27 08:23:00,Electronics,Net Banking,ATM,Tablet,0
5055,3910,2005.96,2024-04-10 01:41:00,Electronics,Debit Card,Mobile,POS,0
5056,7620,3134.27,2025-01-26 23:59:00,Food,Credit Card,Online,Desktop,0
5057,577,926.82,2025-03-08 06:18:00,Entertainment,Credit Card,ATM,Tablet,0
5058,6191,1768.11,2024-07-12 12:11:00,Travel,Debit Card,ATM,Mobile,0
5059,5338,2772.51,2025-08-31 08:33:00,Entertainment,Debit Card,In-store,Tablet,0
5060,1245,1142.32,2025-09-14 15:33:00,Electronics,Debit Card,In-store,Desktop,0
5061,3083,1338.61,2025-03-19 03:43:00,Electronics,Debit Card,In-store,POS,0
5062,190,1744.93,2024-02-21 20:15:00,Entertainment,Credit Card,In-store,Desktop,0
5063,7044,131.01,2024-04-23 07:07:00,Travel,Debit Card,Mobile,Mobile,0
5064,6050,3978.27,2024-02-24 01:36:00,Utilities,UPI,Mobile,Mobile,0
5065,6751,4029.98,2024-09-29 07:04:00,Other,UPI,In-store,Tablet,0
5066,6474,660.95,2025-06-28 03:17:00,Grocery,Credit Card,Online,Mobile,0
5067,7349,4237.57,2024-08-19 19:44:00,Utilities,Credit Card,Mobile,Tablet,0
5068,4631,2734.51,2025-02-18 12:25:00,Travel,Credit Card,In-store,Mobile,0
5069,1073,1320.17,2024-04-13 07:46:00,Entertainment,Credit Card,In-store,Mobile,0
5070,8925,854.7,2025-12-09 08:31:00,Electronics,Debit Card,Online,POS,0
5071,3695,1019.58,2024-07-29 05:50:00,Food,Credit Card,Online,Mobile,0
5072,4241,1528.94,2024-07-27 11:40:00,Shopping,Debit Card,Online,Desktop,0
5073,5419,1063.83,2024-10-21 22:38:00,Electronics,Debit Card,ATM,Mobile,0
5074,1633,1090.28,2024-10-21 23:00:00,Shopping,Credit Card,ATM,Mobile,0
5075,1339,454.11,2024-04-06 05:32:00,Other,Credit Card,Online,Mobile,0
5076,726,2460.72,2025-12-18 19:30:00,Food,UPI,Mobile,POS,0
5077,2586,1881.12,2024-11-08 22:15:00,Other,UPI,Mobile,Mobile,0
5078,9950,9632.15,2024-06-23 10:43:00,Shopping,Credit Card,In-store,POS,0
5079,4440,304.54,2024-03-12 05:11:00,Electronics,Credit Card,In-store,Mobile,0
5080,5050,241.49,2024-12-06 14:09:00,Food,Debit Card,Online,Tablet,0
5081,7197,1451.06,2024-01-14 21:30:00,Other,Debit Card,ATM,Desktop,0
5082,5235,329.73,2025-03-14 10:01:00,Other,Debit Card,In-store,Tablet,0
5083,1290,1886.41,2024-06-30 08:56:00,Shopping,Credit Card,Mobile,Tablet,0
5084,482,436.6,2024-03-19 05:43:00,Electronics,UPI,In-store,Mobile,0
5085,5230,1319.42,2024-01-10 19:22:00,Healthcare,UPI,Mobile,Tablet,0
5086,8597,1889.95,2025-04-30 18:00:00,Grocery,UPI,Online,Mobile,0
5087,3702,1225.13,2025-05-15 07:30:00,Utilities,UPI,ATM,Tablet,0
5088,5755,771.28,2024-04-22 01:52:00,Healthcare,Cash,ATM,Tablet,0
5089,4007,3049.42,2024-01-18 18:43:00,Shopping,UPI,Mobile,Tablet,0
5090,8909,3857.33,2024-10-24 07:33:00,Utilities,Debit Card,In-store,Mobile,0
5091,1858,651.6,2025-05-30 05:48:00,Electronics,Net Banking,Online,POS,1
5092,2811,3357.51,2024-05-30 03:06:00,Electronics,Debit Card,In-store,Desktop,0
5093,5254,993.96,2024-11-07 23:21:00,Electronics,Credit Card,Mobile,Desktop,0
5094,6657,1337.39,2025-04-08 15:47:00,Healthcare,UPI,In-store,Desktop,0
5095,8476,527.28,2024-12-25 17:16:00,Shopping,Debit Card,Mobile,Desktop,0
5096,8075,1965.52,2025-11-10 15:16:00,Grocery,Net Banking,Online,Mobile,0
5097,6055,212.78,2025-01-08 14:00:00,Electronics,Debit Card,ATM,Tablet,0
5098,124,1791.2,2024-12-27 09:45:00,Food,Credit Card,Online,POS,0
5099,7365,9154.74,2024-12-07 16:49:00,Other,Net Banking,Mobile,POS,0
5100,3474,2800.51,2025-11-10 19:30:00,Shopping,Net Banking,Mobile,Mobile,0
5101,9748,4508.34,2024-04-25 08:43:00,Grocery,Cash,ATM,POS,0
5102,9548,1247.97,2025-06-15 23:40:00,Shopping,Credit Card,Mobile,Desktop,0
5103,5979,306.55,2024-01-22 04:26:00,Utilities,Credit Card,Online,Mobile,0
5104,2362,680.65,2024-08-13 21:09:00,Other,Cash,Online,Mobile,0
5105,8802,100.54,2024-12-31 15:01:00,Entertainment,UPI,ATM,Mobile,0
5106,126,1393.55,2024-09-07 18:47:00,Healthcare,Net Banking,Mobile,Desktop,0
5107,8924,2097.74,2025-12-13 13:23:00,Entertainment,Credit Card,Mobile,Tablet,0
5108,7529,1104.97,2024-07-30 23:05:00,Entertainment,UPI,Online,Tablet,0
5109,2331,1656.58,2024-07-17 12:40:00,Other,UPI,Mobile,Tablet,0
5110,1622,773.39,2024-04-20 08:56:00,Grocery,Debit Card,Mobile,Mobile,0
5111,8524,179.54,2025-10-03 21:34:00,Utilities,Debit Card,Online,Tablet,0
5112,7102,1131.26,2025-04-05 16:11:00,Shopping,Credit Card,Mobile,Tablet,0
5113,8961,1587.25,2024-09-28 21:22:00,Healthcare,Credit Card,ATM,Desktop,0
5114,6789,8106.57,2024-12-05 12:37:00,Grocery,Net Banking,Online,Mobile,0
5115,7088,853.19,2025-03-03 08:19:00,Healthcare,Net Banking,Online,POS,0
5116,9861,2264.98,2024-07-14 01:37:00,Entertainment,Credit Card,ATM,Mobile,0
5117,5191,3458.97,2025-06-16 22:21:00,Shopping,Net Banking,ATM,Desktop,0
5118,2330,817.11,2025-09-19 03:27:00,Utilities,Debit Card,In-store,Tablet,0
5119,6449,5316.56,2025-04-10 18:50:00,Shopping,Credit Card,ATM,Desktop,0
5120,1862,827.49,2024-12-21 09:07:00,Grocery,UPI,Online,Desktop,0
5121,1853,7000.11,2024-01-09 15:59:00,Other,UPI,ATM,POS,0
5122,259,4.32,2025-12-02 04:29:00,Travel,UPI,Mobile,Mobile,0
5123,7335,2011.19,2025-11-28 04:33:00,Electronics,UPI,Mobile,POS,0
5124,3662,3120.59,2024-10-23 19:35:00,Other,Net Banking,ATM,Mobile,0
5125,6833,657.18,2025-11-11 05:19:00,Grocery,Net Banking,Online,POS,0
5126,532,248.97,2025-05-13 09:04:00,Healthcare,UPI,Mobile,Tablet,0
5127,1466,49.34,2024-10-28 00:29:00,Food,Credit Card,ATM,POS,0
5128,428,154.64,2024-02-11 06:18:00,Entertainment,Debit Card,Online,POS,0
5129,137,1566.29,2025-08-30 03:03:00,Grocery,Credit Card,In-store,POS,0
5130,6847,3654.78,2025-05-15 09:00:00,Electronics,Credit Card,Mobile,Desktop,0
5131,7430,130.42,2025-03-16 11:42:00,Entertainment,Cash,In-store,Tablet,0
5132,3686,240.23,2024-01-01 01:16:00,Healthcare,Credit Card,Mobile,Tablet,0
5133,9004,10.23,2024-05-21 11:56:00,Healthcare,UPI,Online,Desktop,0
5134,6149,663.34,2024-10-17 16:42:00,Food,UPI,In-store,Desktop,0
5135,7309,5082.86,2025-07-28 04:05:00,Shopping,Debit Card,ATM,Desktop,0
5136,1400,646.72,2025-12-31 08:09:00,Travel,Credit Card,Online,Desktop,0
5137,3727,1162.55,2024-07-20 13:37:00,Other,UPI,In-store,Desktop,0
5138,3821,394.36,2024-03-23 09:14:00,Entertainment,Cash,Mobile,Tablet,0
5139,2560,247.24,2024-02-02 15:59:00,Grocery,UPI,ATM,POS,0
5140,4280,402.75,2024-12-29 07:51:00,Healthcare,Debit Card,ATM,POS,0
5141,1225,472.54,2025-11-25 20:24:00,Electronics,UPI,In-store,POS,0
5142,8538,279.19,2025-03-08 12:57:00,Entertainment,Credit Card,ATM,Mobile,0
5143,1054,3136.14,2024-04-10 08:58:00,Travel,Net Banking,In-store,POS,0
5144,8662,1297.29,2024-11-05 19:19:00,Travel,UPI,Mobile,Tablet,0
5145,2969,1552.06,2024-06-26 18:27:00,Electronics,Credit Card,ATM,Desktop,0
5146,6468,938.89,2025-11-26 10:51:00,Shopping,Credit Card,Mobile,Mobile,0
5147,6428,473.33,2025-08-15 04:43:00,Electronics,Credit Card,ATM,Mobile,0
5148,9206,197.21,2024-07-23 08:08:00,Grocery,UPI,Mobile,Mobile,0
5149,4169,157.93,2025-03-02 17:12:00,Food,Cash,ATM,Tablet,0
5150,5247,409.48,2024-11-04 09:05:00,Grocery,Credit Card,Online,Mobile,0
5151,9089,3796.59,2024-10-31 18:59:00,Healthcare,Debit Card,ATM,Mobile,0
5152,2270,488.08,2025-10-05 14:34:00,Food,Net Banking,Mobile,Desktop,0
5153,8523,876.45,2024-07-06 12:50:00,Grocery,UPI,Online,Tablet,0
5154,6441,1700.78,2025-03-23 03:08:00,Utilities,Credit Card,Mobile,Tablet,0
5155,581,1432.48,2025-06-23 14:44:00,Travel,Net Banking,In-store,Mobile,0
5156,1495,2192.15,2024-11-16 16:59:00,Electronics,Credit Card,In-store,Mobile,0
5157,8147,432.12,2025-12-02 22:22:00,Other,UPI,Online,POS,0
5158,904,1484.88,2025-04-24 11:27:00,Travel,UPI,In-store,POS,0
5159,6715,2919.87,2025-04-22 13:26:00,Shopping,Debit Card,Online,Tablet,0
5160,1905,980.44,2025-04-17 00:58:00,Entertainment,Credit Card,Online,Mobile,0
5161,2852,7143.57,2025-07-26 00:49:00,Healthcare,Net Banking,ATM,Tablet,0
5162,8887,1725.26,2025-03-07 02:48:00,Shopping,Debit Card,Online,Tablet,0
5163,5965,2246.79,2024-05-23 19:58:00,Entertainment,Credit Card,Mobile,Mobile,0
5164,9694,1229.0,2024-11-05 07:37:00,Travel,Debit Card,Online,Desktop,0
5165,8361,3901.76,2025-06-08 11:08:00,Other,Credit Card,Mobile,Desktop,0
5166,571,1201.09,2025-09-27 17:57:00,Utilities,Debit Card,In-store,Desktop,0
5167,9534,5704.31,2025-08-02 09:03:00,Other,Credit Card,In-store,Desktop,0
5168,4166,734.87,2025-02-06 04:25:00,Travel,Credit Card,ATM,Tablet,0
5169,7668,4017.14,2025-11-17 00:29:00,Grocery,Net Banking,ATM,Desktop,0
5170,4965,2039.71,2025-06-14 14:53:00,Travel,Credit Card,In-store,Desktop,0
5171,8145,3209.44,2024-02-25 02:03:00,Utilities,UPI,ATM,Tablet,0
5172,2660,76.86,2024-10-03 20:06:00,Grocery,Credit Card,ATM,Desktop,0
5173,9192,649.47,2024-12-07 19:06:00,Food,UPI,ATM,Mobile,0
5174,4192,3755.67,2024-10-24 18:30:00,Food,UPI,In-store,Desktop,0
5175,790,766.43,2025-12-08 10:55:00,Travel,Credit Card,ATM,Desktop,0
5176,9591,2494.15,2024-03-03 03:47:00,Shopping,Net Banking,Online,Desktop,1
5177,4449,9704.4,2025-08-21 21:32:00,Grocery,Net Banking,In-store,Mobile,0
5178,3606,390.01,2024-02-24 22:13:00,Other,Debit Card,Mobile,Mobile,1
5179,4690,1081.01,2025-06-12 04:35:00,Utilities,Net Banking,Online,Mobile,0
5180,397,360.95,2025-05-22 04:14:00,Grocery,Credit Card,Mobile,Mobile,0
5181,1490,335.15,2025-11-22 20:54:00,Electronics,Debit Card,In-store,Tablet,0
5182,8163,2005.02,2024-06-07 09:40:00,Electronics,Credit Card,Mobile,Desktop,0
5183,8082,424.84,2024-11-14 23:59:00,Grocery,Cash,ATM,Desktop,0
5184,7242,1318.09,2024-01-07 15:39:00,Grocery,UPI,Mobile,POS,0
5185,7584,7628.11,2025-12-05 06:07:00,Electronics,UPI,Online,Mobile,0
5186,4603,810.32,2024-03-09 00:09:00,Healthcare,Credit Card,In-store,Mobile,0
5187,5022,4137.08,2025-09-10 03:33:00,Food,Credit Card,In-store,Desktop,0
5188,8339,1009.57,2024-04-09 07:13:00,Food,Debit Card,Online,Desktop,0
5189,688,609.97,2024-04-16 15:01:00,Electronics,Credit Card,In-store,Desktop,0
5190,6240,819.7,2025-06-01 14:25:00,Utilities,Debit Card,Mobile,Mobile,0
5191,5450,273.21,2024-02-26 03:19:00,Travel,Cash,Mobile,Mobile,0
5192,6055,2272.54,2025-02-18 15:11:00,Other,Net Banking,Online,Tablet,0
5193,683,1422.7,2024-08-28 17:16:00,Shopping,Credit Card,Mobile,POS,0
5194,5523,1902.96,2025-09-19 21:28:00,Other,Credit Card,Mobile,Tablet,0
5195,8523,722.21,2025-11-04 19:07:00,Other,Credit Card,In-store,Tablet,0
5196,9383,2119.54,2025-03-18 04:40:00,Healthcare,UPI,Online,Tablet,0
5197,3054,359.69,2024-01-23 05:09:00,Food,Debit Card,ATM,Desktop,0
5198,3942,2113.82,2025-11-04 07:10:00,Electronics,Credit Card,Online,Tablet,0
5199,8150,169.24,2025-06-07 23:44:00,Utilities,Net Banking,ATM,Tablet,0
5200,4923,1022.56,2025-07-13 06:30:00,Food,Credit Card,ATM,POS,0
5201,6894,1881.95,2025-05-06 09:18:00,Shopping,UPI,ATM,Tablet,0
5202,6238,3866.43,2025-11-14 03:37:00,Food,Cash,Online,Tablet,0
5203,6494,3347.05,2025-05-19 11:42:00,Grocery,Cash,ATM,Mobile,0
5204,1263,1497.11,2024-10-08 12:24:00,Travel,UPI,In-store,Mobile,0
5205,6066,4297.51,2025-12-15 03:29:00,Grocery,Credit Card,Mobile,POS,0
5206,203,1410.05,2025-03-02 13:09:00,Food,Cash,Online,Desktop,0
5207,4310,1456.17,2024-01-29 09:29:00,Healthcare,UPI,Online,POS,0
5208,1290,2549.89,2024-05-03 18:24:00,Utilities,Net Banking,Online,Mobile,0
5209,8299,4203.9,2024-01-12 18:19:00,Food,Cash,In-store,Desktop,0
5210,6518,1846.21,2024-02-04 20:41:00,Food,Credit Card,Mobile,Tablet,0
5211,9487,5771.67,2025-11-03 19:28:00,Healthcare,Debit Card,Online,Tablet,0
5212,7484,529.46,2024-02-13 11:08:00,Other,Credit Card,ATM,Tablet,0
5213,7203,5162.2,2025-04-24 23:29:00,Electronics,Cash,In-store,POS,0
5214,9217,501.17,2024-10-10 00:10:00,Healthcare,UPI,ATM,Tablet,0
5215,6703,1494.85,2025-01-01 16:54:00,Utilities,Debit Card,Online,Mobile,0
5216,5231,3179.58,2025-05-30 06:22:00,Entertainment,Debit Card,ATM,Mobile,0
5217,1269,3234.78,2025-12-24 16:24:00,Food,Debit Card,Mobile,Mobile,0
5218,1298,651.9,2025-06-09 02:11:00,Utilities,Debit Card,Mobile,Desktop,0
5219,7194,8522.48,2025-11-02 04:22:00,Shopping,Credit Card,ATM,Desktop,0
5220,316,168.08,2025-11-02 23:36:00,Travel,Net Banking,In-store,POS,1
5221,8745,70.8,2024-12-13 14:45:00,Travel,UPI,In-store,POS,0
5222,2770,3684.37,2024-05-23 08:50:00,Other,Net Banking,In-store,POS,0
5223,9259,3418.73,2025-11-05 09:59:00,Grocery,Debit Card,Online,Desktop,0
5224,2002,2495.27,2025-02-07 02:58:00,Shopping,UPI,Mobile,Desktop,0
5225,9466,3804.59,2025-10-22 15:24:00,Food,UPI,In-store,Tablet,0
5226,7835,295.98,2025-04-28 19:42:00,Travel,UPI,Mobile,Tablet,0
5227,5809,201.16,2024-07-03 18:45:00,Utilities,UPI,In-store,Mobile,0
5228,7480,6973.68,2025-06-03 21:33:00,Entertainment,Debit Card,In-store,POS,0
5229,6569,1957.6,2024-09-22 04:44:00,Healthcare,Debit Card,ATM,Tablet,0
5230,3967,5047.63,2024-11-27 18:37:00,Food,Cash,Online,POS,0
5231,4451,4738.37,2024-12-22 18:39:00,Utilities,Debit Card,In-store,Mobile,0
5232,599,2117.67,2025-02-17 02:02:00,Utilities,Net Banking,In-store,Desktop,0
5233,312,1980.28,2024-01-31 23:10:00,Travel,UPI,Online,Tablet,0
5234,9662,892.4,2024-08-25 03:42:00,Food,Credit Card,ATM,Tablet,0
5235,2622,322.94,2024-04-18 15:59:00,Electronics,Credit Card,In-store,Tablet,0
5236,4708,2320.58,2025-11-26 15:20:00,Electronics,Net Banking,In-store,POS,0
5237,9898,3405.97,2024-08-25 23:50:00,Food,Debit Card,ATM,Tablet,0
5238,3958,1573.26,2024-08-30 03:57:00,Food,Credit Card,ATM,Mobile,0
5239,1180,104.42,2024-06-27 23:57:00,Other,UPI,ATM,Desktop,0
5240,7205,313.12,2025-01-28 13:59:00,Shopping,UPI,ATM,Desktop,0
5241,8980,215.08,2024-03-06 01:39:00,Shopping,UPI,Mobile,Mobile,0
5242,4643,2144.9,2024-09-13 03:02:00,Entertainment,Credit Card,In-store,Mobile,0
5243,354,1663.85,2024-03-15 14:48:00,Other,Credit Card,Mobile,Tablet,0
5244,4115,1256.59,2025-01-18 19:40:00,Grocery,Debit Card,In-store,Desktop,0
5245,9578,1567.93,2024-01-31 05:20:00,Healthcare,Net Banking,ATM,Tablet,0
5246,5128,645.8,2024-04-20 22:28:00,Food,Debit Card,ATM,POS,0
5247,3504,3266.72,2025-01-21 04:40:00,Travel,Credit Card,ATM,Tablet,0
5248,9666,796.62,2025-08-10 17:12:00,Grocery,Debit Card,In-store,Tablet,0
5249,784,2067.34,2024-07-19 08:31:00,Food,Credit Card,Online,POS,0
5250,5493,991.46,2025-03-24 21:18:00,Grocery,Cash,In-store,Desktop,0
5251,5773,149.81,2024-08-18 06:47:00,Healthcare,Debit Card,ATM,POS,0
5252,5239,593.99,2024-06-14 13:52:00,Travel,UPI,Online,Tablet,0
5253,2505,6710.44,2025-06-25 06:05:00,Travel,UPI,Online,Tablet,0
5254,926,422.77,2025-08-19 00:40:00,Travel,Credit Card,ATM,Tablet,0
5255,5567,221.7,2025-11-15 03:13:00,Travel,Credit Card,Online,Tablet,0
5256,9991,688.23,2024-02-04 04:57:00,Travel,Credit Card,Online,Mobile,0
5257,1744,4206.25,2024-01-06 11:49:00,Electronics,Credit Card,ATM,Mobile,0
5258,5920,730.64,2025-02-21 18:34:00,Food,UPI,In-store,Tablet,0
5259,9149,1080.44,2024-03-14 10:11:00,Healthcare,UPI,Online,Tablet,0
5260,6991,742.35,2025-11-29 23:58:00,Healthcare,Credit Card,ATM,Tablet,0
5261,267,9014.92,2025-10-19 16:31:00,Electronics,Credit Card,In-store,Tablet,0
5262,3088,17975.98,2024-07-13 06:36:00,Grocery,Credit Card,In-store,Tablet,0
5263,9632,1318.55,2025-04-30 16:22:00,Entertainment,Credit Card,Online,Tablet,0
5264,9197,3072.61,2024-12-31 19:57:00,Shopping,Debit Card,ATM,Tablet,1
5265,6622,497.08,2025-07-26 04:51:00,Grocery,Net Banking,Mobile,Desktop,0
5266,5561,937.75,2024-03-09 14:27:00,Utilities,Credit Card,In-store,Desktop,0
5267,3042,2274.75,2025-10-02 12:55:00,Food,Credit Card,In-store,Mobile,0
5268,9832,674.66,2024-03-13 18:05:00,Shopping,Cash,Mobile,Mobile,0
5269,1887,509.01,2024-05-10 16:19:00,Electronics,Net Banking,In-store,Tablet,0
5270,5296,5108.2,2024-04-13 03:31:00,Grocery,Net Banking,Mobile,Desktop,0
5271,9782,560.22,2024-08-24 01:38:00,Other,Credit Card,In-store,POS,0
5272,1658,122.21,2025-07-07 10:01:00,Entertainment,Debit Card,ATM,Tablet,0
5273,553,2781.31,2024-08-17 09:59:00,Entertainment,Debit Card,ATM,Desktop,0
5274,2553,557.49,2024-09-14 12:45:00,Electronics,Credit Card,In-store,POS,0
5275,5459,1196.34,2025-01-01 02:55:00,Electronics,Credit Card,Mobile,POS,0
5276,4669,236.57,2024-06-10 09:04:00,Food,Debit Card,In-store,Desktop,0
5277,9351,141.95,2025-07-01 18:15:00,Electronics,Net Banking,Online,Tablet,0
5278,9141,1234.02,2025-06-14 19:32:00,Healthcare,Debit Card,ATM,Desktop,0
5279,7645,822.23,2024-11-15 12:39:00,Utilities,UPI,Mobile,POS,0
5280,6758,1410.14,2024-02-28 17:44:00,Electronics,UPI,ATM,POS,0
5281,2101,6750.08,2024-04-23 18:30:00,Shopping,Net Banking,In-store,Mobile,0
5282,6244,1046.43,2024-09-26 20:01:00,Other,Debit Card,Online,Tablet,0
5283,3549,1845.91,2024-02-03 10:26:00,Travel,Credit Card,ATM,POS,0
5284,3421,205.38,2024-09-24 06:21:00,Entertainment,Credit Card,Online,Desktop,0
5285,4355,4341.67,2024-03-01 04:13:00,Utilities,Credit Card,In-store,Tablet,0
5286,1390,3278.36,2025-07-14 23:21:00,Grocery,Net Banking,ATM,Desktop,0
5287,8133,1477.99,2025-11-10 01:15:00,Entertainment,UPI,Online,POS,0
5288,6464,405.16,2025-05-20 02:51:00,Grocery,Debit Card,ATM,Tablet,0
5289,6283,1110.08,2025-07-31 19:44:00,Electronics,Credit Card,In-store,Mobile,0
5290,4045,705.89,2024-02-06 11:04:00,Other,Credit Card,ATM,POS,0
5291,7105,10412.12,2025-03-02 19:47:00,Electronics,Credit Card,Mobile,Desktop,0
5292,808,1349.98,2025-09-19 02:56:00,Travel,UPI,In-store,Mobile,0
5293,9599,1097.17,2025-07-18 15:08:00,Healthcare,UPI,Mobile,Desktop,0
5294,8810,370.39,2024-10-04 23:02:00,Grocery,UPI,Online,Tablet,0
5295,911,546.53,2024-04-16 01:31:00,Utilities,Credit Card,Online,Desktop,0
5296,2147,2486.73,2025-06-03 07:41:00,Shopping,Credit Card,Online,Desktop,1
5297,3486,1531.05,2024-12-24 13:30:00,Other,Credit Card,Mobile,Desktop,0
5298,21,886.43,2024-11-06 07:01:00,Other,Net Banking,In-store,Tablet,0
5299,1760,704.84,2024-02-26 00:49:00,Food,UPI,Mobile,Desktop,0
5300,5815,448.14,2024-07-19 17:38:00,Food,Net Banking,Online,Mobile,0
5301,9044,68.97,2025-01-23 21:43:00,Entertainment,Credit Card,In-store,POS,0
5302,703,7557.61,2024-01-19 17:30:00,Entertainment,Net Banking,Online,Mobile,0
5303,8073,2797.63,2024-02-23 12:49:00,Grocery,Credit Card,Mobile,Desktop,0
5304,2356,5258.59,2025-01-21 22:08:00,Utilities,UPI,Mobile,Tablet,0
5305,6602,1063.93,2025-03-16 22:27:00,Shopping,UPI,In-store,POS,0
5306,4853,4070.97,2025-07-16 04:07:00,Entertainment,Credit Card,ATM,POS,0
5307,4617,592.1,2025-03-24 03:57:00,Travel,UPI,Online,Desktop,0
5308,7649,1426.03,2025-09-22 11:22:00,Travel,Debit Card,ATM,Tablet,0
5309,6779,452.5,2024-07-17 10:27:00,Utilities,UPI,In-store,Mobile,0
5310,3184,2942.29,2024-02-29 07:14:00,Healthcare,UPI,In-store,Desktop,0
5311,8916,1376.73,2024-04-04 18:00:00,Grocery,Net Banking,Online,Desktop,0
5312,6100,1536.92,2024-08-20 13:47:00,Grocery,UPI,ATM,Desktop,0
5313,1283,3924.45,2025-07-03 18:02:00,Grocery,UPI,In-store,Mobile,0
5314,7054,2688.14,2024-01-16 23:15:00,Food,UPI,Online,POS,0
5315,6472,6778.5,2024-02-28 02:03:00,Grocery,Credit Card,ATM,Mobile,0
5316,6260,1039.52,2024-05-09 14:11:00,Utilities,Debit Card,Online,Mobile,0
5317,7406,1237.77,2024-10-16 01:20:00,Other,Debit Card,Mobile,Tablet,0
5318,1711,1910.78,2024-12-24 19:41:00,Travel,Credit Card,ATM,POS,0
5319,9056,1207.76,2024-09-07 09:08:00,Entertainment,Credit Card,In-store,Desktop,0
5320,3729,1088.13,2025-09-12 12:30:00,Utilities,Debit Card,In-store,Tablet,0
5321,6696,832.76,2025-11-04 03:42:00,Electronics,Net Banking,In-store,Desktop,0
5322,1082,3566.2,2024-03-19 02:16:00,Entertainment,UPI,ATM,Tablet,0
5323,6532,1524.95,2025-07-10 06:31:00,Utilities,UPI,ATM,Tablet,0
5324,1879,1869.94,2025-12-23 23:52:00,Other,Credit Card,Online,Mobile,0
5325,8505,456.5,2024-12-31 07:28:00,Shopping,UPI,In-store,Tablet,0
5326,8025,580.11,2025-12-31 09:23:00,Entertainment,Credit Card,Mobile,Tablet,0
5327,6296,830.4,2025-07-18 09:55:00,Electronics,Credit Card,Mobile,POS,0
5328,6051,1252.36,2025-10-31 07:33:00,Other,Net Banking,ATM,POS,0
5329,3918,89.84,2024-09-30 10:44:00,Entertainment,Net Banking,Mobile,Tablet,0
5330,3732,4385.51,2025-07-08 16:06:00,Other,Credit Card,In-store,POS,0
5331,52,4680.83,2024-02-25 11:57:00,Other,Credit Card,ATM,Tablet,0
5332,1783,2167.53,2025-02-24 22:39:00,Food,Debit Card,ATM,POS,0
5333,1294,759.75,2025-05-12 08:05:00,Healthcare,UPI,Mobile,POS,0
5334,935,973.3,2024-07-27 04:53:00,Healthcare,Credit Card,ATM,Tablet,0
5335,6394,2648.9,2025-06-17 07:19:00,Food,Credit Card,Online,Desktop,0
5336,4692,674.56,2025-07-20 06:07:00,Utilities,Debit Card,Mobile,Tablet,0
5337,499,1877.68,2025-01-16 23:52:00,Utilities,UPI,In-store,Tablet,0
5338,7271,4734.7,2024-05-25 01:15:00,Utilities,Credit Card,Mobile,Desktop,0
5339,9228,1056.78,2025-12-16 14:41:00,Healthcare,Debit Card,ATM,POS,0
5340,470,1768.85,2025-04-09 03:01:00,Electronics,UPI,ATM,Mobile,0
5341,4835,5278.63,2025-05-25 01:17:00,Shopping,Debit Card,Mobile,Mobile,0
5342,1673,832.79,2024-10-11 18:24:00,Entertainment,Credit Card,Online,Mobile,0
5343,9086,2851.23,2024-11-03 02:03:00,Healthcare,Credit Card,In-store,Desktop,0
5344,3635,2813.99,2024-10-12 19:24:00,Utilities,Debit Card,ATM,Tablet,0
5345,5157,5275.98,2025-05-22 00:55:00,Grocery,Net Banking,In-store,Tablet,0
5346,6281,3912.17,2025-01-26 12:28:00,Healthcare,UPI,Mobile,Desktop,0
5347,464,2763.24,2024-02-15 07:13:00,Shopping,Credit Card,Online,Desktop,0
5348,9332,2024.04,2025-01-23 05:42:00,Food,Credit Card,Mobile,Desktop,0
5349,8128,552.0,2025-03-17 17:03:00,Shopping,UPI,Online,POS,0
5350,7509,2221.26,2025-11-07 09:02:00,Healthcare,UPI,In-store,Mobile,0
5351,329,647.15,2025-07-08 11:59:00,Utilities,Debit Card,In-store,POS,0
5352,3867,1159.71,2024-01-27 19:48:00,Other,Credit Card,In-store,POS,0
5353,9332,2473.67,2024-12-10 08:51:00,Utilities,Debit Card,In-store,Mobile,0
5354,1010,2247.21,2025-08-28 06:48:00,Electronics,UPI,ATM,Mobile,0
5355,8521,1025.65,2024-01-29 10:46:00,Shopping,Debit Card,Online,Desktop,0
5356,8667,403.44,2025-09-28 13:55:00,Grocery,UPI,ATM,Mobile,0
5357,8988,1323.85,2025-03-13 23:59:00,Grocery,Debit Card,Mobile,Desktop,0
5358,8227,629.35,2024-02-28 03:35:00,Healthcare,Credit Card,ATM,Mobile,0
5359,166,589.91,2025-02-01 23:59:00,Shopping,UPI,ATM,Tablet,0
5360,3680,791.41,2025-11-25 09:54:00,Grocery,Credit Card,Mobile,POS,0
5361,7817,2449.97,2025-07-01 14:27:00,Grocery,Credit Card,Mobile,Desktop,0
5362,8579,1375.47,2025-08-09 23:36:00,Food,Net Banking,ATM,Tablet,0
5363,6707,934.16,2025-06-15 08:10:00,Travel,Debit Card,Mobile,Desktop,0
5364,2637,4617.1,2025-01-25 14:47:00,Grocery,Credit Card,Mobile,Mobile,0
5365,6370,2453.67,2024-08-31 04:58:00,Electronics,UPI,Online,Tablet,0
5366,3038,1365.02,2024-01-16 08:51:00,Entertainment,UPI,Online,Mobile,0
5367,5089,1093.9,2025-11-29 08:05:00,Shopping,UPI,Mobile,POS,0
5368,1699,3417.38,2024-09-12 17:18:00,Healthcare,Debit Card,ATM,POS,0
5369,2064,379.72,2024-12-11 18:25:00,Entertainment,Debit Card,ATM,Desktop,0
5370,1192,2182.2,2024-02-09 19:17:00,Utilities,UPI,Online,Tablet,0
5371,4933,42.48,2025-01-05 08:42:00,Other,Net Banking,Mobile,Desktop,0
5372,7176,13.97,2024-09-13 20:51:00,Healthcare,UPI,Online,POS,0
5373,7606,5370.14,2025-09-14 00:07:00,Grocery,Net Banking,Online,POS,1
5374,5793,1443.05,2024-11-10 18:42:00,Shopping,Credit Card,Mobile,Mobile,0
5375,5555,757.02,2024-11-24 08:54:00,Travel,Credit Card,Online,POS,0
5376,3458,3166.53,2024-07-02 14:29:00,Food,Net Banking,Mobile,POS,0
5377,6676,8376.61,2024-01-18 14:00:00,Electronics,Cash,Mobile,Desktop,0
5378,8513,70.04,2025-04-22 01:22:00,Grocery,Net Banking,ATM,Mobile,0
5379,6032,77.4,2025-05-06 20:54:00,Utilities,Debit Card,Online,Desktop,0
5380,6889,3859.04,2025-07-23 06:26:00,Travel,Net Banking,Mobile,POS,0
5381,9492,1627.08,2024-02-29 18:05:00,Entertainment,Credit Card,Mobile,Desktop,0
5382,4971,4286.75,2024-10-10 19:35:00,Electronics,Debit Card,ATM,Desktop,0
5383,9870,2372.55,2024-11-17 02:28:00,Entertainment,Cash,In-store,Mobile,0
5384,1741,1271.97,2024-07-03 08:49:00,Other,Credit Card,ATM,POS,0
5385,1115,351.91,2024-10-09 08:55:00,Other,Credit Card,Online,Desktop,0
5386,1465,988.14,2025-05-21 04:14:00,Grocery,UPI,ATM,Desktop,0
5387,5754,3094.29,2025-10-07 05:09:00,Utilities,UPI,Online,Tablet,0
5388,5538,532.93,2025-09-24 20:03:00,Travel,UPI,In-store,Desktop,0
5389,4795,2492.14,2024-08-26 03:41:00,Food,Cash,Online,Tablet,0
5390,3664,568.3,2024-02-09 05:43:00,Food,Credit Card,Online,POS,0
5391,6812,1245.51,2025-06-02 14:37:00,Entertainment,UPI,Online,Desktop,0
5392,8107,178.61,2024-11-20 01:35:00,Grocery,Credit Card,Online,Tablet,0
5393,1443,1213.93,2024-08-21 01:45:00,Other,Debit Card,ATM,Desktop,0
5394,3471,1897.12,2024-09-22 08:01:00,Food,Debit Card,Online,Mobile,0
5395,7067,1657.1,2025-11-25 11:34:00,Electronics,Net Banking,In-store,POS,0
5396,3711,1043.32,2024-02-15 19:15:00,Electronics,Net Banking,Mobile,Desktop,0
5397,4979,923.1,2024-12-24 03:04:00,Entertainment,Debit Card,ATM,POS,0
5398,1430,644.27,2025-06-03 14:07:00,Electronics,UPI,Online,Mobile,0
5399,4969,2914.33,2025-06-07 02:15:00,Food,Credit Card,In-store,POS,0
5400,9447,3052.38,2024-07-27 10:36:00,Electronics,Debit Card,ATM,POS,0
5401,4887,1319.53,2025-01-15 21:26:00,Entertainment,UPI,ATM,POS,0
5402,9175,964.35,2024-03-14 20:27:00,Entertainment,UPI,Online,POS,0
5403,909,2029.04,2024-10-16 04:01:00,Travel,Net Banking,In-store,POS,0
5404,5692,1631.68,2024-11-30 19:50:00,Utilities,UPI,ATM,Tablet,0
5405,631,2200.76,2025-01-03 10:26:00,Electronics,Net Banking,Online,Tablet,1
5406,7160,730.61,2025-10-29 11:30:00,Food,Net Banking,Mobile,POS,0
5407,8143,3105.64,2024-10-28 19:01:00,Electronics,Credit Card,Online,Desktop,1
5408,1292,761.77,2024-06-13 11:02:00,Other,Net Banking,In-store,Tablet,0
5409,8241,1085.06,2024-10-24 04:58:00,Healthcare,Credit Card,Mobile,POS,0
5410,7910,284.1,2025-08-28 00:06:00,Shopping,Credit Card,Online,POS,0
5411,1756,3867.14,2025-09-15 06:51:00,Healthcare,UPI,In-store,Desktop,0
5412,2230,2067.19,2024-11-16 16:45:00,Travel,Debit Card,ATM,Tablet,0
5413,2168,536.51,2025-06-04 18:45:00,Utilities,UPI,Mobile,Tablet,0
5414,1812,3817.28,2024-12-18 06:24:00,Electronics,Credit Card,ATM,Mobile,0
5415,6915,2440.16,2025-08-19 01:42:00,Entertainment,Credit Card,Online,Desktop,0
5416,770,1167.44,2024-06-02 12:48:00,Food,Net Banking,In-store,Desktop,0
5417,1500,9179.15,2025-10-26 02:04:00,Entertainment,UPI,ATM,Desktop,0
5418,278,822.59,2024-08-17 18:32:00,Electronics,Credit Card,In-store,Desktop,0
5419,8995,209.72,2025-08-11 20:35:00,Electronics,Debit Card,ATM,Desktop,0
5420,3309,2644.45,2025-03-04 17:46:00,Healthcare,UPI,In-store,Desktop,0
5421,9460,2829.79,2024-05-04 16:51:00,Other,UPI,ATM,Desktop,0
5422,8846,121.55,2024-02-22 19:30:00,Utilities,Debit Card,In-store,POS,0
5423,8436,3423.15,2025-11-06 16:33:00,Shopping,Credit Card,ATM,Mobile,0
5424,9120,2991.7,2025-03-27 10:17:00,Healthcare,UPI,Online,Mobile,0
5425,8123,5307.02,2024-07-18 18:18:00,Shopping,Credit Card,In-store,Tablet,0
5426,7204,252.37,2024-09-06 10:15:00,Entertainment,UPI,Online,POS,0
5427,5066,1836.63,2025-01-05 07:29:00,Utilities,UPI,ATM,Desktop,1
5428,9792,495.44,2024-11-18 23:07:00,Travel,Credit Card,In-store,POS,0
5429,9357,1019.79,2025-12-10 07:28:00,Travel,Credit Card,ATM,Mobile,0
5430,1953,616.02,2025-02-23 11:05:00,Travel,Credit Card,ATM,Desktop,0
5431,1157,1193.12,2024-12-26 17:32:00,Food,Debit Card,Online,POS,0
5432,4056,239.54,2024-03-19 11:41:00,Healthcare,Credit Card,Online,Tablet,0
5433,7442,723.42,2025-05-10 19:14:00,Entertainment,Debit Card,Online,POS,0
5434,2066,147.12,2025-04-04 13:14:00,Food,Credit Card,ATM,Desktop,0
5435,3924,1353.89,2025-08-06 04:59:00,Travel,Debit Card,Online,Desktop,0
5436,3943,703.9,2025-07-04 07:49:00,Shopping,Net Banking,Online,Desktop,0
5437,1384,1784.7,2025-02-21 21:37:00,Healthcare,UPI,In-store,POS,0
5438,1876,1219.25,2025-11-12 04:38:00,Entertainment,Credit Card,In-store,POS,0
5439,1796,559.04,2024-09-23 09:21:00,Grocery,Credit Card,Online,POS,0
5440,22,217.27,2024-11-17 03:05:00,Travel,Debit Card,Mobile,Desktop,0
5441,6361,2799.3,2025-02-22 13:32:00,Shopping,Credit Card,Online,Mobile,0
5442,6997,2005.51,2024-05-31 18:31:00,Electronics,Debit Card,Online,POS,0
5443,6638,66.97,2025-10-09 06:57:00,Entertainment,UPI,Online,Mobile,0
5444,8393,9087.31,2024-07-03 14:00:00,Food,Debit Card,Mobile,Desktop,0
5445,9481,2057.19,2024-06-19 03:26:00,Healthcare,Debit Card,ATM,Desktop,0
5446,3771,464.32,2024-09-26 17:45:00,Electronics,Net Banking,ATM,Desktop,0
5447,2311,3671.38,2025-04-26 23:06:00,Utilities,UPI,Mobile,Desktop,0
5448,2114,4275.85,2024-05-09 01:53:00,Other,UPI,In-store,Tablet,0
5449,9202,1705.16,2025-03-17 00:44:00,Other,Credit Card,Mobile,Desktop,0
5450,9147,4335.62,2024-06-19 02:08:00,Entertainment,Debit Card,Online,POS,1
5451,4865,59.21,2025-06-11 16:58:00,Entertainment,Net Banking,Mobile,Mobile,0
5452,5749,5806.92,2025-02-01 13:22:00,Electronics,Net Banking,In-store,Desktop,0
5453,4959,117.81,2024-05-10 12:44:00,Other,Credit Card,ATM,Desktop,0
5454,7203,2056.62,2025-07-24 07:45:00,Food,UPI,Online,Tablet,0
5455,3367,848.97,2024-10-27 03:21:00,Utilities,Net Banking,Online,Desktop,0
5456,8724,80.21,2024-12-10 18:38:00,Travel,Credit Card,ATM,POS,1
5457,1377,5298.29,2025-09-23 03:46:00,Shopping,Debit Card,Mobile,POS,0
5458,4311,290.88,2024-02-16 02:47:00,Utilities,Net Banking,In-store,Tablet,0
5459,3125,3844.8,2024-12-29 14:58:00,Shopping,Net Banking,ATM,Desktop,0
5460,1164,801.99,2025-02-22 20:28:00,Electronics,Debit Card,In-store,POS,0
5461,1672,2703.12,2025-03-22 09:48:00,Shopping,Debit Card,Online,Mobile,0
5462,448,586.65,2025-05-03 22:08:00,Grocery,Credit Card,ATM,POS,0
5463,9071,1751.42,2024-07-06 23:49:00,Healthcare,Debit Card,Mobile,Tablet,0
5464,9850,3214.42,2025-08-26 16:05:00,Healthcare,Net Banking,ATM,POS,0
5465,5771,1670.25,2024-06-04 00:37:00,Utilities,Credit Card,ATM,POS,0
5466,26,732.16,2025-08-30 11:43:00,Entertainment,Debit Card,Online,Desktop,0
5467,1574,531.67,2025-10-26 14:24:00,Shopping,UPI,Online,Desktop,0
5468,6789,384.27,2024-11-24 14:11:00,Electronics,Credit Card,In-store,POS,0
5469,197,3650.37,2025-06-04 23:37:00,Shopping,Credit Card,Online,Mobile,0
5470,4208,1888.06,2024-10-13 03:14:00,Utilities,Net Banking,Online,Mobile,0
5471,1679,1421.31,2024-10-31 15:21:00,Healthcare,Cash,In-store,Mobile,0
5472,5995,574.25,2024-02-19 18:33:00,Shopping,UPI,ATM,Desktop,0
5473,5591,1137.45,2025-06-21 18:32:00,Electronics,Cash,ATM,POS,0
5474,3219,1935.5,2025-03-12 09:20:00,Shopping,Credit Card,Online,POS,0
5475,7249,149.19,2025-01-28 10:48:00,Entertainment,Net Banking,Mobile,POS,0
5476,2002,894.81,2024-07-01 04:02:00,Utilities,Net Banking,Mobile,Mobile,0
5477,23,547.57,2024-08-03 13:33:00,Shopping,Credit Card,ATM,Mobile,0
5478,9406,2079.83,2024-10-11 18:56:00,Travel,UPI,In-store,Tablet,0
5479,8148,1864.17,2025-09-22 10:06:00,Shopping,Debit Card,ATM,Tablet,0
5480,2329,711.68,2024-12-21 09:10:00,Grocery,Credit Card,Online,Desktop,0
5481,6304,85.04,2024-05-01 09:17:00,Other,Net Banking,In-store,Mobile,0
5482,6428,403.77,2025-05-13 14:14:00,Electronics,Net Banking,ATM,POS,0
5483,2139,348.85,2024-06-22 09:58:00,Electronics,Credit Card,ATM,Mobile,0
5484,5748,1680.49,2024-09-22 19:48:00,Food,UPI,ATM,Desktop,0
5485,493,370.95,2024-04-18 07:42:00,Shopping,Cash,Mobile,Mobile,0
5486,4580,1316.85,2024-10-12 04:06:00,Grocery,Credit Card,Mobile,Mobile,0
5487,4236,1906.58,2024-07-30 17:53:00,Travel,UPI,In-store,Tablet,0
5488,9679,4233.3,2025-06-04 05:01:00,Shopping,Debit Card,In-store,POS,0
5489,5996,562.15,2025-09-04 01:57:00,Utilities,Credit Card,In-store,Mobile,0
5490,7507,411.38,2025-07-06 17:51:00,Healthcare,UPI,Mobile,Mobile,0
5491,5530,380.52,2024-07-18 00:31:00,Grocery,Credit Card,In-store,Desktop,0
5492,9813,893.92,2024-01-27 11:13:00,Entertainment,UPI,ATM,Mobile,1
5493,1637,2094.97,2024-10-15 18:27:00,Travel,Credit Card,Online,Desktop,0
5494,939,2228.64,2025-03-31 16:08:00,Utilities,Credit Card,Online,Desktop,0
5495,6578,473.88,2025-04-09 09:58:00,Shopping,Credit Card,ATM,Desktop,0
5496,9116,281.36,2024-04-22 22:45:00,Utilities,Credit Card,ATM,POS,0
5497,4121,1190.87,2024-05-02 14:56:00,Food,Credit Card,In-store,Mobile,1
5498,6003,304.42,2025-03-18 15:16:00,Other,Credit Card,Online,Mobile,0
5499,1492,3352.45,2024-03-29 04:17:00,Entertainment,Credit Card,In-store,Desktop,0
5500,5327,175.22,2025-11-15 03:22:00,Travel,Credit Card,In-store,Tablet,0
5501,9618,2789.41,2024-03-21 23:50:00,Shopping,Credit Card,Mobile,Mobile,0
5502,8360,87.17,2024-08-15 23:04:00,Grocery,Credit Card,ATM,Tablet,0
5503,1367,3289.97,2024-11-30 05:32:00,Electronics,Credit Card,In-store,Desktop,0
5504,7235,1973.17,2024-12-09 08:29:00,Food,Debit Card,ATM,Tablet,0
5505,3775,778.32,2025-10-07 23:32:00,Other,Credit Card,Online,Desktop,0
5506,8332,1040.13,2025-11-19 02:45:00,Healthcare,Credit Card,Online,POS,0
5507,9478,2239.37,2025-12-05 10:57:00,Utilities,UPI,In-store,POS,0
5508,8698,410.68,2024-02-09 13:06:00,Travel,Debit Card,Mobile,Mobile,0
5509,838,4420.39,2025-12-23 16:20:00,Food,UPI,In-store,Desktop,0
5510,940,1318.99,2024-07-13 17:42:00,Entertainment,Debit Card,Online,Tablet,0
5511,4309,2855.4,2025-10-03 01:40:00,Food,Debit Card,Online,POS,0
5512,6489,1413.26,2025-10-04 00:15:00,Entertainment,Debit Card,Mobile,Tablet,0
5513,559,1203.98,2024-05-20 18:24:00,Healthcare,Net Banking,Online,POS,0
5514,9260,1268.31,2024-08-13 21:12:00,Entertainment,Debit Card,Mobile,Mobile,0
5515,6085,902.36,2024-09-28 15:09:00,Healthcare,UPI,ATM,Desktop,0
5516,8599,2639.17,2025-05-11 05:46:00,Shopping,Debit Card,Mobile,POS,0
5517,4183,3743.59,2025-05-23 09:08:00,Other,UPI,Mobile,POS,0
5518,3107,3853.74,2024-07-22 20:56:00,Healthcare,Credit Card,Mobile,Desktop,0
5519,8913,258.27,2024-03-31 16:54:00,Utilities,Credit Card,ATM,Mobile,0
5520,4262,2865.66,2024-08-07 00:27:00,Electronics,UPI,Mobile,Desktop,0
5521,7348,446.17,2024-03-09 15:35:00,Entertainment,Cash,In-store,Desktop,0
5522,3586,24.51,2025-09-17 06:45:00,Entertainment,Credit Card,In-store,Mobile,0
5523,5011,644.43,2024-07-01 01:26:00,Other,Credit Card,In-store,POS,0
5524,879,693.08,2025-12-05 08:39:00,Healthcare,Net Banking,In-store,POS,0
5525,2495,3319.24,2025-01-24 20:37:00,Shopping,Credit Card,Mobile,POS,0
5526,7875,2712.67,2024-08-28 20:22:00,Utilities,Net Banking,Online,POS,0
5527,9694,176.97,2025-05-10 16:42:00,Electronics,Debit Card,Mobile,Tablet,0
5528,7521,788.94,2024-07-03 09:53:00,Food,Credit Card,In-store,Desktop,0
5529,8222,578.83,2024-08-25 09:42:00,Other,Credit Card,Mobile,POS,0
5530,679,1809.99,2025-05-11 15:50:00,Healthcare,Debit Card,Mobile,Desktop,0
5531,8416,1559.64,2025-10-07 12:38:00,Other,UPI,In-store,POS,0
5532,7625,2272.09,2024-12-31 17:30:00,Other,Net Banking,Mobile,Mobile,0
5533,4157,4832.18,2024-10-29 03:14:00,Electronics,Credit Card,In-store,POS,0
5534,6320,1093.16,2024-04-25 09:26:00,Travel,UPI,Online,Desktop,0
5535,5727,2133.79,2025-04-02 10:15:00,Electronics,Debit Card,In-store,POS,1
5536,9679,5010.69,2025-11-09 13:07:00,Food,UPI,In-store,Tablet,0
5537,6285,1560.38,2024-06-29 14:20:00,Shopping,Credit Card,Online,Tablet,0
5538,4182,737.15,2025-11-07 03:22:00,Healthcare,Debit Card,ATM,POS,0
5539,3560,1031.34,2025-12-14 12:45:00,Shopping,Credit Card,In-store,POS,0
5540,3467,2809.84,2024-05-11 15:53:00,Grocery,Debit Card,In-store,Mobile,0
5541,1448,2546.01,2025-05-15 19:26:00,Other,Credit Card,ATM,Mobile,0
5542,7276,2759.95,2025-12-04 07:01:00,Utilities,Credit Card,ATM,Desktop,0
5543,8774,2719.67,2024-10-24 08:32:00,Entertainment,Debit Card,In-store,Desktop,0
5544,1950,5062.96,2024-08-08 13:03:00,Shopping,Debit Card,In-store,Mobile,0
5545,4510,2887.89,2025-07-29 10:16:00,Utilities,Credit Card,ATM,POS,0
5546,206,3868.08,2025-11-22 10:26:00,Food,Net Banking,In-store,POS,0
5547,9142,1705.28,2025-02-04 14:27:00,Food,Credit Card,In-store,Desktop,0
5548,775,2066.61,2025-02-12 08:58:00,Grocery,UPI,ATM,Mobile,0
5549,9283,6866.58,2024-02-25 08:31:00,Other,Credit Card,Online,POS,0
5550,479,4085.08,2024-08-12 10:40:00,Healthcare,UPI,ATM,Tablet,1
5551,9354,3004.4,2024-02-16 09:28:00,Electronics,Debit Card,ATM,POS,0
5552,8417,2313.64,2025-02-23 07:36:00,Shopping,Net Banking,Online,Tablet,0
5553,9277,887.95,2024-06-19 17:13:00,Other,UPI,Mobile,Tablet,0
5554,3961,1588.7,2025-10-02 03:39:00,Entertainment,Cash,In-store,Desktop,0
5555,1317,113.41,2025-09-17 10:08:00,Utilities,Net Banking,In-store,POS,0
5556,15,1076.28,2025-09-11 17:01:00,Utilities,Debit Card,In-store,Mobile,0
5557,8242,237.33,2024-01-22 12:05:00,Utilities,Credit Card,Online,POS,0
5558,7940,2608.61,2025-12-22 10:58:00,Travel,Debit Card,ATM,Tablet,0
5559,5221,4457.14,2024-12-27 17:04:00,Utilities,Debit Card,Mobile,POS,0
5560,3498,382.52,2025-11-01 01:33:00,Food,Net Banking,Online,Desktop,0
5561,964,563.89,2024-08-03 11:34:00,Utilities,Credit Card,Mobile,Mobile,0
5562,5130,3889.55,2024-07-22 05:53:00,Entertainment,UPI,Online,Desktop,0
5563,123,1762.97,2025-07-02 12:55:00,Shopping,UPI,ATM,POS,0
5564,4758,1774.96,2024-08-22 09:51:00,Entertainment,Credit Card,Mobile,Tablet,1
5565,1919,1655.08,2024-06-14 11:21:00,Food,Credit Card,ATM,Mobile,0
5566,8863,492.47,2025-02-27 06:35:00,Utilities,Credit Card,ATM,Mobile,0
5567,3044,557.58,2024-09-11 00:02:00,Electronics,Credit Card,Online,Desktop,1
5568,3273,5977.24,2024-01-21 16:06:00,Utilities,UPI,Mobile,POS,0
5569,7266,2570.87,2025-05-28 12:50:00,Utilities,Debit Card,Mobile,Mobile,0
5570,2768,189.58,2025-05-11 01:10:00,Healthcare,Debit Card,Mobile,Mobile,0
5571,846,504.47,2024-10-16 09:01:00,Electronics,UPI,ATM,POS,0
5572,559,1972.97,2024-08-23 20:49:00,Shopping,Cash,Mobile,POS,0
5573,6514,666.66,2025-12-05 07:02:00,Healthcare,Net Banking,In-store,Desktop,0
5574,589,579.99,2024-10-05 23:07:00,Grocery,Credit Card,ATM,Mobile,0
5575,1354,452.17,2025-01-21 20:25:00,Travel,Net Banking,Online,POS,0
5576,5341,410.92,2024-05-14 23:56:00,Entertainment,Net Banking,ATM,Tablet,0
5577,4443,1900.37,2024-10-03 02:04:00,Shopping,Credit Card,In-store,POS,0
5578,1590,4725.71,2024-03-16 16:46:00,Utilities,Net Banking,Online,POS,0
5579,8251,896.11,2025-12-21 23:26:00,Healthcare,Debit Card,ATM,Tablet,0
5580,2080,259.1,2024-01-21 00:47:00,Healthcare,Credit Card,ATM,Desktop,0
5581,7826,265.46,2025-07-08 19:58:00,Other,Cash,ATM,Tablet,0
5582,3716,5426.82,2024-06-04 03:47:00,Food,Debit Card,In-store,POS,0
5583,8400,1504.67,2025-08-25 12:12:00,Travel,Credit Card,ATM,POS,0
5584,2386,1255.79,2025-09-12 09:50:00,Grocery,Credit Card,ATM,Tablet,0
5585,310,4428.07,2024-11-27 13:32:00,Electronics,Debit Card,Online,Tablet,0
5586,6553,1414.95,2024-01-24 09:17:00,Utilities,Credit Card,In-store,Mobile,0
5587,1662,1310.16,2025-04-14 06:06:00,Electronics,Debit Card,ATM,Tablet,0
5588,2186,5225.09,2024-09-27 20:36:00,Other,UPI,Online,Tablet,0
5589,2439,1286.65,2025-04-27 12:18:00,Grocery,Net Banking,In-store,POS,0
5590,6526,991.75,2025-03-15 02:14:00,Entertainment,Debit Card,Online,Mobile,0
5591,9973,1742.93,2025-02-20 17:17:00,Shopping,Cash,In-store,Tablet,0
5592,4801,7564.76,2025-05-09 09:58:00,Shopping,Cash,Online,Mobile,0
5593,1889,6639.0,2025-12-20 17:32:00,Entertainment,UPI,Online,Mobile,0
5594,5089,2988.66,2024-09-07 12:01:00,Entertainment,Debit Card,ATM,Tablet,0
5595,5993,1383.42,2025-05-23 23:25:00,Entertainment,Net Banking,Online,Tablet,0
5596,4558,4265.04,2025-01-16 17:45:00,Grocery,Credit Card,In-store,POS,0
5597,9863,1087.33,2024-04-20 14:14:00,Travel,Debit Card,In-store,Mobile,0
5598,4014,2044.1,2025-08-14 00:25:00,Travel,UPI,In-store,POS,0
5599,6891,395.5,2024-08-25 14:23:00,Food,Cash,Mobile,Tablet,0
5600,3139,2165.21,2025-05-03 18:06:00,Shopping,UPI,ATM,Mobile,0
5601,9818,646.22,2025-10-20 09:21:00,Food,Credit Card,ATM,Mobile,1
5602,3686,2954.65,2024-05-27 20:05:00,Entertainment,Net Banking,Mobile,Desktop,0
5603,2219,1069.01,2024-04-07 17:10:00,Utilities,UPI,In-store,Tablet,0
5604,7047,1016.36,2024-07-31 15:37:00,Grocery,Net Banking,Online,Desktop,0
5605,3306,2745.4,2024-09-12 02:09:00,Healthcare,UPI,In-store,Desktop,0
5606,1328,1107.88,2025-02-16 19:53:00,Other,Debit Card,Online,Mobile,0
5607,9722,2503.68,2025-04-29 16:46:00,Electronics,Credit Card,Online,POS,0
5608,5615,3862.95,2025-08-03 07:03:00,Other,UPI,Online,Mobile,0
5609,8749,294.4,2025-05-20 08:26:00,Utilities,Credit Card,Online,Desktop,0
5610,6681,1304.1,2024-11-14 23:21:00,Utilities,Credit Card,Online,Tablet,0
5611,6148,5797.63,2024-06-03 01:20:00,Entertainment,Credit Card,Mobile,POS,0
5612,3460,3344.56,2025-12-06 18:38:00,Food,Debit Card,In-store,Desktop,0
5613,6374,7269.71,2025-02-20 00:17:00,Healthcare,Cash,In-store,Desktop,0
5614,9658,3936.64,2025-12-07 06:48:00,Healthcare,UPI,ATM,Tablet,0
5615,9086,742.76,2025-07-29 15:34:00,Shopping,Cash,In-store,Mobile,0
5616,3946,394.84,2025-05-26 10:41:00,Food,UPI,Online,Desktop,0
5617,195,472.82,2024-08-29 10:29:00,Entertainment,Debit Card,In-store,Tablet,0
5618,4252,488.97,2025-12-26 15:32:00,Shopping,Credit Card,Mobile,Tablet,0
5619,4206,157.52,2025-07-22 23:46:00,Shopping,Credit Card,Online,Tablet,0
5620,3531,4745.91,2024-03-24 03:27:00,Travel,Credit Card,Mobile,Mobile,0
5621,1701,1396.51,2025-12-17 02:24:00,Electronics,Net Banking,ATM,Tablet,0
5622,5841,213.55,2024-05-10 00:10:00,Grocery,Debit Card,In-store,Desktop,0
5623,4733,2876.37,2025-06-16 23:07:00,Grocery,Debit Card,In-store,Tablet,0
5624,3891,787.98,2024-06-19 06:28:00,Entertainment,UPI,Mobile,Tablet,0
5625,7967,147.37,2024-04-26 01:56:00,Electronics,Credit Card,In-store,Desktop,0
5626,4693,420.84,2025-03-10 15:10:00,Travel,Debit Card,Online,Tablet,0
5627,3818,2143.26,2025-10-03 16:31:00,Travel,Credit Card,ATM,Desktop,0
5628,7633,3159.82,2024-05-23 23:55:00,Utilities,UPI,Mobile,Mobile,0
5629,9259,585.19,2025-07-14 13:25:00,Healthcare,Credit Card,Online,Mobile,0
5630,987,1721.04,2024-01-10 09:07:00,Food,UPI,Mobile,Tablet,0
5631,8476,1.75,2025-03-21 09:46:00,Other,Credit Card,In-store,Mobile,0
5632,8955,652.53,2025-11-23 08:33:00,Entertainment,Net Banking,ATM,Mobile,0
5633,3239,400.89,2024-11-26 19:56:00,Travel,Debit Card,Online,POS,0
5634,5825,159.27,2025-01-15 18:41:00,Utilities,Net Banking,Mobile,Tablet,0
5635,7568,1322.89,2024-06-18 04:18:00,Utilities,UPI,ATM,Desktop,0
5636,8771,1994.0,2025-06-19 21:13:00,Electronics,Credit Card,Online,Desktop,0
5637,8911,94.97,2025-09-20 22:23:00,Other,Net Banking,ATM,Desktop,0
5638,9028,296.75,2025-06-15 19:16:00,Shopping,Credit Card,Online,Desktop,0
5639,2596,5385.08,2025-04-28 14:13:00,Grocery,UPI,ATM,POS,0
5640,8575,504.92,2024-12-04 23:46:00,Electronics,Net Banking,In-store,Desktop,0
5641,6942,2854.13,2024-05-18 05:33:00,Electronics,Credit Card,Mobile,POS,0
5642,6493,2754.55,2025-04-30 00:20:00,Shopping,Credit Card,In-store,Tablet,0
5643,8983,775.98,2025-03-02 05:09:00,Travel,Net Banking,In-store,Mobile,0
5644,447,456.61,2025-04-26 02:00:00,Utilities,Credit Card,Online,POS,0
5645,3595,559.3,2024-11-15 22:12:00,Healthcare,UPI,ATM,POS,0
5646,2936,1668.96,2024-07-23 22:06:00,Electronics,Net Banking,In-store,Desktop,0
5647,9747,959.81,2025-07-04 14:21:00,Other,Credit Card,Online,Mobile,0
5648,4395,1368.63,2024-04-06 01:39:00,Other,Debit Card,Online,Desktop,0
5649,3147,3338.51,2025-04-24 19:10:00,Utilities,UPI,Mobile,Tablet,0
5650,649,1395.5,2024-03-09 11:40:00,Entertainment,Credit Card,Online,Tablet,0
5651,6894,10690.37,2025-07-26 07:22:00,Grocery,UPI,Mobile,Mobile,0
5652,8845,2192.23,2025-10-05 00:59:00,Shopping,Net Banking,Mobile,POS,0
5653,9025,464.49,2024-07-16 08:18:00,Other,UPI,ATM,Mobile,0
5654,8393,1384.37,2025-03-12 18:46:00,Shopping,Credit Card,ATM,Mobile,0
5655,1512,3357.77,2024-11-09 11:39:00,Electronics,Net Banking,ATM,POS,0
5656,8287,492.57,2025-02-16 08:35:00,Utilities,UPI,ATM,Mobile,0
5657,131,2614.39,2025-07-08 20:42:00,Grocery,UPI,ATM,Tablet,0
5658,8306,68.04,2024-07-26 02:37:00,Food,UPI,Online,Mobile,0
5659,3162,5716.6,2024-06-05 03:46:00,Shopping,Debit Card,Online,Desktop,0
5660,2846,2177.49,2024-08-09 08:11:00,Other,Net Banking,Online,Tablet,0
5661,9438,354.84,2024-09-26 18:06:00,Travel,Credit Card,In-store,POS,1
5662,9483,4147.63,2024-05-09 16:37:00,Shopping,Cash,ATM,POS,0
5663,7713,170.73,2025-10-22 12:21:00,Travel,Credit Card,Online,Desktop,0
5664,3589,1041.51,2025-08-12 18:38:00,Shopping,UPI,ATM,POS,0
5665,8891,2670.82,2024-10-10 23:55:00,Food,Credit Card,Mobile,POS,0
5666,2296,5542.19,2025-09-22 21:58:00,Utilities,Credit Card,In-store,Tablet,0
5667,6755,857.91,2025-04-29 06:10:00,Healthcare,Debit Card,In-store,Tablet,0
5668,9793,3549.94,2024-01-03 07:13:00,Food,Debit Card,Online,Desktop,0
5669,3268,438.18,2024-04-03 19:09:00,Electronics,UPI,In-store,Tablet,0
5670,6714,71.48,2024-05-26 05:30:00,Other,UPI,ATM,Mobile,0
5671,9402,58.37,2024-01-01 10:04:00,Utilities,Credit Card,Mobile,Desktop,0
5672,8678,2146.89,2024-02-23 04:32:00,Utilities,Credit Card,Mobile,Tablet,0
5673,677,334.96,2025-03-26 13:42:00,Food,UPI,ATM,POS,0
5674,9215,103.27,2025-04-28 10:19:00,Travel,Net Banking,Online,POS,0
5675,8764,7522.69,2025-05-27 03:15:00,Other,UPI,In-store,POS,0
5676,7483,554.18,2025-07-27 12:24:00,Shopping,Cash,Online,POS,0
5677,5514,1241.86,2025-01-29 22:30:00,Healthcare,Credit Card,Mobile,Tablet,0
5678,801,1899.08,2024-12-29 09:53:00,Electronics,Cash,Mobile,Desktop,0
5679,8315,312.04,2025-06-18 10:33:00,Utilities,Debit Card,Online,Desktop,0
5680,1870,883.75,2024-03-21 19:53:00,Food,UPI,ATM,Mobile,0
5681,932,2086.58,2024-08-07 05:40:00,Shopping,Cash,Online,Mobile,0
5682,806,2041.98,2024-10-11 22:09:00,Healthcare,Debit Card,Mobile,POS,0
5683,7962,3691.05,2025-03-23 17:28:00,Other,Debit Card,ATM,Mobile,0
5684,3987,1150.45,2025-05-16 22:50:00,Shopping,UPI,Online,Mobile,0
5685,6733,4411.42,2024-09-13 21:07:00,Utilities,UPI,Mobile,Mobile,0
5686,1111,2292.62,2025-07-25 13:41:00,Grocery,Credit Card,ATM,Desktop,0
5687,1616,1651.55,2024-12-22 05:01:00,Other,Debit Card,ATM,Desktop,0
5688,1433,249.17,2025-01-09 14:49:00,Shopping,Net Banking,Online,Desktop,0
5689,7549,1709.94,2025-11-17 11:46:00,Grocery,Debit Card,Online,Desktop,0
5690,1498,1806.12,2025-03-10 06:39:00,Grocery,UPI,Online,POS,0
5691,1917,2844.29,2025-07-27 06:24:00,Travel,Debit Card,In-store,POS,0
5692,8277,2539.79,2025-01-18 05:59:00,Travel,UPI,Online,Mobile,0
5693,5897,1509.96,2024-01-11 06:28:00,Electronics,Credit Card,ATM,Tablet,0
5694,9839,1797.04,2025-01-04 16:12:00,Shopping,Credit Card,ATM,Mobile,0
5695,8068,2959.83,2024-01-06 18:19:00,Food,Debit Card,ATM,Desktop,0
5696,8502,866.0,2024-12-02 03:58:00,Grocery,Credit Card,Online,Desktop,0
5697,3071,289.98,2025-01-12 08:32:00,Grocery,Net Banking,In-store,Mobile,0
5698,9640,4147.7,2024-01-14 19:17:00,Electronics,Credit Card,In-store,POS,0
5699,6921,6705.89,2024-02-04 20:17:00,Utilities,Credit Card,ATM,Tablet,0
5700,4348,1121.8,2025-10-19 15:25:00,Other,UPI,Mobile,Tablet,0
5701,5593,9273.28,2024-02-14 22:45:00,Other,Credit Card,In-store,POS,0
5702,5378,779.27,2024-09-16 08:40:00,Other,UPI,In-store,Mobile,0
5703,76,137.79,2024-02-28 18:52:00,Healthcare,UPI,Mobile,Desktop,0
5704,3859,1699.41,2024-02-01 22:59:00,Food,Debit Card,Online,POS,0
5705,3705,4052.95,2025-04-27 19:40:00,Shopping,Net Banking,ATM,Tablet,0
5706,6501,1921.96,2025-04-10 15:11:00,Healthcare,Debit Card,ATM,POS,0
5707,8549,18.94,2025-04-29 23:55:00,Shopping,Credit Card,In-store,Tablet,0
5708,1994,23.81,2025-10-25 17:51:00,Grocery,Debit Card,ATM,Desktop,0
5709,9314,2577.25,2024-04-16 01:23:00,Entertainment,UPI,Online,Mobile,0
5710,2832,3733.09,2024-01-30 19:57:00,Food,Credit Card,In-store,Mobile,0
5711,105,583.48,2025-12-31 04:45:00,Entertainment,UPI,In-store,POS,0
5712,6791,1270.25,2024-06-30 04:05:00,Healthcare,Debit Card,Mobile,Mobile,0
5713,6340,6493.05,2025-03-05 03:03:00,Utilities,Credit Card,Mobile,POS,0
5714,1767,1234.5,2025-03-30 20:45:00,Shopping,Credit Card,Online,Desktop,0
5715,3039,291.93,2024-03-04 10:06:00,Shopping,UPI,Online,Tablet,0
5716,5004,4852.97,2025-07-11 08:54:00,Food,Debit Card,Mobile,POS,0
5717,6021,1367.06,2024-07-17 20:39:00,Shopping,Debit Card,Online,Desktop,0
5718,9739,844.12,2024-01-18 10:53:00,Travel,Debit Card,Online,Tablet,0
5719,1487,205.02,2025-11-19 10:57:00,Travel,UPI,In-store,POS,0
5720,8709,1225.97,2025-12-27 05:57:00,Grocery,Credit Card,Mobile,Tablet,0
5721,4400,2936.51,2025-08-23 23:23:00,Grocery,Credit Card,ATM,Mobile,0
5722,3029,2525.92,2025-06-12 00:42:00,Grocery,Net Banking,Mobile,Desktop,0
5723,4487,1372.69,2025-02-16 13:53:00,Travel,Net Banking,Mobile,Mobile,0
5724,2915,2542.62,2025-11-14 21:03:00,Shopping,Credit Card,Online,Tablet,0
5725,8488,863.91,2024-03-07 06:52:00,Other,UPI,ATM,Tablet,0
5726,1989,2658.08,2025-05-28 04:46:00,Travel,Debit Card,ATM,Mobile,0
5727,4578,179.27,2024-09-30 02:11:00,Shopping,UPI,Online,Desktop,0
5728,4946,444.37,2025-03-30 01:17:00,Grocery,Debit Card,ATM,Desktop,0
5729,7398,4202.94,2025-09-15 06:44:00,Travel,Credit Card,ATM,Desktop,0
5730,8160,695.3,2025-06-01 13:11:00,Grocery,Credit Card,ATM,Mobile,0
5731,8337,461.2,2025-10-12 23:53:00,Other,Credit Card,ATM,Mobile,0
5732,3033,186.43,2024-01-04 09:17:00,Travel,Debit Card,In-store,Tablet,0
5733,6067,998.3,2025-07-28 11:07:00,Food,Debit Card,In-store,POS,1
5734,2256,138.66,2024-12-15 14:36:00,Utilities,Credit Card,Mobile,Desktop,0
5735,8638,1374.25,2025-12-14 02:36:00,Other,Debit Card,Online,Mobile,0
5736,4510,5031.67,2025-04-19 02:07:00,Utilities,UPI,ATM,Tablet,0
5737,5922,3094.19,2024-04-02 05:46:00,Grocery,Credit Card,Mobile,Mobile,0
5738,7404,83.05,2024-03-29 05:20:00,Utilities,UPI,In-store,Tablet,0
5739,8737,712.66,2025-08-28 20:01:00,Utilities,Cash,Mobile,Desktop,0
5740,1155,415.63,2024-06-22 00:13:00,Electronics,UPI,Online,Tablet,0
5741,4799,138.57,2025-10-15 11:29:00,Utilities,Net Banking,ATM,POS,0
5742,3853,230.02,2024-03-24 23:15:00,Electronics,Credit Card,ATM,Mobile,0
5743,4852,4775.07,2024-11-11 21:41:00,Grocery,Debit Card,In-store,Mobile,0
5744,6536,742.37,2024-07-14 23:48:00,Other,Debit Card,Online,Desktop,0
5745,2866,995.9,2024-05-15 09:03:00,Food,Credit Card,ATM,POS,0
5746,5189,1329.9,2025-01-23 22:18:00,Utilities,Credit Card,In-store,Desktop,0
5747,9659,2732.43,2024-07-01 08:08:00,Healthcare,UPI,In-store,POS,0
5748,8287,3202.65,2025-08-01 10:26:00,Shopping,UPI,Online,Mobile,0
5749,4856,6633.5,2024-08-19 06:17:00,Travel,UPI,In-store,Mobile,0
5750,258,473.16,2024-07-23 05:18:00,Entertainment,Cash,Online,Desktop,0
5751,7431,716.4,2024-09-22 22:28:00,Electronics,Net Banking,Online,POS,0
5752,4490,750.73,2024-09-27 02:31:00,Food,UPI,Online,Mobile,0
5753,6685,1178.51,2024-12-29 18:23:00,Grocery,Net Banking,Mobile,Desktop,0
5754,4830,3294.32,2024-12-23 20:33:00,Food,UPI,Online,Tablet,0
5755,9172,547.44,2025-04-05 20:43:00,Shopping,Net Banking,Mobile,POS,0
5756,7330,3054.99,2024-06-23 01:53:00,Healthcare,Debit Card,Mobile,Mobile,0
5757,8648,456.41,2025-08-22 12:09:00,Other,Net Banking,ATM,Desktop,0
5758,2018,2476.77,2025-07-04 18:13:00,Healthcare,Debit Card,Mobile,Mobile,0
5759,173,3208.91,2025-12-20 13:22:00,Other,UPI,ATM,Mobile,0
5760,8775,3845.34,2025-10-23 21:50:00,Healthcare,Credit Card,Mobile,Tablet,0
5761,2746,1427.87,2024-10-22 06:21:00,Travel,UPI,In-store,Desktop,0
5762,1358,797.12,2025-12-17 16:35:00,Travel,UPI,In-store,Tablet,0
5763,6740,2960.19,2024-10-02 02:32:00,Grocery,Net Banking,Mobile,Tablet,0
5764,7397,774.02,2024-08-03 08:13:00,Shopping,UPI,Online,POS,0
5765,7514,320.55,2025-04-23 08:02:00,Utilities,Credit Card,ATM,POS,0
5766,4826,3599.82,2024-04-28 16:42:00,Food,Net Banking,In-store,Tablet,0
5767,2995,1059.48,2025-10-08 05:30:00,Entertainment,Credit Card,Online,POS,0
5768,6310,1691.82,2024-05-23 14:37:00,Travel,UPI,Mobile,POS,0
5769,449,5012.93,2024-11-26 11:36:00,Travel,Net Banking,In-store,Tablet,0
5770,188,291.89,2025-01-21 21:37:00,Other,UPI,ATM,Mobile,0
5771,4554,1629.2,2024-02-04 10:44:00,Grocery,UPI,Mobile,Desktop,0
5772,3447,1636.35,2024-04-17 20:22:00,Entertainment,Credit Card,Mobile,POS,0
5773,2822,3959.43,2024-01-09 05:26:00,Other,Credit Card,Online,Tablet,0
5774,6210,834.85,2025-05-01 10:21:00,Other,Debit Card,In-store,Mobile,0
5775,9285,1025.7,2025-10-25 03:11:00,Other,UPI,ATM,Desktop,0
5776,1126,1465.0,2025-01-01 09:10:00,Travel,Net Banking,ATM,Desktop,0
5777,5498,365.92,2025-04-23 17:11:00,Food,Debit Card,ATM,Mobile,0
5778,4607,1272.25,2024-01-23 14:51:00,Entertainment,Net Banking,Mobile,Tablet,0
5779,3478,1145.69,2025-09-23 14:37:00,Entertainment,Debit Card,ATM,Mobile,0
5780,7745,439.78,2025-08-12 22:27:00,Entertainment,UPI,Online,Desktop,0
5781,3068,3579.79,2025-02-12 15:53:00,Healthcare,Credit Card,ATM,POS,0
5782,8113,1127.87,2024-09-06 08:46:00,Shopping,UPI,Online,POS,0
5783,9612,730.76,2025-01-17 19:21:00,Travel,Credit Card,ATM,Tablet,0
5784,4723,279.38,2025-05-09 21:25:00,Electronics,Credit Card,Mobile,Desktop,0
5785,3707,188.07,2024-11-03 01:59:00,Shopping,UPI,ATM,POS,0
5786,4542,6449.13,2024-08-27 16:06:00,Other,UPI,ATM,Tablet,0
5787,1650,10658.97,2025-03-07 13:49:00,Utilities,Credit Card,ATM,Tablet,0
5788,2642,4564.1,2024-10-02 18:25:00,Entertainment,Debit Card,In-store,Mobile,0
5789,2774,1227.31,2025-08-30 00:10:00,Utilities,Credit Card,Mobile,Tablet,0
5790,3841,3299.64,2025-06-08 05:59:00,Electronics,UPI,ATM,Tablet,0
5791,324,3594.94,2024-11-03 19:44:00,Travel,UPI,Mobile,Mobile,0
5792,1539,712.8,2025-06-20 06:36:00,Electronics,UPI,Online,Tablet,0
5793,456,1763.92,2024-05-22 04:42:00,Shopping,Debit Card,ATM,Mobile,0
5794,6921,6284.85,2024-12-07 01:05:00,Electronics,Credit Card,In-store,Desktop,0
5795,1362,657.2,2024-11-12 04:51:00,Utilities,Cash,Mobile,POS,0
5796,7493,2174.67,2024-12-20 14:25:00,Electronics,Credit Card,Online,Desktop,0
5797,1814,2172.62,2024-06-18 14:00:00,Electronics,Net Banking,Online,POS,0
5798,613,1205.41,2025-11-05 04:12:00,Travel,Credit Card,In-store,POS,0
5799,6551,1347.98,2024-06-25 09:19:00,Travel,Credit Card,ATM,POS,0
5800,4688,1219.02,2024-03-23 05:15:00,Healthcare,UPI,Mobile,Mobile,0
5801,7653,1472.43,2024-07-27 13:05:00,Entertainment,Credit Card,ATM,POS,0
5802,2540,322.16,2024-09-07 04:43:00,Other,Credit Card,Online,Tablet,0
5803,6695,3167.02,2025-07-22 11:00:00,Food,UPI,Online,Desktop,0
5804,6682,2163.95,2025-05-03 05:22:00,Shopping,UPI,Online,Desktop,0
5805,9207,7285.69,2024-04-12 15:35:00,Travel,UPI,Online,Tablet,0
5806,3336,563.78,2025-12-04 12:44:00,Other,Net Banking,In-store,Tablet,0
5807,9685,315.57,2024-08-05 15:42:00,Entertainment,Debit Card,Online,Mobile,0
5808,1076,838.79,2025-01-20 14:45:00,Travel,Credit Card,Online,Mobile,0
5809,6014,1425.64,2024-09-05 03:24:00,Other,Debit Card,Online,Desktop,0
5810,7574,458.85,2024-05-11 10:48:00,Entertainment,Credit Card,Mobile,Tablet,0
5811,3558,1234.6,2024-05-16 12:49:00,Healthcare,Cash,Mobile,Tablet,0
5812,2616,2057.87,2024-11-30 09:52:00,Utilities,Credit Card,ATM,Tablet,0
5813,6699,115.62,2025-11-21 23:55:00,Grocery,UPI,Mobile,Mobile,0
5814,5677,2837.88,2025-03-10 19:25:00,Grocery,Net Banking,In-store,Mobile,0
5815,9518,5617.22,2025-06-30 02:22:00,Electronics,UPI,ATM,Mobile,0
5816,8049,624.63,2025-05-15 21:47:00,Electronics,Credit Card,ATM,Desktop,0
5817,33,2994.2,2025-08-23 00:14:00,Entertainment,Net Banking,In-store,POS,0
5818,5247,1082.34,2025-09-15 05:49:00,Grocery,Credit Card,ATM,Tablet,0
5819,9823,2183.87,2024-08-28 11:23:00,Utilities,Credit Card,Online,POS,0
5820,2844,2717.48,2024-12-14 16:52:00,Healthcare,UPI,Online,POS,0
5821,2398,699.04,2024-01-02 19:38:00,Healthcare,Debit Card,Mobile,Mobile,0
5822,7010,3096.66,2025-02-11 02:41:00,Other,UPI,Online,Tablet,0
5823,7249,222.11,2024-08-23 04:31:00,Entertainment,Credit Card,In-store,Mobile,0
5824,2739,8643.72,2024-07-11 01:13:00,Shopping,Net Banking,Online,POS,0
5825,6691,822.04,2024-11-05 13:05:00,Electronics,Debit Card,Online,Tablet,0
5826,493,506.7,2024-12-13 12:41:00,Shopping,Debit Card,ATM,Desktop,0
5827,8925,298.52,2024-07-03 13:09:00,Healthcare,Credit Card,Mobile,Desktop,0
5828,7354,3344.57,2024-10-18 09:24:00,Shopping,Debit Card,Online,POS,0
5829,7296,1763.25,2025-11-22 15:02:00,Travel,Debit Card,In-store,POS,0
5830,8087,6059.42,2024-09-24 13:11:00,Entertainment,Cash,ATM,Desktop,0
5831,270,2086.42,2024-06-16 12:43:00,Healthcare,Net Banking,Mobile,Mobile,0
5832,2872,832.83,2025-06-13 03:29:00,Grocery,Credit Card,In-store,Tablet,0
5833,5017,3620.81,2024-03-25 11:43:00,Grocery,Credit Card,In-store,Tablet,0
5834,3563,660.44,2024-04-13 20:55:00,Shopping,Credit Card,Mobile,POS,0
5835,8135,687.35,2025-02-18 00:10:00,Healthcare,Debit Card,ATM,Mobile,0
5836,2190,57.38,2024-11-22 04:36:00,Entertainment,Credit Card,In-store,Tablet,0
5837,1562,580.77,2025-06-03 12:43:00,Food,UPI,Online,Mobile,0
5838,744,606.09,2025-04-10 00:31:00,Utilities,Credit Card,In-store,Tablet,0
5839,5792,706.28,2025-10-31 21:25:00,Shopping,Credit Card,ATM,Desktop,0
5840,9565,919.72,2025-03-08 01:19:00,Utilities,UPI,ATM,POS,0
5841,2280,1719.23,2025-03-11 08:47:00,Utilities,UPI,Online,POS,0
5842,2491,487.69,2025-10-11 03:38:00,Utilities,Net Banking,Online,Tablet,0
5843,5703,2025.39,2025-04-06 16:23:00,Entertainment,Credit Card,In-store,Tablet,0
5844,8505,286.16,2025-04-29 22:21:00,Food,Credit Card,ATM,Tablet,0
5845,8393,5344.72,2025-07-01 11:07:00,Utilities,Net Banking,ATM,Mobile,0
5846,8195,52.91,2024-07-02 13:34:00,Travel,UPI,Online,Tablet,0
5847,8096,4776.24,2025-01-27 21:05:00,Food,Credit Card,In-store,Mobile,0
5848,5263,1584.61,2024-06-02 00:21:00,Utilities,Credit Card,Online,Tablet,0
5849,8329,2476.06,2025-12-25 18:16:00,Electronics,Debit Card,Online,Tablet,0
5850,9388,708.62,2024-07-21 16:52:00,Utilities,UPI,Mobile,POS,0
5851,7761,381.83,2025-09-21 23:55:00,Healthcare,UPI,Online,Mobile,0
5852,1180,5886.08,2025-04-10 13:03:00,Shopping,UPI,ATM,Desktop,0
5853,9213,1163.23,2025-04-20 09:02:00,Utilities,UPI,ATM,Desktop,0
5854,1965,1309.83,2024-05-04 15:29:00,Entertainment,Net Banking,Mobile,Desktop,0
5855,1805,8491.97,2025-01-10 01:56:00,Food,Net Banking,ATM,POS,0
5856,50,819.15,2025-09-05 21:23:00,Healthcare,UPI,ATM,Mobile,0
5857,5542,211.15,2024-09-15 13:21:00,Electronics,UPI,Mobile,Desktop,0
5858,8997,1768.2,2025-11-22 09:49:00,Healthcare,Debit Card,In-store,Mobile,0
5859,7657,1618.5,2024-01-25 17:17:00,Other,Credit Card,Mobile,Mobile,0
5860,8608,2966.53,2024-07-02 09:22:00,Shopping,UPI,ATM,Tablet,0
5861,7608,6205.66,2025-03-03 00:28:00,Food,Net Banking,Mobile,POS,0
5862,1639,735.4,2024-11-28 09:40:00,Food,Credit Card,In-store,Desktop,0
5863,8987,2558.8,2024-02-06 19:07:00,Electronics,UPI,ATM,Desktop,0
5864,8755,1140.1,2024-12-31 23:02:00,Travel,UPI,ATM,POS,0
5865,2736,3062.85,2025-06-28 23:25:00,Other,Net Banking,Mobile,POS,1
5866,8008,358.92,2024-09-11 05:05:00,Utilities,UPI,Mobile,Tablet,0
5867,5843,1389.72,2025-07-01 03:08:00,Shopping,Net Banking,ATM,Mobile,0
5868,5470,160.66,2024-05-28 20:31:00,Other,UPI,ATM,Tablet,0
5869,8970,1647.31,2025-03-17 08:22:00,Travel,UPI,Mobile,Tablet,0
5870,4702,370.19,2025-04-14 22:39:00,Food,Credit Card,In-store,Desktop,0
5871,7561,6440.01,2024-09-06 23:52:00,Entertainment,UPI,Online,Desktop,0
5872,3056,1616.35,2025-06-20 18:29:00,Entertainment,UPI,Online,Mobile,0
5873,86,1507.39,2024-02-11 02:20:00,Food,Net Banking,Online,Mobile,0
5874,4191,7174.87,2025-01-16 01:09:00,Food,Credit Card,ATM,Tablet,0
5875,8238,1379.97,2025-09-15 23:40:00,Entertainment,Debit Card,Online,POS,0
5876,8074,2258.51,2024-04-13 12:32:00,Healthcare,UPI,Mobile,Tablet,0
5877,2084,95.61,2024-03-21 10:59:00,Utilities,Debit Card,In-store,POS,0
5878,8202,2464.32,2025-10-14 23:19:00,Shopping,Debit Card,In-store,Mobile,0
5879,2940,220.32,2025-03-08 12:01:00,Travel,UPI,In-store,Mobile,0
5880,9243,3030.39,2024-07-07 23:16:00,Entertainment,UPI,Mobile,Desktop,0
5881,8783,4188.64,2025-10-30 23:56:00,Grocery,Credit Card,Online,Desktop,0
5882,8224,758.04,2024-03-22 13:07:00,Grocery,Net Banking,In-store,Tablet,0
5883,4142,4209.6,2024-07-15 18:16:00,Food,Debit Card,ATM,Mobile,0
5884,572,1318.02,2024-11-06 19:32:00,Grocery,Credit Card,In-store,Desktop,0
5885,7236,1695.28,2025-07-06 07:44:00,Other,UPI,Mobile,POS,0
5886,8209,1058.6,2024-02-20 11:36:00,Travel,Debit Card,Online,Mobile,0
5887,1541,1294.6,2025-04-29 06:48:00,Other,Debit Card,Online,POS,0
5888,4049,4777.83,2025-03-23 08:47:00,Food,Debit Card,Mobile,Tablet,0
5889,1079,5886.07,2025-12-06 05:17:00,Electronics,Net Banking,Mobile,Tablet,0
5890,1386,1180.71,2025-05-28 21:02:00,Other,Debit Card,Online,Desktop,0
5891,131,1444.58,2025-09-11 12:58:00,Utilities,Credit Card,Online,Mobile,0
5892,2546,246.99,2024-07-04 21:18:00,Healthcare,Credit Card,In-store,POS,0
5893,6723,787.93,2024-10-06 00:26:00,Grocery,Debit Card,In-store,Mobile,0
5894,7453,1439.96,2024-07-31 00:50:00,Travel,Debit Card,ATM,Desktop,0
5895,6792,452.75,2025-02-28 21:08:00,Food,Credit Card,In-store,POS,0
5896,2424,1718.56,2024-10-08 08:29:00,Food,Net Banking,Mobile,Desktop,0
5897,4741,2312.16,2025-09-05 20:20:00,Food,Debit Card,Mobile,POS,0
5898,7482,2099.42,2024-04-09 07:14:00,Travel,Debit Card,ATM,POS,0
5899,9534,1168.63,2024-01-19 22:20:00,Entertainment,UPI,Mobile,Tablet,1
5900,8986,2933.44,2024-08-14 02:39:00,Healthcare,Credit Card,Online,Tablet,0
5901,7438,769.92,2024-10-21 23:45:00,Travel,Debit Card,Mobile,Mobile,0
5902,3545,1267.03,2025-09-15 14:37:00,Shopping,Credit Card,Mobile,Mobile,0
5903,3616,629.85,2025-03-06 20:38:00,Travel,Debit Card,ATM,Desktop,0
5904,4091,1850.81,2024-12-02 17:24:00,Entertainment,UPI,In-store,Tablet,0
5905,2535,1162.16,2025-05-02 17:00:00,Healthcare,Credit Card,Online,Tablet,0
5906,2857,489.53,2024-12-17 10:20:00,Utilities,Net Banking,In-store,Desktop,0
5907,5881,736.87,2024-12-20 14:09:00,Travel,Credit Card,Online,POS,0
5908,8846,655.53,2025-04-18 23:31:00,Other,Debit Card,ATM,POS,0
5909,6192,4836.28,2024-08-03 17:44:00,Food,Net Banking,In-store,Tablet,0
5910,4443,1476.1,2024-06-23 21:24:00,Food,Debit Card,Online,Mobile,0
5911,5414,2114.88,2024-09-18 12:02:00,Other,Credit Card,In-store,Tablet,0
5912,2411,5458.56,2025-11-07 18:05:00,Travel,Debit Card,Online,Mobile,0
5913,7657,402.32,2025-10-08 15:35:00,Electronics,Debit Card,In-store,Mobile,0
5914,5144,5525.87,2024-12-19 02:13:00,Travel,Debit Card,ATM,Tablet,0
5915,3610,1551.48,2025-06-26 11:19:00,Food,UPI,In-store,Desktop,0
5916,682,3878.86,2024-10-25 10:28:00,Utilities,Debit Card,Mobile,Mobile,0
5917,1119,367.83,2025-11-21 14:01:00,Utilities,UPI,Mobile,Mobile,0
5918,4477,637.48,2024-06-08 19:37:00,Travel,Debit Card,In-store,Mobile,0
5919,4749,431.77,2024-06-19 19:22:00,Other,Net Banking,Online,Mobile,0
5920,2975,2119.29,2025-08-01 13:26:00,Shopping,Cash,In-store,POS,0
5921,5856,303.42,2024-01-24 09:35:00,Food,Credit Card,ATM,Desktop,0
5922,1303,3145.47,2025-05-17 07:24:00,Electronics,Credit Card,In-store,Desktop,0
5923,5285,576.53,2025-07-04 04:24:00,Entertainment,Debit Card,Online,Tablet,0
5924,1901,590.02,2025-09-13 03:06:00,Shopping,UPI,In-store,POS,0
5925,1083,660.13,2025-02-09 06:13:00,Shopping,Net Banking,Mobile,Mobile,0
5926,8634,2743.9,2024-04-23 18:18:00,Grocery,UPI,ATM,Mobile,0
5927,3784,5159.73,2024-07-01 05:49:00,Grocery,Net Banking,In-store,Mobile,0
5928,2642,4761.31,2025-02-14 17:26:00,Entertainment,Debit Card,Online,Mobile,0
5929,1801,213.51,2024-12-26 06:26:00,Healthcare,UPI,In-store,POS,0
5930,3350,608.81,2025-09-05 08:20:00,Travel,Net Banking,ATM,Desktop,0
5931,4683,2230.59,2025-01-06 20:06:00,Grocery,UPI,Mobile,Mobile,0
5932,7990,1927.55,2025-11-11 21:40:00,Entertainment,Debit Card,Mobile,Mobile,0
5933,5014,861.66,2025-10-13 10:32:00,Healthcare,UPI,Mobile,Tablet,0
5934,9201,3973.26,2025-07-02 17:25:00,Food,Debit Card,In-store,POS,0
5935,9230,279.6,2024-08-18 12:31:00,Grocery,Credit Card,Online,Desktop,0
5936,1103,2037.93,2025-04-20 09:52:00,Entertainment,UPI,ATM,Tablet,0
5937,434,637.89,2025-04-05 05:59:00,Healthcare,Debit Card,In-store,Desktop,0
5938,8669,1498.06,2024-06-30 12:18:00,Healthcare,Credit Card,ATM,Tablet,0
5939,3934,980.37,2024-01-04 17:53:00,Healthcare,UPI,Online,Mobile,0
5940,6545,7797.73,2024-12-08 14:41:00,Other,UPI,Mobile,Desktop,0
5941,7937,1333.76,2024-06-25 21:58:00,Shopping,Credit Card,ATM,Desktop,0
5942,3214,7467.2,2024-04-10 12:37:00,Utilities,Debit Card,ATM,Desktop,0
5943,3311,588.8,2025-10-30 13:26:00,Entertainment,Debit Card,ATM,POS,0
5944,7735,2921.53,2025-02-24 06:40:00,Travel,Credit Card,Online,Desktop,0
5945,3564,2525.03,2024-01-30 19:14:00,Travel,UPI,ATM,Mobile,0
5946,384,3763.09,2024-05-21 19:39:00,Travel,Debit Card,In-store,Mobile,0
5947,9059,2365.78,2025-05-30 02:38:00,Food,UPI,ATM,Mobile,0
5948,863,2293.67,2025-08-07 23:26:00,Healthcare,Debit Card,In-store,Tablet,0
5949,8460,2161.79,2024-01-24 10:39:00,Entertainment,Credit Card,ATM,Mobile,0
5950,9538,8406.3,2024-09-12 05:36:00,Grocery,Net Banking,In-store,Desktop,0
5951,5519,517.79,2025-10-02 15:43:00,Utilities,Debit Card,Online,Mobile,0
5952,3490,61.15,2024-04-03 11:01:00,Utilities,Credit Card,Online,Mobile,0
5953,5500,2266.23,2025-09-07 20:24:00,Grocery,Debit Card,ATM,Tablet,0
5954,990,378.3,2025-07-19 16:55:00,Travel,UPI,In-store,Desktop,0
5955,6990,2275.02,2024-07-16 05:29:00,Healthcare,UPI,ATM,Tablet,0
5956,7048,770.4,2025-01-12 23:55:00,Entertainment,UPI,Mobile,Mobile,0
5957,4679,88.64,2024-09-02 05:30:00,Food,Credit Card,Mobile,Tablet,0
5958,7270,2937.34,2025-12-30 06:20:00,Other,UPI,ATM,POS,0
5959,6024,106.06,2024-05-15 09:04:00,Other,Debit Card,Mobile,POS,0
5960,3368,507.56,2024-02-01 06:36:00,Healthcare,UPI,ATM,Tablet,0
5961,9110,820.18,2025-04-17 14:15:00,Grocery,UPI,In-store,Desktop,0
5962,2569,284.85,2025-12-01 19:28:00,Healthcare,Credit Card,In-store,Desktop,0
5963,7228,4896.82,2024-09-04 05:29:00,Electronics,Credit Card,ATM,Desktop,0
5964,8022,1944.86,2025-05-27 20:07:00,Utilities,UPI,Online,Desktop,0
5965,5922,4165.23,2025-09-10 10:55:00,Electronics,UPI,Online,Tablet,0
5966,6052,2291.74,2024-06-12 07:29:00,Electronics,Net Banking,Mobile,Mobile,0
5967,9564,9643.03,2024-03-12 00:47:00,Shopping,Credit Card,Online,Tablet,0
5968,3967,1489.52,2024-02-03 21:43:00,Shopping,Credit Card,In-store,Desktop,0
5969,9799,110.52,2025-02-20 16:30:00,Food,Cash,Mobile,Desktop,0
5970,7846,350.75,2025-01-29 02:50:00,Healthcare,Credit Card,In-store,Desktop,0
5971,1887,1775.57,2025-03-03 08:56:00,Utilities,Debit Card,ATM,POS,0
5972,9709,854.59,2025-07-04 03:45:00,Other,Debit Card,In-store,Desktop,0
5973,7705,239.58,2025-09-13 20:34:00,Utilities,UPI,ATM,Tablet,0
5974,2880,543.98,2024-01-25 14:30:00,Other,Net Banking,Online,Tablet,0
5975,161,1287.08,2024-03-02 09:51:00,Food,UPI,ATM,Mobile,0
5976,8517,1460.38,2025-02-11 23:49:00,Grocery,Credit Card,In-store,POS,0
5977,638,5453.89,2024-02-10 11:25:00,Entertainment,Cash,Online,Desktop,0
5978,8477,190.11,2025-06-07 20:41:00,Utilities,UPI,Mobile,Tablet,1
5979,2043,885.73,2025-03-26 13:50:00,Electronics,Net Banking,In-store,Mobile,0
5980,7610,1410.64,2024-05-07 03:09:00,Other,Debit Card,Online,Mobile,0
5981,85,240.42,2024-09-25 18:48:00,Electronics,Credit Card,Mobile,POS,0
5982,738,2328.24,2024-04-24 23:10:00,Grocery,Credit Card,Mobile,Mobile,0
5983,4785,1447.33,2025-01-10 13:42:00,Food,UPI,In-store,Mobile,0
5984,6383,1230.57,2024-12-13 04:58:00,Electronics,Credit Card,Mobile,Desktop,0
5985,1488,2134.7,2024-09-05 15:13:00,Healthcare,Net Banking,Mobile,POS,0
5986,3437,678.83,2024-09-27 03:21:00,Electronics,Credit Card,In-store,Mobile,0
5987,704,828.99,2025-10-19 22:04:00,Healthcare,Credit Card,Online,POS,0
5988,4270,355.14,2025-04-14 22:31:00,Healthcare,Credit Card,Online,Desktop,0
5989,7099,1483.52,2024-09-07 08:21:00,Electronics,Credit Card,Online,Mobile,0
5990,725,931.73,2024-10-29 22:28:00,Electronics,Credit Card,Mobile,Mobile,0
5991,91,603.1,2024-12-04 14:44:00,Healthcare,Credit Card,ATM,Tablet,0
5992,1770,266.47,2024-09-21 18:17:00,Other,Credit Card,ATM,Desktop,0
5993,677,47.0,2025-08-31 01:48:00,Entertainment,Credit Card,In-store,Desktop,0
5994,9539,429.74,2024-05-23 04:33:00,Entertainment,UPI,In-store,Mobile,0
5995,6571,568.51,2024-10-22 00:14:00,Electronics,UPI,Online,Desktop,0
5996,4205,1328.87,2025-01-14 18:23:00,Entertainment,Credit Card,Mobile,Tablet,0
5997,6690,551.5,2025-12-31 09:19:00,Utilities,Net Banking,In-store,Mobile,0
5998,4797,3403.69,2024-06-11 18:40:00,Entertainment,Credit Card,Online,Tablet,0
5999,2375,1285.4,2024-11-08 15:45:00,Healthcare,Debit Card,Mobile,POS,0
6000,9949,1955.33,2025-03-26 21:18:00,Food,Net Banking,Online,Mobile,0
6001,3523,466.23,2024-06-07 23:51:00,Utilities,Debit Card,In-store,POS,0
6002,4781,1076.15,2025-12-12 04:09:00,Travel,Credit Card,Online,Desktop,0
6003,8873,1846.52,2025-09-14 09:54:00,Travel,Net Banking,In-store,Mobile,0
6004,6068,745.16,2025-01-28 08:40:00,Food,Credit Card,Mobile,POS,0
6005,1292,819.54,2024-08-21 00:54:00,Entertainment,UPI,Mobile,Mobile,0
6006,2686,3294.54,2024-08-04 18:19:00,Food,Net Banking,Mobile,POS,0
6007,9975,3630.24,2024-05-31 18:00:00,Grocery,UPI,Online,Desktop,0
6008,2320,1522.6,2024-09-22 11:46:00,Entertainment,Debit Card,Mobile,POS,0
6009,4355,4534.64,2025-06-04 23:55:00,Healthcare,Cash,ATM,Tablet,0
6010,7067,2668.79,2025-06-13 12:30:00,Utilities,Credit Card,Online,Desktop,0
6011,8430,113.78,2025-09-25 05:22:00,Shopping,UPI,In-store,Mobile,0
6012,6080,1639.57,2025-10-21 04:37:00,Food,UPI,ATM,Mobile,0
6013,304,2393.29,2025-05-28 10:33:00,Electronics,UPI,In-store,Mobile,0
6014,1627,1556.91,2025-01-18 12:55:00,Electronics,Debit Card,Online,Tablet,0
6015,1254,3567.3,2025-05-11 20:10:00,Travel,Cash,Online,POS,0
6016,9119,715.74,2025-06-21 15:11:00,Entertainment,Debit Card,In-store,POS,0
6017,1999,135.44,2025-05-10 12:00:00,Healthcare,Debit Card,In-store,Desktop,0
6018,9635,2008.17,2025-11-15 02:21:00,Food,Debit Card,ATM,Desktop,0
6019,4260,2624.61,2024-08-18 09:13:00,Food,Net Banking,ATM,Desktop,0
6020,2402,2898.5,2024-08-17 04:17:00,Other,Credit Card,ATM,Desktop,0
6021,2750,22.24,2025-09-15 23:50:00,Other,Debit Card,In-store,Desktop,0
6022,7297,2237.91,2024-05-02 20:12:00,Travel,UPI,In-store,POS,0
6023,5062,41.89,2024-12-31 15:29:00,Other,Net Banking,In-store,Desktop,0
6024,6853,2981.41,2025-08-06 20:58:00,Grocery,Debit Card,In-store,Desktop,0
6025,861,2428.75,2024-01-13 23:54:00,Entertainment,UPI,In-store,POS,0
6026,4934,1675.95,2025-06-20 07:47:00,Shopping,Credit Card,Online,POS,0
6027,9471,1411.75,2024-07-26 11:42:00,Other,Credit Card,Online,Desktop,0
6028,481,2511.29,2024-02-03 12:40:00,Food,Credit Card,Online,Desktop,0
6029,1972,117.79,2024-04-11 10:32:00,Electronics,UPI,ATM,Mobile,0
6030,9053,3569.84,2024-03-09 08:35:00,Shopping,Credit Card,Mobile,Desktop,0
6031,8300,449.35,2025-07-01 23:34:00,Shopping,Net Banking,Mobile,Mobile,0
6032,5821,1299.37,2024-03-22 01:28:00,Other,Net Banking,Online,POS,0
6033,3914,1334.18,2025-08-03 16:15:00,Healthcare,Credit Card,In-store,Desktop,0
6034,2163,3002.28,2024-09-07 08:51:00,Other,Credit Card,Online,Desktop,0
6035,547,428.84,2024-07-06 22:59:00,Shopping,Debit Card,In-store,Mobile,0
6036,6816,712.63,2025-10-28 07:14:00,Food,UPI,Online,Desktop,0
6037,2687,2175.99,2025-12-07 22:29:00,Entertainment,Credit Card,ATM,Tablet,0
6038,3886,1064.68,2024-06-30 01:38:00,Utilities,Credit Card,Mobile,Desktop,0
6039,7716,710.11,2024-09-29 17:17:00,Healthcare,Credit Card,Mobile,Mobile,0
6040,2119,1942.67,2024-04-03 23:12:00,Entertainment,UPI,In-store,Mobile,0
6041,8586,181.1,2024-03-06 04:33:00,Electronics,Debit Card,In-store,Mobile,0
6042,4634,3119.19,2024-11-06 01:13:00,Other,UPI,Online,POS,0
6043,176,1487.83,2024-08-21 07:37:00,Entertainment,Debit Card,Online,Desktop,0
6044,6157,461.4,2025-08-18 15:29:00,Travel,Credit Card,ATM,Tablet,0
6045,4766,1050.24,2024-04-10 17:56:00,Healthcare,Cash,Mobile,Tablet,0
6046,4320,281.0,2024-02-22 10:50:00,Electronics,UPI,In-store,POS,0
6047,3526,1917.25,2025-10-11 02:12:00,Shopping,UPI,Online,Desktop,0
6048,484,2213.09,2025-05-04 03:28:00,Other,Debit Card,Online,Mobile,0
6049,6338,1039.35,2024-03-26 15:12:00,Entertainment,Credit Card,In-store,POS,0
6050,8504,830.09,2024-04-12 17:37:00,Utilities,Cash,ATM,Mobile,0
6051,5406,3791.37,2024-08-08 19:31:00,Grocery,Debit Card,In-store,Tablet,0
6052,6711,1716.37,2024-11-03 18:00:00,Electronics,Credit Card,In-store,Desktop,0
6053,4826,2199.35,2025-08-18 13:55:00,Entertainment,Debit Card,ATM,Tablet,0
6054,5337,272.83,2024-04-24 23:56:00,Food,Credit Card,In-store,POS,0
6055,9386,2498.81,2025-03-29 20:12:00,Shopping,Debit Card,In-store,Desktop,0
6056,518,1176.17,2025-08-26 20:39:00,Electronics,UPI,Online,Tablet,0
6057,8456,913.52,2025-04-12 00:16:00,Electronics,Cash,ATM,Mobile,0
6058,4937,5301.57,2025-02-20 19:17:00,Food,Net Banking,Mobile,Tablet,0
6059,8408,110.89,2025-05-19 20:11:00,Electronics,Credit Card,ATM,Desktop,0
6060,6470,435.33,2024-12-02 16:30:00,Travel,Debit Card,ATM,POS,0
6061,2600,940.14,2025-06-10 09:41:00,Other,Debit Card,Online,Mobile,0
6062,4688,783.24,2024-11-02 08:55:00,Other,UPI,Mobile,Tablet,0
6063,4440,1429.49,2025-06-28 07:21:00,Healthcare,UPI,ATM,POS,0
6064,5928,1024.66,2024-10-08 21:35:00,Other,Net Banking,In-store,Tablet,0
6065,1128,3105.07,2025-05-30 09:40:00,Shopping,Credit Card,In-store,Tablet,1
6066,2362,2922.04,2025-03-26 03:48:00,Travel,Credit Card,In-store,Desktop,0
6067,347,2960.11,2024-07-05 15:00:00,Shopping,Credit Card,Mobile,POS,0
6068,7114,922.02,2024-11-22 16:30:00,Utilities,Net Banking,ATM,Desktop,1
6069,6966,1046.36,2025-05-22 05:11:00,Other,Credit Card,ATM,Tablet,0
6070,6963,2549.23,2024-03-08 13:43:00,Utilities,Debit Card,ATM,Tablet,0
6071,8842,265.23,2024-11-07 03:59:00,Food,Credit Card,Mobile,Tablet,0
6072,8457,3820.0,2025-03-29 10:40:00,Food,Credit Card,Online,Mobile,0
6073,378,1558.54,2025-12-04 17:52:00,Entertainment,Debit Card,Online,POS,0
6074,2942,3774.94,2024-07-06 06:49:00,Electronics,Debit Card,Mobile,POS,0
6075,6938,3155.91,2024-04-21 07:13:00,Food,UPI,In-store,POS,0
6076,6306,938.03,2024-11-10 16:19:00,Entertainment,Debit Card,In-store,Mobile,0
6077,3811,214.19,2024-11-23 16:30:00,Grocery,UPI,ATM,Tablet,0
6078,2075,5072.32,2024-04-15 21:19:00,Electronics,Net Banking,ATM,POS,0
6079,9432,845.04,2025-09-16 06:36:00,Electronics,Debit Card,ATM,Mobile,0
6080,3667,935.98,2025-11-19 04:20:00,Other,Debit Card,Online,Mobile,0
6081,3378,4794.86,2024-06-09 06:49:00,Electronics,Credit Card,In-store,Desktop,0
6082,1835,4986.21,2025-02-09 05:54:00,Utilities,UPI,In-store,Mobile,0
6083,9064,610.08,2024-06-10 19:42:00,Travel,Credit Card,Online,Tablet,0
6084,6344,186.33,2024-06-09 10:33:00,Electronics,Credit Card,Mobile,Mobile,0
6085,7221,2.22,2025-04-30 20:38:00,Shopping,Debit Card,ATM,Mobile,0
6086,4176,1153.56,2025-03-02 23:17:00,Electronics,Debit Card,Mobile,Desktop,0
6087,9485,1681.32,2024-08-22 08:30:00,Other,UPI,Mobile,Mobile,0
6088,4890,630.35,2024-11-06 11:09:00,Travel,Debit Card,ATM,Mobile,0
6089,9840,601.53,2024-11-09 10:46:00,Other,UPI,Mobile,Tablet,1
6090,9818,882.55,2024-12-28 23:20:00,Travel,Net Banking,Mobile,POS,0
6091,6200,610.57,2025-04-05 09:27:00,Other,Net Banking,ATM,Mobile,0
6092,8381,3910.04,2025-07-30 12:48:00,Healthcare,Credit Card,Mobile,POS,0
6093,7668,2059.16,2025-03-03 00:48:00,Electronics,Debit Card,In-store,Desktop,0
6094,3506,3531.56,2025-02-17 01:26:00,Grocery,Debit Card,In-store,Desktop,0
6095,3221,3939.07,2024-12-28 20:51:00,Travel,Debit Card,Mobile,Desktop,0
6096,4833,1141.89,2024-05-23 14:49:00,Utilities,Cash,Mobile,POS,0
6097,704,1298.56,2024-10-07 00:52:00,Travel,Credit Card,ATM,POS,0
6098,9602,7617.09,2025-12-22 06:13:00,Travel,Debit Card,Mobile,Tablet,0
6099,840,3394.79,2025-11-08 22:16:00,Utilities,Credit Card,Mobile,POS,0
6100,2566,3197.93,2024-10-28 11:01:00,Utilities,UPI,Online,Mobile,0
6101,534,1752.76,2024-11-25 13:50:00,Entertainment,Debit Card,ATM,Mobile,0
6102,1342,1236.64,2025-01-26 10:35:00,Grocery,Net Banking,Mobile,POS,0
6103,1622,4500.19,2025-07-27 23:12:00,Shopping,Credit Card,Online,Mobile,0
6104,3696,3264.97,2024-08-08 19:32:00,Shopping,Net Banking,In-store,Desktop,0
6105,6809,1454.6,2025-03-26 08:06:00,Healthcare,Debit Card,In-store,Desktop,0
6106,3538,630.77,2024-03-17 07:10:00,Grocery,Debit Card,In-store,Desktop,0
6107,5961,318.65,2024-11-29 23:30:00,Travel,UPI,In-store,Tablet,0
6108,7030,1609.08,2025-08-30 15:02:00,Healthcare,Debit Card,ATM,POS,0
6109,673,702.04,2025-11-06 12:44:00,Healthcare,Net Banking,In-store,POS,0
6110,363,613.64,2025-12-24 15:15:00,Grocery,Credit Card,Mobile,Desktop,0
6111,3080,223.62,2024-10-13 19:37:00,Utilities,UPI,Online,Desktop,0
6112,1384,70.16,2025-01-19 01:06:00,Electronics,Credit Card,Mobile,Tablet,0
6113,7800,3058.98,2024-02-27 20:21:00,Shopping,UPI,ATM,Tablet,0
6114,8333,228.54,2024-10-09 17:23:00,Healthcare,Credit Card,ATM,POS,0
6115,6461,4389.43,2025-03-24 09:07:00,Grocery,UPI,ATM,POS,0
6116,2288,481.04,2025-04-28 04:56:00,Electronics,Net Banking,ATM,POS,0
6117,629,2851.53,2024-03-16 10:49:00,Healthcare,Credit Card,Online,POS,0
6118,1650,3463.21,2025-02-27 04:55:00,Electronics,Credit Card,In-store,Tablet,0
6119,7478,3145.79,2024-06-03 18:19:00,Entertainment,UPI,Online,Mobile,0
6120,8348,4124.87,2025-08-10 06:35:00,Other,Credit Card,Mobile,Desktop,0
6121,4309,830.19,2024-03-31 14:15:00,Travel,Credit Card,ATM,Mobile,0
6122,2845,8521.53,2024-12-01 18:34:00,Food,Credit Card,Online,Desktop,0
6123,3261,655.88,2025-11-07 08:35:00,Travel,Credit Card,Mobile,Tablet,0
6124,3316,5445.25,2025-06-27 09:44:00,Shopping,Net Banking,Online,Mobile,0
6125,8009,1150.52,2024-01-23 04:49:00,Food,Net Banking,ATM,Desktop,0
6126,3784,117.23,2024-03-10 22:45:00,Healthcare,UPI,Online,POS,0
6127,8237,3073.46,2024-11-17 11:57:00,Healthcare,Debit Card,ATM,Tablet,0
6128,593,3096.79,2025-04-01 23:56:00,Entertainment,Credit Card,In-store,POS,0
6129,6871,439.54,2024-08-07 05:20:00,Entertainment,Debit Card,In-store,Desktop,0
6130,9959,3469.01,2025-04-24 07:29:00,Grocery,Net Banking,ATM,Tablet,0
6131,1999,342.95,2025-01-05 10:12:00,Healthcare,UPI,Online,Tablet,0
6132,4238,328.41,2025-11-24 22:16:00,Entertainment,Credit Card,Mobile,Desktop,0
6133,6873,3310.12,2024-09-18 19:47:00,Healthcare,Credit Card,Online,Mobile,0
6134,9552,685.6,2024-01-24 04:07:00,Shopping,Net Banking,Mobile,Tablet,0
6135,3057,159.99,2025-10-19 13:27:00,Other,Credit Card,ATM,Desktop,0
6136,5266,6262.83,2025-02-09 15:51:00,Other,Credit Card,Mobile,Tablet,0
6137,9382,1628.55,2024-02-19 16:03:00,Grocery,UPI,ATM,Tablet,0
6138,8820,1188.7,2025-06-08 11:01:00,Food,Net Banking,Mobile,Mobile,0
6139,143,1402.8,2025-08-02 13:02:00,Utilities,Credit Card,ATM,Mobile,0
6140,8101,2220.06,2025-05-31 10:50:00,Grocery,Net Banking,Mobile,Tablet,0
6141,6848,3956.17,2025-07-05 15:18:00,Healthcare,Net Banking,Mobile,Desktop,0
6142,1621,2233.02,2025-08-11 10:40:00,Grocery,Debit Card,Mobile,Desktop,0
6143,7461,2690.51,2024-03-09 23:04:00,Healthcare,Net Banking,In-store,Mobile,0
6144,3642,397.28,2025-08-01 02:35:00,Utilities,Net Banking,ATM,POS,0
6145,2057,969.32,2024-04-25 17:10:00,Food,Credit Card,Online,Tablet,0
6146,6727,1758.04,2025-06-09 02:36:00,Electronics,Net Banking,ATM,Desktop,0
6147,3263,1932.05,2025-04-24 19:41:00,Electronics,Debit Card,Mobile,Desktop,0
6148,7999,631.32,2024-07-14 02:49:00,Healthcare,Debit Card,ATM,POS,0
6149,6564,7376.34,2025-12-01 13:52:00,Healthcare,Cash,Online,Desktop,0
6150,4360,251.55,2024-10-10 14:28:00,Grocery,Credit Card,Online,POS,0
6151,602,238.19,2024-06-04 20:21:00,Other,Debit Card,Mobile,Desktop,0
6152,5616,520.52,2024-03-15 05:41:00,Utilities,Credit Card,Online,POS,0
6153,1069,2804.14,2025-08-12 10:29:00,Shopping,Net Banking,Mobile,Desktop,0
6154,6058,74.47,2025-06-24 22:47:00,Electronics,Credit Card,ATM,Tablet,0
6155,4366,8823.45,2025-03-18 00:25:00,Healthcare,Credit Card,In-store,Tablet,0
6156,1898,8801.11,2025-08-11 09:00:00,Other,Credit Card,ATM,Tablet,0
6157,9709,347.96,2025-09-30 12:01:00,Grocery,UPI,In-store,Desktop,0
6158,2424,1025.67,2024-01-09 07:20:00,Food,Credit Card,Mobile,POS,0
6159,1989,456.1,2025-03-13 04:16:00,Shopping,Net Banking,Online,Tablet,0
6160,4789,1048.55,2024-08-16 18:43:00,Entertainment,UPI,ATM,Mobile,0
6161,3573,1522.26,2024-11-30 17:29:00,Grocery,UPI,Online,Tablet,0
6162,3891,3460.18,2025-10-31 21:12:00,Utilities,Cash,Online,Desktop,0
6163,8141,72.93,2025-08-11 11:57:00,Grocery,Credit Card,ATM,Tablet,0
6164,9346,8669.93,2025-08-13 04:12:00,Utilities,UPI,Online,POS,0
6165,9776,5645.68,2024-05-31 06:19:00,Utilities,Net Banking,ATM,POS,0
6166,7630,1689.88,2024-07-04 03:01:00,Utilities,UPI,Online,POS,0
6167,7089,1311.3,2025-06-30 19:54:00,Food,Debit Card,Mobile,Mobile,0
6168,2128,1599.88,2024-02-10 04:34:00,Entertainment,Credit Card,Mobile,Mobile,0
6169,2,37.23,2024-12-22 02:20:00,Entertainment,Credit Card,ATM,Desktop,0
6170,4171,2676.4,2024-11-18 07:42:00,Grocery,Net Banking,ATM,Tablet,0
6171,5080,1372.09,2024-08-01 06:19:00,Electronics,Cash,Mobile,POS,0
6172,5341,673.86,2024-06-16 13:17:00,Utilities,Debit Card,ATM,Mobile,0
6173,1806,1238.1,2024-08-26 06:49:00,Shopping,Net Banking,Online,Desktop,0
6174,6396,692.23,2024-12-29 00:08:00,Shopping,Debit Card,ATM,Mobile,0
6175,6614,2407.62,2025-03-26 03:53:00,Other,Credit Card,Online,POS,0
6176,7471,1906.09,2025-01-19 00:28:00,Utilities,Credit Card,Mobile,POS,0
6177,9122,982.35,2024-08-01 12:03:00,Grocery,Net Banking,Mobile,POS,0
6178,896,754.46,2025-04-02 14:25:00,Shopping,Net Banking,Online,Desktop,0
6179,3105,4208.07,2024-07-22 06:49:00,Utilities,Debit Card,Online,POS,0
6180,1383,2292.91,2025-01-24 18:52:00,Electronics,Credit Card,ATM,Mobile,0
6181,4843,2516.03,2024-05-07 02:11:00,Healthcare,Net Banking,ATM,POS,0
6182,4114,1927.84,2025-06-02 18:46:00,Travel,Debit Card,Online,Desktop,0
6183,217,156.42,2025-06-12 03:10:00,Food,Debit Card,ATM,POS,0
6184,1381,122.18,2024-08-02 03:31:00,Healthcare,Cash,Online,Tablet,0
6185,1312,1121.33,2025-09-11 11:47:00,Healthcare,UPI,Online,Tablet,0
6186,9905,5332.86,2024-11-20 13:12:00,Shopping,UPI,Mobile,Desktop,0
6187,2980,1487.65,2024-08-03 02:51:00,Shopping,Credit Card,Online,Mobile,0
6188,3904,4173.09,2025-06-03 11:30:00,Other,Credit Card,In-store,Mobile,0
6189,1568,203.07,2024-09-18 16:07:00,Grocery,Credit Card,Online,Tablet,0
6190,9175,2576.6,2025-04-12 00:00:00,Entertainment,UPI,ATM,Tablet,0
6191,3693,562.97,2025-01-24 13:25:00,Grocery,Net Banking,Online,Desktop,0
6192,6964,1486.76,2024-04-12 11:23:00,Healthcare,UPI,In-store,POS,0
6193,8841,693.23,2024-11-13 02:27:00,Travel,Credit Card,In-store,Mobile,0
6194,1132,2491.91,2025-10-29 09:14:00,Food,UPI,In-store,Desktop,0
6195,5664,1024.62,2025-12-19 02:41:00,Other,Credit Card,Online,Tablet,0
6196,3210,1240.42,2025-10-21 12:56:00,Travel,Debit Card,ATM,Desktop,0
6197,9698,562.99,2025-04-27 00:17:00,Electronics,Net Banking,Mobile,Desktop,0
6198,8918,661.06,2025-10-24 10:02:00,Shopping,Credit Card,In-store,Desktop,0
6199,69,395.62,2024-05-24 07:11:00,Utilities,UPI,Online,Mobile,0
6200,2827,1613.97,2025-08-01 00:08:00,Grocery,Credit Card,Mobile,Desktop,0
6201,3770,313.3,2025-06-15 04:08:00,Other,Credit Card,ATM,Desktop,0
6202,6428,624.5,2025-12-12 15:48:00,Entertainment,Credit Card,Mobile,POS,0
6203,5464,1512.01,2024-02-09 01:38:00,Healthcare,Credit Card,Online,Tablet,0
6204,437,642.7,2024-08-02 23:42:00,Utilities,Debit Card,In-store,Mobile,0
6205,2666,1775.89,2024-10-27 11:39:00,Shopping,Net Banking,ATM,POS,0
6206,808,28.53,2025-02-28 05:26:00,Entertainment,Debit Card,ATM,POS,0
6207,5824,7240.41,2024-06-25 05:59:00,Other,UPI,ATM,Tablet,0
6208,1674,2618.58,2025-06-15 04:47:00,Grocery,UPI,In-store,POS,0
6209,555,1401.63,2025-11-15 05:23:00,Shopping,Credit Card,ATM,Tablet,0
6210,8108,5072.52,2024-04-22 05:01:00,Other,Debit Card,ATM,POS,0
6211,624,4076.85,2025-05-24 06:19:00,Entertainment,Credit Card,ATM,Mobile,0
6212,7609,913.16,2025-02-17 20:23:00,Food,Debit Card,Online,Tablet,0
6213,6991,246.89,2024-09-28 19:20:00,Electronics,Credit Card,ATM,Tablet,0
6214,7742,581.33,2024-01-30 00:21:00,Food,Credit Card,Online,Tablet,0
6215,3438,468.13,2024-01-30 15:02:00,Travel,Debit Card,ATM,POS,0
6216,6381,2773.05,2024-05-27 13:02:00,Other,UPI,Mobile,POS,0
6217,3517,1588.63,2025-07-06 12:48:00,Food,Credit Card,ATM,Tablet,0
6218,4909,3795.55,2025-09-04 23:33:00,Food,UPI,Online,Mobile,0
6219,3773,1345.52,2024-06-22 05:06:00,Utilities,Credit Card,ATM,Mobile,0
6220,6362,2937.31,2024-01-16 11:57:00,Other,Credit Card,Online,Desktop,0
6221,2910,781.42,2024-08-16 02:26:00,Food,Net Banking,In-store,Tablet,0
6222,3907,1843.36,2024-03-08 03:30:00,Other,Credit Card,Online,Desktop,0
6223,4838,2039.97,2025-04-20 13:54:00,Utilities,Net Banking,In-store,POS,0
6224,8477,2848.3,2025-07-03 14:08:00,Healthcare,UPI,ATM,Desktop,0
6225,622,3213.77,2025-09-09 20:00:00,Healthcare,Credit Card,Online,Tablet,0
6226,431,647.32,2024-11-14 15:30:00,Entertainment,UPI,In-store,Mobile,0
6227,3653,972.45,2024-09-20 04:20:00,Other,Credit Card,Mobile,Desktop,0
6228,7231,464.2,2025-11-03 17:23:00,Other,UPI,Online,POS,0
6229,3923,2755.34,2025-09-20 21:45:00,Travel,Credit Card,Online,Tablet,0
6230,1382,631.42,2024-04-08 15:31:00,Entertainment,Credit Card,Online,Desktop,0
6231,1572,991.94,2025-08-07 06:08:00,Grocery,Credit Card,Mobile,POS,1
6232,332,3249.37,2024-08-12 16:08:00,Other,UPI,In-store,Desktop,0
6233,3672,830.43,2024-05-26 07:42:00,Healthcare,Cash,In-store,Desktop,0
6234,6841,689.21,2024-03-25 23:06:00,Travel,UPI,In-store,Mobile,0
6235,5278,2106.41,2025-02-17 09:56:00,Electronics,Net Banking,ATM,Desktop,1
6236,7054,7407.87,2025-09-21 03:15:00,Shopping,Credit Card,Online,Tablet,0
6237,3879,129.34,2024-08-19 08:11:00,Healthcare,Debit Card,ATM,Mobile,0
6238,1397,3601.06,2025-11-06 09:21:00,Travel,UPI,In-store,Tablet,0
6239,7380,259.32,2025-12-28 14:42:00,Travel,Debit Card,ATM,Tablet,0
6240,1380,845.93,2025-08-27 16:33:00,Shopping,UPI,In-store,Tablet,0
6241,7540,1078.17,2025-08-14 08:48:00,Grocery,Credit Card,ATM,Desktop,0
6242,727,2536.95,2024-05-14 10:27:00,Travel,Credit Card,Mobile,Mobile,0
6243,6563,5222.73,2025-01-18 21:09:00,Food,Debit Card,Mobile,POS,0
6244,9506,215.19,2025-08-16 23:59:00,Food,UPI,Mobile,Desktop,0
6245,2517,2731.48,2024-02-05 23:57:00,Shopping,Credit Card,Mobile,Tablet,0
6246,1405,778.08,2025-01-29 20:03:00,Healthcare,Debit Card,Online,Desktop,0
6247,3942,4643.76,2024-07-21 05:00:00,Travel,Credit Card,Online,POS,0
6248,3883,652.06,2024-05-26 20:02:00,Entertainment,Debit Card,Online,Desktop,0
6249,8959,2367.44,2024-08-31 05:25:00,Entertainment,Cash,Online,POS,0
6250,8563,360.06,2024-11-26 00:36:00,Healthcare,Debit Card,In-store,Mobile,0
6251,862,6337.65,2025-05-07 15:54:00,Other,Net Banking,Online,Tablet,0
6252,7279,8.67,2024-12-18 06:40:00,Shopping,Debit Card,ATM,POS,0
6253,1204,530.15,2025-08-14 12:28:00,Utilities,Debit Card,Mobile,Tablet,0
6254,8788,2253.68,2024-08-07 14:39:00,Other,Credit Card,Online,Tablet,0
6255,6228,3841.79,2024-09-26 17:28:00,Other,UPI,ATM,Desktop,0
6256,814,10089.62,2024-04-30 23:17:00,Healthcare,Credit Card,Mobile,POS,0
6257,7008,380.53,2025-11-02 16:59:00,Other,UPI,ATM,Desktop,0
6258,7997,733.87,2024-12-11 10:57:00,Shopping,Debit Card,Mobile,Mobile,0
6259,1465,4448.51,2024-07-09 08:21:00,Travel,Credit Card,In-store,Mobile,0
6260,9535,66.08,2025-05-14 17:29:00,Healthcare,Credit Card,In-store,POS,0
6261,7257,2643.43,2025-11-10 03:42:00,Entertainment,UPI,ATM,Tablet,0
6262,6911,1100.01,2024-12-16 16:16:00,Travel,Credit Card,Mobile,Desktop,0
6263,3333,2334.75,2024-03-05 11:27:00,Food,Credit Card,In-store,POS,0
6264,2403,1488.46,2025-10-19 00:34:00,Shopping,Debit Card,In-store,POS,0
6265,3605,1972.95,2024-05-09 03:14:00,Utilities,Credit Card,Mobile,Desktop,0
6266,2660,2197.21,2025-04-13 03:07:00,Utilities,Debit Card,In-store,Tablet,0
6267,325,1995.25,2025-07-17 22:18:00,Electronics,Debit Card,In-store,Mobile,0
6268,3041,2184.64,2024-05-09 11:19:00,Utilities,UPI,Online,POS,0
6269,2287,1680.27,2025-04-08 13:35:00,Grocery,Cash,Online,POS,0
6270,1059,2502.8,2024-03-25 16:11:00,Healthcare,Credit Card,ATM,Mobile,0
6271,8507,2992.43,2025-02-11 16:12:00,Utilities,Debit Card,ATM,Mobile,0
6272,1578,3101.73,2024-05-25 21:14:00,Electronics,Debit Card,ATM,Desktop,0
6273,639,3841.64,2024-01-18 06:46:00,Shopping,Net Banking,In-store,Desktop,0
6274,5850,760.77,2024-12-28 16:38:00,Shopping,UPI,Online,Tablet,0
6275,357,2739.06,2024-06-04 18:55:00,Healthcare,Debit Card,Mobile,Mobile,0
6276,7254,5862.19,2025-06-27 16:03:00,Utilities,Credit Card,Mobile,Mobile,0
6277,7217,916.05,2025-06-29 11:34:00,Food,UPI,Mobile,Mobile,0
6278,6618,3006.93,2024-08-23 22:33:00,Food,UPI,ATM,Mobile,0
6279,297,689.11,2024-06-19 11:10:00,Shopping,UPI,Online,Tablet,0
6280,7273,386.12,2024-04-12 21:10:00,Electronics,Debit Card,ATM,Tablet,0
6281,6705,1182.72,2025-10-12 20:54:00,Entertainment,Credit Card,In-store,Tablet,0
6282,8656,3285.29,2025-09-25 07:53:00,Utilities,UPI,Online,Desktop,0
6283,3506,733.8,2024-06-04 17:39:00,Shopping,Debit Card,Mobile,POS,0
6284,5787,698.94,2025-03-10 06:17:00,Entertainment,Debit Card,ATM,Mobile,0
6285,8406,650.56,2024-02-20 12:18:00,Healthcare,Credit Card,Online,Desktop,0
6286,8038,492.11,2025-02-03 16:26:00,Travel,Debit Card,Mobile,Tablet,0
6287,9829,1888.92,2025-05-02 14:20:00,Utilities,Net Banking,Online,Tablet,0
6288,8899,557.67,2024-05-19 23:19:00,Electronics,Credit Card,In-store,Desktop,0
6289,2203,5463.75,2024-01-01 02:16:00,Grocery,Credit Card,Mobile,Desktop,0
6290,7,849.08,2025-12-26 17:42:00,Food,UPI,Online,Desktop,0
6291,3053,1563.51,2024-11-15 06:59:00,Entertainment,Credit Card,Mobile,Desktop,0
6292,3195,1052.46,2025-09-19 19:04:00,Food,Net Banking,Mobile,POS,0
6293,3522,6578.37,2024-03-01 13:08:00,Other,Net Banking,In-store,Tablet,0
6294,3748,1103.34,2024-05-27 15:52:00,Grocery,Debit Card,Online,POS,0
6295,3898,1658.82,2024-06-13 07:25:00,Shopping,UPI,Mobile,Desktop,0
6296,6097,2882.97,2024-06-12 20:26:00,Travel,UPI,In-store,Desktop,0
6297,9991,375.79,2025-02-04 18:12:00,Utilities,Debit Card,Online,Desktop,0
6298,9026,66.37,2024-09-11 11:04:00,Travel,Debit Card,Mobile,Desktop,0
6299,558,1213.65,2024-08-19 08:08:00,Food,Credit Card,ATM,POS,0
6300,1790,1599.87,2025-02-15 03:46:00,Utilities,Credit Card,In-store,Desktop,0
6301,2869,676.72,2025-08-22 21:09:00,Healthcare,UPI,Online,Tablet,0
6302,155,1241.67,2024-07-29 14:09:00,Electronics,Debit Card,Mobile,Desktop,0
6303,5913,1909.86,2025-11-19 08:48:00,Travel,UPI,Mobile,Tablet,0
6304,7180,7244.16,2024-12-01 00:40:00,Other,Credit Card,In-store,Tablet,0
6305,188,1841.49,2024-04-30 16:19:00,Healthcare,UPI,In-store,Mobile,0
6306,2065,1191.52,2025-06-20 03:49:00,Electronics,Credit Card,In-store,Mobile,0
6307,9567,45.57,2025-10-05 19:30:00,Food,UPI,Mobile,Tablet,0
6308,7798,743.82,2024-08-25 21:28:00,Other,Credit Card,ATM,Tablet,0
6309,9088,887.85,2024-11-01 03:34:00,Entertainment,Credit Card,Online,Tablet,0
6310,4237,1296.14,2025-09-16 14:09:00,Electronics,Credit Card,ATM,Desktop,0
6311,2863,3048.09,2024-03-13 23:21:00,Electronics,Credit Card,In-store,POS,0
6312,9962,2991.21,2024-10-05 01:24:00,Entertainment,Net Banking,Online,Tablet,0
6313,6275,3732.35,2024-09-18 03:40:00,Utilities,Credit Card,In-store,POS,0
6314,3018,684.96,2025-04-22 13:37:00,Food,Debit Card,Online,POS,0
6315,8082,850.7,2024-06-21 22:44:00,Utilities,Debit Card,In-store,POS,1
6316,6653,325.6,2025-05-13 09:14:00,Entertainment,Credit Card,Mobile,Mobile,0
6317,1188,3895.64,2025-06-19 03:05:00,Grocery,Debit Card,ATM,POS,0
6318,1916,2112.46,2025-09-09 19:55:00,Entertainment,Debit Card,Mobile,Tablet,0
6319,988,161.44,2025-01-06 07:55:00,Food,Credit Card,In-store,Tablet,0
6320,6577,723.83,2025-11-11 15:53:00,Healthcare,Debit Card,In-store,Mobile,0
6321,7845,331.46,2025-12-19 13:26:00,Entertainment,UPI,Online,Desktop,0
6322,9546,6962.31,2024-02-28 20:06:00,Utilities,Debit Card,ATM,Tablet,0
6323,9186,784.91,2024-10-13 23:46:00,Entertainment,Net Banking,In-store,Mobile,0
6324,8982,1372.21,2024-10-09 08:40:00,Entertainment,Credit Card,ATM,Desktop,0
6325,2709,765.16,2025-06-04 10:26:00,Healthcare,Net Banking,ATM,POS,0
6326,8682,1286.04,2025-11-13 08:22:00,Grocery,Credit Card,Mobile,Desktop,0
6327,3969,13174.46,2024-03-26 00:06:00,Other,Debit Card,Mobile,POS,0
6328,9612,677.64,2025-12-31 15:15:00,Healthcare,Credit Card,Online,Mobile,0
6329,3835,664.3,2025-08-22 15:14:00,Entertainment,UPI,Online,Mobile,0
6330,8,928.46,2025-08-28 13:42:00,Entertainment,Debit Card,Online,Tablet,0
6331,2931,371.01,2024-09-29 03:49:00,Other,Debit Card,Mobile,Mobile,0
6332,8965,2686.41,2025-12-26 15:35:00,Other,Credit Card,ATM,POS,0
6333,5248,953.94,2025-09-13 18:24:00,Healthcare,Debit Card,In-store,Mobile,0
6334,819,1739.09,2025-09-13 16:55:00,Food,UPI,Online,POS,0
6335,1007,2165.3,2025-11-14 12:02:00,Grocery,Net Banking,ATM,POS,0
6336,5037,72.17,2025-09-08 03:37:00,Other,Credit Card,Mobile,POS,0
6337,7075,2065.66,2025-10-20 03:36:00,Healthcare,Debit Card,ATM,POS,0
6338,544,1521.86,2024-04-07 03:48:00,Other,UPI,In-store,Desktop,0
6339,6550,172.97,2024-09-01 11:37:00,Electronics,UPI,ATM,POS,1
6340,2097,265.89,2025-11-19 22:57:00,Shopping,UPI,Mobile,Mobile,1
6341,4092,1162.49,2025-09-10 13:52:00,Utilities,UPI,Online,POS,0
6342,779,850.24,2025-02-07 22:47:00,Grocery,UPI,Online,Desktop,0
6343,5703,1150.71,2024-02-10 11:41:00,Healthcare,Cash,Online,POS,0
6344,2116,2018.54,2025-03-26 14:36:00,Shopping,UPI,Online,Tablet,0
6345,8360,335.48,2025-06-19 01:25:00,Grocery,Credit Card,Online,Mobile,0
6346,2978,2172.05,2025-10-05 23:49:00,Travel,Net Banking,ATM,POS,0
6347,1899,3408.89,2025-03-18 21:58:00,Grocery,Credit Card,Online,POS,0
6348,2152,5.87,2024-01-27 06:36:00,Entertainment,Debit Card,Online,Mobile,0
6349,726,919.2,2024-07-04 00:40:00,Entertainment,Debit Card,Mobile,Tablet,0
6350,6462,643.63,2024-12-02 03:18:00,Healthcare,Credit Card,Online,Mobile,0
6351,2726,1131.27,2025-02-26 00:46:00,Healthcare,Credit Card,Online,Mobile,0
6352,8734,1910.47,2025-04-12 08:22:00,Electronics,Credit Card,In-store,Mobile,0
6353,7200,415.45,2025-11-30 11:22:00,Utilities,UPI,ATM,Mobile,0
6354,5236,287.96,2024-09-11 08:28:00,Utilities,Credit Card,ATM,Mobile,0
6355,1433,2610.08,2024-02-18 10:29:00,Healthcare,Cash,Online,Mobile,0
6356,6650,2315.15,2025-12-16 20:16:00,Other,Credit Card,In-store,Desktop,0
6357,7767,1235.5,2024-06-13 06:35:00,Entertainment,UPI,In-store,Mobile,0
6358,1548,1391.59,2025-07-14 20:20:00,Shopping,UPI,In-store,Mobile,0
6359,4361,629.04,2025-02-14 11:49:00,Electronics,Credit Card,Mobile,Tablet,0
6360,9597,798.51,2024-06-25 15:54:00,Entertainment,UPI,Online,Mobile,0
6361,2981,771.57,2024-04-01 10:22:00,Utilities,UPI,In-store,POS,0
6362,273,2591.7,2025-09-23 17:47:00,Utilities,UPI,In-store,POS,0
6363,8099,1622.25,2024-08-21 10:53:00,Entertainment,Net Banking,Online,Tablet,0
6364,6643,2614.88,2024-11-09 03:58:00,Other,Credit Card,Online,Tablet,0
6365,5103,1786.7,2024-04-02 20:25:00,Electronics,Net Banking,In-store,Tablet,0
6366,369,1577.71,2024-11-16 19:31:00,Healthcare,Credit Card,ATM,Tablet,0
6367,6110,773.04,2025-10-16 05:48:00,Travel,Credit Card,Online,Desktop,0
6368,8569,1006.59,2025-01-26 06:16:00,Electronics,Net Banking,ATM,POS,0
6369,1084,4367.79,2025-12-25 15:22:00,Grocery,UPI,ATM,Desktop,0
6370,772,1715.71,2024-12-11 14:57:00,Shopping,UPI,ATM,Mobile,0
6371,7620,1486.59,2025-01-05 05:10:00,Electronics,Debit Card,Online,Tablet,0
6372,2008,109.19,2024-11-26 00:07:00,Entertainment,UPI,ATM,Desktop,0
6373,3971,2222.72,2024-07-13 18:19:00,Travel,UPI,Online,Desktop,0
6374,5257,2316.84,2025-06-02 22:41:00,Shopping,Debit Card,Online,POS,0
6375,6923,2346.61,2025-07-27 09:48:00,Utilities,Debit Card,ATM,Desktop,0
6376,8160,191.31,2025-07-27 17:11:00,Entertainment,Debit Card,In-store,Mobile,0
6377,9716,714.65,2025-02-11 19:44:00,Healthcare,Debit Card,In-store,Mobile,0
6378,1279,927.97,2024-03-18 06:05:00,Food,UPI,Online,POS,0
6379,6632,3503.12,2024-04-02 22:38:00,Electronics,Net Banking,ATM,POS,0
6380,9565,7892.48,2025-11-10 12:54:00,Utilities,Cash,ATM,POS,0
6381,738,1071.42,2024-09-26 04:45:00,Other,Debit Card,Mobile,POS,0
6382,3440,1616.13,2024-12-14 17:22:00,Shopping,UPI,In-store,Desktop,0
6383,5218,14.73,2025-02-10 04:58:00,Utilities,UPI,ATM,Mobile,1
6384,9493,17.64,2025-01-29 03:54:00,Healthcare,Credit Card,Online,Tablet,0
6385,4121,154.84,2024-10-27 19:36:00,Electronics,Debit Card,Online,Mobile,0
6386,5694,2542.12,2024-03-25 10:14:00,Healthcare,Net Banking,ATM,Tablet,0
6387,9812,392.36,2025-03-29 01:15:00,Grocery,Net Banking,Mobile,Mobile,0
6388,3781,2836.39,2025-07-15 04:42:00,Healthcare,Net Banking,In-store,POS,0
6389,2473,1130.83,2024-10-07 00:31:00,Utilities,Credit Card,ATM,Tablet,0
6390,7097,3793.83,2024-08-17 22:14:00,Entertainment,Cash,Online,Mobile,0
6391,7403,4085.31,2024-09-08 07:28:00,Utilities,UPI,Mobile,POS,0
6392,4744,4237.74,2025-10-25 06:09:00,Other,Debit Card,Mobile,Mobile,0
6393,6270,1568.34,2024-01-13 09:15:00,Grocery,UPI,Online,Tablet,0
6394,6752,3107.13,2024-01-22 19:30:00,Entertainment,Credit Card,Online,Tablet,0
6395,6983,2168.9,2025-03-25 13:35:00,Entertainment,Credit Card,In-store,POS,0
6396,550,413.34,2025-07-18 18:12:00,Entertainment,Net Banking,Online,Tablet,0
6397,3220,960.97,2025-02-26 05:54:00,Grocery,Credit Card,Online,POS,0
6398,1531,6559.5,2025-06-15 18:25:00,Utilities,Debit Card,ATM,Desktop,0
6399,2127,2961.78,2025-10-04 18:56:00,Shopping,Credit Card,ATM,Mobile,0
6400,6119,610.32,2025-01-31 23:16:00,Utilities,Debit Card,Mobile,Mobile,0
6401,4636,659.72,2025-12-24 11:51:00,Electronics,Net Banking,In-store,POS,0
6402,4575,586.55,2024-09-26 13:23:00,Entertainment,Net Banking,In-store,Desktop,0
6403,9960,797.42,2025-01-08 07:20:00,Electronics,Debit Card,ATM,Mobile,0
6404,8305,5270.73,2025-07-07 11:04:00,Utilities,Credit Card,Online,Tablet,0
6405,5811,1136.71,2025-12-10 04:20:00,Entertainment,Credit Card,Mobile,POS,0
6406,2840,905.91,2025-12-20 07:50:00,Utilities,Net Banking,Online,Tablet,0
6407,7394,546.72,2025-07-05 18:08:00,Healthcare,Debit Card,Online,Desktop,0
6408,5193,4458.82,2024-04-08 16:45:00,Travel,Net Banking,ATM,POS,0
6409,6583,6310.7,2025-05-02 17:20:00,Other,Credit Card,Online,Mobile,0
6410,3076,781.77,2024-04-17 19:14:00,Shopping,Credit Card,ATM,POS,0
6411,2792,1917.63,2024-12-22 22:44:00,Utilities,Debit Card,In-store,Mobile,0
6412,58,6360.91,2025-10-22 17:52:00,Travel,Credit Card,Mobile,Desktop,0
6413,7949,1384.22,2024-08-17 14:17:00,Food,UPI,Online,Tablet,0
6414,1757,1264.72,2025-08-11 01:29:00,Shopping,UPI,Mobile,POS,0
6415,6299,1500.26,2025-09-25 14:31:00,Electronics,Net Banking,ATM,Tablet,0
6416,6254,67.47,2025-08-28 13:04:00,Entertainment,UPI,Mobile,Mobile,0
6417,8551,713.69,2024-06-24 00:35:00,Food,Credit Card,Online,POS,0
6418,6010,2401.24,2025-04-04 17:41:00,Electronics,Net Banking,ATM,Tablet,0
6419,764,6806.17,2024-02-28 11:30:00,Healthcare,Credit Card,Online,POS,0
6420,5313,1682.11,2025-12-24 04:04:00,Utilities,Credit Card,In-store,Mobile,0
6421,6999,422.62,2025-11-29 11:04:00,Shopping,Debit Card,In-store,Tablet,0
6422,529,1113.09,2024-10-09 18:16:00,Entertainment,Credit Card,ATM,Tablet,0
6423,2447,1346.77,2024-01-29 22:38:00,Food,Credit Card,ATM,Mobile,0
6424,1930,330.28,2025-05-17 13:45:00,Travel,Debit Card,Mobile,Mobile,0
6425,6096,798.82,2024-05-16 12:13:00,Food,Credit Card,In-store,POS,0
6426,2277,1177.81,2025-11-08 14:19:00,Healthcare,Net Banking,ATM,Tablet,0
6427,2972,607.36,2025-07-05 22:43:00,Entertainment,Credit Card,Mobile,Mobile,0
6428,4387,873.56,2024-11-07 10:14:00,Healthcare,UPI,In-store,Tablet,0
6429,6603,646.6,2025-08-06 16:26:00,Other,Debit Card,Online,Mobile,0
6430,2103,1897.74,2024-05-27 17:43:00,Entertainment,Debit Card,In-store,POS,0
6431,1744,1728.36,2025-08-23 10:55:00,Utilities,Credit Card,Online,Desktop,0
6432,7732,1604.56,2024-01-07 19:03:00,Shopping,Credit Card,ATM,Mobile,0
6433,9639,203.48,2025-12-30 11:37:00,Travel,Debit Card,Mobile,Tablet,0
6434,6898,405.6,2024-05-02 02:39:00,Utilities,UPI,In-store,POS,0
6435,9687,234.93,2024-03-06 16:26:00,Other,UPI,Online,Tablet,0
6436,5820,130.74,2024-06-14 23:12:00,Grocery,UPI,In-store,Tablet,0
6437,9672,566.93,2024-09-11 19:49:00,Grocery,Debit Card,Online,Desktop,0
6438,7490,432.64,2024-07-02 05:01:00,Utilities,UPI,ATM,Tablet,0
6439,440,2581.94,2025-10-26 15:46:00,Electronics,Net Banking,ATM,Mobile,0
6440,4186,2380.71,2024-05-02 10:05:00,Shopping,Net Banking,In-store,Mobile,0
6441,168,449.64,2024-04-06 12:36:00,Healthcare,Debit Card,Online,Tablet,0
6442,2451,362.0,2025-12-18 21:24:00,Electronics,UPI,ATM,Mobile,0
6443,7137,313.06,2025-02-21 12:44:00,Entertainment,Net Banking,Mobile,Tablet,0
6444,7031,771.47,2025-04-30 04:54:00,Utilities,Credit Card,Mobile,Desktop,0
6445,9780,696.81,2024-12-17 05:06:00,Shopping,Cash,Online,Tablet,0
6446,5476,57.91,2024-11-14 11:11:00,Food,UPI,ATM,POS,0
6447,9512,1678.06,2025-12-25 13:56:00,Electronics,Credit Card,Online,Desktop,0
6448,1734,4566.18,2024-09-15 15:05:00,Electronics,Debit Card,Online,POS,0
6449,3378,1548.09,2024-07-07 08:25:00,Entertainment,UPI,Mobile,Tablet,0
6450,6803,131.87,2024-07-24 07:22:00,Travel,Net Banking,Online,POS,1
6451,7954,1830.34,2025-10-24 20:05:00,Utilities,Debit Card,Mobile,Desktop,0
6452,3483,1327.01,2024-12-13 14:48:00,Food,Debit Card,Online,POS,0
6453,7777,4748.78,2024-04-06 16:16:00,Food,Net Banking,ATM,Desktop,0
6454,9309,902.66,2024-01-21 19:03:00,Shopping,Net Banking,Mobile,POS,0
6455,9033,2788.51,2025-07-24 01:43:00,Grocery,UPI,Online,POS,0
6456,1836,78.4,2025-01-17 03:10:00,Healthcare,UPI,Online,POS,0
6457,5182,2556.62,2024-01-02 16:00:00,Healthcare,Credit Card,In-store,POS,0
6458,1458,84.83,2024-01-05 10:24:00,Entertainment,Cash,ATM,Desktop,0
6459,5941,845.37,2024-11-09 00:51:00,Utilities,Net Banking,In-store,POS,0
6460,9575,5916.33,2025-08-04 18:23:00,Other,Net Banking,In-store,Mobile,0
6461,2507,2429.43,2024-03-12 05:12:00,Other,Credit Card,Online,Mobile,0
6462,2102,5181.15,2025-10-13 19:31:00,Shopping,Cash,Mobile,Mobile,0
6463,7918,1369.77,2024-07-05 17:13:00,Grocery,Debit Card,In-store,POS,0
6464,2759,1863.91,2024-12-19 03:55:00,Other,UPI,Mobile,Desktop,0
6465,8527,1458.58,2025-11-30 04:38:00,Entertainment,Net Banking,Online,Mobile,0
6466,358,1303.49,2025-01-18 18:11:00,Travel,Credit Card,In-store,Mobile,0
6467,6572,1726.59,2025-03-27 22:54:00,Electronics,Debit Card,ATM,POS,0
6468,6443,79.35,2024-06-30 16:09:00,Entertainment,Debit Card,ATM,Mobile,0
6469,3840,410.81,2025-03-31 00:39:00,Utilities,UPI,In-store,POS,0
6470,6815,483.18,2024-02-09 17:56:00,Grocery,Credit Card,In-store,Mobile,0
6471,900,965.28,2024-05-03 09:59:00,Electronics,Debit Card,ATM,Tablet,0
6472,333,1140.29,2024-10-25 03:22:00,Grocery,Debit Card,Online,Desktop,0
6473,807,2691.98,2025-11-30 05:37:00,Healthcare,Net Banking,Mobile,POS,0
6474,2142,361.94,2025-06-14 05:57:00,Utilities,Credit Card,Mobile,POS,0
6475,19,1687.44,2024-04-12 15:12:00,Shopping,Credit Card,In-store,Tablet,0
6476,7364,635.7,2025-09-09 04:39:00,Electronics,Net Banking,Online,Desktop,1
6477,2113,1449.91,2024-12-11 14:59:00,Grocery,UPI,Mobile,POS,0
6478,2856,1970.29,2025-11-05 17:53:00,Electronics,Credit Card,Online,POS,0
6479,1228,1746.7,2025-02-02 14:07:00,Shopping,Debit Card,Online,Tablet,0
6480,4820,485.11,2025-11-15 17:04:00,Food,Net Banking,ATM,Mobile,0
6481,2033,2471.98,2024-12-12 07:23:00,Healthcare,UPI,ATM,Mobile,0
6482,3831,2121.41,2024-05-24 07:52:00,Entertainment,Credit Card,In-store,POS,0
6483,3564,5376.59,2025-05-17 06:50:00,Travel,Debit Card,In-store,Tablet,0
6484,6656,2011.07,2025-02-17 01:22:00,Other,Debit Card,ATM,Tablet,0
6485,9628,2548.25,2024-03-01 15:51:00,Food,UPI,Online,POS,0
6486,3308,3332.31,2025-11-06 22:48:00,Utilities,UPI,Mobile,Mobile,0
6487,1713,224.11,2025-08-28 03:54:00,Utilities,Credit Card,Mobile,POS,0
6488,8797,2383.66,2025-06-16 02:42:00,Utilities,UPI,In-store,Mobile,0
6489,3241,767.15,2025-11-01 10:58:00,Shopping,Cash,In-store,Tablet,0
6490,2157,3464.89,2025-06-23 18:36:00,Travel,Credit Card,ATM,Desktop,0
6491,8349,1308.55,2025-12-20 17:33:00,Grocery,Net Banking,In-store,Tablet,0
6492,1665,1737.94,2025-02-07 17:41:00,Entertainment,UPI,Mobile,Tablet,0
6493,7459,603.12,2024-07-24 09:20:00,Grocery,Debit Card,In-store,POS,0
6494,1736,2102.88,2024-05-18 14:48:00,Entertainment,UPI,In-store,Tablet,0
6495,2182,72.6,2024-07-21 09:40:00,Electronics,Debit Card,Online,Tablet,0
6496,4751,2761.22,2025-03-12 12:27:00,Shopping,Debit Card,ATM,POS,0
6497,3485,356.57,2025-01-21 02:31:00,Healthcare,Debit Card,Online,Tablet,0
6498,8151,516.44,2024-01-25 15:06:00,Food,Debit Card,ATM,POS,0
6499,1115,1.82,2024-11-25 17:30:00,Electronics,Credit Card,Online,Mobile,0
6500,7786,751.35,2025-09-16 12:19:00,Travel,Credit Card,In-store,Tablet,0
6501,7772,982.86,2025-05-24 09:49:00,Other,UPI,Online,Mobile,0
6502,3840,533.15,2025-12-01 22:03:00,Food,Debit Card,Mobile,Mobile,0
6503,6690,523.28,2025-06-24 01:12:00,Electronics,Debit Card,Online,Tablet,0
6504,6387,4469.5,2024-04-01 09:57:00,Grocery,Credit Card,Mobile,Tablet,0
6505,2445,790.39,2025-08-24 23:57:00,Food,UPI,Mobile,Tablet,0
6506,6027,2562.3,2025-08-07 17:11:00,Travel,Debit Card,ATM,Desktop,0
6507,8370,541.99,2025-10-18 10:47:00,Food,UPI,Mobile,Desktop,0
6508,6677,3311.4,2024-02-19 17:01:00,Shopping,UPI,Mobile,POS,0
6509,7740,2264.81,2024-02-18 09:24:00,Entertainment,Credit Card,Mobile,Mobile,0
6510,6189,2822.85,2024-07-11 11:34:00,Healthcare,Debit Card,In-store,Tablet,0
6511,6698,1157.98,2024-02-23 21:55:00,Shopping,UPI,ATM,Mobile,0
6512,6047,4233.28,2025-03-20 23:32:00,Travel,UPI,In-store,Tablet,0
6513,4479,936.85,2025-06-20 05:32:00,Shopping,Debit Card,Mobile,Tablet,0
6514,708,1837.06,2025-01-14 21:44:00,Grocery,Net Banking,Mobile,POS,0
6515,6951,2043.7,2024-02-15 06:06:00,Entertainment,UPI,In-store,Tablet,0
6516,7398,6083.61,2025-04-13 05:57:00,Healthcare,Cash,In-store,Mobile,0
6517,18,288.95,2024-08-14 22:20:00,Entertainment,Debit Card,Online,Desktop,0
6518,3690,291.45,2024-03-15 22:13:00,Utilities,Debit Card,Online,Mobile,0
6519,6307,1239.98,2025-05-22 06:36:00,Entertainment,Net Banking,Mobile,Mobile,0
6520,5152,4999.04,2025-10-17 19:00:00,Healthcare,Debit Card,In-store,Desktop,0
6521,122,43.85,2024-02-16 12:13:00,Entertainment,UPI,ATM,POS,0
6522,2487,646.69,2025-12-06 03:59:00,Healthcare,Net Banking,ATM,Tablet,0
6523,9611,667.0,2024-10-24 00:57:00,Shopping,Debit Card,Mobile,Mobile,0
6524,735,727.55,2024-09-03 21:52:00,Electronics,Debit Card,Online,POS,0
6525,9638,50.03,2024-12-04 05:24:00,Food,Credit Card,Mobile,Tablet,0
6526,6270,3492.88,2024-08-21 11:58:00,Utilities,Cash,ATM,Tablet,0
6527,7828,17.9,2025-02-15 01:09:00,Food,Net Banking,In-store,POS,0
6528,2408,1299.04,2024-05-25 19:15:00,Utilities,Debit Card,Mobile,POS,0
6529,9867,116.02,2025-09-28 21:16:00,Travel,Debit Card,ATM,Desktop,0
6530,6850,3205.36,2025-03-08 21:36:00,Entertainment,Credit Card,In-store,Mobile,0
6531,7527,2745.46,2025-12-28 20:19:00,Food,Debit Card,ATM,Desktop,0
6532,6872,2556.9,2024-07-28 20:47:00,Travel,Net Banking,Online,Mobile,0
6533,7006,2665.62,2024-10-06 13:44:00,Healthcare,Net Banking,ATM,Desktop,0
6534,4133,5634.82,2024-01-11 13:52:00,Utilities,Credit Card,Mobile,Tablet,0
6535,6534,1078.49,2025-02-27 12:17:00,Healthcare,Debit Card,Online,POS,0
6536,438,3954.85,2024-07-13 15:16:00,Healthcare,Net Banking,Mobile,Desktop,0
6537,7665,407.25,2025-09-06 00:40:00,Food,Net Banking,ATM,POS,0
6538,175,1200.28,2025-12-10 12:02:00,Healthcare,Net Banking,Online,Tablet,0
6539,9699,17.9,2025-12-13 14:08:00,Healthcare,Credit Card,Mobile,Mobile,0
6540,3375,668.54,2025-11-09 22:14:00,Shopping,Debit Card,ATM,Mobile,0
6541,6425,1225.57,2024-03-13 20:07:00,Grocery,Cash,In-store,Desktop,0
6542,8612,4800.17,2024-04-28 05:57:00,Electronics,Credit Card,ATM,Desktop,0
6543,8183,762.38,2025-05-15 02:11:00,Healthcare,Debit Card,ATM,POS,0
6544,3050,2231.98,2025-07-03 10:10:00,Healthcare,Credit Card,Mobile,Tablet,0
6545,4026,3591.14,2024-09-19 21:45:00,Utilities,Debit Card,ATM,Mobile,0
6546,3883,790.62,2025-12-12 12:18:00,Grocery,Debit Card,Mobile,Tablet,0
6547,7447,370.8,2025-07-03 09:18:00,Healthcare,Net Banking,Mobile,POS,0
6548,7233,1789.03,2025-08-06 08:06:00,Shopping,Debit Card,In-store,Desktop,0
6549,2365,669.22,2024-05-02 12:52:00,Travel,Credit Card,In-store,Desktop,0
6550,6474,2113.71,2024-07-25 02:35:00,Entertainment,Net Banking,Online,POS,0
6551,9817,289.36,2025-05-24 06:08:00,Grocery,UPI,ATM,POS,0
6552,4182,328.79,2025-06-14 01:30:00,Travel,Credit Card,Mobile,Desktop,0
6553,7407,2253.55,2025-05-05 03:07:00,Utilities,UPI,In-store,Desktop,0
6554,9416,7265.71,2024-08-22 01:53:00,Other,Debit Card,Mobile,Mobile,0
6555,2624,567.1,2025-02-01 05:05:00,Electronics,Net Banking,Online,Tablet,0
6556,6005,2502.92,2025-12-11 02:15:00,Healthcare,UPI,ATM,Mobile,0
6557,4300,1518.75,2025-03-22 19:23:00,Utilities,UPI,Mobile,Mobile,0
6558,551,3713.77,2025-03-24 23:09:00,Electronics,Debit Card,In-store,Mobile,0
6559,3724,984.94,2025-03-28 19:49:00,Shopping,Cash,In-store,POS,0
6560,2096,7130.78,2024-02-12 21:59:00,Electronics,UPI,Mobile,Desktop,0
6561,1843,171.98,2025-05-30 06:49:00,Food,UPI,Mobile,Desktop,0
6562,6536,8353.0,2024-08-03 23:20:00,Healthcare,Net Banking,Mobile,Tablet,0
6563,5328,3744.69,2024-02-14 18:00:00,Grocery,Debit Card,ATM,Mobile,0
6564,8676,4026.68,2024-06-05 10:55:00,Utilities,Cash,In-store,Desktop,0
6565,2944,3695.43,2024-09-13 05:22:00,Healthcare,Debit Card,Online,Mobile,0
6566,2668,3959.03,2025-04-18 06:57:00,Entertainment,Debit Card,Online,Mobile,0
6567,9284,3376.45,2025-10-21 01:25:00,Electronics,UPI,In-store,Mobile,0
6568,1122,4595.54,2025-01-24 04:18:00,Healthcare,UPI,In-store,Desktop,0
6569,2018,1235.34,2025-06-01 02:14:00,Other,UPI,In-store,Mobile,0
6570,7789,5603.32,2024-07-07 20:12:00,Shopping,UPI,Online,Tablet,0
6571,602,972.15,2024-12-09 21:46:00,Healthcare,UPI,Mobile,Desktop,0
6572,3147,2607.71,2025-03-25 00:55:00,Food,Net Banking,Online,Tablet,0
6573,1053,2478.18,2025-03-27 02:53:00,Utilities,UPI,In-store,Desktop,0
6574,6974,3439.58,2024-09-08 19:33:00,Travel,UPI,Mobile,Mobile,0
6575,523,2681.74,2024-10-21 17:10:00,Other,UPI,Online,POS,0
6576,6217,72.04,2024-05-26 17:20:00,Healthcare,Debit Card,ATM,Mobile,0
6577,2266,2687.64,2024-02-28 03:43:00,Electronics,Debit Card,Online,POS,0
6578,4214,47.14,2024-03-07 13:33:00,Food,Debit Card,Mobile,Mobile,0
6579,1211,1523.84,2025-07-01 00:39:00,Other,Net Banking,Mobile,Desktop,0
6580,4352,3652.07,2024-06-22 23:59:00,Healthcare,Credit Card,Mobile,Tablet,0
6581,8405,3538.92,2024-11-25 11:02:00,Other,Credit Card,In-store,Tablet,0
6582,4168,3681.64,2024-05-26 03:43:00,Grocery,Credit Card,Online,POS,0
6583,1834,1844.67,2024-08-27 00:24:00,Electronics,UPI,ATM,Mobile,0
6584,2871,406.22,2024-01-04 18:03:00,Other,Credit Card,In-store,Tablet,0
6585,3026,1418.46,2025-01-31 18:07:00,Other,Net Banking,Online,Tablet,0
6586,1286,1452.22,2024-08-17 20:02:00,Grocery,UPI,ATM,Tablet,0
6587,9493,785.4,2025-07-31 17:04:00,Food,UPI,Online,Mobile,0
6588,8176,1103.64,2024-01-21 20:52:00,Healthcare,Credit Card,ATM,Desktop,0
6589,8952,4114.21,2025-05-02 18:41:00,Food,Credit Card,ATM,Mobile,0
6590,2480,1459.32,2025-01-30 09:43:00,Travel,Credit Card,Online,Mobile,0
6591,210,2439.82,2025-09-22 12:28:00,Healthcare,UPI,In-store,POS,0
6592,9085,1369.61,2024-08-31 21:31:00,Other,Credit Card,ATM,Tablet,1
6593,1243,1921.9,2025-09-19 08:22:00,Entertainment,Debit Card,In-store,Mobile,0
6594,4013,194.32,2025-10-13 14:30:00,Electronics,Net Banking,ATM,Tablet,0
6595,1979,5358.58,2024-06-05 14:34:00,Travel,Debit Card,Mobile,Mobile,0
6596,5900,1145.16,2025-01-03 07:09:00,Utilities,Credit Card,Mobile,Mobile,0
6597,3156,2759.06,2024-10-20 20:46:00,Grocery,Net Banking,ATM,Desktop,0
6598,5139,2199.83,2024-06-27 12:16:00,Utilities,UPI,Mobile,Tablet,0
6599,1404,3211.61,2024-06-13 11:47:00,Utilities,Credit Card,ATM,Mobile,0
6600,5509,70.99,2024-01-22 13:51:00,Healthcare,Debit Card,In-store,POS,0
6601,6035,5477.59,2024-11-03 04:02:00,Electronics,Debit Card,Online,Mobile,0
6602,4089,3540.94,2025-04-15 13:45:00,Grocery,Net Banking,ATM,Desktop,0
6603,7677,3588.66,2025-07-08 07:25:00,Travel,Credit Card,Online,Tablet,0
6604,7436,1258.89,2024-05-08 20:22:00,Other,UPI,Mobile,Mobile,0
6605,9308,3182.45,2024-08-01 12:26:00,Food,Cash,ATM,POS,0
6606,9913,1712.19,2025-03-03 14:46:00,Food,Debit Card,ATM,POS,0
6607,8613,1400.26,2025-04-08 14:24:00,Entertainment,Credit Card,ATM,Tablet,0
6608,4176,3073.51,2025-04-19 11:21:00,Entertainment,Credit Card,ATM,Mobile,0
6609,7487,1976.65,2024-11-29 21:25:00,Utilities,Credit Card,Online,POS,0
6610,8047,160.6,2024-05-16 23:33:00,Electronics,UPI,Online,Tablet,0
6611,8426,755.24,2024-07-29 07:13:00,Utilities,Debit Card,Mobile,POS,0
6612,8502,1946.21,2025-12-30 06:36:00,Entertainment,Net Banking,In-store,Tablet,0
6613,6535,4682.67,2024-07-18 23:42:00,Healthcare,Net Banking,ATM,POS,0
6614,802,5406.15,2025-09-25 11:57:00,Grocery,Debit Card,Online,POS,0
6615,525,3651.6,2025-04-19 17:55:00,Utilities,UPI,Online,POS,0
6616,2761,586.9,2025-02-22 11:41:00,Travel,Net Banking,Online,Mobile,0
6617,6949,1282.56,2024-11-10 06:25:00,Other,Credit Card,Online,Desktop,0
6618,8614,1136.17,2024-05-24 15:06:00,Food,UPI,In-store,Mobile,0
6619,8421,1154.95,2025-07-09 20:28:00,Healthcare,Credit Card,ATM,Desktop,0
6620,8130,102.13,2024-11-03 19:26:00,Healthcare,Debit Card,ATM,Desktop,0
6621,1491,381.44,2024-02-22 06:13:00,Utilities,Debit Card,ATM,Mobile,0
6622,723,332.72,2024-12-11 17:56:00,Travel,Debit Card,Online,Mobile,0
6623,9020,1920.84,2024-06-09 21:24:00,Grocery,Net Banking,ATM,POS,0
6624,2317,1061.37,2025-06-13 13:11:00,Grocery,Credit Card,In-store,Desktop,0
6625,5013,784.27,2025-03-29 00:44:00,Utilities,Debit Card,In-store,Mobile,0
6626,9311,1173.63,2024-07-30 12:36:00,Electronics,Credit Card,Online,Mobile,0
6627,4268,783.76,2025-11-14 05:17:00,Utilities,UPI,Online,Desktop,0
6628,6940,2833.26,2025-11-27 18:49:00,Shopping,UPI,ATM,Mobile,0
6629,6073,365.54,2024-06-08 20:25:00,Grocery,UPI,In-store,POS,0
6630,7809,115.54,2025-08-11 06:09:00,Food,Credit Card,Mobile,Mobile,0
6631,9187,2103.68,2025-02-25 10:29:00,Electronics,Net Banking,Online,Tablet,0
6632,7688,524.23,2024-09-08 23:08:00,Travel,Debit Card,ATM,Desktop,0
6633,1997,2062.02,2025-05-13 10:39:00,Food,UPI,Mobile,Tablet,0
6634,9151,120.65,2025-09-19 16:47:00,Food,Credit Card,In-store,Tablet,0
6635,4346,567.64,2025-10-05 01:43:00,Electronics,Debit Card,Online,Mobile,0
6636,6211,334.2,2024-04-09 02:05:00,Entertainment,Credit Card,Online,POS,0
6637,1947,686.88,2024-01-22 00:58:00,Utilities,UPI,ATM,Desktop,0
6638,2834,797.54,2024-02-24 10:54:00,Healthcare,Credit Card,Online,Desktop,0
6639,9251,1367.17,2024-04-02 10:59:00,Travel,UPI,Mobile,Mobile,0
6640,4477,1468.52,2024-12-31 06:47:00,Entertainment,UPI,Online,Tablet,0
6641,7980,1989.03,2024-06-03 06:19:00,Utilities,Net Banking,ATM,Desktop,0
6642,3682,805.89,2024-03-08 11:39:00,Grocery,Net Banking,Online,Tablet,0
6643,8831,1518.66,2024-11-19 18:57:00,Shopping,Net Banking,Online,Mobile,0
6644,2044,9233.94,2025-04-02 15:21:00,Shopping,UPI,Mobile,POS,0
6645,7253,473.06,2025-12-21 05:18:00,Travel,Credit Card,Online,Mobile,0
6646,7598,331.41,2024-11-06 03:51:00,Healthcare,Cash,Online,Tablet,0
6647,3627,3697.47,2025-07-29 05:57:00,Electronics,UPI,ATM,Tablet,0
6648,240,1056.51,2024-06-04 05:26:00,Shopping,UPI,ATM,Desktop,0
6649,6184,3753.11,2024-05-01 17:58:00,Shopping,Debit Card,Mobile,Desktop,0
6650,2872,1105.69,2025-09-25 13:10:00,Travel,Credit Card,ATM,Mobile,0
6651,2203,43.85,2025-07-29 17:40:00,Healthcare,Credit Card,In-store,Tablet,0
6652,1172,939.6,2025-04-25 22:17:00,Grocery,Debit Card,Online,Tablet,0
6653,718,1883.89,2025-12-07 07:07:00,Entertainment,Cash,Online,Mobile,0
6654,4921,1186.8,2025-11-10 04:58:00,Other,Debit Card,In-store,Tablet,0
6655,5132,1229.94,2025-03-31 03:48:00,Utilities,Debit Card,In-store,Tablet,0
6656,3825,12773.1,2024-02-10 04:56:00,Entertainment,Debit Card,In-store,POS,0
6657,7703,1571.08,2025-01-25 15:24:00,Travel,Credit Card,Online,POS,0
6658,9333,2387.65,2025-05-03 05:49:00,Shopping,Cash,In-store,Tablet,0
6659,4204,2552.89,2024-01-21 18:44:00,Shopping,Credit Card,Mobile,Mobile,0
6660,7852,0.34,2025-01-06 14:37:00,Healthcare,UPI,ATM,Tablet,0
6661,39,1607.98,2025-08-08 05:28:00,Utilities,Debit Card,Mobile,Desktop,0
6662,9770,6596.72,2024-01-21 15:42:00,Electronics,Credit Card,In-store,Desktop,0
6663,2782,2779.18,2025-08-03 11:56:00,Travel,UPI,ATM,Mobile,0
6664,48,832.33,2024-12-13 02:56:00,Entertainment,UPI,In-store,Mobile,0
6665,2395,906.91,2025-01-13 02:11:00,Healthcare,Credit Card,Mobile,POS,0
6666,5976,723.71,2024-05-18 19:19:00,Electronics,Debit Card,ATM,Desktop,0
6667,9027,1989.63,2025-11-24 12:58:00,Travel,Net Banking,Online,Tablet,0
6668,3550,204.76,2024-06-02 03:59:00,Shopping,Credit Card,Mobile,Tablet,0
6669,5667,684.98,2025-11-15 06:40:00,Travel,Cash,Online,Mobile,0
6670,4864,1379.16,2024-11-24 09:45:00,Shopping,Credit Card,ATM,Tablet,0
6671,2853,1532.37,2024-03-26 11:38:00,Utilities,UPI,ATM,Desktop,0
6672,936,1869.97,2025-05-21 00:39:00,Other,UPI,Mobile,Tablet,0
6673,3057,3191.32,2025-08-27 13:10:00,Healthcare,Credit Card,In-store,POS,0
6674,784,356.43,2025-01-08 08:12:00,Food,UPI,ATM,Tablet,0
6675,8082,509.82,2025-06-09 08:33:00,Electronics,UPI,Online,Desktop,0
6676,9002,4116.34,2024-01-25 15:20:00,Grocery,Credit Card,Online,Mobile,0
6677,5122,3557.59,2024-06-19 01:41:00,Entertainment,Debit Card,Online,POS,0
6678,7221,3447.13,2024-09-01 22:19:00,Utilities,UPI,In-store,POS,0
6679,1754,467.94,2024-09-26 14:27:00,Travel,UPI,In-store,POS,0
6680,983,120.05,2024-12-11 01:17:00,Food,Net Banking,In-store,Tablet,0
6681,9276,1482.22,2025-11-03 14:42:00,Shopping,Credit Card,ATM,Tablet,0
6682,960,4081.1,2024-03-23 10:35:00,Electronics,UPI,ATM,Tablet,0
6683,9919,542.35,2024-02-02 04:55:00,Other,UPI,Mobile,POS,0
6684,7001,4690.99,2025-10-01 00:47:00,Food,Credit Card,In-store,Tablet,0
6685,7445,305.21,2025-08-10 00:19:00,Food,Cash,Mobile,POS,0
6686,644,707.92,2025-01-24 06:57:00,Travel,UPI,ATM,POS,0
6687,3679,708.47,2025-04-26 12:24:00,Electronics,Net Banking,In-store,Tablet,0
6688,3896,327.63,2024-02-06 22:43:00,Other,UPI,Mobile,Mobile,0
6689,260,4123.65,2024-10-03 22:24:00,Entertainment,Credit Card,Mobile,POS,0
6690,1156,1064.06,2024-12-09 11:51:00,Food,Credit Card,In-store,Tablet,0
6691,2103,423.07,2025-06-08 13:26:00,Travel,Debit Card,ATM,Desktop,0
6692,9299,318.56,2025-12-25 10:08:00,Healthcare,Debit Card,Online,Mobile,0
6693,3360,1092.61,2024-12-20 23:16:00,Food,UPI,ATM,Desktop,0
6694,1404,34.88,2025-07-19 06:31:00,Travel,UPI,In-store,Tablet,0
6695,3386,258.07,2024-10-15 08:05:00,Grocery,Credit Card,In-store,Mobile,0
6696,457,7.41,2025-04-05 21:05:00,Travel,Net Banking,Online,Tablet,0
6697,9407,49.38,2025-11-13 10:55:00,Travel,Net Banking,Mobile,Desktop,0
6698,245,11884.38,2025-06-05 03:01:00,Food,Net Banking,ATM,Desktop,0
6699,4874,1191.64,2024-05-11 03:15:00,Other,Credit Card,In-store,Tablet,0
6700,4357,2610.72,2024-03-17 05:23:00,Entertainment,Debit Card,Online,Tablet,0
6701,4253,2671.82,2024-03-07 04:36:00,Electronics,UPI,ATM,Mobile,0
6702,9986,4247.33,2024-08-30 02:55:00,Grocery,Debit Card,Mobile,Mobile,0
6703,5386,219.06,2024-03-18 00:46:00,Utilities,Debit Card,ATM,Tablet,0
6704,8587,1491.71,2024-01-14 23:51:00,Other,UPI,ATM,Mobile,0
6705,3125,776.39,2024-12-15 19:04:00,Healthcare,Credit Card,In-store,POS,0
6706,4408,1590.28,2024-06-08 18:40:00,Other,Credit Card,In-store,Mobile,0
6707,6391,807.29,2025-04-16 20:55:00,Entertainment,Credit Card,Online,POS,0
6708,7125,405.84,2024-12-04 21:06:00,Healthcare,Credit Card,Mobile,Mobile,0
6709,964,2234.53,2025-09-19 03:03:00,Electronics,Cash,Online,Desktop,0
6710,604,78.37,2025-12-22 04:12:00,Food,Credit Card,Mobile,Desktop,0
6711,733,4514.95,2024-03-24 05:05:00,Utilities,Net Banking,ATM,Tablet,0
6712,5837,316.27,2024-04-03 00:27:00,Healthcare,Credit Card,Online,Mobile,0
6713,6770,1909.77,2025-12-03 07:13:00,Grocery,UPI,In-store,Tablet,0
6714,5531,2806.51,2024-02-21 22:05:00,Travel,UPI,Mobile,Desktop,0
6715,5507,151.45,2025-01-31 10:40:00,Food,UPI,In-store,Mobile,0
6716,9750,4672.17,2025-06-26 06:30:00,Other,Credit Card,In-store,POS,0
6717,9692,880.66,2024-07-21 22:31:00,Grocery,UPI,In-store,Mobile,0
6718,1469,11443.75,2025-09-11 22:11:00,Other,Debit Card,Online,Desktop,0
6719,7590,142.52,2025-04-25 09:46:00,Grocery,Credit Card,In-store,Mobile,0
6720,1916,2523.02,2025-11-23 18:55:00,Electronics,UPI,In-store,Mobile,0
6721,3397,350.41,2024-03-03 14:11:00,Entertainment,Credit Card,Online,Tablet,0
6722,8832,1030.65,2025-06-03 00:05:00,Healthcare,Credit Card,In-store,Tablet,0
6723,9558,1171.14,2024-06-29 06:16:00,Grocery,UPI,ATM,Desktop,0
6724,8465,1042.27,2024-05-27 17:36:00,Utilities,UPI,Online,Tablet,0
6725,6475,823.69,2024-07-12 22:07:00,Other,Net Banking,In-store,Tablet,0
6726,6884,2915.23,2025-12-20 02:12:00,Other,Debit Card,Mobile,Mobile,0
6727,809,3428.37,2024-07-10 10:48:00,Other,Cash,Online,Tablet,0
6728,6638,817.78,2024-08-21 05:25:00,Electronics,UPI,In-store,Tablet,0
6729,2920,1318.05,2025-10-12 18:18:00,Electronics,Debit Card,Mobile,Mobile,0
6730,9399,1095.53,2025-09-07 13:32:00,Grocery,Debit Card,ATM,Tablet,0
6731,1133,1800.43,2025-10-17 09:13:00,Electronics,Debit Card,Mobile,Tablet,0
6732,8944,325.66,2025-03-12 08:52:00,Travel,UPI,In-store,POS,0
6733,505,3276.55,2024-12-19 23:15:00,Electronics,Debit Card,ATM,Desktop,0
6734,8371,3189.22,2025-06-27 00:41:00,Food,Credit Card,ATM,Mobile,0
6735,6326,1785.21,2025-11-30 08:18:00,Entertainment,UPI,ATM,Tablet,0
6736,6802,2741.98,2024-06-14 02:03:00,Utilities,UPI,Online,Tablet,0
6737,9000,8931.72,2024-03-05 15:22:00,Utilities,Net Banking,ATM,Tablet,0
6738,2145,5115.16,2024-03-02 19:48:00,Utilities,Credit Card,ATM,Tablet,0
6739,209,1890.66,2025-03-16 02:43:00,Food,Debit Card,ATM,Mobile,0
6740,3960,1432.43,2025-04-01 00:47:00,Entertainment,Credit Card,Online,Tablet,0
6741,5545,1529.4,2025-11-21 02:20:00,Shopping,UPI,Mobile,Desktop,0
6742,44,1257.02,2025-08-25 11:44:00,Entertainment,Debit Card,ATM,Desktop,0
6743,4842,1308.72,2025-11-28 19:43:00,Food,UPI,ATM,Tablet,0
6744,5661,2633.81,2024-03-08 18:16:00,Shopping,Credit Card,In-store,Tablet,0
6745,7897,9687.27,2024-11-22 14:22:00,Travel,UPI,ATM,Mobile,0
6746,9130,92.75,2025-05-06 11:31:00,Utilities,Credit Card,Online,POS,0
6747,2590,523.22,2024-11-03 15:20:00,Grocery,Net Banking,Mobile,Mobile,0
6748,7416,471.97,2025-07-13 23:12:00,Electronics,UPI,In-store,Mobile,0
6749,4316,3577.8,2024-08-21 18:10:00,Electronics,Credit Card,Online,Desktop,0
6750,3018,1088.5,2024-02-13 22:22:00,Food,Debit Card,In-store,Desktop,0
6751,9199,1489.44,2025-02-23 14:56:00,Electronics,Credit Card,ATM,POS,0
6752,3746,1266.56,2025-04-17 10:59:00,Entertainment,UPI,Mobile,Tablet,0
6753,1912,3843.94,2025-02-16 14:55:00,Grocery,Debit Card,Mobile,POS,0
6754,5566,1385.17,2025-04-20 14:09:00,Healthcare,Cash,ATM,Tablet,0
6755,5264,2204.31,2024-05-25 23:48:00,Grocery,Net Banking,ATM,Desktop,0
6756,4125,39.35,2025-01-29 13:01:00,Electronics,Net Banking,ATM,Desktop,0
6757,8954,2113.72,2024-05-22 10:24:00,Entertainment,Credit Card,Mobile,Tablet,1
6758,4217,551.38,2025-10-09 04:25:00,Entertainment,Credit Card,Online,Desktop,0
6759,8207,4032.84,2025-01-09 00:27:00,Other,Debit Card,ATM,POS,0
6760,4920,2785.06,2025-11-08 05:09:00,Food,Net Banking,In-store,POS,1
6761,4568,231.47,2025-08-30 05:13:00,Entertainment,Debit Card,ATM,POS,0
6762,1706,218.45,2024-04-07 00:25:00,Food,Credit Card,Mobile,Tablet,0
6763,8084,693.44,2025-04-28 04:17:00,Utilities,Credit Card,Online,Mobile,0
6764,2735,268.81,2024-12-11 06:01:00,Other,Credit Card,Online,POS,0
6765,4098,2696.67,2025-05-24 12:10:00,Other,Credit Card,ATM,Tablet,0
6766,1056,8657.58,2024-11-06 17:17:00,Grocery,Net Banking,Mobile,Mobile,0
6767,4975,2129.91,2024-08-21 06:31:00,Entertainment,UPI,ATM,Mobile,0
6768,1334,572.82,2025-09-13 23:31:00,Entertainment,Credit Card,Mobile,POS,0
6769,7978,1661.48,2025-03-19 13:54:00,Utilities,UPI,ATM,Desktop,0
6770,5790,3276.18,2024-06-12 15:42:00,Healthcare,Cash,Online,Desktop,0
6771,3337,6551.29,2024-03-02 11:06:00,Shopping,Credit Card,Online,POS,0
6772,646,10.17,2024-03-09 10:45:00,Entertainment,UPI,In-store,Mobile,0
6773,2817,1483.37,2025-05-03 19:18:00,Shopping,Credit Card,ATM,POS,0
6774,3469,1207.4,2024-05-24 07:33:00,Healthcare,Debit Card,Online,Mobile,0
6775,2822,1070.55,2025-05-21 06:26:00,Electronics,Credit Card,Mobile,Desktop,0
6776,8803,1401.7,2025-05-17 00:19:00,Grocery,Credit Card,ATM,POS,0
6777,1181,1033.37,2025-10-08 05:21:00,Other,Credit Card,Mobile,Tablet,0
6778,4290,843.24,2025-10-07 09:43:00,Shopping,UPI,ATM,Desktop,0
6779,7675,243.9,2025-09-25 13:39:00,Grocery,Net Banking,Mobile,Desktop,0
6780,7752,1385.68,2024-05-04 19:08:00,Entertainment,Credit Card,In-store,Mobile,0
6781,4521,3441.31,2025-06-26 09:21:00,Electronics,Credit Card,In-store,Desktop,0
6782,1831,221.27,2025-01-17 22:55:00,Electronics,Credit Card,Online,Mobile,0
6783,9017,2682.58,2024-05-11 11:36:00,Utilities,Cash,In-store,Mobile,0
6784,2591,623.31,2025-04-29 02:01:00,Food,Credit Card,Online,Tablet,0
6785,8205,960.09,2025-04-02 11:26:00,Electronics,Debit Card,ATM,Desktop,0
6786,6215,8859.86,2024-09-09 06:20:00,Grocery,Credit Card,Online,Desktop,0
6787,3123,2249.16,2025-12-05 07:58:00,Grocery,Net Banking,In-store,POS,0
6788,4673,2539.6,2024-11-16 20:58:00,Entertainment,Net Banking,Online,POS,0
6789,4653,1844.57,2025-05-02 08:35:00,Entertainment,UPI,ATM,Tablet,0
6790,625,778.29,2024-12-14 18:50:00,Electronics,UPI,ATM,Desktop,0
6791,2028,2248.57,2024-12-05 22:12:00,Electronics,Credit Card,ATM,Tablet,0
6792,4661,1222.28,2024-05-10 10:50:00,Entertainment,Credit Card,Online,POS,0
6793,4537,3568.57,2025-10-09 18:58:00,Shopping,Debit Card,Mobile,Desktop,0
6794,9498,1692.86,2024-08-22 22:37:00,Healthcare,Credit Card,ATM,Desktop,0
6795,144,2950.13,2025-09-16 07:52:00,Grocery,UPI,In-store,Mobile,0
6796,3830,3774.45,2024-09-12 15:36:00,Shopping,Credit Card,Mobile,Tablet,0
6797,272,3442.08,2025-04-26 00:20:00,Food,Credit Card,Online,Desktop,0
6798,5467,1028.69,2025-06-07 03:24:00,Healthcare,UPI,Online,POS,0
6799,3124,920.13,2024-05-31 19:20:00,Utilities,UPI,ATM,POS,0
6800,7897,4066.15,2024-03-24 16:31:00,Healthcare,Credit Card,In-store,Desktop,0
6801,2042,308.87,2025-04-18 19:57:00,Travel,UPI,Online,Tablet,0
6802,2643,655.35,2024-09-29 02:28:00,Electronics,Net Banking,Mobile,Mobile,0
6803,5575,257.96,2025-02-02 06:50:00,Electronics,Credit Card,Online,Desktop,0
6804,1530,86.01,2024-10-09 22:09:00,Travel,Credit Card,Online,Desktop,0
6805,2636,1913.5,2025-01-07 01:30:00,Healthcare,Credit Card,ATM,Desktop,0
6806,8856,4620.84,2024-09-09 07:40:00,Grocery,Credit Card,Mobile,Mobile,0
6807,453,277.18,2024-01-04 10:22:00,Travel,UPI,Mobile,Mobile,0
6808,6913,3176.42,2025-09-27 15:35:00,Electronics,Debit Card,In-store,POS,0
6809,6599,953.94,2024-05-29 08:20:00,Entertainment,UPI,Online,Tablet,0
6810,2544,1925.4,2025-05-11 10:38:00,Grocery,Debit Card,Mobile,Desktop,1
6811,4696,2885.66,2025-07-03 06:52:00,Travel,Credit Card,Mobile,Mobile,0
6812,4285,2476.3,2025-10-23 06:59:00,Entertainment,Debit Card,In-store,Desktop,0
6813,5694,294.0,2025-09-03 19:07:00,Food,UPI,ATM,Tablet,0
6814,1232,245.21,2024-10-29 23:03:00,Entertainment,Credit Card,ATM,Tablet,0
6815,4580,5159.14,2024-07-18 16:51:00,Food,Debit Card,In-store,POS,0
6816,7237,165.61,2025-05-31 09:15:00,Grocery,UPI,Mobile,Tablet,0
6817,6741,492.82,2025-01-20 13:44:00,Shopping,UPI,In-store,Tablet,0
6818,5809,1153.74,2024-01-12 09:16:00,Electronics,Cash,ATM,Mobile,0
6819,3507,3440.86,2024-07-28 04:18:00,Healthcare,Credit Card,In-store,POS,0
6820,3617,1845.75,2024-01-26 00:41:00,Electronics,Debit Card,In-store,POS,0
6821,8151,1693.45,2025-10-21 13:05:00,Electronics,Credit Card,Online,Tablet,0
6822,1850,2355.02,2025-01-12 14:49:00,Shopping,Credit Card,In-store,Tablet,0
6823,7005,3240.58,2024-05-31 14:40:00,Travel,Credit Card,Mobile,Mobile,0
6824,1770,529.29,2025-01-26 17:10:00,Shopping,Cash,ATM,Desktop,0
6825,6823,38.16,2025-08-31 14:48:00,Electronics,UPI,ATM,Desktop,0
6826,5862,272.09,2024-11-17 03:59:00,Grocery,Credit Card,Mobile,Mobile,0
6827,8441,361.04,2024-10-07 14:17:00,Grocery,Debit Card,Mobile,POS,0
6828,5063,81.69,2024-07-21 22:38:00,Utilities,Credit Card,ATM,Tablet,0
6829,6589,2752.83,2025-04-09 09:10:00,Shopping,Debit Card,In-store,POS,0
6830,3165,4324.34,2025-08-23 04:20:00,Grocery,UPI,Mobile,Tablet,0
6831,2826,2480.24,2024-01-18 03:03:00,Travel,Credit Card,In-store,Mobile,0
6832,2836,418.05,2024-11-30 17:30:00,Entertainment,Credit Card,Online,Desktop,0
6833,237,1865.07,2025-01-12 04:20:00,Shopping,Credit Card,Mobile,Tablet,0
6834,7817,1470.46,2025-01-19 17:01:00,Utilities,UPI,Online,Desktop,0
6835,6854,3429.19,2025-10-05 13:41:00,Food,Net Banking,In-store,POS,0
6836,5908,5704.95,2024-11-27 12:11:00,Utilities,Credit Card,In-store,Desktop,1
6837,5696,2716.85,2024-11-30 19:53:00,Electronics,Cash,In-store,POS,0
6838,8824,1437.09,2024-02-05 20:18:00,Utilities,Debit Card,Online,Mobile,0
6839,3136,1430.98,2024-11-27 18:48:00,Grocery,Debit Card,ATM,POS,0
6840,6448,3298.3,2025-08-05 01:56:00,Healthcare,Credit Card,ATM,Tablet,0
6841,2351,261.39,2025-06-07 01:46:00,Shopping,Cash,Mobile,Mobile,0
6842,192,332.85,2025-12-31 04:31:00,Utilities,UPI,Online,POS,0
6843,5805,841.7,2024-03-06 02:08:00,Food,Credit Card,Mobile,POS,0
6844,1297,2749.83,2024-06-04 03:33:00,Travel,UPI,In-store,Tablet,0
6845,8627,136.51,2024-06-16 22:15:00,Utilities,UPI,Mobile,Desktop,0
6846,6850,844.18,2024-04-04 11:22:00,Other,Credit Card,In-store,POS,0
6847,5994,767.04,2024-12-12 02:26:00,Utilities,UPI,Online,Mobile,0
6848,2252,1330.04,2024-12-17 02:31:00,Grocery,UPI,ATM,Tablet,0
6849,8077,1246.18,2025-02-14 17:03:00,Utilities,UPI,Online,Mobile,0
6850,2587,2506.36,2025-06-21 13:41:00,Electronics,Net Banking,ATM,Mobile,0
6851,3162,1964.65,2025-02-09 22:09:00,Utilities,UPI,Mobile,POS,0
6852,627,4661.35,2025-07-15 02:52:00,Food,Net Banking,Online,Mobile,0
6853,2088,398.5,2024-07-31 14:10:00,Healthcare,Debit Card,Mobile,Tablet,0
6854,3653,1131.55,2024-04-28 08:14:00,Healthcare,UPI,Online,Desktop,1
6855,8352,1021.97,2024-09-02 01:41:00,Travel,Cash,ATM,POS,0
6856,9316,238.74,2025-11-30 17:01:00,Other,UPI,In-store,POS,0
6857,9460,360.23,2024-02-23 20:53:00,Travel,Debit Card,Online,POS,0
6858,8528,820.85,2025-12-15 07:30:00,Electronics,Debit Card,Online,Tablet,0
6859,1866,2654.56,2024-02-13 01:14:00,Electronics,UPI,Mobile,Desktop,0
6860,7674,325.42,2024-08-26 04:55:00,Utilities,Debit Card,Mobile,POS,0
6861,1404,616.64,2024-05-20 16:20:00,Utilities,Credit Card,In-store,Mobile,0
6862,500,2256.62,2024-11-26 12:48:00,Electronics,Net Banking,ATM,POS,0
6863,6409,1815.92,2025-10-11 21:25:00,Entertainment,Debit Card,Online,Desktop,0
6864,1847,220.51,2024-01-20 16:48:00,Food,Debit Card,In-store,Mobile,0
6865,2880,5754.3,2024-10-23 15:01:00,Electronics,Debit Card,In-store,POS,0
6866,3855,320.41,2025-11-16 22:44:00,Shopping,Net Banking,In-store,Tablet,0
6867,2084,126.75,2025-02-28 17:04:00,Healthcare,Credit Card,ATM,Mobile,0
6868,9124,725.54,2024-02-11 06:37:00,Food,Debit Card,Online,Desktop,0
6869,2625,53.65,2024-02-06 06:14:00,Shopping,Debit Card,Online,Desktop,0
6870,8225,62.41,2025-08-19 15:00:00,Healthcare,Debit Card,In-store,Mobile,0
6871,7745,1728.97,2024-12-23 22:05:00,Other,Cash,In-store,POS,0
6872,9339,4468.93,2025-08-18 11:32:00,Utilities,Credit Card,In-store,Desktop,0
6873,2950,1030.15,2024-06-17 12:13:00,Shopping,UPI,ATM,POS,0
6874,4955,719.48,2024-06-04 17:00:00,Utilities,UPI,Online,Tablet,0
6875,2501,4921.46,2025-10-04 23:39:00,Utilities,Credit Card,In-store,Desktop,0
6876,6218,126.86,2024-10-15 08:35:00,Shopping,Debit Card,Online,Mobile,0
6877,7019,1282.3,2025-01-18 16:24:00,Healthcare,Debit Card,ATM,Mobile,0
6878,1050,582.32,2024-06-12 06:48:00,Entertainment,Credit Card,ATM,Desktop,0
6879,690,961.6,2025-09-14 08:21:00,Other,Debit Card,Mobile,Mobile,0
6880,3126,1057.96,2024-07-19 10:57:00,Shopping,Credit Card,In-store,Mobile,0
6881,4302,1575.52,2024-09-23 12:07:00,Entertainment,Credit Card,Online,Mobile,0
6882,7361,1207.53,2025-10-28 09:28:00,Travel,Net Banking,Mobile,Mobile,0
6883,1827,8853.95,2024-01-30 14:38:00,Other,Net Banking,In-store,Mobile,0
6884,7197,51.68,2025-10-29 21:32:00,Food,Debit Card,Online,Tablet,0
6885,7839,2834.82,2025-02-19 06:11:00,Shopping,Credit Card,Online,Mobile,0
6886,8460,104.68,2024-04-25 01:24:00,Other,Net Banking,In-store,Mobile,0
6887,1093,1128.0,2024-04-19 23:59:00,Healthcare,UPI,ATM,Tablet,0
6888,7918,450.91,2024-07-29 06:48:00,Other,Debit Card,Online,Desktop,0
6889,8325,5811.87,2025-08-06 23:47:00,Travel,UPI,Mobile,Mobile,0
6890,8208,2563.8,2024-11-01 22:43:00,Healthcare,Net Banking,Online,Mobile,0
6891,5703,1242.95,2024-08-07 18:52:00,Other,Cash,Mobile,Mobile,0
6892,4306,6083.22,2024-11-06 11:29:00,Electronics,Debit Card,Mobile,POS,0
6893,3952,2555.2,2024-02-25 20:40:00,Travel,Debit Card,Mobile,Tablet,0
6894,4682,6070.63,2024-08-23 18:56:00,Utilities,Net Banking,In-store,Mobile,0
6895,473,2438.68,2024-09-15 06:32:00,Food,UPI,Online,POS,0
6896,6316,161.79,2024-01-25 09:00:00,Other,UPI,In-store,Tablet,0
6897,841,1915.82,2024-08-09 05:55:00,Grocery,UPI,In-store,Mobile,0
6898,7440,7859.33,2024-12-07 06:31:00,Shopping,Debit Card,ATM,POS,0
6899,1150,482.06,2025-02-01 23:20:00,Healthcare,Credit Card,In-store,POS,0
6900,6680,3147.56,2025-04-13 12:38:00,Electronics,Cash,ATM,POS,0
6901,3771,408.23,2024-06-18 15:30:00,Healthcare,Credit Card,Online,Desktop,0
6902,482,1203.83,2025-07-28 19:18:00,Grocery,Debit Card,Mobile,Tablet,0
6903,7815,176.93,2025-11-14 07:04:00,Utilities,Debit Card,Mobile,Desktop,0
6904,3484,832.81,2025-09-23 03:56:00,Other,Net Banking,In-store,Tablet,0
6905,9651,2994.24,2024-01-01 00:39:00,Travel,UPI,In-store,POS,1
6906,3235,92.65,2024-02-21 00:17:00,Entertainment,Credit Card,Online,Tablet,0
6907,3002,771.9,2024-01-01 09:28:00,Healthcare,Credit Card,Online,Tablet,0
6908,5920,1987.17,2025-01-25 23:36:00,Food,Net Banking,Online,Tablet,0
6909,2366,5934.58,2024-06-12 03:03:00,Electronics,Credit Card,Online,POS,0
6910,3170,563.01,2025-01-11 06:41:00,Shopping,Net Banking,In-store,Desktop,0
6911,4696,380.26,2024-07-14 13:47:00,Shopping,Credit Card,ATM,Mobile,0
6912,5161,455.48,2025-01-16 02:17:00,Electronics,Credit Card,Mobile,Desktop,0
6913,4078,540.49,2025-03-03 20:01:00,Electronics,Credit Card,ATM,Mobile,0
6914,7938,2034.0,2024-10-31 01:57:00,Utilities,UPI,ATM,Desktop,0
6915,6826,13241.92,2024-05-02 09:09:00,Travel,Net Banking,Online,Desktop,0
6916,267,1482.96,2024-09-26 14:59:00,Other,UPI,Online,Tablet,0
6917,9328,633.35,2024-07-28 03:58:00,Healthcare,UPI,Online,Tablet,0
6918,4828,2748.41,2025-10-13 23:43:00,Travel,Net Banking,Mobile,Tablet,0
6919,8535,344.55,2024-02-01 15:11:00,Healthcare,Credit Card,ATM,POS,0
6920,2809,60.95,2024-01-15 03:05:00,Shopping,UPI,Mobile,POS,0
6921,3730,1859.08,2024-08-28 14:55:00,Utilities,Debit Card,Online,Desktop,0
6922,1003,472.19,2025-08-16 22:35:00,Utilities,UPI,In-store,Tablet,0
6923,280,1019.11,2024-10-06 08:01:00,Food,Credit Card,Mobile,Tablet,0
6924,5109,525.68,2025-12-20 18:30:00,Entertainment,Credit Card,ATM,POS,0
6925,9156,5003.58,2024-03-05 23:44:00,Shopping,UPI,In-store,Desktop,0
6926,2070,824.95,2024-06-05 06:04:00,Other,Net Banking,Online,POS,0
6927,2571,1192.31,2025-02-11 21:24:00,Electronics,Debit Card,Online,Desktop,0
6928,5756,535.35,2024-01-31 01:31:00,Food,Credit Card,Online,Mobile,0
6929,8828,177.34,2025-03-18 14:26:00,Utilities,UPI,ATM,Tablet,0
6930,4551,1437.16,2024-06-28 00:36:00,Food,Credit Card,In-store,Tablet,0
6931,7354,4060.9,2024-02-15 21:04:00,Shopping,UPI,In-store,Tablet,0
6932,6629,866.75,2024-10-14 22:18:00,Shopping,Net Banking,ATM,Mobile,0
6933,610,3037.08,2025-05-05 06:51:00,Food,Credit Card,ATM,Tablet,0
6934,7661,66.31,2024-09-30 00:42:00,Shopping,Debit Card,In-store,Desktop,0
6935,2242,537.09,2024-10-05 06:15:00,Electronics,Credit Card,ATM,Mobile,0
6936,5487,281.96,2025-12-07 14:51:00,Food,Net Banking,ATM,Mobile,0
6937,8117,1031.28,2024-01-02 20:02:00,Food,Net Banking,ATM,Desktop,0
6938,9715,4494.92,2025-07-30 13:35:00,Other,Net Banking,Online,POS,0
6939,6509,935.25,2025-12-20 15:50:00,Electronics,Credit Card,Online,POS,1
6940,8042,1849.27,2024-08-25 22:54:00,Travel,UPI,Online,Tablet,0
6941,8360,4568.35,2024-02-18 09:23:00,Other,Net Banking,In-store,Tablet,0
6942,2227,891.91,2024-03-31 19:23:00,Healthcare,Debit Card,ATM,Desktop,0
6943,2441,910.64,2025-04-12 15:34:00,Healthcare,Debit Card,Online,POS,0
6944,653,184.19,2024-06-16 11:42:00,Entertainment,UPI,Mobile,Desktop,0
6945,6476,858.64,2025-01-15 23:35:00,Travel,Debit Card,In-store,Tablet,0
6946,6282,2742.1,2025-07-07 04:20:00,Shopping,Debit Card,Online,Desktop,0
6947,9627,3723.88,2025-10-16 11:26:00,Grocery,UPI,Mobile,Desktop,0
6948,7571,2565.68,2024-06-27 18:25:00,Other,Debit Card,Mobile,Tablet,0
6949,5992,13.9,2025-01-16 14:22:00,Grocery,Net Banking,In-store,Mobile,0
6950,1248,248.81,2024-10-26 04:52:00,Electronics,UPI,ATM,Desktop,0
6951,1625,2625.95,2025-11-19 15:43:00,Entertainment,Net Banking,ATM,Tablet,0
6952,3851,5708.35,2025-07-09 13:23:00,Food,Debit Card,ATM,POS,0
6953,2717,2377.26,2025-03-18 02:38:00,Entertainment,UPI,Online,POS,1
6954,825,512.63,2024-09-16 04:21:00,Shopping,Credit Card,In-store,Tablet,0
6955,9281,227.59,2025-01-02 20:29:00,Other,UPI,ATM,POS,0
6956,7174,4191.41,2025-04-06 17:55:00,Food,UPI,In-store,Tablet,0
6957,91,208.57,2025-11-27 05:56:00,Electronics,Debit Card,Mobile,POS,0
6958,6435,327.48,2024-02-13 10:32:00,Grocery,Cash,In-store,POS,0
6959,7808,1816.11,2025-10-02 04:38:00,Other,Debit Card,Mobile,Mobile,0
6960,315,421.43,2024-12-15 17:40:00,Food,Credit Card,Mobile,POS,0
6961,4622,516.49,2024-06-12 18:08:00,Travel,Credit Card,In-store,Desktop,0
6962,9131,306.91,2024-07-29 22:25:00,Entertainment,Net Banking,ATM,Desktop,0
6963,5806,5776.49,2024-03-24 13:56:00,Grocery,Credit Card,Mobile,Mobile,0
6964,2935,266.89,2024-04-24 16:34:00,Shopping,Cash,ATM,Tablet,0
6965,6332,5356.95,2024-02-12 16:06:00,Grocery,UPI,Mobile,POS,0
6966,2538,789.63,2025-08-12 00:16:00,Food,Credit Card,ATM,Mobile,0
6967,2133,3447.0,2025-07-17 21:10:00,Grocery,Credit Card,ATM,Mobile,0
6968,1410,5991.37,2024-08-20 21:45:00,Shopping,Debit Card,ATM,Desktop,0
6969,6469,1464.85,2024-12-08 15:07:00,Food,Debit Card,Mobile,Desktop,0
6970,2800,2940.85,2024-11-29 23:53:00,Food,Debit Card,ATM,POS,0
6971,5844,618.52,2025-01-17 17:59:00,Utilities,Credit Card,Mobile,Tablet,0
6972,6618,965.66,2025-02-08 16:42:00,Healthcare,Net Banking,ATM,Desktop,1
6973,4799,1610.33,2025-02-06 07:36:00,Other,UPI,ATM,Mobile,0
6974,5027,3800.4,2024-12-25 23:26:00,Shopping,Debit Card,Online,Mobile,0
6975,5114,1939.06,2025-12-05 03:14:00,Shopping,Debit Card,Mobile,POS,0
6976,856,44.69,2025-10-17 20:29:00,Travel,UPI,Mobile,POS,0
6977,8218,727.07,2024-06-08 22:57:00,Travel,Debit Card,In-store,POS,0
6978,6781,4004.54,2024-07-11 22:00:00,Food,Net Banking,Mobile,Tablet,0
6979,7410,549.5,2025-05-31 03:31:00,Shopping,UPI,In-store,Mobile,1
6980,1819,917.5,2024-05-27 02:44:00,Travel,Debit Card,Online,POS,0
6981,8467,987.33,2024-11-09 07:48:00,Travel,Credit Card,ATM,Mobile,0
6982,3621,335.54,2025-02-19 09:52:00,Shopping,Credit Card,ATM,Mobile,0
6983,7972,860.99,2024-08-02 17:40:00,Entertainment,Credit Card,Online,POS,0
6984,7389,3401.14,2024-04-08 06:01:00,Grocery,Credit Card,In-store,Tablet,0
6985,9128,3782.19,2024-01-17 00:18:00,Food,UPI,Mobile,POS,0
6986,3200,1739.28,2024-05-03 06:11:00,Food,Credit Card,Mobile,Tablet,0
6987,2667,2271.01,2025-11-27 02:04:00,Entertainment,UPI,Online,POS,0
6988,9100,1529.6,2024-09-16 14:07:00,Healthcare,UPI,ATM,POS,0
6989,4944,90.57,2025-03-08 11:42:00,Entertainment,Credit Card,Mobile,Desktop,0
6990,2511,2385.97,2025-02-16 00:44:00,Utilities,UPI,Mobile,POS,0
6991,1824,11339.27,2025-09-03 09:21:00,Shopping,UPI,In-store,Desktop,0
6992,8448,517.08,2025-02-01 11:13:00,Grocery,Credit Card,Mobile,Mobile,0
6993,5362,8051.64,2024-11-07 13:39:00,Shopping,UPI,Online,Mobile,0
6994,7288,12214.74,2025-08-26 15:40:00,Entertainment,UPI,In-store,Desktop,0
6995,7174,305.17,2025-09-21 18:02:00,Other,Credit Card,ATM,Mobile,0
6996,2921,5211.04,2025-11-26 15:02:00,Electronics,Debit Card,ATM,Desktop,0
6997,8849,2251.14,2025-05-26 10:22:00,Electronics,Credit Card,ATM,POS,0
6998,5612,1256.11,2024-02-01 08:44:00,Travel,UPI,Online,Desktop,0
6999,6914,845.2,2025-04-29 12:48:00,Healthcare,UPI,ATM,POS,0
7000,1292,1987.43,2025-07-05 03:27:00,Entertainment,Cash,In-store,Tablet,0
7001,2925,3700.3,2025-12-06 18:39:00,Food,Debit Card,Mobile,POS,0
7002,7564,69.39,2024-12-25 21:31:00,Shopping,UPI,In-store,Desktop,0
7003,3635,1533.42,2024-01-28 12:02:00,Utilities,Debit Card,Online,Tablet,0
7004,8240,2101.15,2025-05-14 02:30:00,Shopping,Debit Card,Online,Tablet,0
7005,7847,51.87,2024-09-15 17:05:00,Travel,Credit Card,Mobile,POS,0
7006,1514,4397.85,2024-03-25 07:46:00,Electronics,Net Banking,Mobile,Tablet,0
7007,5225,6064.37,2025-10-08 03:29:00,Healthcare,UPI,Mobile,POS,0
7008,70,1896.03,2025-01-23 23:21:00,Travel,UPI,Online,Tablet,0
7009,6505,248.86,2024-09-04 19:30:00,Grocery,UPI,Mobile,Tablet,0
7010,4954,5388.64,2024-02-05 10:19:00,Shopping,Credit Card,In-store,Desktop,0
7011,2862,3269.58,2025-07-19 22:54:00,Travel,Debit Card,Online,Mobile,0
7012,5695,57.93,2025-04-07 06:39:00,Healthcare,Net Banking,Mobile,Desktop,0
7013,5096,1730.99,2025-02-24 03:00:00,Other,Debit Card,Online,Tablet,0
7014,4911,243.29,2025-12-01 04:37:00,Utilities,Credit Card,In-store,Mobile,0
7015,5166,304.13,2025-11-22 00:59:00,Entertainment,Debit Card,Online,POS,0
7016,4176,427.65,2025-06-02 14:04:00,Healthcare,Credit Card,ATM,Tablet,0
7017,2471,1008.99,2025-05-29 05:29:00,Other,Net Banking,In-store,Desktop,0
7018,4573,4181.13,2024-10-08 22:36:00,Grocery,Debit Card,Online,Desktop,0
7019,1586,63.14,2025-02-01 17:41:00,Electronics,Cash,In-store,Tablet,0
7020,7473,2337.28,2024-02-19 08:37:00,Grocery,Credit Card,ATM,Tablet,0
7021,1434,6679.31,2024-04-30 22:33:00,Food,UPI,In-store,Desktop,0
7022,2014,2050.17,2025-05-17 05:57:00,Food,Credit Card,ATM,Mobile,0
7023,9633,3381.35,2025-04-07 09:54:00,Grocery,Credit Card,Online,Tablet,0
7024,8555,4640.93,2024-06-15 01:18:00,Grocery,Credit Card,ATM,Desktop,0
7025,1300,2509.11,2025-09-07 10:27:00,Shopping,Credit Card,ATM,Tablet,0
7026,1253,2156.69,2024-04-22 21:09:00,Shopping,Cash,ATM,POS,0
7027,7543,36.26,2024-03-19 06:30:00,Grocery,Credit Card,ATM,Mobile,0
7028,8525,1463.31,2025-05-12 07:00:00,Utilities,Credit Card,In-store,Mobile,0
7029,6624,1266.84,2025-01-31 23:51:00,Entertainment,Cash,In-store,POS,0
7030,3538,1479.24,2025-10-31 05:49:00,Grocery,UPI,ATM,Mobile,0
7031,8873,1132.96,2025-01-20 01:19:00,Entertainment,Credit Card,Online,Tablet,0
7032,5502,4740.82,2024-07-06 07:21:00,Shopping,UPI,Mobile,POS,0
7033,2315,4396.99,2025-11-30 18:54:00,Electronics,UPI,Mobile,Desktop,0
7034,9783,268.66,2025-05-20 07:45:00,Other,Credit Card,In-store,POS,0
7035,9195,1522.39,2025-03-31 22:58:00,Utilities,Credit Card,Mobile,Tablet,0
7036,7039,6415.82,2024-04-28 03:10:00,Food,UPI,ATM,POS,0
7037,4174,1825.91,2024-05-22 04:47:00,Shopping,Debit Card,ATM,POS,0
7038,818,3235.63,2025-09-11 18:01:00,Utilities,Debit Card,In-store,Tablet,0
7039,1909,934.77,2025-03-24 15:23:00,Other,Credit Card,Mobile,Tablet,0
7040,361,947.22,2025-12-16 13:01:00,Healthcare,Cash,Online,Mobile,0
7041,8253,788.12,2025-12-26 16:57:00,Other,UPI,ATM,Mobile,0
7042,4103,44.18,2025-12-11 11:40:00,Grocery,Cash,Online,Tablet,0
7043,1295,5176.58,2025-07-10 03:26:00,Travel,Net Banking,ATM,POS,0
7044,4617,860.46,2025-04-30 01:17:00,Grocery,UPI,ATM,Tablet,1
7045,213,914.85,2025-03-22 17:44:00,Entertainment,Debit Card,Mobile,Tablet,0
7046,9381,2850.46,2025-03-08 02:04:00,Utilities,Credit Card,Online,POS,0
7047,8423,1496.87,2024-03-30 08:56:00,Grocery,Credit Card,In-store,Desktop,0
7048,6971,898.97,2025-11-11 11:30:00,Travel,Net Banking,Online,Tablet,0
7049,8860,4301.74,2025-02-14 16:58:00,Entertainment,Net Banking,Online,Mobile,0
7050,8074,3490.28,2024-09-06 04:07:00,Travel,Net Banking,Mobile,Mobile,0
7051,3190,7527.34,2024-01-25 05:05:00,Other,Net Banking,ATM,POS,0
7052,4184,2048.99,2025-08-07 05:42:00,Healthcare,Credit Card,In-store,POS,0
7053,5636,2342.99,2024-07-20 14:42:00,Healthcare,Net Banking,Online,Desktop,1
7054,751,784.6,2025-07-13 11:35:00,Other,Credit Card,In-store,Desktop,0
7055,2275,209.79,2024-09-26 15:04:00,Shopping,Debit Card,In-store,POS,0
7056,1268,223.91,2025-11-03 05:37:00,Healthcare,Cash,In-store,Desktop,0
7057,421,2076.58,2025-02-27 03:35:00,Shopping,UPI,Online,Mobile,0
7058,4527,240.43,2024-02-10 07:12:00,Other,UPI,ATM,Mobile,0
7059,1384,4742.3,2024-05-30 09:08:00,Entertainment,Credit Card,In-store,Tablet,0
7060,5591,2433.9,2025-12-19 12:00:00,Food,UPI,ATM,Tablet,0
7061,5833,512.9,2025-01-15 01:32:00,Healthcare,Debit Card,ATM,Mobile,0
7062,3655,654.82,2024-01-13 03:33:00,Utilities,Debit Card,Online,Desktop,0
7063,147,2475.57,2025-11-12 08:37:00,Food,Credit Card,Online,Mobile,0
7064,3885,3475.91,2025-06-27 00:19:00,Food,Credit Card,Online,Mobile,0
7065,1354,3658.05,2024-05-20 10:58:00,Food,Credit Card,Online,Desktop,0
7066,5174,1837.72,2024-09-06 15:51:00,Utilities,Debit Card,ATM,Mobile,0
7067,3885,337.39,2024-08-06 06:42:00,Travel,Cash,Mobile,Mobile,0
7068,8963,3411.45,2025-05-01 15:30:00,Shopping,Credit Card,Mobile,Desktop,0
7069,2124,3137.01,2024-08-07 03:11:00,Entertainment,UPI,ATM,Mobile,0
7070,3462,3607.96,2025-02-01 17:40:00,Entertainment,Credit Card,Mobile,Tablet,0
7071,1774,343.15,2025-10-04 17:54:00,Healthcare,Debit Card,Online,Mobile,0
7072,1741,2306.29,2024-03-13 04:42:00,Shopping,Credit Card,ATM,Desktop,0
7073,4542,6449.99,2024-05-10 16:09:00,Other,Debit Card,Mobile,Desktop,0
7074,393,591.59,2024-03-10 15:32:00,Grocery,Credit Card,Online,POS,1
7075,9866,2522.7,2024-03-15 18:10:00,Electronics,Cash,ATM,POS,0
7076,41,599.29,2024-09-09 20:48:00,Healthcare,Debit Card,ATM,Tablet,0
7077,2971,733.73,2025-02-27 20:23:00,Utilities,Net Banking,Online,Desktop,0
7078,7861,1328.22,2024-08-18 08:26:00,Food,Debit Card,Online,Desktop,0
7079,2058,4506.71,2024-03-02 13:02:00,Food,Debit Card,ATM,POS,0
7080,561,78.86,2024-11-24 12:01:00,Healthcare,Net Banking,Mobile,Mobile,0
7081,9107,9139.86,2024-07-16 21:46:00,Healthcare,Credit Card,ATM,POS,0
7082,9367,2957.5,2025-01-17 12:28:00,Entertainment,Debit Card,Online,Tablet,0
7083,9828,891.88,2025-09-12 07:47:00,Utilities,Net Banking,ATM,POS,0
7084,6633,874.41,2024-05-10 15:39:00,Other,Net Banking,In-store,Mobile,0
7085,7561,1319.35,2025-06-05 13:41:00,Electronics,Debit Card,In-store,Mobile,0
7086,6874,4166.55,2025-10-12 05:15:00,Shopping,Credit Card,Mobile,Tablet,0
7087,2686,36.16,2025-09-05 16:18:00,Healthcare,Debit Card,In-store,POS,0
7088,3763,1589.25,2025-05-24 02:27:00,Travel,Net Banking,Online,Desktop,0
7089,6372,115.44,2025-09-06 00:26:00,Electronics,UPI,Mobile,Tablet,0
7090,2315,245.69,2024-03-08 17:05:00,Healthcare,Debit Card,Online,Desktop,0
7091,3331,2346.67,2025-12-22 04:49:00,Healthcare,Credit Card,In-store,Desktop,0
7092,3836,533.95,2025-10-18 01:23:00,Food,UPI,ATM,Mobile,0
7093,2493,84.97,2024-10-11 12:17:00,Entertainment,Credit Card,ATM,Mobile,0
7094,2633,358.82,2025-04-20 20:51:00,Other,Credit Card,Online,POS,0
7095,6174,468.0,2024-12-15 09:53:00,Electronics,Debit Card,Online,Mobile,0
7096,1616,2937.46,2025-07-02 19:20:00,Entertainment,Credit Card,Mobile,Desktop,0
7097,1032,1961.25,2024-11-11 15:32:00,Grocery,Net Banking,Online,Tablet,0
7098,1193,2656.99,2025-05-14 12:48:00,Entertainment,Credit Card,In-store,Tablet,0
7099,2200,923.51,2025-12-05 18:44:00,Shopping,Debit Card,In-store,Desktop,0
7100,381,240.12,2025-07-27 21:38:00,Travel,Credit Card,Mobile,Mobile,0
7101,7588,3272.49,2025-09-05 21:50:00,Travel,Credit Card,In-store,Desktop,0
7102,7057,302.59,2025-08-10 04:30:00,Healthcare,Debit Card,Mobile,Tablet,0
7103,3840,964.74,2024-12-11 02:44:00,Electronics,Cash,Online,POS,0
7104,1351,608.38,2025-05-16 10:34:00,Entertainment,Debit Card,In-store,Mobile,0
7105,9646,703.47,2025-06-13 19:40:00,Food,Debit Card,Mobile,Tablet,0
7106,4687,1841.89,2024-03-05 08:40:00,Shopping,UPI,ATM,Tablet,0
7107,3132,359.1,2024-10-01 08:55:00,Entertainment,UPI,In-store,Mobile,0
7108,1152,1180.73,2024-10-22 19:32:00,Food,Debit Card,Online,Mobile,0
7109,9599,2036.03,2024-08-21 10:59:00,Entertainment,Credit Card,In-store,POS,0
7110,1194,4063.79,2024-11-27 07:36:00,Travel,Net Banking,Mobile,POS,0
7111,552,927.97,2024-07-14 11:19:00,Healthcare,UPI,In-store,Tablet,0
7112,9243,767.48,2024-07-15 10:33:00,Other,Debit Card,ATM,POS,0
7113,6589,917.25,2025-11-23 13:17:00,Healthcare,Net Banking,Mobile,Mobile,0
7114,6096,1389.49,2024-09-27 19:27:00,Utilities,UPI,Mobile,Mobile,0
7115,3380,751.12,2025-11-16 21:12:00,Shopping,Credit Card,Mobile,Desktop,0
7116,9959,576.57,2025-09-19 04:51:00,Grocery,Debit Card,In-store,Desktop,0
7117,5504,940.98,2025-12-05 09:12:00,Utilities,UPI,In-store,Desktop,0
7118,253,3008.62,2025-12-04 21:23:00,Shopping,Cash,Mobile,Mobile,0
7119,5084,582.88,2025-12-30 17:35:00,Utilities,UPI,Online,Desktop,0
7120,6791,3723.89,2024-11-24 06:51:00,Grocery,Credit Card,ATM,Tablet,0
7121,8371,671.24,2025-04-18 18:33:00,Electronics,Credit Card,ATM,Desktop,0
7122,8449,1848.03,2024-06-26 03:46:00,Entertainment,Debit Card,Mobile,POS,0
7123,9672,7079.28,2024-10-25 20:15:00,Food,Debit Card,In-store,Tablet,0
7124,6676,6064.5,2024-07-29 19:50:00,Other,UPI,ATM,Tablet,0
7125,2602,1140.56,2025-10-10 10:11:00,Other,Credit Card,Online,Desktop,0
7126,9360,139.81,2025-10-25 15:23:00,Electronics,Credit Card,ATM,Desktop,0
7127,7769,4658.45,2024-09-08 12:30:00,Utilities,Credit Card,Mobile,Mobile,0
7128,2643,271.45,2024-10-04 18:29:00,Travel,Debit Card,Mobile,Mobile,0
7129,6928,5142.22,2025-07-04 10:09:00,Shopping,Credit Card,In-store,Desktop,0
7130,8080,2638.25,2024-09-17 19:04:00,Other,Credit Card,In-store,Tablet,0
7131,6832,5443.46,2024-09-15 03:24:00,Entertainment,Net Banking,In-store,Desktop,0
7132,3040,2189.59,2025-07-17 12:00:00,Electronics,Credit Card,Online,Mobile,0
7133,3383,10642.22,2024-03-09 06:51:00,Other,UPI,Online,Mobile,0
7134,8940,1258.47,2024-09-17 15:29:00,Electronics,Credit Card,ATM,POS,0
7135,7836,799.83,2025-07-17 18:52:00,Electronics,UPI,In-store,Tablet,0
7136,2711,999.48,2024-10-10 16:36:00,Other,Net Banking,Online,Mobile,0
7137,2493,862.46,2025-03-06 06:17:00,Healthcare,Debit Card,Mobile,POS,0
7138,96,1024.31,2024-02-22 13:40:00,Food,Credit Card,Online,Desktop,0
7139,4440,4329.16,2025-05-16 19:06:00,Healthcare,Credit Card,ATM,Tablet,0
7140,244,1793.28,2025-05-02 13:24:00,Other,Credit Card,In-store,Desktop,0
7141,8730,2587.05,2024-11-16 03:08:00,Grocery,Net Banking,ATM,POS,0
7142,4372,679.0,2024-07-04 03:23:00,Utilities,UPI,In-store,POS,0
7143,1836,9184.64,2024-02-25 01:54:00,Shopping,Debit Card,Mobile,Tablet,0
7144,3858,659.05,2024-03-12 08:06:00,Entertainment,Debit Card,Mobile,POS,0
7145,7268,346.39,2025-07-15 17:17:00,Shopping,Debit Card,In-store,Tablet,0
7146,9870,3011.91,2024-05-10 03:59:00,Grocery,Debit Card,ATM,Desktop,0
7147,5978,3653.64,2025-12-04 13:13:00,Shopping,Net Banking,Online,Mobile,0
7148,6541,1001.08,2024-02-10 21:36:00,Travel,Cash,In-store,Mobile,0
7149,602,1557.72,2024-03-02 00:07:00,Entertainment,Debit Card,Mobile,Tablet,0
7150,6185,1069.31,2024-12-11 19:46:00,Shopping,Debit Card,In-store,Tablet,0
7151,7119,696.06,2024-10-10 09:27:00,Shopping,Net Banking,Online,POS,0
7152,3513,3357.33,2024-09-03 07:14:00,Electronics,UPI,Online,Mobile,0
7153,7639,2829.7,2025-09-25 19:36:00,Other,UPI,ATM,Tablet,0
7154,6794,1328.45,2024-09-30 17:22:00,Entertainment,Credit Card,Mobile,Mobile,0
7155,8133,1215.96,2024-08-30 04:01:00,Healthcare,Debit Card,Online,Mobile,0
7156,9266,397.3,2025-07-20 18:20:00,Shopping,UPI,Online,Desktop,0
7157,1636,2028.21,2024-08-13 05:51:00,Entertainment,Net Banking,ATM,Desktop,0
7158,8464,5145.58,2025-01-27 06:34:00,Shopping,UPI,ATM,Mobile,0
7159,6112,2537.69,2025-09-23 00:10:00,Utilities,Cash,Mobile,Mobile,0
7160,8075,1411.53,2024-04-03 18:47:00,Shopping,Credit Card,ATM,POS,0
7161,3943,78.85,2025-09-20 08:51:00,Entertainment,Debit Card,In-store,Desktop,0
7162,4065,5326.62,2025-05-12 03:06:00,Electronics,Credit Card,In-store,Mobile,0
7163,9699,736.47,2024-09-09 13:14:00,Entertainment,Net Banking,Mobile,Mobile,0
7164,6640,713.21,2024-09-04 14:39:00,Food,UPI,In-store,Tablet,0
7165,7108,1268.23,2024-06-18 05:58:00,Entertainment,Credit Card,Online,Desktop,0
7166,5591,1121.31,2024-08-13 08:06:00,Shopping,Debit Card,Online,POS,0
7167,193,6558.82,2024-01-04 07:42:00,Food,Net Banking,ATM,POS,0
7168,508,360.66,2024-11-11 13:37:00,Other,UPI,ATM,Desktop,0
7169,1162,2336.71,2025-09-06 12:28:00,Utilities,Debit Card,Mobile,Desktop,0
7170,7479,225.81,2024-08-06 07:06:00,Utilities,Net Banking,In-store,Tablet,0
7171,4000,648.41,2024-03-24 13:45:00,Food,Credit Card,Mobile,Desktop,0
7172,7725,2561.26,2025-03-30 14:09:00,Travel,Net Banking,In-store,Desktop,0
7173,6331,3259.72,2025-01-28 19:48:00,Shopping,UPI,Online,Desktop,0
7174,7014,1265.7,2025-01-24 00:34:00,Entertainment,UPI,In-store,POS,0
7175,6431,3115.07,2024-10-05 06:56:00,Travel,Debit Card,ATM,Mobile,0
7176,3541,5470.65,2025-11-20 15:27:00,Entertainment,UPI,Mobile,Tablet,0
7177,4568,5491.11,2025-06-20 10:20:00,Grocery,UPI,In-store,POS,0
7178,1659,838.54,2024-01-22 15:32:00,Shopping,Net Banking,ATM,Mobile,0
7179,2136,748.34,2025-09-22 12:53:00,Other,UPI,In-store,Desktop,0
7180,4532,2592.5,2025-03-28 19:13:00,Travel,Debit Card,Mobile,Tablet,0
7181,5894,2123.18,2025-01-16 04:45:00,Healthcare,Credit Card,ATM,Mobile,0
7182,3804,996.03,2024-03-20 19:53:00,Entertainment,Cash,Mobile,POS,0
7183,3834,519.29,2025-12-16 21:24:00,Other,Debit Card,ATM,Tablet,0
7184,1866,1926.93,2024-06-21 12:13:00,Electronics,UPI,ATM,POS,0
7185,9039,1125.08,2024-08-11 10:22:00,Travel,UPI,Online,Desktop,0
7186,9151,283.39,2025-02-18 08:15:00,Grocery,Cash,Mobile,Tablet,0
7187,2904,2039.13,2024-10-24 07:24:00,Utilities,Cash,Mobile,POS,0
7188,5183,2392.5,2025-09-06 15:01:00,Other,Debit Card,Online,Desktop,0
7189,9290,905.84,2025-12-03 18:15:00,Grocery,Net Banking,Online,Tablet,0
7190,5594,3567.04,2025-10-22 22:04:00,Travel,Credit Card,ATM,Desktop,0
7191,8065,153.06,2025-04-08 22:51:00,Utilities,Credit Card,Mobile,POS,0
7192,3092,1370.0,2024-01-23 12:36:00,Travel,UPI,In-store,POS,0
7193,9245,6262.39,2024-12-19 11:24:00,Travel,Credit Card,Mobile,Desktop,0
7194,2754,422.59,2024-01-21 15:27:00,Travel,Credit Card,Mobile,Tablet,0
7195,1730,378.27,2025-04-01 13:05:00,Entertainment,Credit Card,Online,POS,0
7196,1992,951.87,2025-03-23 08:22:00,Entertainment,Debit Card,Mobile,Mobile,0
7197,4918,624.18,2024-08-22 08:23:00,Shopping,Cash,In-store,Desktop,0
7198,3929,500.86,2024-09-23 15:10:00,Food,Credit Card,Online,POS,0
7199,1298,5985.2,2024-06-21 07:54:00,Travel,Credit Card,In-store,POS,0
7200,9965,845.78,2025-08-22 20:33:00,Food,Credit Card,Mobile,Desktop,0
7201,1745,123.41,2025-09-05 16:51:00,Other,Credit Card,Mobile,Desktop,0
7202,1288,4600.81,2024-07-19 01:24:00,Healthcare,Credit Card,In-store,Mobile,0
7203,7219,1189.31,2025-01-08 01:48:00,Entertainment,Credit Card,ATM,Desktop,0
7204,1875,2663.17,2024-08-22 02:45:00,Grocery,Debit Card,Online,Mobile,0
7205,7013,915.67,2024-06-11 02:39:00,Shopping,Net Banking,ATM,Desktop,0
7206,3538,5471.94,2025-12-13 17:03:00,Food,Credit Card,ATM,Tablet,0
7207,8825,678.79,2024-09-13 02:33:00,Other,Credit Card,In-store,Tablet,0
7208,7730,2173.96,2024-09-18 14:09:00,Utilities,Net Banking,Mobile,Desktop,0
7209,7721,3478.47,2024-10-27 04:54:00,Electronics,Debit Card,In-store,POS,0
7210,7484,543.44,2025-03-22 08:55:00,Electronics,Debit Card,In-store,POS,0
7211,4421,3234.04,2024-07-09 07:26:00,Shopping,UPI,ATM,Desktop,0
7212,6991,3143.09,2024-11-15 05:33:00,Food,Debit Card,Online,Tablet,0
7213,223,6660.93,2024-03-09 07:55:00,Food,Credit Card,ATM,Mobile,0
7214,5726,5123.02,2024-04-04 19:03:00,Healthcare,Debit Card,Online,POS,0
7215,839,984.04,2025-08-09 20:50:00,Utilities,Net Banking,ATM,Mobile,0
7216,4884,1785.85,2024-06-29 09:35:00,Entertainment,Credit Card,Mobile,Desktop,0
7217,39,5188.4,2025-04-26 13:57:00,Other,UPI,Mobile,Mobile,0
7218,9987,8.77,2024-06-20 07:01:00,Shopping,Debit Card,ATM,Mobile,0
7219,771,1974.23,2024-07-19 19:45:00,Healthcare,Debit Card,ATM,Desktop,0
7220,3335,485.07,2024-03-19 02:49:00,Grocery,Net Banking,ATM,Desktop,0
7221,2433,2684.68,2024-04-13 08:52:00,Healthcare,UPI,Online,Mobile,0
7222,5531,3183.88,2024-07-02 17:07:00,Grocery,Cash,In-store,Tablet,0
7223,8897,2496.26,2025-04-18 17:48:00,Food,Credit Card,ATM,Mobile,0
7224,5588,11082.31,2025-01-12 23:11:00,Healthcare,Credit Card,In-store,POS,0
7225,4204,1305.0,2024-06-05 17:59:00,Electronics,UPI,Online,Tablet,0
7226,1211,1648.09,2024-07-10 07:50:00,Travel,Net Banking,In-store,Mobile,0
7227,6402,1051.85,2024-01-09 10:54:00,Utilities,Net Banking,In-store,POS,0
7228,764,7298.02,2024-06-24 08:32:00,Food,Debit Card,Mobile,Tablet,0
7229,352,5121.58,2024-01-22 16:32:00,Other,Credit Card,Mobile,POS,0
7230,8468,8630.5,2024-02-28 12:08:00,Shopping,Debit Card,Mobile,Desktop,0
7231,3556,8384.96,2024-06-20 01:30:00,Other,Credit Card,ATM,Mobile,0
7232,8475,4516.31,2024-06-08 04:15:00,Healthcare,Debit Card,ATM,Desktop,0
7233,3668,5343.75,2025-09-15 11:36:00,Electronics,Credit Card,Mobile,Tablet,0
7234,9911,255.4,2024-10-12 14:15:00,Healthcare,UPI,ATM,POS,0
7235,319,381.18,2025-04-10 05:45:00,Food,Cash,In-store,POS,0
7236,8917,4328.91,2024-04-22 22:15:00,Entertainment,UPI,Mobile,Desktop,0
7237,7723,2595.11,2024-06-14 20:38:00,Other,Cash,In-store,Desktop,0
7238,1669,4158.7,2024-02-13 02:24:00,Electronics,UPI,ATM,Tablet,0
7239,4471,2939.64,2024-05-19 00:18:00,Travel,UPI,In-store,Tablet,0
7240,1525,300.68,2025-04-16 16:51:00,Entertainment,Debit Card,Mobile,Mobile,0
7241,1727,4967.39,2025-05-16 21:48:00,Utilities,Net Banking,Online,Tablet,0
7242,4246,2950.06,2025-02-08 17:34:00,Grocery,Debit Card,ATM,Tablet,0
7243,3164,1691.69,2025-02-17 16:29:00,Other,UPI,In-store,Tablet,0
7244,6796,1520.12,2025-10-24 16:22:00,Food,Credit Card,Online,Tablet,0
7245,6759,1705.69,2025-09-12 18:45:00,Grocery,Net Banking,Mobile,Desktop,0
7246,4810,989.96,2025-02-18 08:33:00,Shopping,Credit Card,Online,Desktop,0
7247,240,3251.33,2025-02-21 05:32:00,Travel,Credit Card,Mobile,POS,0
7248,611,4794.18,2025-05-26 04:51:00,Grocery,UPI,Mobile,Tablet,0
7249,229,583.15,2024-02-07 06:04:00,Utilities,Debit Card,Online,Desktop,0
7250,5009,77.58,2025-09-06 11:53:00,Entertainment,Credit Card,Online,Mobile,0
7251,8948,453.62,2024-11-01 03:38:00,Food,UPI,Online,POS,0
7252,6875,2832.18,2025-02-26 12:24:00,Electronics,Debit Card,ATM,Desktop,0
7253,8500,4055.99,2024-11-02 11:01:00,Entertainment,UPI,Online,Tablet,0
7254,9501,857.16,2024-11-18 15:12:00,Food,Cash,Mobile,Tablet,0
7255,1353,330.66,2024-01-17 06:27:00,Entertainment,Credit Card,In-store,POS,0
7256,3251,3911.39,2025-10-15 04:28:00,Travel,Net Banking,Mobile,Desktop,0
7257,922,483.23,2025-08-27 23:08:00,Food,UPI,In-store,POS,0
7258,736,553.81,2025-10-26 09:25:00,Electronics,Debit Card,Online,Mobile,0
7259,3403,194.37,2024-09-07 04:01:00,Grocery,Cash,Online,POS,0
7260,5896,4823.11,2024-08-20 14:16:00,Utilities,Net Banking,ATM,POS,0
7261,5844,791.2,2025-05-13 12:29:00,Travel,Credit Card,Online,Mobile,0
7262,3364,377.1,2025-12-30 14:23:00,Healthcare,UPI,In-store,Tablet,0
7263,1178,6142.85,2024-07-28 14:08:00,Shopping,UPI,ATM,Mobile,0
7264,5081,817.5,2025-03-01 01:15:00,Travel,UPI,In-store,Tablet,0
7265,919,2752.58,2024-05-29 20:59:00,Other,Net Banking,Online,Tablet,0
7266,3046,523.76,2024-04-13 09:23:00,Food,Cash,Mobile,Mobile,0
7267,8668,2595.29,2024-02-24 11:29:00,Shopping,Credit Card,Mobile,Tablet,0
7268,331,528.35,2025-01-30 20:55:00,Electronics,Credit Card,Mobile,Desktop,1
7269,349,2030.79,2025-03-19 02:38:00,Electronics,UPI,Online,Desktop,0
7270,6060,1162.72,2024-10-28 11:52:00,Healthcare,UPI,In-store,POS,0
7271,468,3206.09,2025-06-08 17:30:00,Electronics,Credit Card,ATM,Desktop,0
7272,1752,2620.68,2024-02-11 15:04:00,Healthcare,Net Banking,ATM,POS,0
7273,687,5481.73,2024-12-26 10:12:00,Other,Net Banking,ATM,Desktop,0
7274,4265,945.21,2024-11-13 16:10:00,Travel,Debit Card,Mobile,Desktop,0
7275,7437,2807.57,2024-01-12 03:09:00,Shopping,UPI,ATM,Desktop,0
7276,9914,6937.47,2025-12-29 17:17:00,Travel,UPI,Mobile,Desktop,0
7277,8130,819.88,2024-03-02 00:32:00,Other,Net Banking,ATM,Tablet,0
7278,9970,684.99,2024-08-11 20:33:00,Food,Cash,Mobile,POS,0
7279,3258,2931.11,2025-01-15 00:28:00,Shopping,UPI,ATM,POS,0
7280,6875,1179.45,2025-02-17 10:51:00,Grocery,UPI,Online,Tablet,0
7281,9574,1017.16,2025-09-19 14:22:00,Grocery,Cash,ATM,Desktop,0
7282,5442,1577.61,2025-09-28 10:18:00,Other,Debit Card,In-store,Mobile,0
7283,8446,5483.13,2025-01-11 01:51:00,Utilities,Credit Card,Online,Mobile,0
7284,7621,175.15,2025-06-13 18:07:00,Food,Credit Card,In-store,Mobile,0
7285,27,1253.54,2025-03-24 15:27:00,Grocery,Credit Card,ATM,POS,0
7286,2619,233.38,2025-06-10 01:42:00,Travel,UPI,ATM,Tablet,0
7287,987,4301.21,2025-07-15 23:47:00,Other,UPI,Online,Mobile,0
7288,1614,293.99,2025-08-02 16:04:00,Travel,UPI,ATM,Desktop,0
7289,9371,187.97,2024-06-06 12:21:00,Food,Debit Card,Mobile,POS,0
7290,2747,6634.87,2025-11-07 22:28:00,Electronics,Debit Card,Online,Mobile,0
7291,8888,1657.21,2025-10-12 08:09:00,Food,UPI,Online,POS,1
7292,6613,3496.17,2024-05-25 06:05:00,Utilities,Credit Card,ATM,Tablet,0
7293,3377,1270.73,2025-09-23 12:17:00,Food,Net Banking,Online,Mobile,0
7294,1756,1144.13,2025-02-07 07:02:00,Food,Credit Card,Mobile,Mobile,0
7295,8849,4851.99,2024-02-15 09:00:00,Entertainment,Debit Card,Online,Desktop,0
7296,4474,9185.02,2024-05-16 06:26:00,Entertainment,Credit Card,Mobile,POS,0
7297,1273,1927.46,2025-08-05 06:26:00,Food,Credit Card,In-store,Mobile,0
7298,6912,5006.67,2024-06-04 13:35:00,Electronics,UPI,Mobile,Desktop,0
7299,4006,3971.45,2025-08-04 08:58:00,Healthcare,UPI,Mobile,Tablet,0
7300,1025,1570.57,2024-08-03 00:04:00,Electronics,Debit Card,Mobile,Mobile,0
7301,2586,5663.95,2024-06-16 01:16:00,Other,Net Banking,Mobile,Tablet,0
7302,7365,471.59,2025-05-09 02:14:00,Healthcare,UPI,In-store,Tablet,0
7303,9924,4322.95,2025-04-24 05:59:00,Food,Debit Card,ATM,Tablet,0
7304,5997,740.26,2025-11-19 15:07:00,Travel,Net Banking,In-store,Desktop,0
7305,8820,61.98,2024-03-22 21:29:00,Other,Net Banking,ATM,Mobile,0
7306,6573,3093.75,2024-12-16 19:46:00,Shopping,UPI,ATM,Tablet,0
7307,269,5319.02,2025-01-16 15:16:00,Travel,UPI,Online,Tablet,0
7308,2657,488.69,2025-08-13 17:35:00,Grocery,UPI,Mobile,Mobile,0
7309,1433,1527.51,2024-12-04 20:42:00,Grocery,UPI,Online,Tablet,0
7310,7442,2767.37,2024-11-30 16:09:00,Shopping,UPI,ATM,Desktop,0
7311,8247,805.81,2025-11-14 21:53:00,Utilities,UPI,In-store,POS,0
7312,6043,317.8,2025-08-26 16:43:00,Utilities,Debit Card,Mobile,POS,0
7313,6712,995.97,2024-10-12 19:49:00,Travel,UPI,ATM,Tablet,0
7314,9585,1219.71,2024-09-08 07:52:00,Healthcare,Debit Card,Mobile,Mobile,0
7315,9986,2711.3,2024-01-23 13:30:00,Food,UPI,Mobile,Mobile,0
7316,8124,443.0,2024-10-05 10:32:00,Food,UPI,Mobile,Mobile,0
7317,6228,3376.01,2024-11-03 15:46:00,Healthcare,UPI,ATM,POS,0
7318,2342,1395.03,2025-02-18 01:37:00,Shopping,Credit Card,Online,Tablet,0
7319,3018,4684.53,2024-11-03 08:06:00,Other,UPI,Online,Mobile,0
7320,8156,1668.44,2024-05-31 17:14:00,Food,Net Banking,Mobile,Tablet,0
7321,8659,1184.27,2024-08-12 07:29:00,Utilities,Credit Card,Online,Desktop,0
7322,8757,675.97,2024-06-05 03:44:00,Grocery,UPI,In-store,POS,0
7323,2431,224.64,2025-07-09 16:23:00,Food,Credit Card,ATM,Tablet,0
7324,4256,929.49,2025-02-26 23:25:00,Travel,UPI,Mobile,Desktop,0
7325,6374,1067.59,2025-03-05 18:21:00,Electronics,Credit Card,In-store,POS,0
7326,7372,1679.99,2024-11-02 02:15:00,Travel,Net Banking,Online,Mobile,0
7327,1795,3930.1,2024-06-15 19:30:00,Other,Debit Card,Mobile,Desktop,0
7328,832,1246.55,2025-11-09 02:49:00,Other,Debit Card,Mobile,POS,0
7329,6540,754.58,2024-11-17 01:27:00,Electronics,Net Banking,In-store,Tablet,0
7330,282,4131.21,2025-02-19 13:09:00,Other,Cash,In-store,POS,0
7331,6949,2647.9,2025-02-28 15:01:00,Travel,Credit Card,Mobile,POS,0
7332,7538,733.54,2024-12-07 11:07:00,Travel,Debit Card,Mobile,Desktop,0
7333,3658,365.31,2024-11-11 07:31:00,Food,UPI,Online,Desktop,0
7334,3628,687.88,2025-05-18 12:37:00,Entertainment,Net Banking,Mobile,Mobile,0
7335,8331,263.95,2024-08-07 12:27:00,Grocery,UPI,ATM,Desktop,0
7336,6099,4674.69,2024-08-28 09:15:00,Grocery,UPI,In-store,Tablet,0
7337,4549,1892.09,2025-09-17 05:21:00,Food,UPI,Mobile,Desktop,0
7338,7448,3983.05,2024-06-12 19:20:00,Entertainment,UPI,Mobile,Tablet,0
7339,9443,3433.61,2025-08-30 12:54:00,Shopping,Debit Card,In-store,Tablet,0
7340,6748,332.67,2024-03-25 03:05:00,Electronics,Credit Card,Mobile,POS,0
7341,8723,1170.38,2024-03-25 23:00:00,Shopping,Net Banking,ATM,Desktop,0
7342,9926,7155.63,2024-06-02 17:27:00,Healthcare,Credit Card,In-store,Tablet,0
7343,9528,532.61,2025-05-19 02:59:00,Other,Cash,In-store,POS,0
7344,3703,103.09,2025-12-15 20:09:00,Healthcare,Debit Card,Mobile,POS,0
7345,109,849.33,2024-02-22 00:30:00,Utilities,Cash,Mobile,Tablet,0
7346,8167,1430.56,2024-06-30 01:08:00,Shopping,UPI,ATM,Desktop,0
7347,723,115.0,2024-10-25 11:43:00,Grocery,Net Banking,Mobile,Mobile,0
7348,499,1112.6,2025-12-03 22:22:00,Utilities,Net Banking,ATM,Tablet,0
7349,9311,584.49,2025-11-13 18:05:00,Utilities,UPI,In-store,Mobile,0
7350,9708,476.81,2024-02-11 05:57:00,Travel,UPI,Mobile,Desktop,0
7351,6993,612.8,2024-11-13 10:06:00,Utilities,Credit Card,ATM,Mobile,0
7352,2831,222.75,2024-02-09 18:05:00,Entertainment,Debit Card,ATM,POS,0
7353,3518,159.49,2024-02-10 19:00:00,Healthcare,Debit Card,Mobile,Mobile,0
7354,6283,1811.92,2024-07-15 05:57:00,Electronics,Credit Card,In-store,Mobile,0
7355,269,5906.52,2025-02-04 15:06:00,Entertainment,UPI,Mobile,Tablet,0
7356,8529,3266.85,2024-09-30 18:18:00,Entertainment,UPI,Online,Mobile,0
7357,5148,3590.31,2025-09-22 16:04:00,Food,Credit Card,In-store,Tablet,0
7358,5276,2656.67,2025-09-19 09:08:00,Healthcare,UPI,In-store,Tablet,0
7359,7184,6246.35,2024-03-07 14:38:00,Entertainment,Net Banking,Mobile,Tablet,0
7360,5924,6013.61,2024-09-23 05:41:00,Healthcare,Credit Card,ATM,Tablet,0
7361,3825,3012.89,2025-12-17 16:06:00,Other,Net Banking,Mobile,Desktop,0
7362,1192,2517.18,2025-05-23 19:14:00,Entertainment,Credit Card,Online,Mobile,0
7363,7060,728.49,2025-12-06 09:02:00,Utilities,Credit Card,Online,Tablet,0
7364,353,191.19,2025-02-06 10:42:00,Utilities,Net Banking,Online,POS,0
7365,2562,194.93,2024-06-15 22:30:00,Shopping,UPI,ATM,Tablet,0
7366,205,2665.59,2025-04-08 11:32:00,Electronics,Credit Card,Mobile,Tablet,0
7367,3330,57.57,2024-11-09 09:41:00,Grocery,Credit Card,Mobile,Mobile,0
7368,1787,3390.09,2025-12-23 12:26:00,Other,Net Banking,Mobile,POS,0
7369,2432,912.92,2024-08-28 09:42:00,Other,Net Banking,ATM,POS,0
7370,3429,426.59,2024-11-30 06:15:00,Entertainment,Debit Card,Online,Desktop,0
7371,2373,1047.11,2025-04-17 04:45:00,Entertainment,Net Banking,Online,Mobile,0
7372,2118,2429.88,2024-06-07 01:05:00,Travel,Credit Card,ATM,POS,0
7373,562,643.47,2024-03-01 18:56:00,Travel,Credit Card,Mobile,Tablet,0
7374,1888,381.4,2024-04-30 04:06:00,Food,Cash,ATM,Mobile,1
7375,4272,2677.94,2025-04-04 04:09:00,Food,UPI,Mobile,POS,0
7376,6655,4251.91,2024-03-16 09:49:00,Entertainment,Credit Card,In-store,Mobile,0
7377,8913,1761.58,2024-12-06 22:20:00,Food,Debit Card,In-store,Mobile,0
7378,393,1484.07,2025-08-16 07:45:00,Travel,UPI,ATM,Desktop,0
7379,245,2811.98,2025-05-08 13:26:00,Healthcare,Debit Card,Online,Tablet,0
7380,5032,2638.37,2024-05-05 20:42:00,Shopping,UPI,ATM,Desktop,0
7381,8322,12.6,2025-11-18 17:46:00,Healthcare,Credit Card,Online,POS,0
7382,6729,662.14,2025-08-24 09:59:00,Utilities,Credit Card,ATM,POS,0
7383,9875,5376.88,2025-12-27 06:57:00,Shopping,Debit Card,Mobile,Desktop,0
7384,4705,6447.89,2025-04-29 20:02:00,Utilities,UPI,In-store,Mobile,0
7385,8057,1427.87,2025-01-07 05:25:00,Food,UPI,Mobile,POS,0
7386,3091,1642.37,2024-07-15 11:04:00,Healthcare,UPI,In-store,Tablet,0
7387,4845,1.31,2024-02-20 01:53:00,Healthcare,Debit Card,In-store,Tablet,0
7388,1853,2231.56,2024-09-15 12:11:00,Other,Credit Card,ATM,Tablet,0
7389,7143,477.62,2025-05-24 14:42:00,Food,Debit Card,ATM,POS,0
7390,7358,273.73,2025-02-11 22:55:00,Entertainment,Debit Card,Mobile,POS,0
7391,7821,726.78,2024-11-27 14:08:00,Electronics,UPI,Mobile,Tablet,0
7392,1938,2186.61,2024-11-30 23:45:00,Entertainment,UPI,Mobile,Desktop,0
7393,4994,1146.58,2025-03-08 21:20:00,Electronics,Debit Card,Online,POS,0
7394,6147,858.67,2025-08-03 22:11:00,Utilities,Credit Card,ATM,Tablet,0
7395,902,2595.16,2024-01-08 05:16:00,Healthcare,Debit Card,Mobile,Tablet,0
7396,8092,3361.01,2025-03-01 02:31:00,Healthcare,Debit Card,ATM,POS,0
7397,1357,4068.21,2024-12-08 04:02:00,Grocery,Credit Card,In-store,Desktop,0
7398,1364,1176.68,2024-05-23 07:32:00,Travel,Credit Card,Online,Tablet,0
7399,6304,2530.48,2025-09-10 15:17:00,Electronics,Debit Card,In-store,POS,0
7400,9087,4329.36,2024-07-26 23:11:00,Entertainment,UPI,Mobile,Tablet,0
7401,3487,4791.74,2025-03-03 01:49:00,Other,Debit Card,ATM,Mobile,0
7402,7433,1355.03,2024-01-10 20:23:00,Shopping,Credit Card,In-store,Tablet,0
7403,6211,878.02,2025-12-29 10:51:00,Grocery,Credit Card,In-store,Mobile,0
7404,1974,4608.9,2025-09-21 11:21:00,Utilities,UPI,Mobile,Desktop,0
7405,9311,606.08,2024-01-03 03:30:00,Grocery,Debit Card,Online,Mobile,0
7406,9935,3187.6,2025-05-28 06:13:00,Other,Credit Card,ATM,Desktop,0
7407,4337,4786.22,2024-05-31 10:43:00,Other,Debit Card,Online,Tablet,0
7408,2797,2691.99,2025-11-05 23:47:00,Travel,Debit Card,In-store,Mobile,0
7409,7297,2277.99,2025-06-01 08:33:00,Electronics,Credit Card,Online,Mobile,0
7410,9736,104.01,2025-02-04 16:37:00,Shopping,Debit Card,Online,Mobile,0
7411,425,454.99,2025-09-19 19:12:00,Healthcare,UPI,ATM,Desktop,0
7412,3297,2196.64,2025-03-21 23:51:00,Travel,Credit Card,Online,POS,0
7413,9730,3076.05,2024-02-10 14:46:00,Food,Debit Card,In-store,Mobile,0
7414,1201,130.98,2025-08-28 17:18:00,Other,Credit Card,Mobile,Tablet,0
7415,7261,38.49,2025-07-05 14:02:00,Shopping,Credit Card,Online,Tablet,0
7416,9487,746.52,2024-10-18 10:01:00,Electronics,Debit Card,In-store,POS,0
7417,6141,2071.02,2025-02-21 18:40:00,Entertainment,Cash,Online,POS,0
7418,8626,1435.05,2024-03-05 15:53:00,Other,UPI,Online,Mobile,0
7419,2796,16.79,2025-03-03 14:58:00,Shopping,Net Banking,Online,Tablet,0
7420,1966,328.83,2025-09-15 18:14:00,Travel,Credit Card,ATM,Desktop,0
7421,7628,2790.27,2024-11-18 18:14:00,Electronics,Net Banking,Online,Mobile,0
7422,5634,706.68,2025-04-05 08:19:00,Entertainment,Debit Card,In-store,Mobile,0
7423,6869,249.29,2025-10-29 01:52:00,Electronics,Credit Card,In-store,Tablet,0
7424,669,104.41,2024-08-22 21:57:00,Utilities,Net Banking,ATM,Desktop,0
7425,7069,3800.14,2025-08-16 08:25:00,Healthcare,UPI,Online,Mobile,0
7426,4467,1276.05,2024-09-28 00:33:00,Grocery,Credit Card,In-store,Mobile,0
7427,9311,1401.06,2024-08-22 01:14:00,Electronics,Debit Card,Online,Tablet,0
7428,5309,126.61,2025-04-05 07:25:00,Shopping,UPI,ATM,POS,0
7429,4961,1341.13,2024-01-03 13:03:00,Shopping,Credit Card,Online,Desktop,0
7430,2308,2075.64,2024-03-18 08:34:00,Healthcare,Debit Card,Mobile,POS,0
7431,7356,262.04,2025-07-13 13:01:00,Utilities,Debit Card,Online,Desktop,0
7432,6405,4656.13,2025-05-28 23:50:00,Electronics,Debit Card,In-store,Tablet,0
7433,4653,3058.93,2025-10-17 09:49:00,Grocery,Credit Card,Mobile,POS,0
7434,1288,3237.82,2025-09-06 21:03:00,Healthcare,Debit Card,ATM,POS,0
7435,1862,1538.04,2025-05-23 18:13:00,Travel,Cash,ATM,Tablet,0
7436,2985,812.7,2025-06-30 21:35:00,Grocery,UPI,ATM,Desktop,0
7437,5130,2045.82,2024-10-21 03:54:00,Grocery,Net Banking,Mobile,Desktop,0
7438,804,510.74,2024-08-28 12:35:00,Travel,Credit Card,Online,POS,0
7439,4199,294.41,2024-12-02 05:34:00,Utilities,Debit Card,ATM,Desktop,0
7440,2958,1545.81,2025-11-02 06:00:00,Electronics,UPI,In-store,Mobile,0
7441,6988,1302.58,2025-12-02 13:05:00,Entertainment,UPI,In-store,Tablet,0
7442,6929,325.7,2024-12-02 20:15:00,Entertainment,Debit Card,Online,POS,0
7443,501,1511.76,2025-05-06 00:06:00,Healthcare,Debit Card,ATM,Desktop,0
7444,1229,1581.38,2024-05-12 23:46:00,Utilities,Credit Card,ATM,POS,0
7445,97,4103.88,2024-09-21 05:42:00,Electronics,UPI,Mobile,POS,0
7446,6541,2847.66,2024-10-26 21:16:00,Grocery,Debit Card,In-store,Desktop,0
7447,8112,490.69,2025-03-01 05:57:00,Healthcare,Credit Card,In-store,Desktop,0
7448,3885,3406.75,2025-03-12 06:46:00,Travel,UPI,Online,Tablet,0
7449,3639,6948.45,2024-06-16 11:06:00,Healthcare,Credit Card,Mobile,Mobile,0
7450,4658,2521.93,2024-10-22 09:34:00,Electronics,Cash,Mobile,POS,0
7451,2544,3092.96,2025-12-09 17:40:00,Utilities,UPI,Online,POS,0
7452,7700,619.66,2024-03-11 02:09:00,Shopping,UPI,In-store,Mobile,0
7453,9580,9632.41,2024-05-04 00:15:00,Food,UPI,ATM,Tablet,0
7454,9558,388.13,2024-03-08 08:11:00,Other,Debit Card,ATM,Mobile,0
7455,6093,2779.48,2024-04-26 14:21:00,Healthcare,Credit Card,Online,Desktop,0
7456,8384,1005.78,2024-05-04 16:49:00,Travel,Debit Card,Mobile,Desktop,0
7457,6382,882.81,2025-07-01 14:32:00,Electronics,Net Banking,In-store,POS,0
7458,225,671.39,2024-05-05 15:42:00,Utilities,Credit Card,In-store,Desktop,0
7459,7357,1163.43,2025-09-21 08:50:00,Grocery,UPI,In-store,Mobile,0
7460,773,3129.64,2024-03-26 11:50:00,Grocery,Cash,Mobile,Mobile,0
7461,9438,5659.51,2024-04-04 11:11:00,Shopping,Debit Card,ATM,POS,0
7462,3013,1076.52,2025-02-01 06:34:00,Healthcare,Debit Card,Mobile,Tablet,0
7463,2667,2109.22,2024-09-13 23:01:00,Travel,UPI,Mobile,Tablet,0
7464,1625,3104.45,2025-09-27 02:04:00,Other,Credit Card,ATM,POS,0
7465,8124,210.13,2024-06-15 04:21:00,Grocery,Credit Card,Online,Desktop,0
7466,3475,6465.12,2024-06-13 16:52:00,Food,Debit Card,In-store,POS,0
7467,4153,475.58,2025-12-07 17:12:00,Grocery,Net Banking,ATM,Tablet,0
7468,520,4932.07,2025-05-05 20:22:00,Utilities,Credit Card,Mobile,Tablet,0
7469,3530,8625.43,2024-01-31 10:54:00,Grocery,UPI,ATM,POS,0
7470,9618,211.62,2025-02-02 13:06:00,Entertainment,Credit Card,Online,Mobile,0
7471,873,4465.13,2025-06-08 12:13:00,Electronics,Debit Card,Mobile,POS,0
7472,958,2048.36,2024-06-20 06:39:00,Other,Credit Card,In-store,Desktop,0
7473,3032,3406.69,2025-10-14 15:49:00,Travel,UPI,Online,POS,0
7474,8429,231.04,2025-08-23 23:44:00,Healthcare,Debit Card,ATM,Tablet,0
7475,4429,3594.69,2024-03-09 23:14:00,Utilities,Debit Card,ATM,Tablet,0
7476,7992,1967.18,2025-11-03 15:35:00,Electronics,Credit Card,Online,Mobile,0
7477,4721,1429.23,2025-04-13 12:20:00,Grocery,UPI,Mobile,POS,0
7478,3227,1642.11,2025-10-19 11:12:00,Electronics,UPI,Online,Desktop,0
7479,1568,2728.81,2024-02-12 01:28:00,Shopping,UPI,Mobile,Mobile,0
7480,910,706.61,2024-07-11 00:36:00,Other,UPI,Online,Mobile,0
7481,1961,5746.22,2024-12-29 00:42:00,Shopping,UPI,In-store,POS,0
7482,6262,735.29,2025-01-16 20:21:00,Grocery,Debit Card,Online,Desktop,0
7483,1386,4192.45,2025-03-01 23:53:00,Electronics,Credit Card,Online,Tablet,0
7484,816,24.37,2024-01-08 10:55:00,Entertainment,Credit Card,Online,Mobile,0
7485,5350,4965.34,2025-04-19 02:08:00,Shopping,Net Banking,ATM,Desktop,0
7486,3785,3815.39,2024-04-08 19:33:00,Other,Credit Card,ATM,Mobile,0
7487,9002,265.19,2025-07-28 03:37:00,Utilities,Debit Card,Online,Tablet,0
7488,322,2670.62,2024-05-19 15:31:00,Shopping,UPI,ATM,Tablet,0
7489,4399,937.18,2025-07-20 17:46:00,Other,Debit Card,Online,Mobile,0
7490,7643,1307.0,2024-12-14 03:39:00,Entertainment,UPI,Online,POS,0
7491,844,142.12,2024-02-03 20:20:00,Entertainment,Net Banking,Online,Tablet,0
7492,2572,477.97,2024-09-08 09:34:00,Travel,Debit Card,ATM,Mobile,0
7493,6595,6142.9,2025-03-11 09:02:00,Utilities,Debit Card,In-store,Mobile,0
7494,8603,1082.4,2024-04-19 01:19:00,Entertainment,Credit Card,In-store,POS,0
7495,7331,52.75,2025-11-11 04:44:00,Grocery,UPI,ATM,Desktop,0
7496,7181,1447.53,2024-09-21 12:09:00,Shopping,Credit Card,In-store,Desktop,0
7497,6902,10479.77,2024-10-14 10:54:00,Grocery,Debit Card,Mobile,Mobile,0
7498,9016,809.39,2025-02-25 02:33:00,Travel,Net Banking,In-store,Mobile,1
7499,2501,304.47,2025-01-07 02:31:00,Other,Credit Card,In-store,Mobile,0
7500,2810,2063.14,2024-11-11 23:19:00,Grocery,Credit Card,Online,Mobile,0
7501,1876,5047.07,2025-02-20 00:01:00,Grocery,Credit Card,Online,Mobile,0
7502,4155,3920.11,2024-10-18 10:11:00,Travel,Credit Card,In-store,POS,0
7503,6103,2139.98,2025-12-29 02:55:00,Utilities,Net Banking,Online,POS,0
7504,3340,407.04,2024-05-20 16:38:00,Healthcare,UPI,ATM,Desktop,0
7505,8861,3068.29,2025-09-05 03:23:00,Food,Debit Card,Online,Mobile,0
7506,3072,3465.72,2024-04-26 03:16:00,Entertainment,Credit Card,Mobile,Desktop,0
7507,6592,3788.22,2024-12-07 10:56:00,Food,Credit Card,Online,Tablet,0
7508,2931,1034.83,2024-05-06 05:36:00,Food,Credit Card,Online,Mobile,0
7509,5675,1051.4,2024-08-05 18:51:00,Utilities,UPI,Online,Desktop,0
7510,9794,337.21,2024-03-21 07:03:00,Healthcare,Debit Card,Online,POS,0
7511,5254,2962.85,2024-10-10 09:53:00,Other,UPI,Online,Desktop,0
7512,8405,2672.92,2025-07-17 17:58:00,Travel,Credit Card,In-store,Tablet,0
7513,2147,210.16,2024-03-22 22:35:00,Utilities,UPI,In-store,Tablet,0
7514,3343,40.68,2025-08-14 22:34:00,Healthcare,Credit Card,Online,Tablet,0
7515,6802,6061.47,2024-10-31 17:42:00,Travel,Credit Card,Mobile,POS,0
7516,9265,34.84,2024-10-31 03:57:00,Utilities,Net Banking,Online,Mobile,0
7517,2223,1980.94,2025-02-17 01:19:00,Utilities,Net Banking,Online,Mobile,0
7518,5634,1208.96,2025-03-06 02:42:00,Grocery,UPI,ATM,POS,0
7519,4997,3004.88,2024-12-07 08:47:00,Healthcare,Net Banking,Online,Mobile,0
7520,6633,183.64,2024-02-23 04:04:00,Utilities,UPI,Mobile,Tablet,0
7521,9222,2293.76,2024-04-06 18:00:00,Electronics,Credit Card,Mobile,Desktop,0
7522,7923,1908.73,2024-04-19 15:02:00,Travel,Net Banking,ATM,POS,0
7523,2602,3842.75,2025-04-25 11:25:00,Other,Debit Card,Online,Desktop,0
7524,3539,1461.89,2025-07-08 03:16:00,Shopping,Cash,Online,Tablet,0
7525,8720,2606.06,2024-06-11 18:35:00,Grocery,UPI,In-store,POS,0
7526,5836,1151.02,2024-09-10 02:21:00,Travel,Credit Card,Mobile,POS,0
7527,8920,8267.65,2024-06-21 05:41:00,Travel,Debit Card,ATM,POS,0
7528,8785,1639.29,2025-08-05 22:55:00,Travel,UPI,Online,Mobile,0
7529,7768,2801.1,2024-04-16 20:51:00,Electronics,UPI,Online,Desktop,0
7530,3498,195.08,2024-01-18 15:13:00,Food,UPI,In-store,Desktop,0
7531,6720,1242.61,2025-12-26 04:10:00,Travel,UPI,In-store,Desktop,0
7532,7559,133.22,2025-11-29 16:15:00,Travel,Debit Card,Online,Desktop,0
7533,7497,259.56,2025-02-21 00:43:00,Grocery,Credit Card,ATM,Mobile,0
7534,5776,1410.99,2025-06-19 08:36:00,Healthcare,UPI,In-store,Mobile,0
7535,267,868.67,2024-07-11 15:35:00,Other,Net Banking,Online,Mobile,0
7536,3465,1231.72,2024-08-31 01:27:00,Healthcare,Debit Card,Online,Desktop,0
7537,6913,1370.93,2024-08-04 19:42:00,Healthcare,Debit Card,ATM,Mobile,0
7538,3884,348.11,2025-02-01 06:52:00,Entertainment,Debit Card,Mobile,Desktop,0
7539,9395,910.88,2025-06-24 09:22:00,Grocery,Credit Card,In-store,Mobile,0
7540,3848,3940.78,2024-05-19 12:37:00,Electronics,UPI,ATM,Desktop,0
7541,1607,3884.39,2025-02-25 18:18:00,Electronics,Debit Card,Online,Tablet,0
7542,6693,1349.11,2024-10-02 07:39:00,Grocery,Credit Card,In-store,Mobile,0
7543,6245,2765.77,2024-05-07 22:26:00,Electronics,Debit Card,Online,Tablet,0
7544,6789,2801.21,2024-09-18 20:38:00,Food,UPI,Online,POS,0
7545,7372,90.22,2025-05-24 00:07:00,Entertainment,Debit Card,Online,Mobile,0
7546,8660,1887.79,2025-02-19 18:12:00,Shopping,Credit Card,ATM,Tablet,0
7547,2071,3264.66,2024-09-16 22:08:00,Travel,Credit Card,In-store,Tablet,0
7548,4793,1802.66,2025-08-13 05:52:00,Entertainment,Cash,In-store,Tablet,0
7549,6721,1559.82,2025-10-18 18:07:00,Shopping,Debit Card,Mobile,POS,0
7550,7065,1515.23,2025-11-18 07:08:00,Grocery,UPI,ATM,Mobile,0
7551,659,1418.35,2025-12-29 01:14:00,Utilities,UPI,Mobile,POS,0
7552,537,3012.93,2024-09-12 23:02:00,Healthcare,Credit Card,Mobile,Desktop,1
7553,2428,2056.86,2024-03-14 21:25:00,Food,Debit Card,Online,Desktop,0
7554,6123,485.42,2024-05-16 06:17:00,Grocery,UPI,In-store,Desktop,0
7555,9042,1136.02,2024-04-25 18:00:00,Electronics,Debit Card,ATM,POS,0
7556,4925,1504.2,2025-10-29 06:45:00,Food,UPI,ATM,Mobile,0
7557,2092,1085.84,2024-04-23 22:00:00,Other,Debit Card,Online,Desktop,0
7558,9575,542.52,2025-02-27 03:21:00,Utilities,Credit Card,In-store,POS,0
7559,1677,266.47,2024-07-30 14:09:00,Utilities,Credit Card,In-store,Mobile,0
7560,5844,249.57,2024-05-30 23:41:00,Grocery,Debit Card,ATM,Desktop,0
7561,8845,702.77,2024-05-06 11:20:00,Shopping,Debit Card,Mobile,Tablet,0
7562,4404,1030.52,2025-02-24 12:42:00,Entertainment,Debit Card,In-store,POS,0
7563,7964,2296.94,2025-06-15 21:17:00,Electronics,Credit Card,ATM,Tablet,0
7564,7525,8388.37,2025-03-30 21:12:00,Utilities,Debit Card,Online,POS,1
7565,7533,4552.98,2025-10-12 04:13:00,Healthcare,Credit Card,Online,Tablet,0
7566,4456,3360.77,2025-02-02 11:12:00,Other,Debit Card,Mobile,POS,0
7567,5111,3361.18,2025-11-12 21:15:00,Other,Debit Card,Mobile,POS,0
7568,3126,1813.0,2025-05-16 15:17:00,Entertainment,Credit Card,In-store,Mobile,0
7569,4763,582.74,2025-03-23 01:16:00,Food,Credit Card,Online,Tablet,0
7570,2383,1277.09,2024-01-04 13:29:00,Food,Credit Card,In-store,POS,0
7571,6239,307.59,2024-06-11 01:50:00,Shopping,Credit Card,ATM,Tablet,0
7572,315,1671.41,2024-03-02 23:29:00,Grocery,UPI,In-store,Desktop,0
7573,8680,46.54,2025-06-20 09:13:00,Healthcare,Credit Card,Online,Mobile,0
7574,6973,420.12,2025-02-27 03:56:00,Food,Debit Card,Mobile,POS,0
7575,3884,2491.64,2024-10-21 04:18:00,Electronics,Net Banking,Online,Desktop,0
7576,8879,648.39,2024-10-13 05:27:00,Entertainment,Credit Card,In-store,Tablet,0
7577,1992,1089.32,2024-01-15 15:50:00,Utilities,UPI,Online,Tablet,0
7578,6365,3568.31,2025-06-26 02:37:00,Electronics,Net Banking,In-store,Desktop,0
7579,2928,91.16,2025-04-10 11:19:00,Healthcare,UPI,Mobile,POS,0
7580,1445,45.99,2025-10-21 07:28:00,Food,Net Banking,In-store,Mobile,0
7581,7497,520.1,2024-07-24 22:55:00,Grocery,Debit Card,ATM,Mobile,0
7582,3020,2306.83,2024-10-09 15:24:00,Grocery,Credit Card,Online,Desktop,0
7583,7540,538.69,2024-10-03 05:30:00,Shopping,Debit Card,Online,Desktop,0
7584,3965,3985.77,2024-08-13 14:57:00,Other,Credit Card,Online,Mobile,0
7585,1513,867.26,2024-05-16 00:49:00,Utilities,Debit Card,In-store,Tablet,0
7586,8091,666.79,2024-08-28 20:31:00,Other,Debit Card,ATM,Tablet,0
7587,9216,530.31,2025-01-28 07:35:00,Electronics,Net Banking,In-store,Mobile,0
7588,1951,1706.49,2025-06-05 20:59:00,Shopping,Debit Card,Online,Desktop,0
7589,6349,3880.21,2024-05-28 03:17:00,Healthcare,Credit Card,In-store,Tablet,0
7590,2319,1041.96,2025-01-14 16:16:00,Utilities,Debit Card,Mobile,POS,0
7591,1733,582.09,2025-12-07 03:17:00,Utilities,UPI,Online,Mobile,0
7592,5930,1092.44,2025-11-05 16:51:00,Healthcare,Credit Card,In-store,POS,0
7593,631,4703.34,2024-11-13 23:25:00,Entertainment,Debit Card,Mobile,Tablet,0
7594,3084,814.55,2024-01-21 02:36:00,Travel,Debit Card,In-store,POS,0
7595,6129,2132.76,2024-04-19 07:57:00,Other,Net Banking,Mobile,POS,0
7596,6437,800.18,2024-10-16 08:51:00,Food,UPI,Mobile,Desktop,0
7597,6281,2246.37,2024-09-07 21:59:00,Grocery,Credit Card,Mobile,Tablet,0
7598,9911,4257.44,2025-07-23 19:36:00,Grocery,Net Banking,Online,POS,0
7599,5934,1825.39,2025-06-26 05:40:00,Shopping,Debit Card,In-store,POS,0
7600,8647,5891.68,2025-05-23 16:00:00,Food,Debit Card,Online,Mobile,0
7601,8105,1840.18,2024-06-01 00:20:00,Food,Debit Card,In-store,Desktop,0
7602,5215,7367.85,2025-12-07 17:26:00,Electronics,Credit Card,Mobile,Mobile,0
7603,3308,2572.76,2025-08-04 10:00:00,Shopping,Cash,In-store,Mobile,0
7604,4103,2115.64,2025-05-07 06:11:00,Healthcare,Credit Card,Online,Tablet,0
7605,6533,3541.95,2024-04-21 23:19:00,Grocery,Credit Card,Online,POS,0
7606,7293,22.31,2025-03-11 08:44:00,Other,Credit Card,Mobile,POS,0
7607,5412,594.79,2024-10-05 18:12:00,Healthcare,Credit Card,Online,Mobile,0
7608,9179,486.92,2025-10-05 12:42:00,Travel,Debit Card,Online,Mobile,0
7609,513,235.09,2025-09-08 18:36:00,Healthcare,UPI,Mobile,POS,0
7610,9722,5554.37,2024-12-31 03:24:00,Entertainment,UPI,Online,POS,0
7611,718,280.83,2025-04-28 19:12:00,Other,Debit Card,In-store,POS,0
7612,6588,609.89,2024-09-07 10:02:00,Shopping,Net Banking,In-store,POS,0
7613,3521,816.43,2024-12-10 11:30:00,Electronics,Credit Card,Mobile,POS,0
7614,9096,1959.68,2024-09-03 17:21:00,Travel,Credit Card,ATM,Tablet,0
7615,9197,2917.42,2025-05-19 07:27:00,Shopping,UPI,Mobile,Tablet,0
7616,41,1856.1,2025-07-29 00:44:00,Electronics,Debit Card,ATM,Tablet,0
7617,8111,2764.24,2024-03-19 03:36:00,Shopping,Debit Card,ATM,POS,0
7618,5995,1028.74,2024-05-20 07:26:00,Shopping,Credit Card,Online,POS,0
7619,3930,10935.0,2024-02-14 06:29:00,Food,Net Banking,Mobile,Desktop,0
7620,6052,372.88,2025-02-26 17:47:00,Food,Debit Card,Online,Tablet,0
7621,3176,1020.85,2024-03-15 03:43:00,Shopping,Credit Card,In-store,Tablet,0
7622,5361,3569.76,2025-07-15 14:45:00,Utilities,Credit Card,In-store,Desktop,0
7623,3332,566.74,2024-05-18 07:47:00,Shopping,Cash,In-store,Desktop,0
7624,9182,2779.34,2024-08-07 06:23:00,Grocery,UPI,Online,Tablet,0
7625,5935,906.0,2024-04-09 01:16:00,Utilities,Debit Card,ATM,Tablet,0
7626,4126,391.05,2024-01-12 18:26:00,Utilities,UPI,Online,Tablet,0
7627,9298,1032.82,2024-05-03 08:41:00,Electronics,Credit Card,ATM,Mobile,0
7628,6430,3072.27,2025-08-25 14:57:00,Other,UPI,Mobile,Tablet,0
7629,5998,237.47,2024-08-02 02:21:00,Healthcare,Net Banking,In-store,Tablet,0
7630,355,1451.76,2024-08-30 19:07:00,Shopping,Net Banking,In-store,Tablet,0
7631,9530,2704.61,2024-04-05 08:50:00,Healthcare,UPI,ATM,Desktop,0
7632,1859,2785.2,2025-09-04 17:47:00,Utilities,UPI,Online,Mobile,0
7633,8727,987.24,2025-10-06 07:02:00,Travel,Credit Card,In-store,Tablet,0
7634,6519,1256.36,2025-05-02 22:17:00,Electronics,Debit Card,ATM,Tablet,0
7635,253,3886.55,2025-07-08 05:42:00,Entertainment,Net Banking,Online,Tablet,0
7636,5695,467.34,2025-12-13 23:00:00,Entertainment,UPI,ATM,Desktop,0
7637,7212,9810.52,2025-05-16 06:50:00,Food,Cash,In-store,Tablet,0
7638,7358,1086.83,2025-02-25 10:06:00,Utilities,Credit Card,Online,Tablet,0
7639,7887,644.41,2024-03-31 16:37:00,Travel,Debit Card,In-store,POS,0
7640,6697,5.21,2024-08-22 18:17:00,Healthcare,Net Banking,Online,POS,0
7641,7632,267.12,2024-01-01 13:44:00,Shopping,Credit Card,Mobile,Desktop,0
7642,2658,2825.35,2024-12-23 11:48:00,Shopping,Debit Card,Mobile,Desktop,0
7643,4876,2095.25,2025-04-08 17:44:00,Other,Cash,In-store,Desktop,0
7644,9682,566.07,2024-06-17 00:47:00,Electronics,Debit Card,Mobile,Desktop,0
7645,4668,5234.68,2024-04-09 20:36:00,Entertainment,Debit Card,Online,Desktop,0
7646,8964,3611.98,2024-01-22 21:17:00,Grocery,Net Banking,ATM,POS,0
7647,5602,627.43,2024-07-16 05:52:00,Utilities,Debit Card,Mobile,POS,0
7648,7571,801.22,2024-06-09 07:47:00,Healthcare,Credit Card,In-store,Desktop,0
7649,7085,408.53,2024-02-16 23:11:00,Travel,UPI,Mobile,Desktop,0
7650,7345,2057.57,2024-07-19 06:12:00,Food,UPI,Mobile,POS,0
7651,2602,2415.54,2024-05-15 09:29:00,Travel,Credit Card,In-store,POS,0
7652,3092,1007.97,2024-03-03 21:28:00,Utilities,UPI,In-store,POS,0
7653,9328,2672.41,2024-08-19 19:08:00,Shopping,Debit Card,In-store,POS,0
7654,724,9551.12,2024-02-02 03:46:00,Shopping,Credit Card,ATM,Desktop,0
7655,1040,1893.23,2024-07-28 11:40:00,Other,UPI,ATM,POS,0
7656,2555,2095.56,2024-11-02 21:27:00,Other,Credit Card,Online,Desktop,0
7657,3347,936.31,2024-06-06 22:04:00,Entertainment,Credit Card,Mobile,Tablet,0
7658,6879,21.29,2024-06-11 15:24:00,Food,Credit Card,Mobile,POS,0
7659,7927,6154.81,2024-01-08 05:23:00,Other,Debit Card,Online,Mobile,0
7660,3604,2959.85,2024-02-05 17:11:00,Food,UPI,ATM,Tablet,0
7661,2411,2378.62,2025-12-01 13:06:00,Travel,Cash,Online,POS,0
7662,3404,60.53,2024-03-27 05:13:00,Other,Debit Card,Mobile,Desktop,0
7663,3505,2846.02,2024-03-15 04:26:00,Shopping,UPI,Mobile,POS,0
7664,1263,2217.84,2024-04-21 13:14:00,Shopping,Credit Card,Mobile,Tablet,0
7665,5530,1682.86,2025-12-17 05:17:00,Healthcare,Net Banking,In-store,Desktop,0
7666,7562,1954.21,2025-12-31 16:45:00,Electronics,UPI,Online,POS,0
7667,4428,5011.02,2025-07-22 21:33:00,Healthcare,UPI,Mobile,POS,0
7668,5110,13.43,2025-08-28 18:21:00,Travel,Debit Card,Online,POS,0
7669,7369,341.51,2025-04-08 05:53:00,Electronics,UPI,Online,POS,0
7670,9208,4502.97,2025-08-31 17:42:00,Healthcare,Debit Card,ATM,Mobile,0
7671,4933,16.49,2025-08-03 06:28:00,Shopping,Credit Card,Mobile,Mobile,0
7672,7327,4679.25,2025-03-11 05:39:00,Utilities,Credit Card,Mobile,POS,0
7673,1462,60.16,2025-03-31 08:20:00,Entertainment,Credit Card,Online,Desktop,0
7674,3386,3022.24,2024-09-23 19:13:00,Shopping,Credit Card,In-store,Desktop,0
7675,2146,4431.41,2024-01-21 06:25:00,Shopping,Credit Card,Mobile,Tablet,0
7676,5948,1896.22,2024-10-29 12:49:00,Utilities,Debit Card,In-store,Tablet,0
7677,6358,2051.32,2025-07-02 14:59:00,Electronics,Debit Card,Online,Desktop,0
7678,6184,103.77,2024-04-03 18:07:00,Entertainment,UPI,In-store,Mobile,0
7679,445,473.7,2025-12-12 04:57:00,Travel,UPI,Online,Tablet,0
7680,1744,4594.63,2024-02-25 07:47:00,Utilities,Net Banking,Online,Tablet,0
7681,34,3471.32,2025-12-18 17:54:00,Travel,Net Banking,In-store,Mobile,1
7682,62,122.79,2024-04-25 17:30:00,Utilities,Net Banking,Mobile,Mobile,0
7683,9295,3353.13,2025-02-08 20:37:00,Shopping,UPI,ATM,Tablet,0
7684,5293,1101.51,2025-12-30 23:52:00,Entertainment,UPI,In-store,Desktop,0
7685,6751,1645.25,2024-05-18 01:33:00,Utilities,Credit Card,Online,Mobile,0
7686,3589,229.49,2024-07-03 17:56:00,Other,UPI,Online,Tablet,0
7687,353,1017.14,2024-08-25 04:15:00,Utilities,Credit Card,Mobile,Desktop,0
7688,1082,1141.54,2024-02-21 16:54:00,Electronics,UPI,Mobile,Desktop,0
7689,2171,2214.23,2025-09-13 17:56:00,Other,Credit Card,In-store,Desktop,0
7690,1629,2143.17,2024-03-16 07:34:00,Food,UPI,In-store,POS,0
7691,4099,1592.02,2025-07-19 02:21:00,Healthcare,Credit Card,Mobile,Tablet,0
7692,9007,63.9,2025-06-21 17:05:00,Electronics,Debit Card,ATM,POS,0
7693,3961,352.28,2024-09-22 08:21:00,Utilities,Debit Card,Online,POS,0
7694,253,349.35,2025-07-16 04:52:00,Other,Debit Card,In-store,Tablet,0
7695,3620,4373.74,2024-07-01 01:27:00,Electronics,Debit Card,In-store,POS,0
7696,4406,4639.66,2025-05-17 06:08:00,Other,Debit Card,ATM,Mobile,0
7697,532,3284.94,2024-08-13 22:40:00,Food,Net Banking,In-store,Mobile,0
7698,9859,384.45,2024-04-01 16:09:00,Grocery,Net Banking,Mobile,Desktop,0
7699,197,3667.06,2025-10-01 14:04:00,Food,Credit Card,ATM,Desktop,0
7700,5507,415.51,2025-03-08 23:40:00,Electronics,Credit Card,In-store,Tablet,0
7701,9128,1617.7,2025-07-13 02:47:00,Shopping,Debit Card,ATM,Tablet,0
7702,3323,2647.59,2024-11-25 14:10:00,Travel,UPI,Online,Mobile,0
7703,8655,105.88,2025-11-28 08:54:00,Other,Debit Card,Online,Mobile,0
7704,9595,1822.25,2024-12-11 00:02:00,Food,Debit Card,ATM,Tablet,0
7705,1734,578.39,2024-01-12 00:49:00,Travel,UPI,Online,Desktop,0
7706,8215,1377.74,2025-11-11 22:01:00,Grocery,UPI,Online,POS,0
7707,2748,968.7,2024-02-01 02:20:00,Entertainment,UPI,In-store,Desktop,0
7708,3239,2320.41,2024-06-17 23:51:00,Utilities,UPI,Online,Mobile,0
7709,9776,1343.52,2025-10-14 18:05:00,Travel,Credit Card,ATM,Mobile,0
7710,9429,718.01,2024-03-25 22:12:00,Other,Credit Card,ATM,Desktop,0
7711,813,4823.88,2025-05-07 03:28:00,Food,Debit Card,Online,Tablet,0
7712,8598,6390.98,2025-07-05 20:23:00,Healthcare,UPI,ATM,Desktop,0
7713,3124,3238.04,2024-02-28 20:47:00,Utilities,Net Banking,In-store,Desktop,0
7714,9230,1738.53,2025-09-11 00:46:00,Food,UPI,In-store,Desktop,0
7715,8722,4315.25,2024-06-02 11:20:00,Electronics,Credit Card,ATM,Mobile,0
7716,7282,1840.97,2025-01-23 21:07:00,Travel,Net Banking,Mobile,Desktop,0
7717,9394,322.29,2025-05-31 20:18:00,Other,Debit Card,Online,Desktop,0
7718,6949,35.16,2024-10-26 08:10:00,Travel,Net Banking,In-store,Desktop,0
7719,8311,2588.63,2024-03-28 17:52:00,Electronics,UPI,In-store,Desktop,0
7720,1899,2792.57,2024-05-31 19:42:00,Shopping,UPI,Online,Tablet,0
7721,5450,5202.68,2025-08-13 17:30:00,Shopping,Credit Card,Mobile,POS,0
7722,4844,3477.24,2024-10-21 15:33:00,Utilities,Debit Card,Mobile,Tablet,0
7723,2294,2040.98,2024-03-19 04:11:00,Electronics,UPI,Mobile,POS,0
7724,6461,422.19,2024-10-22 16:39:00,Electronics,Debit Card,Online,Mobile,0
7725,4949,1803.05,2024-02-13 10:24:00,Travel,UPI,Mobile,POS,0
7726,2116,1140.74,2025-04-25 01:32:00,Grocery,UPI,In-store,Desktop,0
7727,9056,528.21,2025-03-21 14:01:00,Food,Debit Card,Online,Tablet,0
7728,4068,3210.19,2024-02-15 19:03:00,Travel,Debit Card,ATM,Mobile,0
7729,8248,323.99,2024-01-03 21:16:00,Entertainment,Debit Card,In-store,Desktop,0
7730,3972,1990.34,2024-09-08 12:22:00,Other,Debit Card,Online,Desktop,0
7731,6801,1887.09,2025-10-13 10:05:00,Utilities,Credit Card,Online,Desktop,0
7732,6196,723.7,2025-01-05 23:33:00,Utilities,Credit Card,In-store,Desktop,0
7733,2685,1121.57,2024-10-08 16:09:00,Travel,Credit Card,Online,POS,0
7734,7082,247.89,2025-02-18 12:36:00,Utilities,Credit Card,Online,Tablet,0
7735,9633,51.73,2024-05-05 07:26:00,Other,Debit Card,Online,Tablet,0
7736,1810,26.21,2024-06-01 08:32:00,Other,UPI,In-store,Desktop,0
7737,7119,383.1,2024-08-21 10:23:00,Grocery,UPI,ATM,Desktop,0
7738,5565,4034.41,2025-11-08 01:23:00,Other,Debit Card,Online,Mobile,0
7739,61,1478.84,2024-11-13 05:50:00,Travel,UPI,In-store,Tablet,0
7740,3408,249.12,2025-08-13 12:46:00,Healthcare,Cash,In-store,POS,0
7741,8580,4718.21,2024-02-12 17:45:00,Electronics,Cash,Mobile,Desktop,0
7742,4767,1682.78,2024-02-10 20:30:00,Entertainment,Net Banking,ATM,Mobile,0
7743,4896,56.56,2024-02-24 13:13:00,Travel,Net Banking,Mobile,Mobile,0
7744,664,2877.1,2024-09-03 13:38:00,Healthcare,Credit Card,Online,Desktop,0
7745,6459,1282.76,2025-09-20 17:29:00,Grocery,Credit Card,Mobile,Tablet,0
7746,9820,1522.27,2025-09-24 11:50:00,Entertainment,Cash,In-store,POS,0
7747,1227,1899.83,2024-01-18 19:49:00,Grocery,Credit Card,Online,POS,0
7748,2248,198.43,2025-10-13 16:11:00,Grocery,Net Banking,Mobile,Mobile,0
7749,2753,5903.06,2024-05-08 02:03:00,Entertainment,Debit Card,Mobile,Mobile,0
7750,2946,589.8,2024-10-01 01:59:00,Food,Cash,Online,Mobile,0
7751,8177,1944.83,2024-05-05 12:16:00,Utilities,UPI,In-store,Mobile,0
7752,2684,3869.82,2025-06-25 03:56:00,Shopping,Debit Card,Mobile,Mobile,0
7753,6260,806.69,2025-07-23 16:47:00,Travel,Credit Card,ATM,POS,0
7754,2003,1975.32,2024-01-06 08:40:00,Travel,Credit Card,In-store,POS,0
7755,7134,8997.51,2024-09-21 20:11:00,Entertainment,UPI,Online,Desktop,0
7756,1525,3818.37,2025-07-14 15:31:00,Healthcare,Debit Card,Mobile,Mobile,0
7757,3711,3021.76,2024-09-11 16:12:00,Electronics,Net Banking,ATM,Tablet,0
7758,2457,1157.14,2025-01-22 22:48:00,Healthcare,Debit Card,In-store,Tablet,0
7759,8757,1200.3,2024-07-11 16:41:00,Healthcare,Debit Card,Online,POS,0
7760,9609,1329.27,2024-03-06 12:17:00,Electronics,Net Banking,Online,Mobile,0
7761,8436,2345.15,2024-09-05 04:43:00,Food,UPI,In-store,Mobile,0
7762,3868,311.76,2024-03-08 04:44:00,Utilities,UPI,ATM,Mobile,0
7763,4005,3946.97,2025-02-13 19:43:00,Other,Cash,In-store,Desktop,0
7764,6048,36.49,2024-10-29 23:10:00,Travel,UPI,Online,Mobile,0
7765,2123,372.64,2025-06-18 18:41:00,Utilities,Net Banking,Online,POS,0
7766,9721,1314.84,2025-11-16 21:46:00,Travel,Debit Card,In-store,Desktop,0
7767,370,581.02,2024-11-10 13:19:00,Electronics,UPI,Mobile,POS,0
7768,2174,910.09,2024-06-11 00:15:00,Entertainment,Credit Card,In-store,POS,0
7769,9368,808.68,2025-03-05 22:08:00,Shopping,Net Banking,ATM,POS,1
7770,6744,626.59,2025-01-12 23:46:00,Food,Debit Card,Online,POS,0
7771,5600,956.96,2025-06-25 13:13:00,Shopping,UPI,Mobile,POS,0
7772,1622,1407.56,2024-04-16 09:49:00,Healthcare,Debit Card,Online,Mobile,0
7773,4289,1293.9,2024-09-14 02:29:00,Grocery,Cash,In-store,Desktop,0
7774,355,3341.8,2024-02-11 12:18:00,Travel,Credit Card,Online,POS,0
7775,8250,736.76,2025-10-08 12:10:00,Shopping,Debit Card,Mobile,Desktop,0
7776,5324,662.32,2024-12-29 11:48:00,Entertainment,Debit Card,Online,Mobile,0
7777,7672,1404.17,2024-10-24 01:11:00,Electronics,Debit Card,In-store,Mobile,0
7778,3374,98.24,2025-02-16 07:46:00,Shopping,Credit Card,In-store,Mobile,0
7779,7513,237.14,2025-11-22 11:21:00,Food,Debit Card,Online,Mobile,0
7780,3356,3250.0,2025-07-10 21:11:00,Grocery,Credit Card,ATM,POS,0
7781,5585,1361.29,2024-10-27 06:55:00,Shopping,Credit Card,In-store,Desktop,0
7782,2256,137.7,2024-01-24 21:05:00,Other,UPI,In-store,Mobile,0
7783,7904,1161.01,2025-04-26 12:19:00,Shopping,Debit Card,Mobile,Tablet,0
7784,9019,1015.87,2025-02-25 08:55:00,Grocery,Debit Card,ATM,Tablet,0
7785,7661,565.08,2024-10-24 16:36:00,Healthcare,Net Banking,Online,POS,0
7786,8964,930.76,2025-06-27 16:58:00,Healthcare,Credit Card,Online,Mobile,0
7787,5756,417.39,2024-01-24 07:46:00,Utilities,UPI,Mobile,Desktop,0
7788,681,1192.26,2024-04-21 11:15:00,Grocery,Debit Card,ATM,Tablet,0
7789,572,1050.28,2025-07-23 22:32:00,Shopping,Debit Card,ATM,POS,0
7790,1342,1870.44,2025-06-15 05:53:00,Entertainment,Net Banking,ATM,Desktop,0
7791,2580,5698.22,2024-10-09 10:46:00,Entertainment,UPI,In-store,POS,0
7792,4231,410.27,2024-05-17 14:39:00,Entertainment,Net Banking,Mobile,POS,0
7793,351,1080.65,2025-12-14 01:43:00,Healthcare,Net Banking,In-store,Mobile,0
7794,5751,1652.08,2025-12-05 10:02:00,Healthcare,Credit Card,In-store,POS,0
7795,2692,1583.69,2024-10-23 21:40:00,Healthcare,Net Banking,Mobile,POS,0
7796,4296,2165.52,2024-02-28 09:15:00,Electronics,UPI,ATM,Mobile,0
7797,6387,623.76,2024-07-28 06:13:00,Food,Debit Card,ATM,Mobile,0
7798,3321,2013.26,2024-12-29 06:53:00,Electronics,Net Banking,Online,Tablet,0
7799,7831,449.21,2025-06-22 08:37:00,Healthcare,Credit Card,ATM,POS,0
7800,1881,268.1,2024-11-18 22:07:00,Utilities,Net Banking,Online,Mobile,0
7801,5924,3563.36,2025-02-08 23:14:00,Healthcare,UPI,In-store,Desktop,0
7802,9205,1283.92,2024-05-24 03:05:00,Travel,Debit Card,Mobile,Desktop,0
7803,5617,1012.6,2024-04-06 22:38:00,Food,UPI,Online,Desktop,0
7804,5141,5276.53,2025-04-10 16:29:00,Other,UPI,Mobile,POS,0
7805,7231,2474.08,2024-05-06 17:03:00,Healthcare,Credit Card,Mobile,Mobile,0
7806,4421,2261.0,2025-09-13 06:15:00,Travel,Credit Card,Mobile,Desktop,0
7807,1754,431.99,2025-08-30 02:40:00,Other,Net Banking,Mobile,Tablet,0
7808,7039,469.57,2025-11-26 06:31:00,Food,Cash,ATM,Tablet,0
7809,1196,1319.82,2024-08-09 04:25:00,Grocery,UPI,Mobile,Desktop,0
7810,626,2112.85,2025-10-21 10:14:00,Travel,Debit Card,Mobile,Tablet,0
7811,8637,1005.95,2024-02-10 13:54:00,Travel,Credit Card,In-store,Desktop,0
7812,7359,132.68,2024-02-05 23:04:00,Electronics,Debit Card,Mobile,Tablet,0
7813,8275,2297.89,2024-03-26 19:48:00,Electronics,Debit Card,Online,POS,0
7814,154,2972.24,2025-06-01 15:48:00,Other,Debit Card,Online,Tablet,0
7815,8626,5775.64,2024-12-01 12:06:00,Travel,UPI,Online,Mobile,0
7816,4513,1051.09,2025-04-17 16:54:00,Entertainment,Debit Card,Online,Desktop,0
7817,8068,596.94,2025-02-20 17:46:00,Healthcare,UPI,In-store,POS,0
7818,7407,5202.2,2025-06-21 00:00:00,Other,Cash,In-store,Desktop,0
7819,5950,2511.51,2024-07-08 06:52:00,Grocery,Debit Card,Mobile,Tablet,0
7820,4258,132.25,2024-01-28 00:37:00,Travel,Credit Card,ATM,Tablet,0
7821,8834,1735.13,2024-04-19 10:49:00,Travel,Cash,Mobile,POS,0
7822,4395,57.88,2025-02-28 03:35:00,Healthcare,UPI,Mobile,Mobile,0
7823,2376,513.72,2024-05-10 19:33:00,Other,Credit Card,In-store,Desktop,0
7824,9649,147.19,2024-01-14 07:44:00,Other,Cash,ATM,Mobile,0
7825,8725,458.55,2025-01-21 10:30:00,Food,Credit Card,Mobile,Tablet,0
7826,7820,1346.39,2025-10-14 22:31:00,Other,UPI,ATM,Tablet,0
7827,7035,710.11,2024-09-27 23:18:00,Healthcare,UPI,Mobile,Mobile,0
7828,7937,184.26,2025-09-02 03:46:00,Food,Credit Card,In-store,Tablet,0
7829,3580,1315.79,2025-03-01 00:56:00,Shopping,Credit Card,ATM,POS,0
7830,3633,2465.35,2025-09-27 21:13:00,Utilities,Credit Card,Mobile,Tablet,0
7831,8929,109.18,2025-02-05 11:39:00,Utilities,Net Banking,In-store,POS,0
7832,2027,4280.97,2024-12-20 04:56:00,Entertainment,UPI,Online,Desktop,0
7833,6317,2117.26,2024-02-29 02:19:00,Grocery,Credit Card,ATM,Tablet,0
7834,2569,1465.61,2025-09-10 02:51:00,Food,UPI,Mobile,Desktop,0
7835,3740,1009.41,2024-05-06 16:40:00,Other,Credit Card,In-store,Tablet,0
7836,1442,999.4,2025-08-11 09:06:00,Shopping,Debit Card,Online,Desktop,0
7837,2208,817.62,2025-07-06 09:14:00,Entertainment,UPI,ATM,POS,0
7838,9335,245.98,2024-08-24 12:33:00,Other,Credit Card,Mobile,POS,0
7839,961,165.12,2025-05-03 10:53:00,Healthcare,UPI,Mobile,POS,0
7840,9063,738.74,2024-01-28 18:08:00,Utilities,Debit Card,Mobile,Tablet,0
7841,89,2199.61,2025-02-21 06:10:00,Shopping,Credit Card,Online,Desktop,0
7842,4788,680.46,2024-06-10 06:38:00,Grocery,Net Banking,Online,POS,0
7843,9808,3345.45,2025-09-08 16:09:00,Entertainment,Debit Card,Online,Desktop,0
7844,2111,957.01,2024-03-16 07:28:00,Healthcare,UPI,Mobile,Desktop,0
7845,108,1994.97,2024-10-08 10:21:00,Entertainment,Cash,In-store,POS,0
7846,8005,1130.96,2025-03-04 02:05:00,Travel,Credit Card,Online,POS,0
7847,9912,1377.62,2024-09-18 01:44:00,Food,Credit Card,Online,Desktop,0
7848,3735,575.79,2024-10-28 04:33:00,Entertainment,Cash,Online,POS,0
7849,9812,1442.55,2025-07-02 13:47:00,Food,Credit Card,Mobile,Mobile,0
7850,5507,234.54,2024-02-13 11:40:00,Electronics,Debit Card,Online,Desktop,0
7851,3456,978.02,2024-01-22 10:15:00,Travel,Net Banking,Online,Tablet,0
7852,6465,1189.51,2025-05-19 12:27:00,Shopping,Credit Card,Mobile,Mobile,0
7853,1006,2434.76,2025-03-21 23:02:00,Shopping,UPI,ATM,Tablet,0
7854,307,1022.39,2025-06-15 22:06:00,Shopping,UPI,Online,POS,0
7855,8400,2189.85,2024-04-29 23:08:00,Travel,Debit Card,ATM,POS,0
7856,8932,383.81,2025-03-12 00:02:00,Grocery,Debit Card,ATM,POS,0
7857,3660,51.1,2024-07-16 01:33:00,Electronics,Credit Card,ATM,Tablet,0
7858,9111,1410.23,2024-07-27 11:24:00,Travel,UPI,Online,Mobile,0
7859,2949,1284.42,2025-02-11 19:05:00,Electronics,Credit Card,Online,Desktop,0
7860,2690,2215.83,2024-01-28 12:09:00,Travel,Credit Card,Online,Mobile,0
7861,2051,752.43,2025-12-02 14:04:00,Utilities,UPI,ATM,Tablet,0
7862,647,60.64,2024-11-24 23:13:00,Food,Credit Card,Mobile,POS,1
7863,6490,2571.59,2024-04-12 05:49:00,Food,Debit Card,Mobile,Mobile,0
7864,1484,5701.93,2024-08-11 08:57:00,Electronics,Cash,Online,Desktop,0
7865,2482,1002.62,2024-12-14 11:03:00,Other,UPI,In-store,Desktop,0
7866,956,1889.01,2025-03-16 16:35:00,Other,UPI,Mobile,Mobile,0
7867,5057,1573.54,2024-07-06 13:36:00,Grocery,UPI,In-store,POS,0
7868,705,1669.43,2024-04-21 15:40:00,Shopping,Cash,ATM,Tablet,0
7869,8700,4040.48,2025-05-11 13:48:00,Shopping,Credit Card,In-store,Desktop,0
7870,2101,2666.17,2025-07-28 20:57:00,Other,Credit Card,In-store,Desktop,0
7871,5641,2937.5,2024-05-26 19:13:00,Electronics,UPI,Online,Tablet,0
7872,4495,188.7,2025-06-21 08:18:00,Healthcare,Net Banking,In-store,Mobile,0
7873,5228,317.31,2024-02-11 03:15:00,Electronics,UPI,ATM,POS,1
7874,5682,2177.15,2024-11-07 17:00:00,Grocery,Credit Card,Online,POS,0
7875,6868,1555.05,2025-06-24 14:49:00,Utilities,UPI,Mobile,Desktop,0
7876,8261,2976.91,2024-07-17 10:19:00,Travel,UPI,Mobile,POS,0
7877,2524,195.39,2024-08-31 15:55:00,Shopping,Debit Card,Mobile,Tablet,0
7878,1639,1671.67,2025-11-14 17:47:00,Travel,UPI,In-store,Mobile,0
7879,3942,1331.33,2025-06-25 04:26:00,Electronics,UPI,Online,POS,0
7880,8208,3857.73,2024-02-17 06:14:00,Shopping,Credit Card,In-store,Tablet,0
7881,5199,414.41,2025-10-22 11:39:00,Shopping,Debit Card,Online,POS,0
7882,7913,857.61,2024-05-07 01:06:00,Grocery,UPI,In-store,Tablet,0
7883,9959,326.15,2025-11-14 11:28:00,Grocery,Credit Card,Online,Tablet,0
7884,3370,1201.98,2025-12-08 22:01:00,Travel,UPI,ATM,POS,0
7885,6554,4264.1,2025-09-12 01:32:00,Entertainment,UPI,In-store,POS,0
7886,3742,2219.35,2025-01-12 18:37:00,Shopping,Credit Card,ATM,Mobile,0
7887,1235,2727.49,2025-12-25 02:51:00,Shopping,Credit Card,In-store,Mobile,0
7888,184,195.97,2024-10-23 09:36:00,Shopping,Credit Card,ATM,Tablet,0
7889,1944,1203.05,2024-07-05 00:45:00,Utilities,Credit Card,Online,POS,0
7890,40,3648.61,2025-04-08 08:37:00,Grocery,Debit Card,Mobile,POS,0
7891,8895,3633.9,2024-06-18 12:48:00,Grocery,UPI,Mobile,POS,0
7892,6597,8849.07,2025-09-04 22:36:00,Food,Debit Card,In-store,Mobile,0
7893,9531,1493.27,2025-09-30 20:26:00,Food,Debit Card,Mobile,Tablet,0
7894,3040,4.15,2025-10-01 18:51:00,Food,Credit Card,Online,POS,0
7895,6205,4586.47,2025-01-19 21:18:00,Grocery,UPI,In-store,POS,0
7896,9908,6256.09,2025-07-19 20:38:00,Travel,Cash,Mobile,Mobile,0
7897,8012,5255.14,2025-09-06 23:46:00,Grocery,UPI,In-store,Tablet,0
7898,2084,2956.04,2025-11-23 21:48:00,Electronics,Debit Card,Mobile,POS,0
7899,9444,476.3,2025-04-12 02:56:00,Shopping,Debit Card,ATM,Desktop,0
7900,8735,299.45,2025-06-18 09:09:00,Entertainment,Net Banking,Mobile,POS,0
7901,7905,2413.86,2025-07-02 11:37:00,Entertainment,Debit Card,Mobile,Tablet,0
7902,5243,302.63,2025-01-28 20:36:00,Food,UPI,In-store,Mobile,0
7903,2311,6128.69,2024-09-11 04:21:00,Electronics,UPI,ATM,POS,0
7904,2266,1180.56,2025-08-01 03:18:00,Other,UPI,In-store,Desktop,0
7905,5466,62.6,2024-01-22 16:56:00,Other,Credit Card,In-store,Desktop,0
7906,8468,326.44,2024-11-13 18:39:00,Travel,UPI,Mobile,POS,0
7907,5025,686.34,2024-07-18 05:56:00,Grocery,UPI,In-store,Tablet,0
7908,5605,2433.13,2024-07-13 03:11:00,Electronics,UPI,ATM,POS,0
7909,6267,2673.43,2024-08-16 09:49:00,Shopping,UPI,Mobile,Desktop,0
7910,9302,479.12,2024-05-24 13:25:00,Shopping,Net Banking,ATM,Desktop,0
7911,9958,2091.41,2025-07-31 17:03:00,Electronics,Cash,ATM,POS,0
7912,7060,64.69,2025-02-21 19:44:00,Food,Credit Card,Online,Tablet,0
7913,362,217.07,2024-01-24 17:30:00,Other,Net Banking,In-store,Desktop,0
7914,7594,1531.48,2024-06-07 12:40:00,Entertainment,Credit Card,Mobile,Tablet,0
7915,7935,2433.6,2024-04-30 14:48:00,Grocery,Credit Card,Online,Desktop,0
7916,5850,4915.38,2025-03-03 00:41:00,Grocery,Credit Card,ATM,Mobile,0
7917,5468,1151.63,2025-03-28 05:47:00,Healthcare,Debit Card,Online,Tablet,0
7918,4210,255.56,2024-08-09 09:35:00,Utilities,Debit Card,In-store,Mobile,0
7919,5997,5289.49,2024-08-21 16:38:00,Other,Net Banking,ATM,POS,0
7920,6344,1150.51,2024-08-13 10:42:00,Healthcare,Debit Card,In-store,Mobile,0
7921,8349,1376.21,2025-11-09 19:58:00,Food,UPI,ATM,Tablet,0
7922,5443,3854.19,2025-01-05 20:15:00,Food,Cash,Online,POS,0
7923,6032,1762.71,2025-06-16 04:42:00,Travel,Credit Card,Mobile,Desktop,0
7924,1535,717.5,2025-07-28 00:53:00,Entertainment,Credit Card,ATM,Tablet,0
7925,850,1556.45,2024-10-18 00:57:00,Travel,Debit Card,ATM,POS,0
7926,6467,1960.92,2024-12-18 13:56:00,Other,Cash,ATM,Desktop,0
7927,8414,4410.91,2025-11-10 03:09:00,Utilities,UPI,ATM,Tablet,0
7928,8794,535.33,2025-12-12 18:39:00,Grocery,Debit Card,Mobile,Tablet,0
7929,9186,1639.14,2025-03-20 10:01:00,Food,Credit Card,In-store,POS,0
7930,9479,5063.97,2025-07-16 04:25:00,Grocery,Credit Card,Mobile,Mobile,0
7931,4075,93.08,2025-08-27 11:34:00,Entertainment,Net Banking,Online,POS,0
7932,4123,432.75,2025-11-23 04:27:00,Grocery,Credit Card,Mobile,Tablet,0
7933,9223,850.26,2025-11-07 08:05:00,Other,UPI,Mobile,POS,0
7934,2404,2269.32,2025-07-17 12:36:00,Other,UPI,In-store,POS,0
7935,6698,3688.39,2025-01-22 11:26:00,Entertainment,Debit Card,Online,POS,0
7936,3925,444.22,2025-10-07 02:59:00,Grocery,UPI,Online,POS,0
7937,5274,566.6,2024-08-09 00:35:00,Healthcare,UPI,In-store,Mobile,0
7938,8468,3466.44,2025-05-08 13:06:00,Food,Credit Card,In-store,POS,0
7939,8413,321.14,2025-11-19 21:56:00,Entertainment,UPI,In-store,Mobile,0
7940,7255,605.39,2024-05-29 06:51:00,Electronics,Debit Card,Online,POS,0
7941,7759,2638.72,2025-06-25 10:36:00,Healthcare,Credit Card,Online,Mobile,0
7942,8243,363.42,2024-12-10 03:16:00,Utilities,Debit Card,Mobile,POS,0
7943,9034,3520.91,2024-07-15 08:25:00,Grocery,Credit Card,Mobile,Mobile,0
7944,8066,1348.72,2025-07-08 04:15:00,Travel,Net Banking,In-store,Tablet,0
7945,8320,1186.86,2025-08-24 09:54:00,Utilities,Cash,Mobile,POS,0
7946,2277,290.64,2025-06-05 08:40:00,Healthcare,UPI,Mobile,Mobile,0
7947,1371,2276.73,2024-02-11 00:53:00,Electronics,Debit Card,ATM,Desktop,1
7948,3985,4308.35,2024-06-17 15:48:00,Shopping,Net Banking,Mobile,Desktop,0
7949,6339,2356.01,2024-08-17 00:00:00,Healthcare,Debit Card,ATM,Mobile,0
7950,8293,762.18,2025-11-14 16:27:00,Grocery,Debit Card,ATM,Desktop,0
7951,7473,2399.95,2025-09-06 12:58:00,Utilities,Net Banking,Online,Desktop,0
7952,4808,1426.46,2025-02-02 02:03:00,Other,UPI,Mobile,Desktop,0
7953,4258,3844.61,2024-04-29 12:32:00,Shopping,Debit Card,Mobile,Mobile,0
7954,7408,1231.07,2024-07-25 02:05:00,Utilities,Debit Card,Online,Desktop,0
7955,4489,541.79,2025-11-15 06:52:00,Shopping,UPI,ATM,Tablet,0
7956,5306,213.51,2025-09-18 10:52:00,Shopping,UPI,ATM,Tablet,0
7957,1105,659.97,2024-01-27 01:04:00,Entertainment,Debit Card,In-store,POS,0
7958,5816,1658.12,2025-01-19 16:03:00,Food,Credit Card,In-store,Desktop,0
7959,9942,372.76,2025-09-18 20:17:00,Food,Debit Card,ATM,Tablet,0
7960,201,81.15,2024-03-23 09:40:00,Shopping,UPI,ATM,Tablet,0
7961,8895,1191.47,2025-09-13 02:54:00,Other,Credit Card,ATM,Tablet,0
7962,883,853.68,2024-11-25 01:29:00,Shopping,Net Banking,Mobile,Mobile,0
7963,6161,1090.8,2025-02-21 05:55:00,Electronics,Debit Card,Online,Mobile,0
7964,4334,1210.76,2025-10-06 16:12:00,Utilities,Credit Card,Mobile,POS,0
7965,6893,2905.47,2025-08-19 14:41:00,Travel,Debit Card,Online,Desktop,0
7966,6490,6484.64,2025-02-25 20:09:00,Electronics,Credit Card,ATM,Tablet,0
7967,9461,608.39,2024-02-21 23:23:00,Electronics,Debit Card,Online,Tablet,1
7968,9520,5708.43,2024-08-13 20:17:00,Electronics,Credit Card,Online,Mobile,0
7969,7622,518.51,2024-10-03 00:57:00,Travel,Debit Card,Mobile,POS,0
7970,2465,2812.55,2025-05-22 14:28:00,Entertainment,UPI,Online,Mobile,0
7971,5926,2287.3,2025-09-05 09:25:00,Healthcare,Credit Card,Mobile,POS,0
7972,2103,107.27,2024-06-15 01:45:00,Grocery,Cash,ATM,Desktop,0
7973,9354,2581.4,2025-04-04 04:46:00,Shopping,Credit Card,In-store,POS,0
7974,5492,4627.75,2025-02-16 13:42:00,Shopping,Debit Card,Online,POS,0
7975,9823,5324.88,2024-05-13 19:08:00,Entertainment,Debit Card,ATM,Desktop,0
7976,3197,2311.59,2024-12-18 00:35:00,Grocery,Net Banking,In-store,POS,0
7977,8216,3089.06,2024-04-04 23:55:00,Healthcare,Debit Card,ATM,Desktop,0
7978,92,148.46,2025-05-18 23:40:00,Utilities,UPI,Mobile,Desktop,0
7979,8688,351.69,2025-04-30 12:59:00,Grocery,Credit Card,Mobile,POS,0
7980,3436,608.92,2024-02-18 05:36:00,Shopping,Credit Card,Mobile,Mobile,0
7981,2611,1515.75,2025-12-17 19:04:00,Entertainment,Credit Card,ATM,Mobile,1
7982,7038,976.32,2024-09-26 00:25:00,Grocery,Credit Card,Online,POS,0
7983,3731,2140.84,2025-06-20 21:34:00,Other,Credit Card,ATM,POS,0
7984,6623,1180.06,2024-09-26 02:12:00,Shopping,UPI,Mobile,Tablet,0
7985,4529,2983.51,2024-07-22 06:29:00,Other,UPI,Online,POS,0
7986,9308,2500.65,2024-08-25 02:59:00,Entertainment,UPI,In-store,Mobile,0
7987,311,2750.96,2024-05-15 10:22:00,Shopping,Credit Card,In-store,Mobile,0
7988,2094,3530.42,2024-06-24 06:22:00,Shopping,UPI,Online,Tablet,0
7989,7311,3594.22,2025-02-14 03:29:00,Electronics,UPI,In-store,Tablet,0
7990,4068,3024.19,2025-07-11 02:29:00,Shopping,Debit Card,Online,Tablet,0
7991,2272,136.4,2024-01-11 06:54:00,Healthcare,Credit Card,Mobile,Tablet,0
7992,6311,1952.1,2024-06-17 21:06:00,Travel,Credit Card,Online,Mobile,0
7993,5095,39.98,2024-03-21 19:10:00,Shopping,Debit Card,In-store,Tablet,0
7994,9413,2723.27,2024-01-01 12:07:00,Grocery,Net Banking,Mobile,Tablet,0
7995,4084,126.0,2024-08-12 13:15:00,Electronics,Credit Card,In-store,Tablet,0
7996,8855,8174.54,2025-06-09 21:20:00,Utilities,Credit Card,ATM,POS,0
7997,5848,1904.24,2024-05-15 14:31:00,Shopping,Credit Card,Online,POS,0
7998,1062,401.78,2025-07-13 18:22:00,Other,Debit Card,In-store,Mobile,0
7999,7823,1263.27,2025-01-20 03:12:00,Grocery,Cash,In-store,Tablet,0
8000,9626,3505.2,2024-08-11 14:04:00,Other,Debit Card,In-store,Desktop,0
8001,5622,396.9,2025-11-14 17:18:00,Electronics,Net Banking,Mobile,Tablet,0
8002,6049,1539.09,2024-11-10 08:37:00,Shopping,Credit Card,Mobile,Mobile,0
8003,4208,7.17,2024-02-20 23:10:00,Utilities,Net Banking,ATM,Tablet,0
8004,6642,3106.36,2025-08-15 10:03:00,Healthcare,UPI,In-store,Tablet,0
8005,9524,432.85,2024-05-24 12:18:00,Healthcare,Debit Card,In-store,Tablet,0
8006,2594,979.36,2025-06-06 01:52:00,Travel,UPI,Online,Tablet,0
8007,1325,1511.08,2024-04-06 13:17:00,Food,Net Banking,In-store,Mobile,0
8008,4877,312.98,2024-10-18 01:15:00,Electronics,Debit Card,Mobile,POS,0
8009,8251,5225.59,2025-04-07 06:43:00,Food,Net Banking,Mobile,POS,0
8010,6467,1265.26,2024-09-13 03:25:00,Travel,Debit Card,ATM,POS,0
8011,5557,527.37,2025-04-26 17:06:00,Other,UPI,Online,Mobile,0
8012,2553,2657.13,2024-05-25 14:47:00,Grocery,Credit Card,In-store,Tablet,0
8013,4551,4492.66,2025-05-26 21:32:00,Travel,UPI,Mobile,POS,0
8014,378,4876.14,2024-06-23 05:04:00,Grocery,Net Banking,Online,Tablet,0
8015,4653,1128.22,2024-01-15 05:40:00,Other,Debit Card,ATM,Mobile,0
8016,6447,890.89,2024-04-04 15:57:00,Food,UPI,Mobile,Desktop,0
8017,9422,5297.42,2025-08-26 17:52:00,Utilities,UPI,ATM,Tablet,0
8018,5984,108.57,2024-07-05 03:40:00,Travel,Net Banking,ATM,Tablet,0
8019,753,2776.91,2024-07-17 08:33:00,Other,Credit Card,In-store,Mobile,1
8020,1434,390.84,2025-03-05 05:36:00,Grocery,Credit Card,Mobile,Tablet,0
8021,7071,1252.85,2025-07-13 10:47:00,Grocery,UPI,In-store,Desktop,0
8022,3196,6144.89,2025-05-18 23:43:00,Entertainment,UPI,Mobile,Desktop,0
8023,7839,1740.48,2025-09-13 14:14:00,Healthcare,Credit Card,Mobile,POS,1
8024,4412,1482.33,2025-03-12 07:55:00,Other,UPI,Mobile,POS,0
8025,1537,127.59,2025-07-06 07:56:00,Other,Credit Card,ATM,Mobile,0
8026,7342,649.63,2024-04-27 16:11:00,Electronics,Cash,ATM,Desktop,0
8027,5338,6.11,2025-07-10 21:20:00,Food,UPI,In-store,POS,0
8028,6838,4158.97,2025-02-22 00:21:00,Food,Credit Card,In-store,Desktop,0
8029,1723,2070.46,2024-08-22 18:48:00,Electronics,Debit Card,ATM,POS,0
8030,8798,251.19,2025-04-05 23:01:00,Other,UPI,Mobile,Mobile,0
8031,4137,903.46,2025-05-19 22:37:00,Other,Debit Card,ATM,POS,0
8032,7219,3336.42,2025-07-11 23:40:00,Entertainment,Cash,Mobile,POS,0
8033,4440,302.35,2025-03-14 12:43:00,Travel,Debit Card,Online,POS,0
8034,7133,523.42,2024-05-01 14:30:00,Food,Net Banking,Online,Tablet,0
8035,659,1559.18,2025-12-17 01:25:00,Food,Credit Card,In-store,POS,0
8036,9653,313.18,2025-05-23 07:57:00,Utilities,Debit Card,Mobile,Mobile,0
8037,6706,964.82,2025-02-18 16:49:00,Shopping,Cash,ATM,Tablet,0
8038,9550,8049.01,2024-05-30 00:23:00,Food,UPI,In-store,Mobile,0
8039,860,1569.87,2024-01-03 12:34:00,Shopping,Credit Card,Mobile,Mobile,0
8040,2722,2418.16,2024-05-27 02:42:00,Grocery,UPI,Online,POS,0
8041,4996,2177.01,2024-06-24 05:14:00,Other,Debit Card,In-store,Mobile,0
8042,5879,475.79,2025-10-06 11:20:00,Travel,UPI,Mobile,Tablet,0
8043,3014,3743.08,2025-11-21 05:05:00,Utilities,Debit Card,In-store,POS,0
8044,732,260.33,2025-02-06 21:55:00,Electronics,Debit Card,Mobile,Tablet,0
8045,2406,5091.74,2025-11-06 11:00:00,Electronics,Credit Card,In-store,Mobile,0
8046,8585,486.88,2024-12-09 17:28:00,Food,Credit Card,Mobile,Desktop,0
8047,692,6190.85,2024-04-17 21:16:00,Utilities,Credit Card,In-store,Tablet,0
8048,2386,3198.61,2025-02-18 18:09:00,Other,UPI,ATM,Mobile,0
8049,7071,375.03,2024-03-15 16:41:00,Travel,UPI,ATM,Tablet,0
8050,2902,349.67,2024-06-27 02:36:00,Travel,Debit Card,In-store,Desktop,0
8051,5188,176.63,2024-05-22 10:36:00,Entertainment,Credit Card,Online,POS,0
8052,3233,568.32,2025-02-11 14:48:00,Shopping,Net Banking,ATM,Tablet,0
8053,8804,2152.37,2025-08-31 01:35:00,Electronics,Net Banking,Mobile,Mobile,0
8054,6971,1469.2,2025-08-27 17:49:00,Healthcare,Credit Card,Mobile,Desktop,0
8055,1443,1900.47,2025-11-29 08:15:00,Shopping,Debit Card,In-store,Desktop,0
8056,6333,63.27,2025-03-16 19:38:00,Other,UPI,ATM,POS,0
8057,2914,166.7,2025-07-08 09:50:00,Electronics,Net Banking,Mobile,Tablet,0
8058,1590,2355.14,2025-07-13 00:10:00,Utilities,UPI,Mobile,Mobile,0
8059,8351,3766.54,2024-05-09 01:54:00,Travel,Debit Card,In-store,Desktop,0
8060,1073,890.77,2024-12-04 01:38:00,Travel,Debit Card,ATM,Desktop,0
8061,7633,364.2,2025-12-09 23:14:00,Food,Debit Card,ATM,Mobile,0
8062,2710,737.37,2025-11-09 17:27:00,Shopping,Credit Card,Mobile,Mobile,0
8063,4320,1062.16,2025-09-04 22:44:00,Food,UPI,Mobile,POS,0
8064,2241,1989.24,2024-09-13 16:18:00,Shopping,Credit Card,In-store,POS,0
8065,5168,1053.48,2025-10-25 04:19:00,Entertainment,UPI,ATM,POS,0
8066,105,4546.85,2025-09-12 10:54:00,Utilities,Credit Card,Mobile,POS,0
8067,962,1025.7,2025-09-16 16:35:00,Food,Debit Card,ATM,Desktop,0
8068,281,400.25,2025-10-06 02:41:00,Travel,Credit Card,In-store,Mobile,0
8069,4117,570.95,2024-03-27 09:22:00,Food,UPI,In-store,Desktop,0
8070,3557,1251.6,2025-04-07 20:34:00,Other,Net Banking,In-store,Mobile,0
8071,2689,3050.77,2025-06-03 14:51:00,Utilities,UPI,In-store,Mobile,0
8072,1440,4071.34,2024-02-06 22:41:00,Shopping,Debit Card,Online,Desktop,0
8073,174,409.85,2025-03-27 02:22:00,Other,Net Banking,Mobile,Desktop,0
8074,8360,6.96,2024-07-02 07:57:00,Grocery,Credit Card,Mobile,POS,0
8075,3217,4071.37,2025-07-11 12:28:00,Utilities,Credit Card,ATM,Desktop,0
8076,565,518.05,2025-02-03 15:12:00,Shopping,UPI,In-store,Mobile,0
8077,2668,3448.16,2025-07-06 21:11:00,Shopping,Cash,In-store,POS,0
8078,9555,1600.34,2024-01-27 19:28:00,Other,UPI,Online,Tablet,0
8079,9064,1035.42,2024-10-08 12:49:00,Healthcare,Debit Card,ATM,Mobile,0
8080,3660,317.42,2024-03-20 19:04:00,Utilities,Credit Card,Online,POS,0
8081,6792,2229.71,2025-10-04 21:29:00,Shopping,Debit Card,Mobile,POS,0
8082,9323,3409.23,2025-05-21 19:34:00,Other,UPI,Mobile,POS,0
8083,3807,1236.43,2025-05-19 12:34:00,Electronics,Credit Card,In-store,Desktop,0
8084,7330,1182.46,2024-06-02 19:36:00,Entertainment,Net Banking,ATM,Desktop,0
8085,5722,2815.27,2025-03-22 16:31:00,Entertainment,UPI,Mobile,Desktop,0
8086,7133,1386.77,2024-06-06 04:20:00,Entertainment,Debit Card,ATM,Tablet,0
8087,8097,3079.94,2025-06-12 18:12:00,Grocery,Credit Card,ATM,Tablet,0
8088,7445,111.27,2025-05-20 23:02:00,Electronics,Debit Card,ATM,POS,0
8089,8158,3898.66,2025-10-20 17:20:00,Other,Credit Card,Mobile,Tablet,0
8090,9312,607.81,2025-11-28 16:00:00,Shopping,Debit Card,In-store,Tablet,0
8091,498,370.72,2025-02-12 20:11:00,Grocery,UPI,Online,Mobile,0
8092,1025,65.65,2025-11-29 20:50:00,Shopping,Debit Card,ATM,Desktop,0
8093,2227,3592.42,2024-08-31 11:03:00,Travel,Net Banking,Online,Mobile,0
8094,2209,124.0,2025-12-13 08:56:00,Entertainment,Net Banking,Online,Mobile,0
8095,310,6177.03,2024-01-31 21:57:00,Shopping,Credit Card,Online,Tablet,0
8096,1691,1664.09,2025-01-04 12:24:00,Shopping,Credit Card,Mobile,POS,0
8097,6963,2399.19,2025-09-26 10:43:00,Travel,Credit Card,ATM,POS,0
8098,3100,2584.23,2025-04-12 18:02:00,Entertainment,Debit Card,In-store,Mobile,0
8099,8404,692.56,2024-02-01 21:07:00,Travel,UPI,ATM,Mobile,0
8100,5640,3284.53,2024-06-20 08:57:00,Shopping,UPI,Online,Mobile,0
8101,1882,5846.48,2025-07-08 05:49:00,Shopping,UPI,Online,Tablet,0
8102,3077,923.6,2024-12-16 11:17:00,Shopping,Credit Card,Online,Mobile,0
8103,9739,3607.86,2024-09-14 05:59:00,Grocery,Credit Card,Online,Desktop,0
8104,2389,2957.17,2025-06-20 12:29:00,Food,Credit Card,In-store,Mobile,0
8105,8392,1781.23,2025-08-30 12:12:00,Grocery,Debit Card,Mobile,Mobile,0
8106,5754,916.52,2024-05-23 11:52:00,Other,Debit Card,ATM,Mobile,0
8107,3260,1072.92,2025-09-18 09:11:00,Utilities,Debit Card,Mobile,Desktop,0
8108,4398,735.21,2025-10-15 07:40:00,Grocery,UPI,Online,Tablet,0
8109,4236,1111.19,2024-05-16 21:34:00,Other,Credit Card,In-store,Desktop,0
8110,372,9137.08,2025-08-12 08:50:00,Healthcare,UPI,In-store,Desktop,0
8111,3421,903.27,2025-02-04 07:55:00,Other,UPI,ATM,Desktop,0
8112,5546,2190.3,2024-07-18 17:57:00,Utilities,Net Banking,Online,POS,0
8113,9205,770.17,2025-08-09 03:21:00,Utilities,Credit Card,In-store,Mobile,0
8114,2150,1257.15,2025-02-18 05:16:00,Utilities,Debit Card,ATM,Desktop,0
8115,9609,174.98,2024-03-22 21:43:00,Shopping,Debit Card,ATM,Tablet,0
8116,1668,2881.37,2024-12-01 05:34:00,Grocery,Credit Card,In-store,Mobile,0
8117,7381,2163.65,2024-12-11 23:59:00,Entertainment,Debit Card,In-store,POS,0
8118,9271,853.84,2025-05-09 05:58:00,Utilities,Net Banking,Mobile,POS,0
8119,1337,1488.23,2024-12-17 12:10:00,Other,Net Banking,Mobile,POS,0
8120,2471,4114.92,2025-08-12 05:25:00,Electronics,Debit Card,Mobile,POS,0
8121,4764,90.9,2025-08-26 07:55:00,Healthcare,Debit Card,Online,POS,0
8122,8697,5324.72,2025-12-12 07:21:00,Electronics,Debit Card,ATM,Mobile,0
8123,9829,1272.78,2025-06-26 19:50:00,Entertainment,Credit Card,ATM,POS,0
8124,6166,3927.31,2025-12-03 11:06:00,Utilities,UPI,Online,Mobile,0
8125,7369,3953.52,2024-08-16 16:06:00,Electronics,Credit Card,Online,Desktop,0
8126,4269,121.01,2025-07-27 22:25:00,Other,Credit Card,ATM,POS,0
8127,6593,3042.8,2025-01-13 11:01:00,Healthcare,Debit Card,ATM,POS,0
8128,1376,2640.02,2025-10-23 15:33:00,Shopping,Debit Card,Online,Tablet,0
8129,5615,88.31,2024-09-26 12:54:00,Other,UPI,In-store,Mobile,0
8130,9362,5644.83,2025-07-26 10:01:00,Other,Debit Card,ATM,Mobile,0
8131,9187,2013.24,2025-09-16 10:48:00,Travel,Credit Card,In-store,POS,0
8132,8033,366.73,2025-05-14 21:18:00,Other,UPI,ATM,Tablet,0
8133,388,262.72,2024-09-24 07:00:00,Entertainment,UPI,ATM,Tablet,0
8134,8496,1650.95,2024-07-17 09:40:00,Shopping,Credit Card,In-store,Desktop,0
8135,8275,121.27,2025-09-30 03:56:00,Healthcare,UPI,Online,Tablet,0
8136,5680,359.23,2025-11-22 16:52:00,Grocery,UPI,Online,Mobile,0
8137,8012,5930.49,2025-08-13 02:59:00,Shopping,Debit Card,ATM,Desktop,0
8138,7867,2730.95,2024-04-25 15:38:00,Entertainment,UPI,In-store,POS,0
8139,8676,1901.19,2025-05-10 05:03:00,Grocery,UPI,In-store,Tablet,0
8140,3369,468.46,2024-07-22 16:53:00,Entertainment,UPI,In-store,POS,0
8141,9622,493.12,2025-12-22 10:37:00,Travel,UPI,Mobile,POS,0
8142,367,1180.57,2024-08-29 08:50:00,Electronics,Debit Card,ATM,Desktop,0
8143,2097,2805.29,2024-02-08 02:53:00,Shopping,UPI,ATM,Desktop,0
8144,6774,7.87,2025-01-07 06:25:00,Healthcare,Credit Card,In-store,Tablet,0
8145,5815,90.57,2024-11-10 02:20:00,Shopping,Debit Card,Mobile,Mobile,0
8146,5724,4082.16,2024-10-27 14:06:00,Shopping,UPI,In-store,Tablet,0
8147,3720,3364.72,2024-11-30 10:12:00,Food,Credit Card,Mobile,Desktop,0
8148,479,2372.8,2024-04-19 06:46:00,Electronics,Debit Card,In-store,Mobile,0
8149,8063,1384.42,2024-06-26 11:39:00,Food,Debit Card,In-store,POS,0
8150,7996,313.6,2024-08-07 13:30:00,Healthcare,Debit Card,ATM,Mobile,0
8151,6490,215.69,2025-06-21 03:15:00,Shopping,Debit Card,Online,Tablet,0
8152,1923,4715.7,2025-03-12 14:54:00,Electronics,Net Banking,Online,Desktop,0
8153,1927,964.22,2024-11-20 01:01:00,Utilities,Cash,Online,Mobile,0
8154,6991,2379.63,2025-09-27 08:54:00,Other,Credit Card,Online,Desktop,0
8155,8404,1218.34,2024-06-02 22:55:00,Other,Net Banking,Online,Desktop,0
8156,5009,2625.56,2025-10-20 03:18:00,Entertainment,Debit Card,Online,Mobile,0
8157,3594,429.63,2024-03-30 01:49:00,Healthcare,Credit Card,Mobile,Tablet,0
8158,8304,1325.5,2024-12-28 05:29:00,Healthcare,Credit Card,Mobile,Mobile,0
8159,3866,945.99,2025-01-27 19:33:00,Utilities,UPI,In-store,Mobile,0
8160,278,562.22,2024-05-04 22:37:00,Utilities,UPI,In-store,Tablet,0
8161,6543,1821.17,2025-06-20 15:35:00,Electronics,Credit Card,Online,Tablet,0
8162,1594,1539.94,2024-03-02 19:46:00,Food,Cash,Online,Desktop,0
8163,6908,1369.13,2024-05-14 15:00:00,Grocery,Credit Card,Mobile,Desktop,0
8164,1852,1788.58,2024-10-05 11:08:00,Electronics,Debit Card,ATM,Desktop,0
8165,6476,307.54,2024-08-28 16:33:00,Healthcare,UPI,ATM,Desktop,0
8166,8359,925.81,2025-07-25 11:25:00,Food,Net Banking,ATM,POS,0
8167,4995,785.12,2024-06-15 04:59:00,Shopping,Credit Card,Online,Desktop,0
8168,7861,2932.19,2024-12-04 17:51:00,Grocery,Credit Card,Mobile,Desktop,0
8169,9624,72.76,2025-03-14 13:03:00,Other,UPI,Mobile,Tablet,0
8170,9655,662.38,2024-11-28 18:32:00,Entertainment,Debit Card,ATM,POS,0
8171,8706,5009.26,2025-03-01 14:34:00,Grocery,Credit Card,Mobile,Mobile,0
8172,8599,714.35,2025-03-28 08:19:00,Food,Credit Card,ATM,POS,0
8173,2617,329.51,2024-06-20 04:31:00,Other,UPI,Online,Desktop,0
8174,9175,2832.23,2025-12-24 10:32:00,Utilities,Credit Card,Online,POS,0
8175,8904,98.05,2024-12-11 23:57:00,Travel,UPI,Online,POS,0
8176,5260,1111.37,2025-11-16 08:34:00,Shopping,Debit Card,Mobile,Tablet,0
8177,1537,3866.98,2025-10-09 10:46:00,Electronics,UPI,In-store,Mobile,0
8178,1891,6162.35,2025-08-25 13:23:00,Entertainment,UPI,Online,Desktop,0
8179,958,572.75,2024-11-20 22:53:00,Utilities,UPI,Mobile,Tablet,0
8180,2460,702.53,2025-09-20 09:11:00,Entertainment,Debit Card,ATM,POS,0
8181,752,1675.2,2025-05-29 04:19:00,Other,Net Banking,Online,Tablet,0
8182,5894,513.79,2025-09-21 03:05:00,Travel,Credit Card,In-store,POS,0
8183,7082,326.79,2025-12-10 13:21:00,Grocery,Credit Card,In-store,POS,0
8184,3622,1110.19,2024-01-27 04:59:00,Electronics,Debit Card,ATM,Mobile,0
8185,6988,149.98,2024-01-07 01:02:00,Other,Credit Card,In-store,POS,0
8186,7324,4492.79,2024-06-08 09:23:00,Food,Debit Card,Mobile,POS,0
8187,12,813.52,2025-10-16 07:37:00,Food,Credit Card,ATM,Mobile,0
8188,4268,819.8,2025-10-24 07:04:00,Food,Credit Card,In-store,Tablet,0
8189,3599,3134.42,2024-08-30 04:41:00,Grocery,Net Banking,In-store,Desktop,0
8190,3446,835.73,2024-04-28 10:55:00,Travel,Credit Card,Online,Desktop,0
8191,4407,2861.8,2024-11-20 02:13:00,Travel,Credit Card,Mobile,Tablet,0
8192,1119,399.93,2024-01-06 10:21:00,Electronics,Credit Card,In-store,Mobile,0
8193,2005,1505.74,2025-05-07 01:33:00,Utilities,Debit Card,In-store,Tablet,0
8194,8530,2926.45,2024-07-27 20:40:00,Food,Credit Card,Online,Desktop,0
8195,9990,1195.31,2025-03-11 17:47:00,Grocery,Credit Card,Online,Tablet,0
8196,64,149.04,2024-07-05 21:06:00,Grocery,Credit Card,In-store,Tablet,0
8197,8913,2670.46,2024-10-17 09:18:00,Entertainment,Net Banking,Mobile,Desktop,0
8198,5667,1362.66,2025-06-16 16:39:00,Shopping,UPI,Online,Tablet,0
8199,6610,760.81,2025-01-27 12:37:00,Other,Credit Card,In-store,Mobile,0
8200,9529,9866.16,2025-09-26 22:31:00,Travel,UPI,In-store,Desktop,0
8201,7128,4176.11,2024-05-27 15:54:00,Shopping,Net Banking,In-store,Desktop,0
8202,2418,77.11,2025-12-07 07:27:00,Shopping,Cash,Mobile,Desktop,0
8203,80,1801.1,2025-04-04 20:50:00,Utilities,Credit Card,Mobile,Tablet,1
8204,4061,875.67,2025-03-27 23:18:00,Grocery,Credit Card,Online,Desktop,0
8205,1053,76.25,2025-10-20 13:09:00,Utilities,Net Banking,Online,Mobile,0
8206,3068,22.72,2024-01-07 04:23:00,Entertainment,Net Banking,In-store,POS,0
8207,1692,1752.98,2025-06-11 23:45:00,Grocery,Credit Card,Online,Tablet,0
8208,7619,771.71,2024-06-20 11:18:00,Shopping,Credit Card,ATM,Tablet,0
8209,5738,2430.18,2024-08-02 02:33:00,Travel,Net Banking,Online,Mobile,0
8210,5080,1211.82,2024-08-11 05:45:00,Entertainment,Credit Card,Mobile,Mobile,0
8211,2322,2909.13,2025-07-10 03:47:00,Grocery,UPI,Mobile,Desktop,0
8212,2992,3353.99,2024-05-16 06:53:00,Shopping,Net Banking,Mobile,Tablet,0
8213,7569,2141.42,2024-03-05 04:12:00,Shopping,Credit Card,Online,Desktop,0
8214,2289,1082.48,2025-09-13 04:56:00,Utilities,Credit Card,Online,Tablet,0
8215,3402,8926.86,2025-10-22 00:40:00,Travel,UPI,Mobile,POS,0
8216,8857,732.54,2024-11-08 19:05:00,Electronics,UPI,Mobile,Tablet,0
8217,1519,1445.48,2024-03-01 12:47:00,Entertainment,Credit Card,ATM,Mobile,0
8218,2226,1469.62,2024-01-09 02:33:00,Electronics,Debit Card,In-store,Desktop,1
8219,1994,1118.42,2024-09-07 13:16:00,Grocery,Net Banking,In-store,Tablet,0
8220,5161,258.89,2025-05-16 05:13:00,Other,Credit Card,ATM,Desktop,0
8221,261,873.73,2025-07-20 14:22:00,Food,Debit Card,Online,Tablet,0
8222,1286,484.63,2024-01-25 17:10:00,Travel,Debit Card,Online,Desktop,0
8223,387,4602.32,2025-04-27 12:33:00,Travel,Net Banking,Mobile,Tablet,0
8224,8493,2130.6,2025-12-24 02:42:00,Other,Debit Card,Online,Desktop,0
8225,1254,678.83,2025-04-11 05:50:00,Grocery,Debit Card,Mobile,POS,0
8226,5821,1668.19,2024-07-04 11:30:00,Grocery,Net Banking,Mobile,POS,0
8227,9328,3837.47,2025-04-20 10:16:00,Travel,UPI,Mobile,Desktop,0
8228,2794,5449.41,2025-01-06 17:40:00,Food,Debit Card,ATM,Mobile,0
8229,6320,156.0,2024-09-29 15:08:00,Grocery,Cash,Online,Desktop,0
8230,8600,3092.07,2025-01-23 04:55:00,Food,Net Banking,ATM,POS,0
8231,410,6781.0,2025-08-07 01:20:00,Food,Credit Card,Online,Mobile,0
8232,8369,1259.39,2024-05-25 19:05:00,Healthcare,Credit Card,In-store,Mobile,0
8233,1752,10822.53,2025-06-07 21:47:00,Shopping,Credit Card,Online,Desktop,0
8234,6888,6296.74,2025-04-09 12:57:00,Grocery,Credit Card,ATM,POS,0
8235,4996,2139.42,2025-11-04 17:15:00,Other,UPI,In-store,Tablet,0
8236,8241,3762.64,2024-04-14 12:03:00,Other,Debit Card,In-store,Mobile,0
8237,6956,703.55,2025-07-16 05:45:00,Grocery,Debit Card,In-store,Desktop,0
8238,3869,4989.03,2025-03-26 03:41:00,Healthcare,UPI,ATM,POS,0
8239,282,1792.43,2025-04-25 05:04:00,Healthcare,Credit Card,Online,POS,0
8240,8661,1425.34,2025-04-13 21:13:00,Shopping,Credit Card,Online,Desktop,0
8241,1235,3611.66,2024-07-22 14:50:00,Shopping,Debit Card,Mobile,Desktop,0
8242,7295,4405.38,2024-08-10 18:41:00,Electronics,Debit Card,Mobile,Tablet,0
8243,3389,2416.29,2025-08-19 05:53:00,Other,UPI,ATM,Mobile,0
8244,4392,50.71,2024-01-30 10:11:00,Grocery,Debit Card,Online,POS,0
8245,6758,1818.66,2024-06-25 04:36:00,Food,Debit Card,Mobile,Mobile,0
8246,2770,3448.08,2025-08-03 19:13:00,Electronics,Credit Card,ATM,Tablet,0
8247,2898,1576.1,2025-02-25 05:06:00,Grocery,UPI,Online,Mobile,0
8248,3932,5462.39,2025-03-13 10:42:00,Utilities,Debit Card,In-store,Tablet,0
8249,5209,4552.22,2025-08-22 02:40:00,Other,Credit Card,In-store,Desktop,0
8250,9039,1508.67,2024-11-06 07:35:00,Electronics,Debit Card,ATM,Mobile,0
8251,8432,1034.46,2025-07-17 04:15:00,Shopping,Credit Card,ATM,Tablet,0
8252,9965,113.3,2024-06-19 10:41:00,Food,Credit Card,ATM,Mobile,0
8253,9312,2002.6,2025-01-07 22:15:00,Healthcare,Credit Card,In-store,Tablet,0
8254,3059,618.4,2025-08-14 17:13:00,Utilities,Cash,Online,POS,0
8255,8374,2207.97,2024-11-23 17:19:00,Entertainment,Net Banking,Mobile,POS,0
8256,2908,3206.53,2024-09-30 13:07:00,Travel,Net Banking,ATM,Mobile,1
8257,6882,1050.84,2025-05-15 23:41:00,Electronics,Credit Card,Mobile,Desktop,0
8258,3210,31.41,2025-04-19 23:47:00,Grocery,Net Banking,Mobile,Mobile,0
8259,6514,4008.72,2025-05-19 07:10:00,Entertainment,Net Banking,Mobile,Mobile,0
8260,7963,1592.61,2025-02-06 09:15:00,Healthcare,Credit Card,ATM,Tablet,0
8261,9804,756.06,2024-01-21 18:21:00,Travel,Debit Card,Mobile,POS,0
8262,493,2009.13,2024-09-24 08:36:00,Travel,Credit Card,In-store,POS,0
8263,2913,2244.14,2025-05-25 19:45:00,Shopping,Debit Card,Mobile,Mobile,0
8264,6801,319.09,2024-04-29 05:57:00,Food,Net Banking,In-store,POS,0
8265,6260,2079.19,2025-04-02 19:52:00,Electronics,UPI,Mobile,Mobile,0
8266,9518,675.67,2025-08-19 14:00:00,Other,Credit Card,ATM,Tablet,0
8267,846,3255.46,2024-07-10 18:11:00,Grocery,Credit Card,In-store,Tablet,1
8268,121,5677.82,2025-03-26 02:10:00,Healthcare,Credit Card,In-store,Mobile,0
8269,5054,216.66,2024-02-26 10:15:00,Food,Net Banking,Online,Tablet,0
8270,4007,4986.47,2025-11-13 19:29:00,Travel,Cash,Online,POS,0
8271,8923,4675.31,2025-06-23 15:46:00,Grocery,Debit Card,ATM,Tablet,0
8272,1854,839.86,2024-04-25 06:31:00,Grocery,Debit Card,In-store,POS,0
8273,4175,58.52,2025-12-25 10:08:00,Food,Debit Card,Online,POS,0
8274,9171,2176.68,2025-08-16 17:58:00,Utilities,Debit Card,Online,Tablet,0
8275,7514,845.36,2025-06-15 07:08:00,Shopping,Debit Card,ATM,Desktop,0
8276,5656,425.51,2024-06-01 00:51:00,Travel,UPI,In-store,Tablet,0
8277,4917,229.84,2025-11-22 03:08:00,Utilities,Debit Card,In-store,POS,0
8278,740,436.38,2025-01-08 12:46:00,Shopping,Credit Card,ATM,Tablet,0
8279,4385,542.22,2024-02-25 17:12:00,Travel,Credit Card,Mobile,Mobile,0
8280,5957,3177.56,2024-06-26 01:56:00,Shopping,Credit Card,ATM,Tablet,0
8281,6473,3063.28,2024-02-15 08:48:00,Food,Debit Card,Online,Tablet,0
8282,872,1364.08,2025-07-21 15:38:00,Food,Credit Card,Online,Tablet,0
8283,7175,1611.85,2025-12-03 14:33:00,Shopping,Debit Card,ATM,Tablet,0
8284,8034,4997.6,2025-05-30 16:55:00,Healthcare,Credit Card,ATM,Desktop,0
8285,3243,4772.81,2025-08-05 14:22:00,Healthcare,Net Banking,ATM,Tablet,0
8286,8031,3528.37,2025-12-01 06:44:00,Healthcare,Net Banking,In-store,POS,0
8287,8564,937.68,2025-12-22 11:42:00,Grocery,UPI,Mobile,Mobile,0
8288,1853,913.16,2025-06-10 11:11:00,Grocery,UPI,In-store,POS,0
8289,8736,4376.42,2024-08-30 20:34:00,Travel,Debit Card,Online,Desktop,0
8290,497,5221.31,2025-02-07 01:51:00,Electronics,Credit Card,Online,Desktop,0
8291,6479,3203.48,2024-02-11 06:01:00,Other,UPI,ATM,Tablet,0
8292,9353,2830.51,2024-10-11 09:15:00,Electronics,Credit Card,ATM,POS,0
8293,2364,1633.63,2025-02-01 20:05:00,Entertainment,UPI,Mobile,Mobile,0
8294,8652,825.99,2025-08-09 18:20:00,Utilities,Debit Card,ATM,Desktop,0
8295,6878,550.54,2024-04-22 14:04:00,Utilities,Credit Card,Online,POS,0
8296,1432,302.43,2024-12-21 05:13:00,Healthcare,Debit Card,Mobile,POS,0
8297,7351,2605.39,2025-08-07 02:01:00,Food,UPI,Online,POS,1
8298,6391,3000.98,2024-06-01 20:36:00,Healthcare,Credit Card,Online,Tablet,0
8299,9526,888.34,2024-06-20 23:37:00,Travel,Credit Card,ATM,Tablet,0
8300,8371,12.12,2024-12-22 21:01:00,Utilities,Credit Card,Online,Tablet,0
8301,7673,5580.57,2024-04-04 09:12:00,Healthcare,Credit Card,Online,Mobile,0
8302,7545,1149.27,2025-05-04 08:41:00,Entertainment,Credit Card,In-store,Desktop,0
8303,4374,7345.31,2025-06-07 06:03:00,Electronics,Credit Card,Mobile,Desktop,0
8304,7651,2262.43,2025-09-18 06:58:00,Grocery,UPI,In-store,Tablet,0
8305,7444,264.81,2024-01-06 18:26:00,Other,Net Banking,ATM,Tablet,0
8306,1317,791.88,2025-04-26 02:13:00,Shopping,UPI,In-store,POS,0
8307,7296,2140.34,2025-12-04 18:31:00,Entertainment,Cash,Mobile,Desktop,0
8308,4403,2095.38,2024-04-05 19:07:00,Grocery,Cash,Mobile,Tablet,0
8309,8565,527.89,2024-05-28 12:03:00,Entertainment,Debit Card,Mobile,POS,0
8310,8918,389.25,2025-10-10 04:46:00,Food,Credit Card,Online,Tablet,0
8311,434,648.11,2024-06-04 03:13:00,Grocery,Net Banking,Online,Mobile,0
8312,9936,3091.91,2024-06-10 03:55:00,Other,Debit Card,In-store,Desktop,0
8313,5954,553.8,2025-12-04 22:29:00,Utilities,Credit Card,In-store,Mobile,0
8314,7230,2419.85,2025-02-23 14:48:00,Utilities,Debit Card,In-store,Tablet,0
8315,1394,4080.44,2025-11-07 04:03:00,Grocery,Debit Card,Mobile,Tablet,0
8316,7005,993.92,2024-04-27 19:49:00,Other,Debit Card,Mobile,Desktop,0
8317,4091,14.04,2025-11-20 02:07:00,Shopping,Credit Card,Mobile,Mobile,0
8318,2742,306.2,2024-04-25 12:25:00,Healthcare,Debit Card,Online,POS,0
8319,6627,747.63,2024-04-17 04:58:00,Entertainment,Debit Card,Mobile,POS,0
8320,3252,421.33,2024-07-04 01:07:00,Healthcare,Net Banking,Online,Tablet,0
8321,5755,683.61,2025-09-24 23:02:00,Entertainment,Credit Card,Mobile,Desktop,0
8322,22,1570.71,2025-04-02 04:46:00,Electronics,Net Banking,ATM,POS,0
8323,515,42.61,2024-12-17 21:47:00,Other,UPI,In-store,Tablet,0
8324,4779,132.88,2025-06-25 14:59:00,Electronics,Cash,ATM,POS,0
8325,994,3872.27,2024-09-11 06:59:00,Utilities,Net Banking,ATM,Mobile,0
8326,9565,1477.63,2025-09-29 23:46:00,Travel,Debit Card,Online,Mobile,0
8327,1589,5483.14,2024-08-07 01:18:00,Entertainment,UPI,In-store,Desktop,0
8328,8416,6.56,2025-08-08 06:27:00,Travel,Net Banking,Mobile,Desktop,0
8329,4633,0.3,2025-01-24 10:13:00,Travel,Debit Card,ATM,Tablet,0
8330,4399,2691.05,2025-07-03 00:42:00,Healthcare,Credit Card,ATM,Mobile,0
8331,2682,1293.49,2024-07-02 14:41:00,Healthcare,Debit Card,In-store,Tablet,0
8332,1380,4902.13,2025-11-12 09:49:00,Electronics,Debit Card,ATM,Mobile,0
8333,4674,3089.02,2025-06-17 03:09:00,Grocery,UPI,Online,POS,0
8334,5389,1402.21,2024-10-15 05:06:00,Healthcare,Debit Card,In-store,POS,0
8335,2566,1302.18,2024-04-02 09:01:00,Grocery,UPI,In-store,Mobile,0
8336,2301,3333.93,2025-07-25 21:25:00,Healthcare,Credit Card,In-store,Tablet,0
8337,9301,3256.29,2025-10-02 16:08:00,Healthcare,Debit Card,In-store,Tablet,0
8338,2211,648.54,2024-12-11 00:36:00,Grocery,UPI,ATM,Tablet,0
8339,5357,2245.63,2025-11-11 10:08:00,Food,Credit Card,Online,POS,0
8340,9298,2061.17,2024-06-02 19:18:00,Entertainment,Credit Card,Mobile,POS,0
8341,6955,3877.06,2025-01-19 04:01:00,Healthcare,UPI,ATM,Mobile,0
8342,148,4058.71,2025-08-28 06:44:00,Shopping,UPI,Online,Mobile,0
8343,3509,624.72,2025-01-10 11:46:00,Grocery,Debit Card,Online,Desktop,0
8344,3693,4236.24,2025-01-24 02:51:00,Electronics,Cash,Mobile,POS,0
8345,5680,5169.13,2025-11-01 00:51:00,Electronics,Debit Card,In-store,POS,0
8346,3227,232.25,2024-08-07 22:42:00,Other,Credit Card,Online,Mobile,0
8347,6104,1705.44,2025-08-05 19:22:00,Healthcare,Debit Card,In-store,Desktop,0
8348,1294,1147.05,2024-05-11 22:37:00,Other,UPI,ATM,Mobile,0
8349,8182,1028.28,2025-05-23 00:49:00,Entertainment,Credit Card,In-store,POS,0
8350,416,2440.4,2024-04-09 07:29:00,Other,Credit Card,Online,Desktop,0
8351,6979,277.53,2024-05-01 04:17:00,Other,UPI,Online,Mobile,0
8352,3082,3428.99,2024-07-14 13:59:00,Grocery,Net Banking,Mobile,POS,0
8353,7578,53.92,2025-01-02 17:20:00,Other,Debit Card,In-store,Tablet,0
8354,7391,1726.93,2025-07-06 11:24:00,Food,Debit Card,ATM,Tablet,0
8355,2890,510.71,2024-11-10 04:13:00,Utilities,Debit Card,ATM,Tablet,1
8356,9793,2202.04,2024-01-28 08:04:00,Food,Credit Card,In-store,POS,0
8357,9393,1490.7,2024-06-08 00:09:00,Electronics,Net Banking,ATM,Desktop,0
8358,6688,16606.03,2025-05-08 01:27:00,Food,Credit Card,ATM,POS,0
8359,4673,3965.68,2024-05-06 11:39:00,Grocery,UPI,ATM,POS,0
8360,3098,820.85,2024-06-14 15:14:00,Grocery,UPI,In-store,Desktop,0
8361,3269,1503.6,2025-07-24 15:17:00,Electronics,Net Banking,In-store,POS,0
8362,9626,764.9,2024-03-02 05:38:00,Entertainment,Credit Card,Online,POS,0
8363,4838,2609.75,2025-09-26 01:28:00,Other,Credit Card,Online,Tablet,0
8364,1777,1097.79,2024-03-28 13:27:00,Healthcare,UPI,Mobile,Tablet,0
8365,6540,245.32,2025-08-27 00:26:00,Other,Credit Card,Online,Mobile,0
8366,7652,2162.35,2024-08-21 04:08:00,Food,Debit Card,In-store,Desktop,0
8367,7832,22.25,2024-10-15 16:41:00,Other,Debit Card,In-store,Desktop,0
8368,6327,705.62,2024-04-19 10:20:00,Grocery,Credit Card,Mobile,Desktop,0
8369,8140,4753.39,2024-09-24 05:52:00,Grocery,Debit Card,In-store,POS,0
8370,9917,197.82,2025-12-01 20:41:00,Healthcare,Credit Card,In-store,Mobile,0
8371,9467,1404.08,2024-01-08 07:44:00,Electronics,UPI,In-store,Desktop,0
8372,508,3170.35,2025-12-28 09:02:00,Utilities,UPI,ATM,POS,0
8373,703,4697.3,2024-09-12 01:07:00,Other,Credit Card,Mobile,Desktop,0
8374,6272,1641.23,2024-01-18 19:23:00,Utilities,UPI,Online,POS,0
8375,9020,332.54,2025-02-19 15:36:00,Other,UPI,In-store,Tablet,0
8376,6563,5655.61,2025-10-17 14:23:00,Entertainment,Credit Card,Online,Tablet,0
8377,3492,2766.67,2025-03-09 09:39:00,Utilities,Credit Card,In-store,POS,0
8378,824,1007.27,2024-03-07 11:28:00,Grocery,Net Banking,Online,Desktop,0
8379,9886,648.64,2025-08-27 21:49:00,Healthcare,Credit Card,In-store,Tablet,0
8380,9085,97.78,2024-12-22 11:18:00,Other,Credit Card,In-store,Mobile,0
8381,6688,424.98,2025-03-11 05:15:00,Healthcare,Debit Card,Mobile,Tablet,0
8382,3151,3007.25,2024-09-14 15:53:00,Utilities,Net Banking,Online,POS,0
8383,3128,229.99,2024-04-18 04:53:00,Grocery,UPI,Mobile,Desktop,0
8384,2909,277.17,2024-09-14 14:27:00,Entertainment,UPI,ATM,Desktop,0
8385,7582,436.14,2024-01-03 03:02:00,Utilities,Credit Card,In-store,Tablet,0
8386,7641,1006.18,2025-07-22 01:49:00,Healthcare,Debit Card,ATM,Tablet,0
8387,4298,419.15,2024-05-01 16:07:00,Other,UPI,ATM,Tablet,0
8388,4319,4693.15,2024-02-09 06:01:00,Entertainment,Debit Card,Online,Tablet,0
8389,9345,595.88,2025-02-26 17:14:00,Travel,UPI,In-store,Desktop,0
8390,6474,5038.69,2024-04-12 14:25:00,Grocery,UPI,Online,Tablet,0
8391,7025,8391.83,2024-10-09 02:31:00,Shopping,Debit Card,In-store,Desktop,0
8392,5860,2811.39,2024-06-14 13:33:00,Grocery,Debit Card,ATM,Desktop,0
8393,9657,14.93,2024-02-13 17:00:00,Food,UPI,Mobile,Desktop,0
8394,6134,548.93,2025-06-13 03:51:00,Electronics,UPI,ATM,POS,0
8395,6272,622.13,2025-11-17 11:28:00,Healthcare,Net Banking,Mobile,Tablet,0
8396,7309,1565.07,2024-04-19 04:37:00,Shopping,Debit Card,ATM,Tablet,0
8397,6142,344.89,2024-02-01 23:06:00,Entertainment,Debit Card,In-store,Desktop,0
8398,9665,160.72,2024-12-16 22:03:00,Grocery,UPI,In-store,POS,0
8399,882,388.04,2025-04-19 02:12:00,Utilities,Debit Card,ATM,POS,0
8400,6107,793.07,2025-06-04 01:26:00,Food,UPI,ATM,Tablet,0
8401,2572,100.92,2025-04-08 03:15:00,Electronics,UPI,ATM,Tablet,0
8402,1051,434.73,2024-02-25 14:45:00,Healthcare,Net Banking,ATM,Tablet,0
8403,369,366.69,2024-08-22 10:05:00,Healthcare,Net Banking,In-store,POS,0
8404,1917,2959.97,2024-02-18 09:23:00,Food,UPI,In-store,POS,0
8405,7534,371.63,2025-06-27 08:31:00,Healthcare,Credit Card,Mobile,Tablet,0
8406,4772,3136.01,2024-11-03 06:51:00,Other,UPI,Mobile,POS,0
8407,5306,1419.29,2025-02-14 05:07:00,Other,Debit Card,In-store,POS,0
8408,9650,2836.43,2025-12-21 06:01:00,Utilities,Net Banking,Online,Tablet,0
8409,3763,1196.97,2024-01-18 18:27:00,Travel,Credit Card,ATM,Mobile,0
8410,5420,4626.39,2024-07-05 11:34:00,Other,Credit Card,Mobile,Mobile,0
8411,1211,647.36,2025-06-24 21:22:00,Utilities,UPI,Online,POS,0
8412,1727,2911.78,2025-04-02 13:45:00,Entertainment,Credit Card,ATM,POS,0
8413,3322,356.87,2025-03-15 19:16:00,Grocery,Debit Card,Online,Mobile,0
8414,1221,4285.09,2025-05-23 00:13:00,Healthcare,Debit Card,In-store,POS,0
8415,7152,57.71,2024-05-03 17:00:00,Healthcare,Credit Card,ATM,Tablet,0
8416,5323,1222.9,2024-12-07 06:42:00,Healthcare,Net Banking,ATM,Tablet,0
8417,4037,1093.8,2024-07-24 19:25:00,Entertainment,Credit Card,ATM,Mobile,0
8418,6921,1955.22,2024-06-09 14:59:00,Other,Credit Card,In-store,Mobile,1
8419,3991,1162.97,2024-09-17 13:56:00,Food,Debit Card,Mobile,Mobile,0
8420,5899,1778.22,2025-02-07 13:52:00,Grocery,Debit Card,In-store,POS,0
8421,8381,3956.7,2024-06-01 02:22:00,Entertainment,Credit Card,ATM,Desktop,0
8422,847,306.37,2025-08-22 02:33:00,Travel,Debit Card,Mobile,Tablet,0
8423,273,559.82,2024-09-03 04:44:00,Shopping,UPI,Mobile,Desktop,0
8424,949,3247.28,2025-05-01 00:02:00,Healthcare,Net Banking,Online,Mobile,0
8425,5210,517.71,2024-02-28 08:25:00,Utilities,Credit Card,In-store,POS,0
8426,270,4721.57,2025-02-28 13:06:00,Electronics,UPI,Online,Desktop,0
8427,4663,1556.59,2024-11-14 10:40:00,Grocery,Net Banking,Online,POS,0
8428,7433,170.82,2025-08-26 00:48:00,Electronics,Credit Card,In-store,Mobile,1
8429,5311,41.75,2024-03-10 03:03:00,Healthcare,Net Banking,In-store,Desktop,0
8430,9499,2878.59,2025-04-02 18:31:00,Food,Credit Card,In-store,Tablet,0
8431,9051,3880.76,2025-11-13 14:07:00,Shopping,Net Banking,In-store,Desktop,0
8432,1781,548.52,2024-09-15 01:01:00,Entertainment,Debit Card,Online,Tablet,0
8433,4894,550.93,2025-11-01 08:37:00,Travel,Net Banking,ATM,Mobile,0
8434,3162,6162.67,2024-08-29 17:49:00,Entertainment,Credit Card,ATM,Desktop,0
8435,4455,2135.32,2025-07-19 02:52:00,Other,Credit Card,ATM,Tablet,0
8436,380,366.92,2025-07-30 22:54:00,Shopping,UPI,Online,POS,0
8437,2215,1190.54,2025-12-25 20:44:00,Shopping,Credit Card,In-store,Tablet,0
8438,8161,4825.61,2024-10-03 18:00:00,Healthcare,Net Banking,Online,Tablet,0
8439,4712,1941.36,2024-11-18 07:42:00,Food,Net Banking,ATM,Desktop,0
8440,570,1046.71,2025-12-25 02:20:00,Shopping,UPI,ATM,Mobile,0
8441,5324,327.47,2024-06-25 01:16:00,Entertainment,Debit Card,In-store,Tablet,0
8442,8318,2589.27,2025-09-17 19:32:00,Healthcare,Net Banking,Online,POS,0
8443,345,646.93,2024-02-08 18:19:00,Other,UPI,ATM,POS,0
8444,4026,1669.01,2025-10-24 19:52:00,Travel,Credit Card,In-store,Tablet,0
8445,8959,1833.28,2025-05-23 12:50:00,Other,UPI,ATM,Desktop,0
8446,3049,1621.38,2025-09-12 16:31:00,Shopping,UPI,In-store,Tablet,0
8447,2314,566.03,2025-10-16 07:41:00,Travel,UPI,Mobile,POS,0
8448,30,2463.88,2024-03-07 06:29:00,Utilities,Credit Card,Mobile,Tablet,0
8449,3377,1669.65,2025-08-27 14:43:00,Food,UPI,Online,Desktop,0
8450,3525,1033.97,2024-05-03 13:24:00,Utilities,Debit Card,In-store,Mobile,0
8451,1820,107.08,2025-09-09 17:47:00,Entertainment,UPI,ATM,Desktop,0
8452,2747,804.73,2024-10-26 03:26:00,Travel,Net Banking,Mobile,Desktop,0
8453,1932,869.11,2025-01-26 03:09:00,Utilities,Debit Card,ATM,Desktop,0
8454,9639,3132.41,2024-08-09 15:18:00,Healthcare,UPI,Mobile,Desktop,0
8455,6491,1440.82,2024-02-20 15:30:00,Food,UPI,In-store,Tablet,0
8456,7746,5379.99,2025-08-07 08:15:00,Entertainment,Credit Card,ATM,Mobile,0
8457,5342,2778.44,2024-08-26 05:48:00,Healthcare,Debit Card,ATM,Tablet,0
8458,1212,1544.4,2024-11-26 13:11:00,Grocery,Credit Card,ATM,Mobile,0
8459,7593,369.98,2024-08-03 23:44:00,Shopping,Net Banking,Mobile,Tablet,0
8460,3621,499.57,2025-06-11 21:37:00,Healthcare,UPI,ATM,Tablet,0
8461,9727,348.9,2025-09-01 09:37:00,Food,Debit Card,In-store,Desktop,0
8462,3278,1169.84,2025-08-05 03:39:00,Shopping,Credit Card,Mobile,Desktop,0
8463,2522,2564.05,2025-04-01 00:04:00,Entertainment,Debit Card,Mobile,Tablet,0
8464,1906,2848.61,2025-12-29 08:10:00,Electronics,Credit Card,In-store,Desktop,0
8465,7560,202.19,2025-03-17 21:08:00,Food,Credit Card,Mobile,Mobile,0
8466,9283,1370.0,2024-01-27 06:29:00,Utilities,Credit Card,Online,Desktop,0
8467,8220,1313.4,2024-02-22 16:29:00,Food,Credit Card,ATM,Tablet,0
8468,6798,1155.66,2025-07-07 05:06:00,Utilities,UPI,Online,Tablet,0
8469,6045,716.83,2024-04-01 13:03:00,Electronics,UPI,Mobile,Tablet,0
8470,6376,1291.79,2024-06-11 21:42:00,Grocery,UPI,Mobile,Tablet,0
8471,8118,1453.85,2025-11-06 00:40:00,Travel,Net Banking,In-store,Mobile,0
8472,3179,1831.06,2025-11-07 20:16:00,Grocery,UPI,ATM,Tablet,0
8473,5498,947.59,2024-04-07 17:51:00,Travel,UPI,ATM,Desktop,0
8474,3748,5804.51,2024-03-26 07:23:00,Travel,Credit Card,In-store,Tablet,0
8475,7559,827.51,2025-12-01 22:48:00,Shopping,Debit Card,Mobile,Tablet,0
8476,7953,4508.56,2025-09-21 18:32:00,Food,Debit Card,In-store,Desktop,0
8477,2943,3231.45,2025-09-01 16:56:00,Travel,UPI,In-store,Mobile,0
8478,7984,1251.99,2025-08-21 14:57:00,Food,Debit Card,Online,Desktop,1
8479,8883,1371.6,2024-05-30 03:05:00,Shopping,UPI,In-store,Mobile,0
8480,6220,4078.31,2025-03-31 00:46:00,Grocery,Credit Card,Online,POS,0
8481,4686,1357.4,2025-07-04 16:40:00,Utilities,Credit Card,In-store,Tablet,0
8482,1759,2274.99,2025-08-24 09:59:00,Food,Credit Card,Mobile,POS,0
8483,6603,3314.14,2025-11-08 16:01:00,Entertainment,UPI,Online,Mobile,0
8484,1387,4769.35,2024-03-13 17:59:00,Travel,Cash,Mobile,Tablet,0
8485,6723,492.22,2025-02-12 08:19:00,Utilities,Debit Card,ATM,POS,1
8486,1662,7407.24,2025-07-01 04:10:00,Electronics,Credit Card,Mobile,POS,0
8487,4917,6723.97,2024-05-03 14:56:00,Shopping,UPI,In-store,POS,0
8488,5033,705.81,2024-12-30 16:32:00,Entertainment,UPI,Online,Mobile,0
8489,7313,1902.43,2024-08-26 18:28:00,Electronics,UPI,ATM,Tablet,0
8490,6513,96.11,2025-06-03 11:28:00,Electronics,Debit Card,In-store,Desktop,0
8491,7111,367.43,2024-01-12 17:11:00,Grocery,Net Banking,Online,POS,0
8492,5247,1753.26,2024-03-04 00:16:00,Shopping,Debit Card,Mobile,Tablet,0
8493,4993,2100.25,2025-07-07 01:26:00,Shopping,Cash,Mobile,POS,1
8494,8544,1529.73,2025-04-30 10:30:00,Healthcare,Credit Card,In-store,Tablet,0
8495,6265,2439.68,2025-11-13 02:53:00,Electronics,Credit Card,Mobile,Tablet,0
8496,374,3149.02,2024-07-03 06:24:00,Travel,Credit Card,Mobile,Tablet,0
8497,6485,368.95,2025-07-30 02:19:00,Other,Debit Card,ATM,Mobile,0
8498,6175,2155.37,2025-09-01 12:05:00,Utilities,Credit Card,ATM,Mobile,0
8499,7721,1653.81,2025-10-25 21:05:00,Food,Net Banking,In-store,Desktop,0
8500,2017,250.19,2024-06-10 16:57:00,Food,Debit Card,Online,Mobile,0
8501,204,519.11,2025-05-26 21:52:00,Utilities,Credit Card,Online,POS,0
8502,5492,1088.31,2025-08-27 08:50:00,Grocery,Debit Card,In-store,Desktop,0
8503,6705,3986.65,2024-06-18 19:42:00,Grocery,UPI,Mobile,Tablet,0
8504,2650,489.31,2025-03-09 17:57:00,Travel,Debit Card,Online,Mobile,0
8505,9096,404.05,2025-05-31 04:29:00,Other,Debit Card,Online,Desktop,0
8506,9248,2552.74,2025-02-05 18:42:00,Shopping,Credit Card,ATM,Tablet,0
8507,2739,7442.22,2025-05-03 21:40:00,Travel,UPI,Mobile,Desktop,0
8508,8538,1185.98,2024-02-21 08:02:00,Shopping,Credit Card,Online,POS,0
8509,8939,861.99,2025-08-25 11:14:00,Entertainment,Net Banking,In-store,Desktop,0
8510,3859,585.9,2025-12-31 03:16:00,Utilities,Cash,ATM,Desktop,0
8511,6918,102.04,2024-03-31 18:27:00,Electronics,UPI,In-store,POS,0
8512,2170,393.04,2024-04-25 11:27:00,Food,Credit Card,ATM,Mobile,0
8513,9852,196.14,2024-02-15 15:57:00,Food,UPI,Online,POS,0
8514,7725,1362.84,2025-07-19 20:15:00,Food,Credit Card,In-store,Mobile,0
8515,5062,7651.46,2024-06-30 15:18:00,Other,Net Banking,In-store,POS,0
8516,4112,3096.71,2025-11-21 22:35:00,Other,UPI,Online,Desktop,0
8517,8630,1841.05,2025-07-25 07:21:00,Electronics,Net Banking,ATM,Desktop,0
8518,6493,1333.55,2025-01-21 11:06:00,Other,UPI,In-store,Desktop,0
8519,2208,1920.39,2025-04-16 18:51:00,Grocery,Debit Card,In-store,POS,0
8520,5201,943.3,2025-11-05 21:41:00,Food,Debit Card,Online,Desktop,0
8521,2429,392.97,2025-02-11 05:18:00,Grocery,UPI,In-store,Desktop,0
8522,4957,1782.09,2025-10-17 01:56:00,Travel,Net Banking,ATM,POS,0
8523,4483,1501.99,2025-09-11 13:44:00,Healthcare,Credit Card,ATM,POS,0
8524,1459,5784.07,2025-10-17 09:53:00,Other,Credit Card,Mobile,Mobile,0
8525,9796,2098.69,2025-09-16 12:24:00,Entertainment,Credit Card,In-store,POS,0
8526,1068,2969.41,2025-07-13 07:46:00,Electronics,Net Banking,Online,Desktop,0
8527,2841,194.57,2024-09-28 19:27:00,Food,Credit Card,Online,POS,0
8528,3579,2862.06,2024-01-27 08:28:00,Grocery,UPI,Online,POS,0
8529,662,8131.38,2025-06-07 09:09:00,Utilities,Debit Card,ATM,POS,0
8530,9386,2142.94,2024-03-07 14:00:00,Electronics,UPI,ATM,POS,0
8531,75,2710.24,2024-06-05 17:21:00,Shopping,Credit Card,Online,Desktop,0
8532,9388,7776.73,2024-04-14 12:09:00,Other,UPI,Mobile,POS,0
8533,9198,992.78,2024-06-12 11:37:00,Electronics,Net Banking,Online,POS,0
8534,1461,3476.57,2024-09-05 20:26:00,Electronics,Credit Card,Online,POS,0
8535,2843,1020.63,2024-10-08 17:34:00,Other,Debit Card,In-store,POS,0
8536,3723,1109.97,2024-05-08 00:32:00,Shopping,Credit Card,Mobile,Desktop,0
8537,5787,2147.3,2025-08-10 07:17:00,Utilities,Credit Card,In-store,Desktop,0
8538,647,592.56,2025-07-01 12:34:00,Grocery,Credit Card,ATM,Tablet,0
8539,7003,9862.3,2025-12-14 16:14:00,Other,UPI,Online,POS,0
8540,4591,798.66,2025-09-20 01:56:00,Entertainment,Debit Card,Online,POS,0
8541,5579,262.15,2025-03-22 04:16:00,Healthcare,Debit Card,Mobile,Desktop,0
8542,8921,778.85,2025-02-08 15:09:00,Electronics,Debit Card,ATM,Tablet,0
8543,3239,3875.41,2025-06-23 14:38:00,Food,UPI,Online,Tablet,0
8544,3379,753.55,2025-08-12 02:27:00,Grocery,UPI,Mobile,Desktop,0
8545,6421,1890.18,2024-01-23 19:53:00,Food,UPI,ATM,POS,0
8546,3162,5476.61,2024-03-05 02:19:00,Shopping,UPI,Mobile,Desktop,0
8547,5561,602.12,2024-03-16 06:53:00,Food,UPI,ATM,Tablet,0
8548,4787,281.67,2024-04-25 18:57:00,Utilities,Credit Card,ATM,POS,0
8549,3701,203.73,2024-09-11 11:42:00,Shopping,Debit Card,Online,Desktop,0
8550,3857,1160.95,2025-09-06 20:52:00,Grocery,Debit Card,In-store,Tablet,0
8551,6047,220.27,2024-06-16 06:45:00,Shopping,Debit Card,Online,Tablet,0
8552,2446,1209.57,2025-02-21 03:14:00,Grocery,Credit Card,Online,POS,0
8553,1922,3971.42,2024-08-06 15:46:00,Shopping,Credit Card,ATM,Mobile,0
8554,4058,3005.51,2025-02-21 00:21:00,Electronics,Debit Card,Mobile,Desktop,0
8555,2966,1743.12,2024-07-10 07:02:00,Entertainment,Cash,Online,Tablet,0
8556,2332,3799.88,2024-09-17 10:35:00,Grocery,Credit Card,ATM,Tablet,0
8557,6022,211.32,2025-06-07 03:25:00,Grocery,Credit Card,In-store,Desktop,0
8558,5779,1880.23,2024-12-06 22:01:00,Entertainment,Cash,ATM,Tablet,0
8559,7189,245.79,2024-06-18 11:58:00,Entertainment,Debit Card,Mobile,POS,0
8560,2986,1316.1,2024-10-12 09:31:00,Entertainment,UPI,Online,Desktop,0
8561,4575,1245.24,2024-05-28 08:07:00,Shopping,Credit Card,Mobile,POS,0
8562,8539,616.19,2025-09-23 03:27:00,Entertainment,Debit Card,Mobile,Mobile,0
8563,8364,3542.2,2024-11-21 20:02:00,Food,Credit Card,In-store,Desktop,0
8564,6962,518.13,2024-07-16 22:18:00,Electronics,Debit Card,ATM,Mobile,0
8565,979,1605.45,2024-10-07 00:50:00,Other,Debit Card,Online,Desktop,0
8566,544,1316.57,2025-08-03 13:25:00,Utilities,Net Banking,Online,Mobile,0
8567,8394,1130.04,2024-03-05 15:48:00,Grocery,Net Banking,ATM,Tablet,0
8568,6861,68.24,2025-05-10 23:04:00,Entertainment,Credit Card,In-store,Mobile,0
8569,3957,2386.29,2025-06-12 04:44:00,Utilities,Net Banking,Online,Desktop,0
8570,3841,25.53,2024-09-21 19:34:00,Other,Debit Card,ATM,POS,0
8571,5514,3435.69,2025-08-09 17:40:00,Entertainment,Credit Card,In-store,Tablet,0
8572,1605,619.57,2024-02-12 17:34:00,Utilities,Credit Card,Mobile,POS,0
8573,4978,255.68,2024-01-03 12:29:00,Shopping,Debit Card,Online,Tablet,0
8574,3778,1079.28,2025-07-18 04:06:00,Shopping,Net Banking,Mobile,Desktop,0
8575,6390,1639.06,2024-10-05 02:28:00,Travel,Credit Card,Online,POS,0
8576,7593,743.18,2024-10-04 13:33:00,Food,Debit Card,In-store,POS,0
8577,7472,259.73,2024-04-17 07:53:00,Utilities,Debit Card,ATM,Desktop,0
8578,2164,36.99,2024-11-30 19:11:00,Healthcare,Net Banking,In-store,Tablet,0
8579,1141,2433.53,2025-02-07 20:24:00,Shopping,Credit Card,In-store,Tablet,0
8580,9041,4350.77,2024-09-28 17:27:00,Electronics,Net Banking,In-store,Desktop,0
8581,5552,211.88,2025-09-23 21:34:00,Shopping,Credit Card,In-store,Tablet,0
8582,6269,524.38,2025-09-24 07:44:00,Other,Net Banking,Mobile,POS,0
8583,8225,40.87,2025-08-18 12:44:00,Travel,Debit Card,Mobile,Tablet,0
8584,4569,4326.8,2025-09-25 17:28:00,Food,Debit Card,In-store,Desktop,0
8585,1989,1176.63,2024-11-15 16:24:00,Shopping,Cash,ATM,Mobile,0
8586,6748,5185.75,2025-08-03 09:44:00,Food,UPI,Mobile,Desktop,0
8587,8955,1262.6,2024-04-02 10:21:00,Electronics,Debit Card,Mobile,Tablet,0
8588,1459,3963.66,2025-08-25 08:20:00,Entertainment,Debit Card,ATM,Tablet,0
8589,1728,6062.99,2025-11-06 01:07:00,Other,Debit Card,Mobile,POS,0
8590,6994,816.39,2024-05-07 19:08:00,Other,UPI,Online,Tablet,0
8591,8215,2047.26,2025-09-05 21:11:00,Shopping,Debit Card,ATM,Tablet,0
8592,1106,2195.75,2024-02-29 21:49:00,Healthcare,UPI,In-store,POS,0
8593,6347,43.28,2025-05-04 11:15:00,Food,Debit Card,In-store,Tablet,0
8594,7275,1153.32,2025-12-14 12:56:00,Food,Debit Card,In-store,Tablet,0
8595,3146,3866.57,2025-12-12 01:22:00,Grocery,Debit Card,Mobile,Mobile,0
8596,6026,5848.14,2024-04-26 02:30:00,Utilities,Net Banking,Online,POS,0
8597,5476,4589.65,2024-03-21 13:43:00,Food,UPI,ATM,Tablet,0
8598,2249,7216.29,2024-03-04 07:53:00,Travel,UPI,Mobile,POS,0
8599,9578,2117.1,2025-09-02 17:48:00,Food,UPI,Mobile,Desktop,0
8600,7757,530.01,2025-07-22 12:13:00,Grocery,Credit Card,In-store,Mobile,0
8601,3543,1713.13,2025-03-07 10:15:00,Entertainment,Net Banking,Online,Tablet,0
8602,4481,1093.4,2025-02-24 22:41:00,Electronics,Credit Card,ATM,Desktop,0
8603,5008,598.57,2024-05-08 03:32:00,Entertainment,Credit Card,Online,Mobile,0
8604,9235,2963.73,2025-08-16 08:20:00,Entertainment,Credit Card,Mobile,Desktop,1
8605,9036,1984.18,2025-01-16 19:03:00,Shopping,Debit Card,ATM,Tablet,0
8606,1159,3122.29,2025-01-23 15:00:00,Utilities,Debit Card,Mobile,Desktop,0
8607,1358,628.03,2024-02-20 00:38:00,Grocery,Net Banking,Online,Mobile,0
8608,6689,4684.41,2025-11-02 20:36:00,Travel,UPI,Mobile,Desktop,0
8609,3206,545.49,2024-11-04 04:19:00,Shopping,UPI,Online,Desktop,0
8610,6366,1842.22,2025-06-27 18:16:00,Travel,Credit Card,ATM,POS,0
8611,3204,117.15,2024-07-02 01:18:00,Healthcare,UPI,Online,POS,0
8612,6093,1557.25,2025-01-20 12:43:00,Electronics,Debit Card,Online,Tablet,0
8613,3841,207.89,2024-10-07 23:55:00,Electronics,Debit Card,In-store,POS,0
8614,5375,807.58,2025-07-24 19:27:00,Travel,Cash,In-store,Desktop,0
8615,8934,3942.1,2025-03-17 15:26:00,Travel,Debit Card,Mobile,POS,0
8616,2397,4479.73,2024-02-21 10:50:00,Shopping,Credit Card,In-store,Mobile,0
8617,6414,2916.0,2025-03-22 08:10:00,Electronics,Credit Card,In-store,Mobile,0
8618,3231,916.79,2024-01-15 09:20:00,Electronics,UPI,ATM,Tablet,0
8619,1597,1728.93,2025-03-09 11:31:00,Shopping,Credit Card,In-store,POS,0
8620,3343,507.15,2025-03-29 10:34:00,Food,Net Banking,In-store,POS,0
8621,4714,2268.58,2024-01-30 18:28:00,Other,Credit Card,In-store,Tablet,0
8622,3849,853.59,2024-11-11 10:14:00,Utilities,Net Banking,In-store,Desktop,0
8623,7645,499.48,2024-07-15 16:51:00,Utilities,UPI,Mobile,Mobile,0
8624,7128,1758.81,2025-09-15 00:27:00,Utilities,Credit Card,ATM,POS,0
8625,399,237.12,2024-05-13 07:54:00,Food,Net Banking,Online,POS,0
8626,2389,2321.18,2025-01-13 08:51:00,Shopping,Debit Card,Online,Tablet,0
8627,2665,414.06,2025-02-18 12:50:00,Shopping,Credit Card,ATM,Mobile,0
8628,5720,1612.43,2024-05-13 20:11:00,Travel,Credit Card,ATM,POS,0
8629,4103,996.83,2025-03-04 10:44:00,Shopping,Net Banking,Online,POS,0
8630,4665,1670.55,2024-10-23 01:06:00,Food,Credit Card,Mobile,Desktop,1
8631,727,564.62,2025-02-10 20:21:00,Travel,UPI,In-store,Tablet,0
8632,2368,743.26,2025-09-10 19:22:00,Other,Net Banking,In-store,POS,0
8633,537,302.39,2024-08-22 01:00:00,Entertainment,Debit Card,ATM,POS,0
8634,5576,3000.86,2025-12-12 21:27:00,Healthcare,UPI,ATM,Mobile,0
8635,5538,145.38,2024-06-13 05:07:00,Travel,Net Banking,Mobile,Mobile,0
8636,4579,944.6,2024-06-28 04:18:00,Travel,Debit Card,ATM,Mobile,0
8637,9302,1192.39,2024-07-04 14:27:00,Food,UPI,In-store,Desktop,0
8638,8994,434.34,2025-05-04 22:42:00,Travel,UPI,Online,Mobile,0
8639,6044,971.69,2025-04-30 09:25:00,Grocery,Cash,In-store,Tablet,0
8640,9985,1082.87,2024-05-17 10:39:00,Electronics,Debit Card,Mobile,Desktop,0
8641,6907,508.06,2024-03-09 12:01:00,Healthcare,UPI,Online,POS,0
8642,9580,2039.17,2024-04-16 02:11:00,Electronics,Debit Card,Mobile,Desktop,0
8643,5157,62.68,2024-10-14 22:06:00,Shopping,Debit Card,Mobile,POS,0
8644,8478,440.21,2024-04-04 11:58:00,Healthcare,Net Banking,Mobile,Tablet,0
8645,507,1956.73,2025-05-30 08:34:00,Healthcare,Debit Card,ATM,POS,0
8646,626,1975.18,2025-06-13 20:24:00,Healthcare,Net Banking,Mobile,Tablet,0
8647,8089,616.48,2024-03-02 00:48:00,Food,Cash,Mobile,POS,0
8648,2803,2298.02,2025-07-03 00:06:00,Electronics,Net Banking,Online,Desktop,0
8649,1212,1268.96,2025-04-30 18:33:00,Healthcare,Credit Card,Mobile,Mobile,0
8650,8322,1498.36,2025-02-09 15:45:00,Shopping,Credit Card,Online,Desktop,0
8651,6044,808.76,2025-05-21 17:08:00,Utilities,Debit Card,In-store,Tablet,0
8652,6871,8304.67,2024-07-19 02:11:00,Travel,Debit Card,Mobile,Desktop,0
8653,3942,2674.15,2025-08-14 19:56:00,Healthcare,UPI,In-store,Tablet,0
8654,536,571.18,2025-01-01 14:59:00,Shopping,Credit Card,Mobile,Desktop,0
8655,7417,539.85,2024-01-14 08:28:00,Utilities,Credit Card,Online,Tablet,0
8656,8419,2975.98,2024-05-18 22:26:00,Grocery,Debit Card,Mobile,Desktop,0
8657,9928,982.08,2024-09-26 05:40:00,Utilities,Debit Card,ATM,Mobile,0
8658,8850,191.95,2025-03-11 02:09:00,Entertainment,Net Banking,Mobile,Tablet,0
8659,2372,72.5,2024-04-23 05:03:00,Travel,Cash,In-store,POS,0
8660,7002,1068.72,2024-07-27 16:16:00,Shopping,Net Banking,In-store,Tablet,0
8661,8248,1071.29,2024-08-22 23:48:00,Electronics,Credit Card,Mobile,Mobile,0
8662,5693,2454.19,2025-05-05 10:14:00,Utilities,UPI,Mobile,Mobile,0
8663,7124,1710.26,2025-03-16 11:44:00,Healthcare,Credit Card,In-store,Mobile,0
8664,8466,2940.4,2025-08-25 23:24:00,Shopping,Cash,Mobile,POS,1
8665,1121,764.72,2025-06-29 01:29:00,Entertainment,Debit Card,In-store,Mobile,0
8666,6802,1957.67,2025-07-21 11:52:00,Electronics,Net Banking,In-store,Mobile,0
8667,5218,4337.91,2025-10-12 05:23:00,Other,Debit Card,Online,POS,0
8668,6911,143.61,2024-09-28 16:11:00,Travel,Debit Card,Online,Mobile,0
8669,1578,2465.1,2024-11-13 04:07:00,Travel,Credit Card,Online,POS,0
8670,9249,2516.74,2025-11-18 17:44:00,Food,Debit Card,Mobile,Desktop,0
8671,7111,3160.05,2024-08-26 16:20:00,Other,UPI,ATM,Desktop,0
8672,5774,626.81,2024-09-16 11:51:00,Grocery,Credit Card,In-store,Desktop,0
8673,6945,1077.49,2024-10-01 01:02:00,Entertainment,Credit Card,In-store,Tablet,0
8674,3202,548.11,2025-11-23 13:16:00,Entertainment,Cash,Mobile,Tablet,0
8675,4392,738.02,2024-11-08 20:23:00,Electronics,UPI,ATM,Mobile,0
8676,8302,6916.07,2024-10-19 20:29:00,Shopping,Net Banking,Mobile,POS,0
8677,7346,1179.93,2024-12-12 23:09:00,Grocery,Debit Card,ATM,Tablet,0
8678,7562,3775.03,2024-07-20 02:07:00,Healthcare,Credit Card,In-store,POS,0
8679,9879,3168.32,2024-05-23 06:09:00,Utilities,Credit Card,In-store,Desktop,0
8680,549,1175.87,2025-12-31 14:18:00,Travel,Debit Card,Online,POS,0
8681,9800,9701.92,2025-07-04 19:48:00,Food,UPI,Online,Desktop,0
8682,3361,3674.94,2025-05-18 21:39:00,Electronics,Net Banking,In-store,Tablet,0
8683,9075,1318.25,2024-03-27 14:28:00,Healthcare,Debit Card,In-store,POS,0
8684,4376,741.27,2025-02-11 06:15:00,Travel,Debit Card,In-store,POS,0
8685,8938,156.56,2025-11-11 09:41:00,Grocery,Net Banking,ATM,Desktop,0
8686,6686,1250.23,2025-10-18 21:47:00,Travel,Debit Card,Online,POS,0
8687,1601,892.61,2024-06-19 15:10:00,Other,Debit Card,In-store,Desktop,0
8688,3454,2485.27,2024-02-01 06:55:00,Utilities,Debit Card,Mobile,Tablet,0
8689,4109,39.75,2025-07-22 17:24:00,Entertainment,UPI,In-store,Desktop,0
8690,444,3561.02,2025-12-02 05:52:00,Utilities,Credit Card,ATM,Desktop,0
8691,8330,1077.86,2024-03-15 15:22:00,Healthcare,Net Banking,Mobile,POS,0
8692,5313,1268.75,2024-01-13 20:34:00,Electronics,Debit Card,In-store,POS,0
8693,2439,403.72,2024-03-03 02:38:00,Electronics,Cash,Online,POS,0
8694,4028,5544.6,2025-01-31 07:52:00,Travel,Debit Card,Online,Tablet,0
8695,9023,1016.28,2024-02-12 08:21:00,Healthcare,Debit Card,In-store,POS,0
8696,9696,3699.52,2025-10-12 06:02:00,Entertainment,Debit Card,In-store,Tablet,0
8697,4551,542.18,2025-01-30 19:50:00,Shopping,Net Banking,Online,Tablet,0
8698,488,203.31,2024-08-23 10:46:00,Utilities,UPI,ATM,Mobile,0
8699,368,2019.89,2025-07-12 16:53:00,Healthcare,UPI,In-store,POS,0
8700,1193,8323.08,2024-05-28 08:39:00,Shopping,UPI,In-store,Desktop,0
8701,4269,2082.24,2024-08-22 10:54:00,Food,Cash,ATM,POS,0
8702,1243,1876.63,2024-08-23 09:00:00,Other,Debit Card,In-store,POS,0
8703,7586,1167.62,2024-02-06 22:50:00,Grocery,UPI,ATM,Desktop,0
8704,8780,667.6,2025-10-11 23:06:00,Entertainment,UPI,Online,Desktop,0
8705,7482,1127.16,2025-06-11 02:45:00,Electronics,Net Banking,ATM,Tablet,0
8706,1615,322.59,2025-02-09 14:30:00,Healthcare,Credit Card,In-store,Desktop,0
8707,5332,607.37,2025-06-01 09:32:00,Other,Net Banking,Mobile,Mobile,0
8708,238,1336.46,2024-03-09 13:22:00,Shopping,Debit Card,In-store,POS,0
8709,3674,312.83,2024-06-25 08:16:00,Other,Credit Card,In-store,POS,0
8710,2961,3135.94,2024-09-17 21:23:00,Healthcare,Credit Card,ATM,Desktop,0
8711,1341,23.26,2024-09-24 08:27:00,Other,Net Banking,In-store,Desktop,0
8712,6776,776.02,2024-02-24 17:13:00,Healthcare,Credit Card,In-store,Desktop,1
8713,6155,1454.03,2025-07-01 11:44:00,Food,Credit Card,Mobile,Tablet,0
8714,4612,5288.68,2024-03-08 15:38:00,Travel,UPI,In-store,Tablet,0
8715,9049,1704.06,2025-09-26 06:28:00,Travel,UPI,ATM,POS,0
8716,3812,698.84,2025-12-22 17:06:00,Other,Debit Card,Online,Tablet,0
8717,6325,868.32,2024-01-16 20:43:00,Other,UPI,Mobile,POS,0
8718,6575,828.48,2025-10-28 23:42:00,Travel,UPI,Mobile,POS,0
8719,735,397.8,2024-11-24 07:41:00,Travel,Credit Card,ATM,Tablet,0
8720,4509,312.95,2025-09-02 03:09:00,Food,Credit Card,ATM,Tablet,0
8721,6687,1310.3,2025-07-03 14:32:00,Grocery,Credit Card,Online,Mobile,0
8722,1796,630.14,2025-06-08 21:16:00,Grocery,UPI,Mobile,Desktop,0
8723,1961,192.68,2025-07-05 23:24:00,Electronics,Credit Card,In-store,Mobile,0
8724,662,487.91,2025-09-29 18:37:00,Healthcare,UPI,Mobile,POS,0
8725,456,1470.97,2025-03-11 18:33:00,Electronics,Debit Card,In-store,POS,0
8726,25,593.83,2025-06-10 04:56:00,Electronics,Debit Card,Mobile,Tablet,0
8727,1018,542.94,2025-12-08 19:03:00,Healthcare,UPI,ATM,Mobile,0
8728,9604,1938.63,2024-11-09 10:30:00,Other,UPI,In-store,Desktop,0
8729,8501,2338.6,2025-08-15 22:08:00,Entertainment,UPI,Mobile,Tablet,0
8730,2254,552.16,2025-05-05 03:17:00,Travel,UPI,Mobile,Tablet,0
8731,5,1277.85,2025-04-05 21:08:00,Electronics,UPI,Online,POS,0
8732,3378,2892.66,2024-09-16 12:14:00,Electronics,Debit Card,Mobile,Desktop,0
8733,8507,2341.75,2024-02-07 02:55:00,Electronics,Net Banking,In-store,POS,0
8734,917,143.62,2025-09-04 17:47:00,Utilities,Cash,Mobile,Tablet,0
8735,2895,892.8,2025-01-25 22:16:00,Healthcare,UPI,Online,Mobile,0
8736,1687,2569.47,2024-06-28 08:08:00,Utilities,UPI,Online,Desktop,0
8737,1617,395.53,2024-07-27 17:41:00,Travel,Debit Card,In-store,Tablet,0
8738,4088,436.13,2024-08-19 18:28:00,Electronics,Debit Card,ATM,Tablet,0
8739,2354,1989.43,2024-06-15 16:15:00,Food,Net Banking,In-store,POS,0
8740,8502,667.45,2024-08-31 18:50:00,Utilities,Credit Card,ATM,Desktop,0
8741,7259,782.39,2024-04-15 04:07:00,Electronics,UPI,Mobile,Tablet,0
8742,6953,1479.7,2025-10-23 21:35:00,Healthcare,Credit Card,In-store,Mobile,0
8743,4618,2777.24,2025-05-26 00:25:00,Other,UPI,In-store,Tablet,0
8744,3190,1379.46,2024-06-09 18:13:00,Shopping,Credit Card,ATM,Desktop,0
8745,7761,4477.85,2024-06-25 16:55:00,Food,UPI,In-store,Tablet,0
8746,7630,225.53,2025-06-11 01:45:00,Food,Credit Card,ATM,POS,0
8747,9612,2806.06,2025-08-14 17:59:00,Entertainment,Credit Card,Online,Tablet,0
8748,8422,1568.94,2024-08-05 05:09:00,Food,UPI,Online,Tablet,0
8749,6301,3393.12,2024-05-04 01:52:00,Food,Net Banking,In-store,Desktop,0
8750,334,760.77,2024-04-29 00:11:00,Utilities,UPI,ATM,Tablet,1
8751,9521,1315.95,2024-08-23 05:56:00,Electronics,Credit Card,ATM,Tablet,0
8752,7848,3469.98,2024-01-03 00:04:00,Food,Credit Card,Mobile,Mobile,0
8753,7121,3564.98,2025-12-09 16:24:00,Electronics,Net Banking,Online,Mobile,0
8754,8491,943.18,2025-04-17 13:24:00,Food,Credit Card,Online,Desktop,0
8755,7687,3454.15,2024-04-27 01:58:00,Shopping,Debit Card,Online,Mobile,0
8756,6864,2293.92,2024-01-31 16:53:00,Food,Net Banking,Online,Desktop,0
8757,2061,1053.33,2025-10-08 19:42:00,Travel,Credit Card,Online,Desktop,0
8758,383,6993.58,2025-07-25 21:30:00,Food,Credit Card,Mobile,Tablet,0
8759,7019,62.76,2025-01-30 03:00:00,Grocery,Credit Card,ATM,Mobile,0
8760,1656,964.68,2025-07-14 02:52:00,Electronics,UPI,Online,Mobile,0
8761,8460,733.31,2024-10-29 06:23:00,Grocery,Cash,Mobile,POS,1
8762,8064,5490.27,2025-01-27 02:18:00,Grocery,Credit Card,Online,Mobile,0
8763,675,209.51,2024-03-04 23:15:00,Grocery,Credit Card,Mobile,Mobile,1
8764,4060,1977.85,2025-07-20 09:59:00,Healthcare,Credit Card,Online,POS,0
8765,5954,2521.99,2024-11-22 20:15:00,Utilities,Credit Card,In-store,Mobile,0
8766,1051,407.11,2025-10-18 02:37:00,Food,Credit Card,ATM,Tablet,0
8767,3331,324.91,2025-06-06 01:50:00,Entertainment,Debit Card,ATM,POS,0
8768,6037,98.03,2025-05-09 08:26:00,Entertainment,UPI,ATM,POS,0
8769,9697,346.03,2025-07-17 20:08:00,Utilities,Debit Card,In-store,Mobile,0
8770,6957,3302.76,2024-07-18 10:19:00,Entertainment,Debit Card,Online,Tablet,0
8771,2849,5763.24,2025-02-22 18:20:00,Food,Credit Card,Online,Tablet,0
8772,1041,4633.82,2025-11-23 03:02:00,Healthcare,Credit Card,Mobile,Mobile,0
8773,6562,909.22,2024-01-04 06:46:00,Food,Credit Card,Mobile,Desktop,0
8774,9277,2588.35,2024-01-18 14:53:00,Utilities,UPI,ATM,Desktop,0
8775,3056,3509.43,2025-02-17 05:00:00,Healthcare,UPI,Online,Mobile,0
8776,9996,3347.8,2025-01-13 08:21:00,Healthcare,Debit Card,Online,Desktop,0
8777,2194,129.47,2025-08-25 12:28:00,Healthcare,Net Banking,In-store,Desktop,0
8778,2750,483.71,2024-03-17 10:01:00,Travel,Debit Card,Mobile,Tablet,0
8779,1030,5591.96,2025-12-06 01:27:00,Healthcare,Credit Card,ATM,Mobile,0
8780,9055,2693.43,2025-03-19 21:24:00,Other,UPI,ATM,Mobile,0
8781,9466,3595.79,2025-03-08 08:05:00,Electronics,UPI,Mobile,Tablet,0
8782,7513,1443.6,2024-03-16 00:57:00,Travel,Credit Card,Mobile,POS,0
8783,4528,998.64,2025-10-24 12:58:00,Travel,Debit Card,Online,Mobile,0
8784,6488,2106.65,2025-01-14 09:55:00,Travel,Credit Card,Online,Tablet,0
8785,4714,1280.57,2024-03-29 22:05:00,Healthcare,Cash,Online,Desktop,0
8786,1441,936.05,2025-12-21 07:18:00,Electronics,Credit Card,ATM,Desktop,0
8787,8679,855.04,2024-01-02 14:34:00,Other,UPI,In-store,Tablet,0
8788,8088,343.73,2024-11-27 03:25:00,Food,Debit Card,Mobile,Mobile,0
8789,4151,1507.55,2025-09-20 18:17:00,Travel,Debit Card,Online,Mobile,0
8790,1772,1467.3,2025-09-25 15:02:00,Shopping,Net Banking,Mobile,Desktop,0
8791,7028,1786.95,2025-06-19 19:00:00,Utilities,Cash,Online,Mobile,0
8792,6612,247.1,2025-01-11 17:48:00,Food,Credit Card,Online,Tablet,0
8793,9180,4928.4,2024-07-18 13:26:00,Healthcare,Debit Card,Mobile,Mobile,0
8794,5238,2710.03,2025-07-15 06:18:00,Grocery,UPI,ATM,POS,0
8795,5926,280.74,2025-07-21 04:24:00,Healthcare,Debit Card,In-store,Tablet,0
8796,3461,165.34,2025-07-01 23:36:00,Shopping,Credit Card,Mobile,POS,0
8797,7781,2059.59,2025-08-01 19:25:00,Healthcare,Credit Card,Mobile,Desktop,0
8798,5538,835.59,2024-06-12 12:38:00,Entertainment,Credit Card,Online,Mobile,0
8799,4960,768.53,2025-04-15 00:33:00,Grocery,Debit Card,Online,Desktop,0
8800,9361,3665.05,2024-08-27 17:27:00,Other,Debit Card,Online,Desktop,0
8801,4277,846.68,2025-07-25 17:33:00,Food,Cash,ATM,Mobile,0
8802,9252,2000.33,2025-10-12 18:07:00,Grocery,Net Banking,In-store,POS,0
8803,5517,1540.38,2025-04-28 16:43:00,Travel,UPI,Online,POS,0
8804,8724,610.25,2025-11-07 20:31:00,Shopping,Debit Card,Online,POS,0
8805,5350,805.86,2025-09-21 02:23:00,Other,UPI,ATM,Desktop,0
8806,1235,5736.19,2024-02-01 11:51:00,Healthcare,Debit Card,Online,POS,0
8807,10000,805.06,2025-08-28 13:11:00,Electronics,Debit Card,Mobile,Desktop,0
8808,8651,3064.99,2025-01-06 14:54:00,Healthcare,UPI,ATM,POS,0
8809,6496,3950.53,2024-03-20 18:29:00,Food,Net Banking,In-store,Tablet,0
8810,5801,147.37,2025-01-21 00:44:00,Utilities,UPI,ATM,Desktop,0
8811,874,2175.97,2025-08-31 07:08:00,Other,Credit Card,In-store,Mobile,0
8812,3119,2766.68,2024-01-23 02:08:00,Healthcare,Debit Card,Online,Mobile,0
8813,1560,1138.4,2025-03-17 22:48:00,Food,Credit Card,In-store,POS,0
8814,8302,1684.8,2025-01-02 14:54:00,Travel,Credit Card,Online,Desktop,0
8815,3024,353.01,2025-10-08 16:36:00,Travel,Debit Card,ATM,Tablet,0
8816,4583,766.91,2025-07-26 05:24:00,Food,Credit Card,Mobile,POS,0
8817,5849,2459.72,2024-01-16 09:05:00,Entertainment,Net Banking,In-store,Desktop,0
8818,5677,1845.48,2025-07-20 00:48:00,Electronics,Credit Card,Mobile,POS,0
8819,9930,293.26,2025-08-08 11:59:00,Electronics,Cash,Mobile,Desktop,0
8820,5403,8853.83,2024-05-22 02:50:00,Travel,Net Banking,Mobile,Desktop,0
8821,7196,5554.45,2025-04-17 11:21:00,Shopping,Credit Card,Online,Tablet,0
8822,5040,507.51,2025-06-06 10:07:00,Food,Credit Card,ATM,Tablet,0
8823,3587,4160.81,2025-04-16 15:29:00,Food,UPI,ATM,Tablet,0
8824,2860,621.68,2024-10-24 22:05:00,Food,Credit Card,Mobile,Mobile,0
8825,6649,1659.03,2025-11-18 23:08:00,Electronics,Credit Card,Online,POS,0
8826,1278,3046.99,2025-05-14 09:24:00,Healthcare,UPI,ATM,Desktop,0
8827,4997,843.43,2025-09-08 05:50:00,Grocery,Debit Card,Mobile,POS,0
8828,4337,1620.02,2024-03-17 03:34:00,Entertainment,Debit Card,Online,Tablet,1
8829,9694,1196.96,2025-11-20 20:35:00,Shopping,Debit Card,ATM,Mobile,0
8830,3545,2855.89,2024-05-28 08:05:00,Other,Debit Card,ATM,Desktop,0
8831,8618,1302.77,2025-09-15 22:37:00,Healthcare,Cash,In-store,POS,0
8832,7737,1673.62,2025-02-16 04:27:00,Healthcare,Debit Card,ATM,POS,0
8833,2133,3735.87,2024-09-29 05:10:00,Entertainment,Credit Card,In-store,Desktop,0
8834,5028,2398.94,2024-05-24 19:30:00,Utilities,UPI,Mobile,POS,0
8835,7080,1499.45,2024-12-08 16:37:00,Food,UPI,Online,Tablet,0
8836,2069,1237.16,2024-03-17 14:03:00,Grocery,Credit Card,Mobile,Tablet,0
8837,3765,271.1,2025-12-25 08:46:00,Other,Credit Card,Online,POS,0
8838,1710,116.03,2025-01-10 08:58:00,Shopping,Credit Card,Mobile,Tablet,0
8839,1161,6105.68,2024-05-15 03:52:00,Grocery,Debit Card,Online,Tablet,0
8840,23,412.88,2025-07-20 11:43:00,Grocery,Debit Card,Mobile,Tablet,0
8841,3234,648.34,2024-10-27 11:31:00,Other,Credit Card,Mobile,POS,0
8842,4318,1888.09,2024-02-16 10:27:00,Electronics,Credit Card,Online,Mobile,0
8843,6887,3519.66,2025-06-01 04:00:00,Entertainment,Debit Card,ATM,POS,0
8844,7578,3581.22,2025-08-14 04:08:00,Grocery,Net Banking,Online,Mobile,0
8845,1952,3539.77,2025-01-10 15:53:00,Travel,UPI,ATM,Desktop,0
8846,7726,7641.44,2024-01-01 22:36:00,Healthcare,Net Banking,ATM,Tablet,0
8847,7270,114.63,2024-01-19 23:03:00,Travel,UPI,Online,Desktop,0
8848,7049,1021.15,2024-03-05 20:25:00,Entertainment,Debit Card,Online,Tablet,0
8849,7655,4897.25,2024-08-12 22:57:00,Other,Debit Card,Online,Mobile,0
8850,5427,1259.74,2024-12-16 13:17:00,Travel,Net Banking,ATM,POS,0
8851,3129,4100.49,2024-02-24 14:10:00,Food,UPI,Mobile,Desktop,0
8852,2726,35.63,2024-08-04 04:17:00,Shopping,UPI,ATM,POS,0
8853,8004,1403.84,2025-04-26 05:32:00,Food,Net Banking,Online,Mobile,0
8854,5260,5113.72,2024-06-15 17:39:00,Utilities,Credit Card,In-store,Desktop,0
8855,5258,605.68,2024-12-01 23:56:00,Healthcare,Net Banking,Mobile,POS,0
8856,4417,5308.78,2024-10-13 00:03:00,Shopping,Debit Card,In-store,Tablet,0
8857,2316,17.03,2024-04-01 15:33:00,Healthcare,UPI,Online,POS,0
8858,8628,164.43,2025-10-29 16:11:00,Utilities,Net Banking,Mobile,Desktop,0
8859,6910,1295.68,2024-06-13 22:16:00,Shopping,Debit Card,Online,Desktop,0
8860,1075,224.95,2025-04-08 07:05:00,Food,Debit Card,Mobile,POS,0
8861,982,511.33,2024-05-19 13:04:00,Shopping,Debit Card,ATM,POS,0
8862,5725,706.29,2025-02-02 17:59:00,Electronics,UPI,In-store,Desktop,0
8863,8924,1313.62,2025-01-17 00:30:00,Healthcare,Credit Card,ATM,Desktop,0
8864,1362,990.28,2024-03-08 01:50:00,Healthcare,UPI,Mobile,Mobile,0
8865,745,5105.88,2024-12-25 17:41:00,Utilities,UPI,Online,Mobile,0
8866,6168,4343.37,2025-12-15 01:05:00,Utilities,Credit Card,ATM,Tablet,0
8867,3354,2757.22,2024-04-28 18:23:00,Entertainment,Debit Card,Online,Desktop,0
8868,4971,2153.55,2024-01-02 19:11:00,Other,UPI,Online,Mobile,0
8869,4816,457.17,2025-04-19 03:52:00,Travel,Credit Card,Online,Tablet,0
8870,6402,1841.73,2025-11-03 02:20:00,Other,UPI,Mobile,Mobile,0
8871,9646,318.14,2024-07-09 13:05:00,Other,UPI,Online,Mobile,0
8872,5613,1205.59,2024-02-14 23:23:00,Travel,Debit Card,ATM,POS,0
8873,9958,1238.02,2024-08-20 14:03:00,Travel,Credit Card,ATM,Mobile,0
8874,4364,2340.5,2025-08-06 04:12:00,Grocery,Credit Card,ATM,Tablet,0
8875,4813,3605.16,2024-02-14 01:29:00,Utilities,Credit Card,ATM,Desktop,0
8876,447,772.8,2024-03-13 13:37:00,Shopping,UPI,In-store,POS,0
8877,2723,84.11,2024-11-17 21:00:00,Utilities,Net Banking,In-store,POS,0
8878,8432,96.22,2024-01-05 15:16:00,Utilities,Credit Card,Mobile,Mobile,0
8879,117,4156.07,2025-12-18 20:05:00,Food,Debit Card,ATM,Desktop,0
8880,2314,1332.33,2025-05-31 18:50:00,Utilities,Credit Card,ATM,POS,0
8881,7474,570.07,2024-11-15 17:45:00,Entertainment,UPI,Online,Desktop,0
8882,7587,65.64,2024-12-01 22:18:00,Grocery,Credit Card,In-store,Mobile,0
8883,2029,1504.79,2024-08-20 20:09:00,Entertainment,Net Banking,In-store,Desktop,0
8884,4752,294.9,2025-08-04 16:29:00,Entertainment,Credit Card,ATM,Desktop,0
8885,2040,1079.23,2025-02-27 18:35:00,Entertainment,UPI,ATM,Desktop,0
8886,3645,1451.66,2025-08-09 06:55:00,Healthcare,Cash,ATM,Tablet,0
8887,587,520.65,2025-02-26 11:08:00,Grocery,Credit Card,Mobile,Tablet,0
8888,7185,443.38,2025-09-01 08:17:00,Entertainment,Credit Card,Online,Mobile,0
8889,6156,40.01,2025-04-28 03:26:00,Grocery,Credit Card,Online,Mobile,0
8890,7027,1761.46,2024-03-31 19:50:00,Grocery,UPI,In-store,Mobile,0
8891,2633,447.39,2025-06-11 04:30:00,Food,Credit Card,In-store,Mobile,0
8892,2131,4211.22,2024-07-26 09:51:00,Other,UPI,Online,Mobile,0
8893,7827,1851.55,2025-07-05 02:13:00,Other,UPI,Online,POS,0
8894,4479,1625.73,2024-03-13 01:16:00,Grocery,Credit Card,ATM,Tablet,0
8895,7755,1405.12,2024-12-06 01:09:00,Healthcare,Debit Card,Online,Mobile,0
8896,984,484.93,2024-12-26 17:42:00,Other,Net Banking,Online,Mobile,0
8897,513,6974.19,2025-09-17 12:14:00,Grocery,Credit Card,ATM,POS,0
8898,9781,6825.2,2025-12-02 05:04:00,Electronics,Net Banking,Online,POS,0
8899,4587,775.07,2025-04-24 09:13:00,Travel,Debit Card,ATM,Mobile,0
8900,7627,2994.15,2025-01-03 14:16:00,Food,Net Banking,Mobile,POS,0
8901,3080,253.95,2025-06-20 07:21:00,Shopping,Debit Card,Online,POS,0
8902,2193,3033.07,2024-06-04 13:33:00,Travel,Net Banking,ATM,Tablet,0
8903,1734,674.67,2024-03-02 12:55:00,Utilities,Net Banking,In-store,Desktop,0
8904,5883,682.54,2024-10-06 17:27:00,Grocery,Credit Card,ATM,Mobile,0
8905,7303,1415.44,2024-02-09 23:27:00,Food,Debit Card,ATM,Tablet,0
8906,6975,996.24,2025-04-03 06:37:00,Electronics,Net Banking,ATM,Desktop,0
8907,1445,250.74,2025-07-15 07:45:00,Food,Credit Card,ATM,Tablet,0
8908,2116,1798.26,2024-09-14 09:59:00,Food,Credit Card,In-store,Desktop,0
8909,9470,481.2,2025-07-08 16:12:00,Healthcare,Debit Card,Online,POS,0
8910,2823,1175.7,2025-07-14 09:11:00,Food,Cash,Mobile,Tablet,0
8911,1380,525.36,2024-11-21 07:24:00,Grocery,Net Banking,Mobile,Mobile,0
8912,1763,3898.02,2025-10-07 09:25:00,Electronics,UPI,Mobile,POS,0
8913,4878,825.04,2024-05-21 17:03:00,Utilities,Credit Card,Online,POS,0
8914,8442,4369.44,2024-12-04 10:03:00,Travel,UPI,ATM,Desktop,0
8915,9077,789.34,2025-04-01 14:59:00,Shopping,Debit Card,ATM,Tablet,0
8916,3913,395.68,2024-10-10 22:03:00,Electronics,UPI,Online,Desktop,0
8917,5387,1719.04,2025-02-06 11:28:00,Travel,Credit Card,In-store,Mobile,0
8918,4480,1619.98,2025-09-26 10:22:00,Utilities,UPI,ATM,Mobile,0
8919,9481,1929.46,2024-03-22 11:25:00,Grocery,UPI,ATM,POS,0
8920,537,719.47,2024-06-12 06:36:00,Food,UPI,In-store,Tablet,0
8921,1640,771.23,2024-07-06 23:52:00,Utilities,Cash,ATM,POS,0
8922,2072,542.12,2024-01-10 19:02:00,Grocery,Credit Card,In-store,Mobile,0
8923,3656,5273.35,2025-07-07 10:57:00,Grocery,Credit Card,In-store,Tablet,0
8924,3199,2297.43,2024-11-28 03:02:00,Entertainment,UPI,Online,Mobile,0
8925,5294,2823.27,2025-05-20 20:44:00,Utilities,Debit Card,In-store,Tablet,0
8926,2066,431.75,2024-11-12 23:01:00,Grocery,UPI,In-store,POS,0
8927,5571,2166.93,2025-11-13 19:06:00,Healthcare,UPI,In-store,POS,0
8928,5743,2876.56,2024-08-27 03:05:00,Entertainment,Credit Card,Mobile,Mobile,0
8929,474,838.49,2024-04-12 14:49:00,Food,Debit Card,ATM,POS,0
8930,5627,343.22,2025-06-03 12:06:00,Electronics,Debit Card,Online,POS,0
8931,4006,2388.07,2025-09-07 21:01:00,Electronics,UPI,ATM,POS,0
8932,2044,1889.09,2024-05-25 10:51:00,Other,Debit Card,ATM,Desktop,0
8933,7919,1714.24,2024-10-29 22:28:00,Healthcare,Credit Card,Online,Desktop,0
8934,6894,403.17,2025-11-29 12:03:00,Travel,Debit Card,Online,Mobile,0
8935,5931,608.96,2025-12-04 22:11:00,Electronics,Credit Card,Mobile,POS,0
8936,4320,1961.04,2024-06-21 20:01:00,Other,UPI,In-store,POS,0
8937,6344,1901.69,2025-02-19 22:39:00,Utilities,Net Banking,Online,Desktop,0
8938,133,1618.12,2025-01-14 07:20:00,Other,Credit Card,ATM,Desktop,0
8939,2896,2923.24,2024-10-01 22:05:00,Shopping,UPI,Mobile,Tablet,0
8940,231,3371.1,2025-11-29 05:00:00,Shopping,Credit Card,In-store,POS,0
8941,705,647.35,2024-03-25 21:08:00,Food,Net Banking,In-store,Mobile,0
8942,9093,343.02,2024-07-05 14:57:00,Utilities,UPI,Online,Mobile,0
8943,9539,449.21,2024-11-17 18:22:00,Food,UPI,ATM,Tablet,0
8944,9185,660.65,2024-03-01 00:10:00,Utilities,Debit Card,In-store,Desktop,0
8945,9651,5903.38,2025-03-03 22:58:00,Healthcare,Cash,Online,Desktop,0
8946,9970,295.06,2024-02-21 02:20:00,Entertainment,UPI,In-store,Tablet,0
8947,8875,4219.99,2024-04-23 10:13:00,Utilities,UPI,Online,Tablet,0
8948,9723,454.75,2024-07-06 11:51:00,Healthcare,Net Banking,ATM,Desktop,0
8949,2851,856.79,2025-11-01 21:43:00,Utilities,Net Banking,Online,Mobile,0
8950,825,269.06,2025-08-25 08:28:00,Grocery,Net Banking,Online,Tablet,0
8951,1845,218.2,2025-10-10 19:21:00,Other,Credit Card,ATM,POS,0
8952,2846,199.96,2024-02-02 14:18:00,Shopping,Debit Card,ATM,Mobile,0
8953,4475,839.41,2024-02-14 15:06:00,Travel,Debit Card,Online,Desktop,0
8954,764,1483.38,2025-03-29 22:12:00,Grocery,Net Banking,Online,Desktop,0
8955,2769,448.31,2024-05-12 14:38:00,Electronics,Credit Card,ATM,Tablet,0
8956,6349,5396.42,2025-07-17 01:59:00,Healthcare,Credit Card,Mobile,Desktop,0
8957,4454,1765.8,2024-12-28 22:47:00,Utilities,Debit Card,In-store,Mobile,0
8958,2297,4326.77,2025-08-27 21:23:00,Electronics,UPI,Mobile,Tablet,0
8959,5001,322.26,2025-10-21 00:58:00,Shopping,Credit Card,In-store,Tablet,1
8960,1173,309.79,2024-08-24 21:48:00,Healthcare,Debit Card,Mobile,Desktop,0
8961,6757,3751.4,2024-03-08 01:00:00,Food,Debit Card,Online,Mobile,0
8962,2991,1678.57,2025-02-06 09:43:00,Food,Credit Card,ATM,Desktop,0
8963,6655,5580.26,2025-09-28 06:19:00,Healthcare,Credit Card,In-store,Mobile,0
8964,8970,317.75,2024-01-13 06:44:00,Grocery,Net Banking,Mobile,Mobile,0
8965,7966,52.72,2025-08-15 03:00:00,Travel,UPI,ATM,Tablet,0
8966,8926,4967.27,2024-10-11 11:08:00,Utilities,Credit Card,In-store,POS,0
8967,5979,2400.21,2024-02-02 06:27:00,Healthcare,Debit Card,Online,Desktop,0
8968,5891,3291.87,2024-02-16 16:39:00,Utilities,Debit Card,Mobile,Desktop,0
8969,3683,701.99,2025-12-16 09:04:00,Electronics,Debit Card,In-store,Tablet,0
8970,6708,6.14,2024-03-14 17:19:00,Healthcare,Credit Card,ATM,Desktop,0
8971,9596,1318.96,2025-10-03 19:58:00,Food,Credit Card,Mobile,Mobile,0
8972,7378,9212.22,2024-04-06 07:41:00,Travel,Net Banking,Mobile,Mobile,0
8973,8024,4761.9,2024-12-10 19:39:00,Electronics,Debit Card,In-store,Desktop,1
8974,8657,149.5,2024-06-27 17:22:00,Food,Debit Card,ATM,Tablet,0
8975,8954,415.98,2024-12-20 07:58:00,Utilities,Debit Card,Mobile,Mobile,0
8976,4753,745.69,2025-01-17 21:36:00,Healthcare,UPI,Online,Desktop,0
8977,7476,3548.63,2024-12-14 04:02:00,Travel,Net Banking,Online,Desktop,0
8978,1713,3482.68,2025-01-05 12:04:00,Healthcare,UPI,Online,Mobile,0
8979,6995,409.15,2024-02-04 01:26:00,Other,Debit Card,Mobile,Mobile,0
8980,2119,1523.2,2025-05-13 18:36:00,Travel,Credit Card,ATM,Desktop,0
8981,1916,1393.49,2024-01-14 20:01:00,Electronics,Debit Card,ATM,Mobile,0
8982,1314,1069.83,2025-02-11 18:27:00,Other,UPI,In-store,POS,0
8983,9886,1535.4,2025-07-14 01:04:00,Food,Debit Card,ATM,Tablet,0
8984,2666,692.85,2025-07-13 12:45:00,Grocery,Cash,In-store,Mobile,0
8985,9727,1516.65,2025-03-25 15:16:00,Grocery,Net Banking,In-store,Tablet,0
8986,541,2314.23,2024-02-15 22:57:00,Other,Net Banking,In-store,Tablet,0
8987,3248,129.08,2024-09-04 15:32:00,Shopping,UPI,Mobile,Mobile,0
8988,392,6841.12,2024-09-30 22:43:00,Electronics,UPI,Online,Tablet,0
8989,338,361.37,2024-05-08 22:56:00,Grocery,Debit Card,Mobile,Desktop,0
8990,6202,893.51,2024-08-11 21:12:00,Other,Debit Card,Online,Desktop,0
8991,7776,1272.13,2025-08-06 09:19:00,Entertainment,Credit Card,Mobile,Desktop,0
8992,8465,83.7,2025-08-17 22:23:00,Healthcare,Net Banking,In-store,POS,0
8993,7505,1589.75,2024-08-18 00:00:00,Entertainment,Net Banking,ATM,Desktop,0
8994,3599,4080.04,2025-02-06 15:29:00,Entertainment,UPI,ATM,Desktop,0
8995,6868,4625.64,2025-01-21 05:21:00,Shopping,UPI,ATM,Mobile,0
8996,9575,789.62,2024-12-01 00:13:00,Other,Debit Card,In-store,Desktop,0
8997,7051,1636.5,2024-06-13 20:22:00,Food,Cash,In-store,Mobile,0
8998,9555,2999.35,2024-01-12 02:31:00,Travel,Debit Card,In-store,POS,0
8999,4960,582.97,2024-08-05 12:20:00,Utilities,Credit Card,ATM,Desktop,0
9000,2886,1503.56,2024-09-18 04:57:00,Electronics,Debit Card,Online,POS,0
9001,3561,913.69,2025-02-04 05:18:00,Electronics,UPI,Mobile,Desktop,0
9002,6521,950.19,2024-04-18 14:34:00,Other,Debit Card,ATM,Tablet,0
9003,5808,197.74,2024-09-17 05:37:00,Healthcare,UPI,In-store,Tablet,0
9004,7437,1044.75,2024-03-03 20:11:00,Other,UPI,Online,Desktop,0
9005,6298,350.8,2025-11-08 18:44:00,Food,Net Banking,Mobile,Tablet,0
9006,4378,716.98,2024-06-02 07:50:00,Grocery,Debit Card,ATM,Tablet,0
9007,9614,801.79,2024-08-14 09:21:00,Electronics,Debit Card,ATM,Mobile,0
9008,3206,1126.34,2024-04-07 02:00:00,Travel,Credit Card,ATM,POS,0
9009,1251,4975.75,2024-02-02 18:02:00,Shopping,Credit Card,Mobile,Desktop,0
9010,7464,1993.9,2025-10-20 13:53:00,Travel,Credit Card,Mobile,Mobile,0
9011,1164,7335.18,2025-11-24 01:22:00,Travel,Net Banking,In-store,POS,0
9012,8191,1786.38,2024-09-07 00:40:00,Utilities,UPI,Mobile,POS,0
9013,2040,3274.54,2025-07-07 17:58:00,Other,Net Banking,Mobile,POS,0
9014,7377,3593.36,2025-02-27 16:16:00,Entertainment,Debit Card,In-store,Tablet,0
9015,7250,2686.5,2024-09-05 00:09:00,Entertainment,Debit Card,Mobile,Tablet,0
9016,1784,2216.81,2024-04-29 02:24:00,Other,Debit Card,Mobile,Mobile,0
9017,9571,1082.28,2025-02-06 14:14:00,Food,UPI,Mobile,POS,0
9018,4745,1675.31,2024-05-19 19:59:00,Healthcare,Credit Card,Mobile,Mobile,0
9019,9147,430.64,2024-01-07 09:57:00,Utilities,Credit Card,In-store,Tablet,0
9020,3494,1925.96,2025-11-25 10:59:00,Healthcare,Net Banking,Online,Tablet,0
9021,6123,1444.31,2025-04-12 10:48:00,Electronics,Net Banking,ATM,Desktop,0
9022,5978,3262.6,2025-07-30 17:50:00,Other,Credit Card,ATM,Tablet,0
9023,6737,4656.7,2025-07-10 14:20:00,Electronics,UPI,ATM,Mobile,0
9024,4952,284.96,2025-08-02 05:05:00,Other,Debit Card,Mobile,Mobile,0
9025,7648,2348.23,2024-06-24 18:47:00,Healthcare,Debit Card,In-store,Mobile,0
9026,3899,5993.32,2025-08-30 13:19:00,Food,UPI,ATM,POS,0
9027,6035,4999.17,2024-06-20 12:02:00,Shopping,UPI,Online,Mobile,0
9028,6811,3596.68,2024-08-24 07:26:00,Electronics,Net Banking,Mobile,Tablet,0
9029,5401,99.1,2025-11-18 05:51:00,Grocery,Credit Card,Online,Mobile,0
9030,3797,582.0,2024-01-09 22:09:00,Utilities,Credit Card,Online,Tablet,0
9031,1364,321.01,2025-04-13 11:22:00,Healthcare,Debit Card,ATM,Tablet,0
9032,7575,5232.8,2025-06-17 05:04:00,Entertainment,Credit Card,Online,Desktop,0
9033,7743,2763.73,2024-09-18 14:29:00,Entertainment,Credit Card,ATM,Desktop,0
9034,392,1517.65,2024-01-26 22:38:00,Healthcare,Cash,Mobile,Mobile,0
9035,4197,7764.95,2024-05-09 00:58:00,Utilities,UPI,Online,Desktop,0
9036,7134,433.13,2025-03-31 03:05:00,Electronics,Credit Card,Mobile,Desktop,0
9037,1855,2052.05,2024-12-18 05:14:00,Utilities,Debit Card,ATM,POS,0
9038,3487,1880.05,2025-12-31 17:00:00,Utilities,UPI,Online,POS,0
9039,6249,832.41,2024-07-04 06:27:00,Healthcare,Credit Card,Online,Tablet,0
9040,8402,1328.65,2025-12-18 05:06:00,Travel,Debit Card,Online,Tablet,0
9041,8794,536.77,2025-10-24 19:46:00,Shopping,Net Banking,ATM,Desktop,0
9042,5464,2260.92,2025-11-07 05:04:00,Grocery,Credit Card,Online,POS,0
9043,2949,1083.4,2024-12-27 16:50:00,Shopping,Credit Card,Mobile,POS,0
9044,4597,47.66,2024-05-07 16:36:00,Utilities,Net Banking,In-store,Desktop,0
9045,6859,6023.12,2025-05-15 23:00:00,Electronics,Cash,Online,Desktop,0
9046,6708,1391.98,2025-12-03 11:36:00,Grocery,Net Banking,Mobile,Desktop,0
9047,9921,2445.86,2024-04-06 13:06:00,Shopping,Net Banking,Mobile,Desktop,1
9048,3212,438.63,2024-04-24 16:27:00,Entertainment,Debit Card,Online,Desktop,0
9049,5015,272.17,2024-08-04 17:23:00,Other,Debit Card,Online,POS,0
9050,308,4654.2,2024-12-06 17:35:00,Entertainment,UPI,Online,POS,1
9051,2924,1787.75,2024-03-24 23:37:00,Shopping,Credit Card,Online,POS,0
9052,8665,1359.87,2024-11-16 18:47:00,Shopping,UPI,Online,Mobile,0
9053,1471,1472.74,2025-04-19 22:30:00,Grocery,Debit Card,ATM,Desktop,0
9054,76,538.91,2024-06-20 22:44:00,Food,Net Banking,ATM,Tablet,0
9055,643,4876.5,2024-04-06 12:35:00,Entertainment,Debit Card,In-store,Tablet,0
9056,5850,482.21,2025-06-13 01:45:00,Entertainment,Cash,Mobile,Mobile,0
9057,2639,343.97,2024-02-21 10:58:00,Other,Cash,Mobile,Desktop,0
9058,7007,5319.83,2024-08-30 15:34:00,Travel,Debit Card,Mobile,Mobile,0
9059,2539,595.66,2025-12-17 19:54:00,Shopping,Credit Card,In-store,Mobile,0
9060,8444,3968.04,2024-08-09 02:35:00,Other,Net Banking,ATM,Desktop,0
9061,9941,2961.32,2025-01-19 19:09:00,Shopping,Net Banking,In-store,Tablet,0
9062,8567,962.35,2025-06-04 18:30:00,Entertainment,UPI,Online,POS,0
9063,3413,586.06,2024-06-25 16:17:00,Electronics,UPI,ATM,Mobile,0
9064,5239,2845.82,2024-12-05 09:55:00,Utilities,Debit Card,Online,Mobile,0
9065,9200,1820.61,2024-02-24 21:06:00,Travel,UPI,In-store,Mobile,0
9066,153,586.17,2025-06-10 04:10:00,Healthcare,Debit Card,Mobile,Mobile,0
9067,9740,4430.6,2025-05-03 05:00:00,Travel,Debit Card,Online,Mobile,0
9068,7890,2552.96,2024-02-25 05:35:00,Entertainment,Net Banking,In-store,POS,0
9069,3146,4799.91,2024-08-06 19:18:00,Electronics,Credit Card,ATM,Tablet,0
9070,8902,1150.62,2025-07-03 04:40:00,Food,Debit Card,Online,Desktop,0
9071,7865,274.39,2024-08-22 04:42:00,Utilities,UPI,ATM,Tablet,0
9072,1181,5156.03,2024-06-08 01:16:00,Electronics,Cash,In-store,POS,0
9073,1245,1839.72,2024-03-31 08:17:00,Food,UPI,Online,Tablet,0
9074,174,1863.11,2025-05-13 08:41:00,Healthcare,UPI,In-store,Desktop,0
9075,7689,1755.42,2024-08-04 23:08:00,Healthcare,Debit Card,Online,Mobile,0
9076,4860,1278.81,2025-06-21 23:07:00,Electronics,Credit Card,Online,Desktop,0
9077,6688,588.86,2024-03-08 13:23:00,Electronics,UPI,In-store,Mobile,0
9078,2544,1898.77,2025-08-14 19:45:00,Electronics,Cash,ATM,POS,0
9079,3213,2535.98,2024-07-19 22:00:00,Travel,UPI,Mobile,Desktop,0
9080,5998,4966.85,2025-11-20 04:47:00,Electronics,Debit Card,Online,POS,0
9081,181,149.77,2025-10-04 23:00:00,Other,UPI,ATM,Tablet,0
9082,6987,587.96,2024-05-10 01:40:00,Food,Debit Card,ATM,POS,0
9083,2428,2998.35,2024-07-31 01:17:00,Other,UPI,ATM,Desktop,0
9084,6132,2984.65,2025-12-13 04:14:00,Shopping,Cash,ATM,Tablet,0
9085,5492,476.6,2024-05-14 04:45:00,Food,UPI,Online,POS,0
9086,3485,408.44,2025-03-25 15:22:00,Utilities,Credit Card,Mobile,Desktop,0
9087,6835,915.01,2024-05-10 22:56:00,Electronics,Credit Card,Mobile,POS,0
9088,6604,129.96,2024-04-15 07:23:00,Utilities,Debit Card,ATM,Desktop,0
9089,5297,2621.34,2024-07-17 01:57:00,Food,Credit Card,Online,Mobile,0
9090,9055,2216.17,2024-05-13 16:05:00,Healthcare,Debit Card,Mobile,Desktop,0
9091,8662,3914.1,2025-03-03 10:56:00,Other,Debit Card,ATM,POS,0
9092,7147,1124.41,2024-02-18 13:16:00,Shopping,Net Banking,ATM,Mobile,0
9093,1804,2025.25,2025-02-09 06:00:00,Electronics,Credit Card,In-store,POS,0
9094,1827,6156.03,2025-11-29 01:22:00,Healthcare,Debit Card,In-store,Tablet,0
9095,6513,6378.75,2025-09-01 07:59:00,Grocery,Credit Card,In-store,POS,0
9096,6630,147.46,2025-03-26 14:29:00,Shopping,UPI,Online,Mobile,0
9097,4653,3.77,2024-12-30 12:57:00,Grocery,UPI,ATM,Mobile,0
9098,970,6436.97,2025-08-21 03:39:00,Electronics,Net Banking,Mobile,POS,0
9099,9460,1532.8,2025-07-04 07:08:00,Entertainment,Net Banking,Mobile,Mobile,0
9100,4223,2410.62,2024-03-13 21:01:00,Electronics,Net Banking,In-store,Desktop,0
9101,5232,4874.45,2025-10-29 05:38:00,Food,Credit Card,ATM,Desktop,0
9102,1466,1135.34,2024-04-01 13:43:00,Utilities,UPI,Online,POS,0
9103,6415,1161.97,2025-12-03 23:04:00,Utilities,Credit Card,Online,Tablet,0
9104,663,365.4,2025-04-25 09:24:00,Food,Credit Card,Online,POS,0
9105,5527,4725.27,2025-09-14 01:55:00,Travel,Debit Card,Mobile,POS,0
9106,5973,2086.39,2024-06-11 18:47:00,Food,Net Banking,In-store,POS,0
9107,3994,397.56,2025-06-27 06:07:00,Entertainment,Credit Card,Online,POS,0
9108,1261,1641.02,2024-01-30 08:15:00,Healthcare,Net Banking,In-store,POS,0
9109,4258,795.48,2025-07-08 08:04:00,Grocery,Credit Card,Mobile,Tablet,0
9110,1405,318.42,2025-09-26 12:25:00,Grocery,Credit Card,ATM,Tablet,0
9111,9001,401.47,2024-06-15 04:36:00,Shopping,UPI,Online,Tablet,0
9112,3533,1638.59,2024-03-24 06:07:00,Healthcare,Net Banking,In-store,Tablet,0
9113,9497,1661.99,2025-03-05 15:00:00,Other,UPI,Mobile,POS,0
9114,7094,3120.73,2025-05-28 01:23:00,Grocery,Debit Card,Mobile,Tablet,0
9115,8161,570.0,2025-02-19 17:56:00,Utilities,Debit Card,In-store,POS,0
9116,5261,4949.91,2025-01-12 13:53:00,Grocery,UPI,In-store,Desktop,0
9117,1078,1462.17,2025-02-06 14:48:00,Utilities,Cash,In-store,Desktop,0
9118,9755,456.75,2024-02-11 12:14:00,Utilities,Debit Card,Mobile,POS,0
9119,8676,1066.42,2025-12-18 12:59:00,Shopping,Debit Card,ATM,Desktop,0
9120,171,5137.25,2024-06-05 02:36:00,Food,Credit Card,Online,Desktop,0
9121,6520,1300.78,2025-06-08 12:23:00,Shopping,Credit Card,In-store,POS,0
9122,5357,4154.33,2025-01-05 01:19:00,Food,Debit Card,Mobile,POS,0
9123,1691,348.31,2025-08-18 09:49:00,Other,Debit Card,Online,POS,0
9124,9715,4905.85,2024-09-17 09:41:00,Shopping,Net Banking,Mobile,Tablet,0
9125,3091,1126.41,2024-02-07 14:27:00,Utilities,UPI,Mobile,Mobile,0
9126,4161,5501.72,2025-02-04 06:43:00,Utilities,UPI,In-store,Desktop,0
9127,2284,4021.0,2024-11-09 19:49:00,Travel,Debit Card,In-store,Desktop,0
9128,666,2157.42,2024-07-12 22:14:00,Healthcare,Credit Card,In-store,POS,0
9129,289,2234.65,2025-08-04 13:22:00,Healthcare,UPI,In-store,POS,0
9130,422,475.27,2024-01-09 09:41:00,Food,Credit Card,In-store,POS,0
9131,1029,1846.78,2025-09-11 12:10:00,Electronics,Debit Card,Online,Tablet,0
9132,5257,1594.77,2025-04-09 06:08:00,Utilities,Credit Card,ATM,Tablet,0
9133,3469,813.37,2024-06-21 12:08:00,Food,UPI,Online,Desktop,0
9134,8942,1408.91,2025-03-20 03:05:00,Electronics,Debit Card,Online,Tablet,0
9135,2984,5294.2,2024-10-29 04:16:00,Entertainment,UPI,Mobile,Tablet,0
9136,5184,10.64,2024-08-09 13:42:00,Grocery,Debit Card,Online,Tablet,0
9137,4800,1079.56,2024-05-20 23:21:00,Shopping,Debit Card,In-store,Tablet,0
9138,2589,811.85,2025-11-01 17:44:00,Food,Debit Card,Online,Tablet,0
9139,1801,6500.27,2024-11-24 08:43:00,Shopping,Debit Card,ATM,POS,0
9140,9941,7291.2,2024-06-03 03:43:00,Grocery,UPI,In-store,Desktop,0
9141,8952,1762.14,2025-06-11 16:40:00,Shopping,Credit Card,Mobile,Tablet,0
9142,218,1597.05,2024-02-10 17:47:00,Food,UPI,Online,POS,0
9143,1998,4670.47,2025-05-19 19:43:00,Utilities,Debit Card,Mobile,Mobile,0
9144,9767,13.13,2025-09-24 03:47:00,Travel,UPI,ATM,Mobile,0
9145,1757,1652.35,2025-09-29 13:09:00,Travel,Debit Card,Mobile,Tablet,0
9146,5687,49.88,2025-10-16 07:46:00,Other,Credit Card,ATM,Mobile,0
9147,1784,6894.21,2024-11-14 22:05:00,Utilities,Debit Card,Online,Mobile,0
9148,8500,771.79,2025-11-04 19:36:00,Healthcare,Debit Card,Online,Tablet,0
9149,3096,1471.28,2025-11-30 12:16:00,Entertainment,Debit Card,In-store,Desktop,0
9150,3443,1081.09,2024-08-13 06:35:00,Food,Debit Card,Online,Desktop,0
9151,5698,4481.55,2024-12-12 07:56:00,Shopping,UPI,In-store,Desktop,0
9152,9922,17222.39,2024-05-17 23:18:00,Grocery,Cash,In-store,Tablet,0
9153,9335,141.68,2025-04-16 05:56:00,Electronics,UPI,Online,Mobile,0
9154,62,2633.77,2025-01-09 21:03:00,Travel,Cash,ATM,Desktop,0
9155,9213,917.73,2025-01-08 17:15:00,Food,UPI,ATM,Mobile,0
9156,9616,299.49,2024-08-18 07:16:00,Shopping,UPI,ATM,POS,0
9157,8744,1039.86,2024-07-26 01:51:00,Food,UPI,Online,Tablet,0
9158,7386,12581.5,2025-12-07 07:04:00,Food,Net Banking,In-store,POS,0
9159,3008,884.99,2024-03-21 22:53:00,Healthcare,Net Banking,ATM,Desktop,0
9160,8759,649.8,2025-01-09 21:33:00,Other,Credit Card,Mobile,Desktop,0
9161,4943,3743.83,2025-05-26 12:01:00,Other,UPI,Mobile,POS,0
9162,1008,4048.97,2025-01-17 23:17:00,Other,Credit Card,Online,Mobile,0
9163,7257,827.61,2025-01-13 14:49:00,Food,UPI,ATM,Mobile,0
9164,7421,709.56,2025-02-03 22:36:00,Healthcare,Credit Card,ATM,POS,0
9165,5503,2084.17,2025-11-22 08:31:00,Utilities,UPI,ATM,POS,0
9166,1637,459.28,2024-12-04 14:25:00,Travel,Credit Card,Online,Desktop,0
9167,8753,1322.08,2025-08-23 22:57:00,Grocery,Net Banking,In-store,Desktop,0
9168,362,304.77,2024-10-01 23:49:00,Electronics,UPI,ATM,Mobile,0
9169,2820,726.98,2025-10-12 10:12:00,Entertainment,Net Banking,Mobile,Mobile,0
9170,7555,706.17,2025-01-04 07:27:00,Other,Debit Card,Online,Tablet,0
9171,3312,2374.23,2025-01-14 18:30:00,Grocery,Credit Card,ATM,POS,0
9172,1849,663.33,2024-10-04 12:24:00,Healthcare,Net Banking,In-store,POS,0
9173,5435,4575.31,2025-08-31 16:24:00,Entertainment,Credit Card,In-store,POS,0
9174,2672,8154.51,2024-03-06 13:13:00,Healthcare,Debit Card,Online,POS,0
9175,9451,169.07,2024-10-14 04:05:00,Electronics,UPI,Online,POS,0
9176,8054,1013.83,2024-06-30 10:18:00,Electronics,Credit Card,ATM,POS,0
9177,6418,718.62,2025-01-13 00:34:00,Utilities,Cash,ATM,Desktop,0
9178,9365,867.7,2025-12-15 00:36:00,Food,Credit Card,Online,Mobile,0
9179,2616,616.74,2024-12-06 19:58:00,Healthcare,Debit Card,ATM,POS,0
9180,8884,964.69,2024-11-09 16:05:00,Entertainment,Cash,Online,POS,0
9181,1918,304.94,2024-12-15 05:48:00,Grocery,Cash,Mobile,Mobile,0
9182,1928,656.5,2025-02-12 19:09:00,Shopping,UPI,Online,Mobile,0
9183,3142,2755.21,2024-11-26 11:36:00,Grocery,UPI,In-store,Desktop,0
9184,8178,843.33,2025-01-25 12:19:00,Shopping,UPI,Online,Mobile,0
9185,1832,465.97,2025-04-02 05:07:00,Grocery,Debit Card,In-store,Desktop,0
9186,7508,229.57,2024-09-02 00:29:00,Entertainment,Debit Card,ATM,Tablet,0
9187,7409,855.43,2024-10-09 04:15:00,Healthcare,Credit Card,ATM,Desktop,0
9188,7069,2062.33,2025-01-11 22:37:00,Grocery,Credit Card,Mobile,Mobile,0
9189,2757,584.2,2024-05-01 08:11:00,Other,Debit Card,ATM,Tablet,0
9190,4259,1097.91,2025-01-29 03:59:00,Utilities,Net Banking,In-store,Mobile,0
9191,3155,6089.79,2024-10-19 01:42:00,Grocery,Net Banking,Online,POS,0
9192,5735,1607.54,2024-09-28 20:34:00,Electronics,Debit Card,Online,Desktop,0
9193,3233,1518.31,2025-08-20 06:15:00,Food,Cash,Mobile,Tablet,0
9194,5987,1055.07,2024-06-10 13:52:00,Travel,Credit Card,Mobile,POS,0
9195,5994,1627.65,2024-04-29 09:49:00,Grocery,Debit Card,ATM,Tablet,1
9196,4336,8342.53,2024-11-20 09:13:00,Food,UPI,Online,Desktop,0
9197,1966,585.54,2024-02-27 14:36:00,Shopping,Net Banking,In-store,Tablet,0
9198,9928,5692.14,2025-02-26 07:42:00,Grocery,Credit Card,Mobile,Desktop,0
9199,671,322.85,2025-04-13 07:06:00,Healthcare,Debit Card,ATM,POS,0
9200,3275,235.55,2025-11-28 00:01:00,Grocery,Credit Card,In-store,POS,0
9201,1221,2126.51,2025-06-30 20:43:00,Shopping,Debit Card,Online,POS,0
9202,9258,578.51,2024-05-04 15:33:00,Food,Net Banking,Mobile,Tablet,0
9203,6358,1175.39,2024-12-30 05:09:00,Travel,Debit Card,In-store,Mobile,0
9204,8445,2616.11,2024-05-03 02:23:00,Shopping,Cash,Online,Tablet,0
9205,4113,1530.75,2025-07-16 14:05:00,Shopping,Debit Card,Mobile,Desktop,0
9206,3732,27.69,2025-07-24 08:20:00,Travel,UPI,In-store,Tablet,0
9207,4075,730.11,2024-06-09 06:23:00,Utilities,Debit Card,In-store,Desktop,0
9208,8308,133.75,2025-11-04 08:47:00,Grocery,Credit Card,ATM,POS,0
9209,6012,5210.48,2024-06-29 13:56:00,Travel,Credit Card,Online,Desktop,0
9210,1228,3166.07,2025-06-01 14:16:00,Utilities,Credit Card,ATM,Mobile,0
9211,693,8250.64,2024-09-30 21:41:00,Travel,UPI,ATM,Desktop,0
9212,812,4327.55,2025-11-26 15:03:00,Utilities,Credit Card,Mobile,Desktop,0
9213,2036,1289.98,2024-04-25 15:12:00,Travel,UPI,ATM,Desktop,0
9214,151,4284.29,2025-10-20 05:55:00,Travel,Debit Card,ATM,POS,0
9215,2294,2232.16,2025-10-25 21:01:00,Electronics,UPI,In-store,Desktop,0
9216,9274,1487.2,2025-12-09 16:26:00,Food,Credit Card,Online,POS,0
9217,8699,926.12,2024-12-15 23:52:00,Grocery,Credit Card,ATM,POS,0
9218,3768,2284.92,2024-05-31 07:57:00,Entertainment,Net Banking,In-store,Mobile,0
9219,9308,1783.85,2025-03-31 14:28:00,Entertainment,Cash,In-store,Mobile,0
9220,7781,1904.79,2024-05-15 18:27:00,Travel,Net Banking,In-store,Tablet,0
9221,9822,1021.09,2025-02-13 21:20:00,Food,Credit Card,ATM,Tablet,0
9222,1965,2688.89,2025-02-20 06:12:00,Entertainment,Credit Card,Online,POS,0
9223,6045,169.68,2025-04-24 00:07:00,Shopping,Credit Card,Mobile,POS,0
9224,7566,2590.41,2024-10-12 01:41:00,Shopping,Net Banking,Mobile,Mobile,0
9225,4142,2624.31,2024-02-17 20:44:00,Grocery,Net Banking,In-store,Mobile,0
9226,8347,1451.11,2024-12-31 04:52:00,Shopping,Debit Card,Online,Tablet,0
9227,4607,611.1,2025-03-25 17:04:00,Other,Credit Card,Online,Desktop,1
9228,5546,1464.93,2024-01-26 11:20:00,Entertainment,Net Banking,In-store,Mobile,0
9229,30,262.69,2025-10-26 16:42:00,Shopping,UPI,ATM,Tablet,0
9230,721,671.35,2024-02-16 01:01:00,Other,Cash,Mobile,Tablet,0
9231,9539,1093.94,2024-06-04 15:54:00,Electronics,Credit Card,ATM,POS,0
9232,3288,2237.02,2025-11-29 05:46:00,Other,Credit Card,ATM,Tablet,0
9233,3804,414.58,2024-05-11 02:19:00,Healthcare,Cash,In-store,Mobile,0
9234,6179,344.36,2024-07-09 10:29:00,Other,Debit Card,Online,POS,0
9235,2053,1871.95,2025-11-09 06:07:00,Shopping,Debit Card,ATM,Tablet,0
9236,5126,2276.03,2025-03-11 00:38:00,Entertainment,Credit Card,Online,POS,0
9237,1271,174.73,2024-11-04 07:36:00,Utilities,UPI,In-store,Mobile,1
9238,1117,67.45,2025-12-09 03:49:00,Travel,Credit Card,Online,Mobile,0
9239,1815,318.34,2024-08-10 12:33:00,Grocery,UPI,In-store,Tablet,0
9240,6125,4625.81,2025-10-04 22:05:00,Entertainment,UPI,Mobile,Desktop,0
9241,4411,2233.38,2025-05-21 05:58:00,Entertainment,Credit Card,Mobile,Desktop,0
9242,3262,5077.27,2024-02-05 06:07:00,Food,Debit Card,Online,Mobile,0
9243,8037,2185.55,2024-07-21 12:39:00,Entertainment,Debit Card,Mobile,Desktop,0
9244,4640,6718.42,2024-12-20 11:45:00,Other,Cash,In-store,POS,0
9245,6913,1155.74,2024-06-06 16:49:00,Food,Net Banking,Online,Desktop,0
9246,2481,1828.08,2025-02-04 05:58:00,Food,Debit Card,In-store,POS,0
9247,5356,1838.52,2024-01-28 19:41:00,Shopping,Debit Card,Online,Tablet,0
9248,9756,6.29,2024-07-09 18:46:00,Utilities,Cash,Mobile,Desktop,0
9249,3271,55.68,2025-10-08 15:50:00,Electronics,Credit Card,ATM,Tablet,0
9250,3493,313.93,2024-09-09 11:08:00,Grocery,Net Banking,In-store,Desktop,0
9251,9757,1431.32,2025-01-17 19:22:00,Grocery,Net Banking,ATM,Mobile,0
9252,6256,1126.09,2025-11-06 21:13:00,Grocery,Debit Card,In-store,Desktop,0
9253,5228,1551.97,2024-08-28 04:10:00,Healthcare,Credit Card,In-store,Tablet,0
9254,4531,3223.79,2024-06-03 20:44:00,Food,Credit Card,Mobile,Tablet,0
9255,7636,3454.65,2025-03-29 07:44:00,Other,Credit Card,ATM,Desktop,0
9256,1897,7545.81,2025-09-22 06:57:00,Healthcare,Credit Card,Online,Mobile,0
9257,2237,1630.85,2025-06-18 19:38:00,Food,Debit Card,Mobile,Mobile,0
9258,5685,853.02,2024-06-27 00:18:00,Utilities,UPI,Online,Mobile,0
9259,7867,736.42,2025-01-07 15:44:00,Food,Debit Card,Online,POS,0
9260,2055,833.28,2025-12-11 07:50:00,Grocery,Debit Card,Online,Mobile,0
9261,3539,782.62,2024-12-28 07:08:00,Other,Net Banking,Online,Mobile,1
9262,1100,998.19,2024-08-20 13:27:00,Entertainment,UPI,Online,POS,0
9263,2628,155.67,2024-03-30 16:22:00,Food,Debit Card,Mobile,POS,0
9264,7687,2007.15,2024-02-05 15:25:00,Entertainment,UPI,Mobile,Desktop,0
9265,8923,1678.85,2024-04-03 01:35:00,Healthcare,UPI,ATM,Mobile,0
9266,6284,1239.65,2025-04-15 01:32:00,Other,Debit Card,In-store,POS,0
9267,4563,169.17,2024-07-10 12:38:00,Grocery,Debit Card,In-store,Desktop,0
9268,1844,195.69,2025-05-24 03:48:00,Entertainment,Net Banking,ATM,Mobile,0
9269,1233,1575.38,2025-06-01 05:53:00,Travel,Credit Card,Online,POS,0
9270,82,74.53,2024-07-23 12:02:00,Travel,Credit Card,Online,Tablet,0
9271,6915,2580.43,2024-04-11 00:31:00,Shopping,Net Banking,ATM,Tablet,0
9272,4192,10159.37,2024-05-07 04:25:00,Shopping,Credit Card,Mobile,Tablet,0
9273,9288,1819.66,2024-04-12 11:41:00,Utilities,Cash,Mobile,POS,0
9274,5172,2570.59,2025-07-20 07:57:00,Food,Credit Card,In-store,POS,0
9275,4560,1155.84,2025-07-25 21:35:00,Electronics,Net Banking,ATM,Mobile,0
9276,5381,2201.7,2025-10-09 05:45:00,Food,UPI,Online,Desktop,0
9277,9019,2109.84,2024-04-01 15:42:00,Entertainment,Net Banking,In-store,Tablet,0
9278,1817,3475.58,2025-10-07 13:59:00,Shopping,Debit Card,ATM,Desktop,0
9279,2062,2485.01,2025-12-25 08:34:00,Healthcare,Credit Card,Online,POS,0
9280,717,2765.0,2024-09-21 12:30:00,Grocery,Net Banking,ATM,Desktop,0
9281,564,1626.73,2024-07-24 10:28:00,Food,UPI,Mobile,POS,0
9282,2329,1325.29,2024-09-25 04:09:00,Shopping,Credit Card,ATM,Tablet,0
9283,9426,1227.62,2024-08-02 06:44:00,Grocery,Debit Card,ATM,Mobile,0
9284,1317,995.2,2024-06-05 04:10:00,Grocery,Debit Card,Mobile,Tablet,0
9285,2758,618.57,2025-12-30 16:01:00,Travel,Credit Card,ATM,POS,0
9286,9625,67.76,2025-10-11 03:48:00,Grocery,UPI,ATM,Tablet,0
9287,1428,2223.98,2025-09-14 09:16:00,Healthcare,UPI,In-store,POS,0
9288,5689,4624.49,2024-06-06 11:35:00,Food,Credit Card,In-store,Desktop,0
9289,7349,5332.35,2025-11-17 23:36:00,Food,Debit Card,ATM,Mobile,0
9290,2385,1737.68,2024-06-06 22:52:00,Travel,Credit Card,In-store,Tablet,0
9291,8416,197.73,2025-11-11 21:40:00,Electronics,UPI,Online,Desktop,0
9292,8509,4218.39,2024-07-07 05:46:00,Grocery,UPI,ATM,POS,0
9293,8001,2754.63,2024-12-28 12:03:00,Electronics,Debit Card,In-store,Mobile,0
9294,293,579.13,2025-01-21 05:52:00,Other,UPI,ATM,Tablet,0
9295,1535,3254.64,2025-09-24 10:13:00,Food,UPI,ATM,Mobile,0
9296,9744,1277.35,2025-01-15 20:03:00,Shopping,Net Banking,Online,Desktop,0
9297,1392,4371.26,2025-02-02 07:53:00,Travel,Net Banking,In-store,Mobile,0
9298,1021,569.0,2025-10-12 23:30:00,Food,Net Banking,In-store,Mobile,0
9299,6148,3227.96,2024-09-07 02:54:00,Utilities,Credit Card,ATM,Tablet,0
9300,620,2488.97,2025-10-25 03:34:00,Electronics,Credit Card,Online,Desktop,0
9301,9489,29.09,2024-02-26 08:25:00,Travel,Credit Card,Online,Mobile,0
9302,5098,1657.18,2025-12-01 15:17:00,Travel,Cash,Online,Desktop,0
9303,3754,2514.29,2024-04-17 07:00:00,Other,UPI,ATM,POS,0
9304,2658,340.18,2025-05-12 21:20:00,Grocery,Credit Card,Online,Mobile,0
9305,9873,1518.14,2024-08-22 17:19:00,Other,UPI,In-store,Desktop,0
9306,8869,725.04,2024-05-04 20:35:00,Grocery,UPI,Online,Tablet,0
9307,5378,2383.12,2024-11-27 04:00:00,Utilities,Net Banking,Mobile,POS,0
9308,7800,1553.67,2025-11-06 02:14:00,Entertainment,Credit Card,Online,Mobile,0
9309,5514,1942.86,2025-01-29 05:25:00,Shopping,UPI,In-store,POS,0
9310,783,150.61,2025-11-07 01:32:00,Grocery,Debit Card,Mobile,Desktop,0
9311,8506,296.52,2024-10-20 21:25:00,Grocery,Debit Card,In-store,Mobile,0
9312,6574,1606.32,2024-08-22 18:53:00,Healthcare,Debit Card,Mobile,Mobile,0
9313,1717,399.76,2025-04-29 21:23:00,Food,Credit Card,In-store,Tablet,0
9314,8446,1381.07,2025-01-30 02:20:00,Food,Credit Card,In-store,Tablet,0
9315,2872,2342.55,2024-10-10 15:02:00,Electronics,Credit Card,Online,Desktop,0
9316,1699,3319.06,2025-01-05 10:16:00,Electronics,Net Banking,Online,Mobile,1
9317,8356,308.65,2025-08-05 02:51:00,Entertainment,Credit Card,In-store,POS,0
9318,8165,2708.65,2024-06-27 20:42:00,Electronics,Cash,Mobile,Tablet,0
9319,3402,902.56,2024-03-09 11:05:00,Entertainment,Debit Card,In-store,Tablet,0
9320,6649,2272.21,2025-03-14 23:17:00,Food,Credit Card,Online,POS,0
9321,8541,313.97,2024-03-14 02:36:00,Entertainment,UPI,Mobile,Desktop,0
9322,930,1447.94,2025-11-20 10:21:00,Healthcare,Credit Card,Online,Desktop,0
9323,4632,3634.92,2025-03-14 08:01:00,Travel,Net Banking,ATM,Mobile,0
9324,2229,225.06,2025-08-06 21:05:00,Electronics,Debit Card,Mobile,Tablet,0
9325,6683,3516.81,2025-08-13 23:24:00,Grocery,Credit Card,Mobile,Mobile,0
9326,5577,1205.77,2025-08-29 06:37:00,Food,Net Banking,In-store,Desktop,0
9327,7242,3466.28,2024-11-24 14:35:00,Entertainment,UPI,Online,Mobile,0
9328,9871,6358.72,2025-05-23 11:51:00,Other,Debit Card,Mobile,POS,0
9329,1027,347.88,2024-07-08 01:30:00,Grocery,Credit Card,Online,Tablet,0
9330,6940,2245.21,2024-01-01 04:01:00,Other,Debit Card,In-store,Mobile,0
9331,7591,536.01,2024-09-16 05:27:00,Shopping,UPI,In-store,Tablet,0
9332,4638,291.33,2024-06-11 21:00:00,Entertainment,Debit Card,Mobile,Mobile,0
9333,9785,1978.17,2024-03-13 19:55:00,Electronics,UPI,Mobile,Mobile,0
9334,791,228.54,2025-10-29 15:06:00,Travel,Credit Card,In-store,Mobile,0
9335,9630,1251.62,2024-05-19 23:42:00,Other,UPI,Mobile,Desktop,0
9336,8592,2020.95,2024-04-01 04:19:00,Electronics,Credit Card,ATM,Mobile,0
9337,2468,1384.82,2024-03-16 06:36:00,Shopping,UPI,ATM,POS,0
9338,9502,2388.5,2024-09-06 22:27:00,Grocery,Debit Card,ATM,Desktop,0
9339,5477,3233.05,2025-09-27 12:29:00,Entertainment,Credit Card,ATM,Mobile,0
9340,1104,4115.3,2025-06-28 18:41:00,Travel,Debit Card,In-store,Desktop,0
9341,4864,1641.38,2025-04-09 12:02:00,Electronics,Credit Card,ATM,Tablet,0
9342,860,647.67,2025-08-02 16:30:00,Travel,UPI,Mobile,POS,0
9343,6548,1425.32,2024-08-08 02:10:00,Travel,UPI,In-store,Mobile,0
9344,1486,981.03,2025-03-12 15:57:00,Other,Credit Card,In-store,Tablet,0
9345,5229,512.17,2025-05-10 07:05:00,Travel,UPI,Online,Tablet,0
9346,5925,1506.08,2025-09-08 05:08:00,Other,Cash,Online,POS,0
9347,8659,45.83,2025-03-24 20:24:00,Entertainment,Net Banking,In-store,POS,0
9348,3281,1860.6,2025-11-22 00:29:00,Grocery,Debit Card,ATM,POS,0
9349,4286,3447.5,2024-12-13 22:36:00,Shopping,Credit Card,ATM,POS,0
9350,7105,14959.92,2025-06-27 17:39:00,Food,Credit Card,In-store,POS,0
9351,5725,5093.88,2025-05-01 20:34:00,Electronics,Credit Card,Mobile,Tablet,0
9352,9688,188.22,2025-03-06 11:15:00,Other,Credit Card,ATM,Mobile,0
9353,2131,354.5,2025-10-14 06:40:00,Utilities,Net Banking,ATM,Mobile,0
9354,6858,298.5,2025-12-02 18:57:00,Healthcare,UPI,ATM,Desktop,0
9355,9508,1634.48,2025-12-16 22:19:00,Electronics,Debit Card,ATM,Tablet,0
9356,1184,94.05,2024-07-26 03:38:00,Healthcare,Credit Card,ATM,POS,0
9357,5427,5529.01,2024-04-03 20:49:00,Utilities,Debit Card,Online,POS,0
9358,5492,127.66,2025-01-26 10:19:00,Food,Debit Card,In-store,Tablet,0
9359,6587,992.7,2024-07-11 00:32:00,Food,UPI,Online,POS,0
9360,767,4488.06,2025-11-19 23:50:00,Entertainment,Debit Card,ATM,Desktop,0
9361,6935,5927.63,2025-08-15 20:21:00,Grocery,Credit Card,ATM,POS,0
9362,5776,1252.06,2024-07-05 07:07:00,Utilities,UPI,Mobile,POS,0
9363,3650,1340.55,2024-05-28 01:10:00,Travel,Cash,Mobile,Desktop,0
9364,7016,2022.18,2024-05-03 18:04:00,Food,UPI,In-store,Mobile,0
9365,3910,1047.28,2024-12-26 00:49:00,Shopping,Debit Card,Online,Tablet,0
9366,6858,785.08,2024-12-23 15:51:00,Electronics,UPI,Mobile,Mobile,0
9367,5090,2689.74,2025-01-22 08:18:00,Entertainment,UPI,In-store,Desktop,0
9368,7870,1809.51,2025-07-30 20:29:00,Other,Credit Card,Online,Tablet,0
9369,6558,1314.29,2024-10-17 15:00:00,Electronics,UPI,Online,Desktop,0
9370,420,212.47,2025-12-29 01:00:00,Shopping,UPI,ATM,POS,0
9371,262,142.69,2024-05-23 13:35:00,Other,Debit Card,Mobile,Mobile,0
9372,903,1430.03,2025-04-20 12:19:00,Travel,Debit Card,ATM,POS,0
9373,7227,1932.18,2024-11-12 17:42:00,Food,Debit Card,ATM,POS,0
9374,915,2143.04,2025-03-21 15:25:00,Entertainment,Credit Card,Online,Desktop,0
9375,50,4505.5,2024-10-31 18:28:00,Shopping,Credit Card,In-store,Desktop,0
9376,7922,3388.08,2025-08-30 14:59:00,Shopping,UPI,Online,Mobile,0
9377,2010,303.42,2024-11-12 02:26:00,Food,Credit Card,Online,POS,0
9378,632,3163.95,2024-07-25 12:56:00,Food,Credit Card,In-store,POS,0
9379,1574,2255.9,2024-12-21 13:44:00,Grocery,Debit Card,Online,Mobile,0
9380,7911,3520.86,2024-02-04 08:54:00,Food,UPI,In-store,Desktop,0
9381,7569,3707.54,2024-12-04 01:01:00,Grocery,UPI,ATM,Mobile,0
9382,8915,847.87,2025-02-20 07:22:00,Entertainment,Debit Card,In-store,Mobile,0
9383,2311,611.06,2024-11-18 22:14:00,Utilities,Cash,Mobile,Tablet,0
9384,8401,1608.76,2025-04-26 06:02:00,Electronics,Debit Card,ATM,Tablet,0
9385,889,709.38,2025-08-25 23:24:00,Grocery,UPI,Mobile,Tablet,0
9386,6451,860.6,2024-10-05 18:27:00,Electronics,Credit Card,Online,POS,0
9387,8295,143.34,2025-09-23 05:29:00,Utilities,Credit Card,Mobile,POS,0
9388,7660,9503.57,2025-03-27 02:07:00,Travel,Credit Card,Online,Tablet,0
9389,6753,740.09,2025-10-12 18:41:00,Food,Credit Card,Mobile,Desktop,0
9390,6923,3028.92,2025-01-01 04:36:00,Grocery,Credit Card,Mobile,Mobile,0
9391,4448,9969.44,2025-12-13 12:14:00,Shopping,Debit Card,Mobile,POS,0
9392,2140,6955.68,2024-11-24 06:03:00,Entertainment,Net Banking,Mobile,Tablet,0
9393,8063,2009.61,2025-12-12 11:37:00,Electronics,UPI,Mobile,Tablet,0
9394,5136,1547.25,2025-04-22 23:00:00,Shopping,UPI,Mobile,Tablet,0
9395,8030,740.03,2024-07-02 11:22:00,Food,Debit Card,Mobile,Mobile,0
9396,1977,3953.87,2024-04-22 05:33:00,Electronics,UPI,Mobile,Desktop,0
9397,1869,824.96,2024-06-13 14:26:00,Other,Credit Card,ATM,POS,0
9398,2066,225.72,2025-11-21 06:27:00,Healthcare,Credit Card,ATM,Mobile,0
9399,8007,696.56,2024-11-02 07:05:00,Shopping,Net Banking,Online,Desktop,0
9400,1916,756.96,2024-11-17 19:18:00,Electronics,Cash,ATM,Mobile,0
9401,8369,2535.14,2025-06-21 19:54:00,Food,UPI,In-store,Tablet,0
9402,3723,371.56,2025-07-27 18:48:00,Travel,Credit Card,Mobile,Mobile,0
9403,8633,762.12,2024-12-09 19:25:00,Shopping,Credit Card,ATM,Desktop,0
9404,6865,159.36,2024-12-23 09:26:00,Grocery,Credit Card,In-store,Desktop,0
9405,2579,3773.03,2025-11-04 13:15:00,Other,Credit Card,In-store,Desktop,0
9406,5190,2580.34,2024-11-01 10:48:00,Healthcare,Net Banking,Online,Mobile,0
9407,7122,1150.68,2024-09-25 09:47:00,Grocery,Credit Card,Online,POS,0
9408,2869,1124.29,2024-08-14 09:45:00,Travel,UPI,Online,POS,0
9409,8714,363.94,2024-09-20 02:50:00,Shopping,Credit Card,Mobile,Desktop,0
9410,1281,970.55,2024-11-08 19:07:00,Shopping,UPI,ATM,Mobile,0
9411,5377,4746.56,2025-02-09 18:59:00,Travel,Credit Card,Online,Desktop,0
9412,6703,298.53,2025-09-09 18:15:00,Shopping,Debit Card,ATM,Desktop,0
9413,3302,2896.58,2025-09-14 07:53:00,Healthcare,Credit Card,Mobile,POS,0
9414,2715,96.65,2025-12-23 08:17:00,Utilities,Credit Card,In-store,Desktop,0
9415,7386,747.0,2025-08-15 14:18:00,Electronics,UPI,ATM,Mobile,0
9416,5002,3753.82,2024-08-19 18:56:00,Grocery,UPI,Mobile,Desktop,0
9417,6062,1177.52,2024-10-03 13:16:00,Grocery,Credit Card,In-store,POS,0
9418,6536,2425.99,2024-01-18 16:48:00,Travel,Net Banking,In-store,Tablet,0
9419,9185,218.61,2025-11-23 21:44:00,Utilities,UPI,Online,Desktop,0
9420,9150,2300.39,2025-07-28 05:09:00,Other,Credit Card,Mobile,Desktop,0
9421,9117,3418.74,2024-08-17 01:37:00,Electronics,Debit Card,Online,Mobile,0
9422,8245,3272.03,2024-12-02 16:26:00,Healthcare,Net Banking,ATM,Desktop,0
9423,3042,1155.6,2024-05-11 19:46:00,Shopping,Debit Card,Mobile,POS,0
9424,7643,4689.76,2025-05-03 23:59:00,Other,Credit Card,Online,Mobile,0
9425,6131,1711.21,2024-08-11 18:42:00,Travel,Credit Card,In-store,Tablet,0
9426,1585,3406.09,2025-06-29 20:49:00,Food,UPI,ATM,Tablet,0
9427,7792,480.22,2025-06-18 18:54:00,Food,Credit Card,Mobile,POS,0
9428,3269,472.05,2024-10-03 03:15:00,Shopping,Debit Card,ATM,POS,0
9429,8874,2807.79,2024-06-10 03:00:00,Grocery,Credit Card,Mobile,Mobile,0
9430,8822,2080.51,2025-08-07 14:08:00,Travel,Cash,In-store,Desktop,0
9431,3147,2255.94,2024-03-03 22:11:00,Healthcare,Net Banking,Online,Mobile,0
9432,1857,539.87,2024-04-27 15:48:00,Healthcare,UPI,ATM,Tablet,0
9433,4301,1020.39,2024-02-14 15:20:00,Entertainment,Debit Card,ATM,Desktop,0
9434,5716,597.84,2024-11-04 16:22:00,Food,Credit Card,Mobile,Mobile,0
9435,2594,141.12,2024-07-16 09:40:00,Travel,Debit Card,ATM,Mobile,0
9436,5473,456.16,2025-12-27 13:23:00,Entertainment,Credit Card,Online,POS,0
9437,2574,10663.46,2024-12-10 15:51:00,Grocery,Net Banking,ATM,Desktop,0
9438,9548,533.26,2025-08-22 04:54:00,Healthcare,UPI,In-store,Desktop,0
9439,2817,347.02,2024-05-08 01:15:00,Food,UPI,Online,Mobile,0
9440,776,2387.23,2024-01-11 01:19:00,Food,UPI,In-store,POS,1
9441,4498,1843.33,2024-10-11 18:27:00,Entertainment,UPI,ATM,Desktop,0
9442,4736,2740.94,2024-11-07 12:59:00,Other,Credit Card,Online,Mobile,0
9443,735,2120.74,2024-03-06 04:46:00,Other,Credit Card,ATM,Mobile,0
9444,2115,504.61,2025-09-17 07:36:00,Food,UPI,Mobile,POS,0
9445,1174,1389.92,2024-02-25 00:09:00,Utilities,Credit Card,In-store,Mobile,0
9446,9429,388.73,2024-12-30 03:08:00,Travel,UPI,ATM,Desktop,0
9447,9765,584.82,2024-04-27 06:46:00,Grocery,Cash,Online,Tablet,0
9448,9717,8672.98,2025-04-17 10:54:00,Grocery,Debit Card,ATM,Desktop,0
9449,6947,2608.91,2025-02-06 11:33:00,Travel,UPI,In-store,Mobile,0
9450,9599,3054.34,2025-12-24 19:25:00,Travel,Debit Card,Online,Desktop,0
9451,5668,61.04,2024-07-13 10:37:00,Food,UPI,Online,Tablet,0
9452,1242,962.97,2024-12-11 20:43:00,Shopping,Credit Card,Online,Tablet,0
9453,3841,1620.48,2025-04-27 00:35:00,Healthcare,Debit Card,ATM,Mobile,1
9454,5296,324.27,2025-03-16 02:59:00,Shopping,UPI,Mobile,Desktop,0
9455,5850,3774.95,2025-08-10 19:13:00,Utilities,Net Banking,In-store,POS,0
9456,2536,300.72,2024-03-11 08:45:00,Grocery,Debit Card,ATM,Tablet,0
9457,9186,2023.98,2025-01-04 17:19:00,Shopping,UPI,Mobile,Mobile,0
9458,8539,1611.23,2024-07-12 08:44:00,Grocery,Cash,Online,Tablet,0
9459,4590,3785.1,2024-12-01 12:24:00,Food,Debit Card,Online,Tablet,0
9460,9703,747.38,2024-08-14 02:04:00,Travel,Credit Card,ATM,Mobile,0
9461,6221,668.38,2024-08-16 17:35:00,Utilities,Credit Card,In-store,Desktop,0
9462,1959,3746.98,2025-01-14 01:56:00,Food,Net Banking,In-store,POS,0
9463,9168,500.53,2024-07-28 09:56:00,Electronics,Credit Card,Mobile,Mobile,0
9464,2051,2741.17,2024-07-06 06:53:00,Grocery,Credit Card,Mobile,Desktop,0
9465,2586,424.27,2025-02-21 05:59:00,Healthcare,Net Banking,Online,POS,0
9466,7621,4170.04,2025-11-17 23:08:00,Healthcare,Net Banking,In-store,Mobile,0
9467,3,3653.49,2024-02-04 07:12:00,Shopping,UPI,ATM,Mobile,0
9468,5944,3097.28,2024-11-13 14:18:00,Other,Credit Card,Mobile,POS,0
9469,2844,1352.47,2024-07-06 08:26:00,Electronics,Credit Card,Mobile,Mobile,0
9470,2287,68.85,2024-07-31 20:06:00,Food,Debit Card,Online,Desktop,0
9471,1268,284.2,2024-01-20 09:14:00,Food,Net Banking,Mobile,Desktop,0
9472,2475,1219.84,2025-11-10 14:45:00,Shopping,Net Banking,ATM,Tablet,0
9473,8734,89.26,2025-08-16 13:32:00,Other,Debit Card,Online,Mobile,0
9474,1426,131.15,2025-12-10 21:51:00,Food,Debit Card,Mobile,Tablet,0
9475,5637,268.21,2025-11-04 12:50:00,Food,Debit Card,Online,Mobile,0
9476,731,604.5,2025-07-07 00:02:00,Travel,Credit Card,ATM,Tablet,0
9477,8334,2767.18,2025-07-19 20:20:00,Healthcare,Credit Card,Online,Desktop,0
9478,2814,98.34,2025-12-28 22:57:00,Utilities,UPI,In-store,POS,0
9479,5193,8225.76,2024-05-24 18:55:00,Travel,Credit Card,Mobile,Desktop,0
9480,964,639.94,2024-10-14 12:48:00,Electronics,Net Banking,Mobile,POS,0
9481,8885,771.91,2025-08-19 01:09:00,Electronics,Credit Card,Online,Mobile,0
9482,7897,569.73,2025-10-31 02:41:00,Other,UPI,In-store,Desktop,0
9483,2463,1844.57,2025-11-09 15:28:00,Healthcare,UPI,Online,Tablet,0
9484,3387,39.24,2024-10-19 02:29:00,Electronics,UPI,Mobile,POS,0
9485,6880,196.48,2024-09-26 06:02:00,Food,Credit Card,In-store,Desktop,0
9486,2498,208.01,2024-11-05 06:53:00,Utilities,Credit Card,In-store,Desktop,0
9487,2804,2184.46,2024-11-22 01:09:00,Grocery,Credit Card,ATM,Tablet,0
9488,1218,799.53,2024-08-21 17:50:00,Shopping,UPI,In-store,Desktop,0
9489,526,1150.71,2025-01-10 01:10:00,Healthcare,UPI,Online,Tablet,0
9490,7567,5990.4,2024-06-14 17:39:00,Grocery,Debit Card,ATM,Desktop,0
9491,281,446.39,2024-10-14 13:25:00,Shopping,UPI,Online,POS,0
9492,5578,145.56,2024-12-12 05:28:00,Food,Net Banking,Online,Mobile,0
9493,3420,1164.73,2024-12-10 23:55:00,Utilities,Credit Card,ATM,Desktop,0
9494,3824,358.43,2024-06-12 06:12:00,Entertainment,Debit Card,Mobile,Mobile,0
9495,1722,312.51,2024-05-16 16:09:00,Electronics,Credit Card,ATM,Desktop,0
9496,6522,1055.71,2025-09-30 07:00:00,Shopping,Credit Card,Online,Tablet,0
9497,1784,2215.21,2024-05-19 00:08:00,Entertainment,Debit Card,Online,POS,0
9498,8693,556.39,2024-12-04 12:36:00,Shopping,UPI,In-store,Tablet,0
9499,84,4174.37,2024-04-20 06:13:00,Other,Credit Card,Mobile,POS,0
9500,5162,900.24,2024-01-11 07:01:00,Entertainment,UPI,In-store,POS,0
9501,8226,5437.66,2024-08-12 06:16:00,Shopping,Credit Card,ATM,Desktop,0
9502,9390,1356.1,2025-02-22 14:28:00,Entertainment,UPI,In-store,Mobile,0
9503,3800,2594.65,2024-03-10 23:44:00,Shopping,UPI,Online,Tablet,0
9504,3445,3781.17,2024-05-05 21:57:00,Grocery,Net Banking,In-store,Mobile,0
9505,6967,1508.85,2025-03-14 14:23:00,Electronics,Net Banking,Mobile,Tablet,0
9506,4053,3798.56,2024-01-11 14:54:00,Travel,UPI,Mobile,Tablet,0
9507,4056,949.57,2025-03-13 04:49:00,Electronics,UPI,Online,POS,0
9508,5253,903.24,2025-05-04 19:39:00,Shopping,UPI,In-store,Tablet,0
9509,3033,3160.37,2024-12-21 10:15:00,Other,Debit Card,Online,Tablet,0
9510,5163,552.22,2024-02-28 05:17:00,Other,UPI,ATM,Desktop,0
9511,4200,2524.89,2025-10-19 11:13:00,Grocery,Credit Card,Online,Mobile,0
9512,3758,160.44,2024-02-27 02:57:00,Other,Net Banking,Online,POS,0
9513,6305,2019.14,2024-06-26 07:47:00,Shopping,Net Banking,ATM,POS,0
9514,9029,5691.51,2025-08-18 17:49:00,Shopping,Net Banking,Online,Tablet,0
9515,3855,1219.33,2024-09-21 15:10:00,Travel,Cash,ATM,POS,0
9516,9770,1075.59,2024-08-28 00:13:00,Shopping,Credit Card,Online,Mobile,0
9517,7055,1555.41,2024-10-04 22:58:00,Electronics,Credit Card,Online,Tablet,0
9518,6081,2542.83,2024-05-14 01:08:00,Electronics,Debit Card,Mobile,POS,0
9519,6847,888.94,2025-07-07 09:29:00,Entertainment,Debit Card,Online,Desktop,0
9520,3128,0.26,2024-03-10 18:51:00,Utilities,Debit Card,ATM,Desktop,0
9521,6946,1394.65,2024-01-17 02:29:00,Entertainment,Debit Card,In-store,Tablet,0
9522,5314,1086.97,2024-06-15 05:42:00,Electronics,Net Banking,In-store,Mobile,0
9523,7633,1521.58,2024-05-15 09:03:00,Food,Debit Card,ATM,POS,0
9524,1910,2512.72,2025-01-17 01:28:00,Shopping,UPI,ATM,Desktop,0
9525,8261,666.45,2025-02-27 08:42:00,Utilities,Credit Card,Mobile,POS,0
9526,9870,1407.44,2025-07-13 14:46:00,Utilities,Debit Card,Online,Mobile,0
9527,1228,584.42,2024-04-14 15:41:00,Other,Credit Card,ATM,Tablet,0
9528,8004,1229.95,2025-10-13 22:31:00,Food,Cash,ATM,Mobile,0
9529,3259,844.83,2024-11-24 08:26:00,Entertainment,Debit Card,Online,Mobile,0
9530,4298,921.03,2024-04-18 19:50:00,Other,Debit Card,In-store,POS,0
9531,423,1731.96,2025-09-07 05:59:00,Grocery,Net Banking,Online,Mobile,0
9532,7326,2339.86,2024-09-27 01:24:00,Healthcare,UPI,Online,Desktop,0
9533,9519,25.48,2025-01-03 20:34:00,Travel,Net Banking,In-store,Desktop,0
9534,1150,4185.32,2024-08-20 17:55:00,Healthcare,UPI,In-store,POS,0
9535,4013,906.17,2025-03-27 04:50:00,Utilities,Debit Card,Online,Tablet,0
9536,7150,2063.46,2025-11-24 15:40:00,Grocery,Debit Card,ATM,Mobile,0
9537,8505,261.11,2024-05-31 10:32:00,Healthcare,UPI,ATM,Mobile,0
9538,7044,1694.72,2024-03-06 05:09:00,Shopping,Credit Card,Mobile,Mobile,0
9539,7055,2269.26,2024-11-20 19:02:00,Food,Credit Card,In-store,Mobile,0
9540,621,342.62,2025-08-21 22:21:00,Food,UPI,Online,POS,0
9541,594,4864.36,2025-01-29 12:48:00,Utilities,UPI,ATM,Tablet,0
9542,4540,2833.23,2025-06-30 09:45:00,Shopping,Credit Card,Online,Tablet,0
9543,612,1526.79,2024-09-17 16:46:00,Utilities,UPI,In-store,Desktop,0
9544,8819,363.2,2024-05-30 07:31:00,Travel,Debit Card,Online,POS,0
9545,9619,4013.15,2024-09-12 20:12:00,Healthcare,Credit Card,In-store,Desktop,0
9546,7887,142.19,2025-04-07 18:49:00,Other,Credit Card,Mobile,Mobile,0
9547,7724,244.72,2024-03-19 05:06:00,Electronics,Debit Card,Mobile,POS,0
9548,502,2395.81,2024-05-13 02:05:00,Other,Net Banking,In-store,POS,0
9549,9366,585.69,2024-02-18 03:33:00,Travel,Net Banking,Mobile,Desktop,0
9550,1928,1229.85,2025-04-13 16:02:00,Travel,Debit Card,ATM,Mobile,0
9551,9541,1548.32,2024-08-29 22:22:00,Electronics,Net Banking,In-store,Tablet,0
9552,3708,1225.84,2025-12-05 17:26:00,Travel,Debit Card,In-store,POS,0
9553,3361,175.25,2025-09-20 01:42:00,Utilities,Debit Card,ATM,Mobile,0
9554,8076,2674.81,2024-03-16 14:54:00,Travel,Credit Card,ATM,Desktop,0
9555,7887,548.85,2024-02-20 15:18:00,Grocery,UPI,In-store,Mobile,0
9556,2876,2682.88,2025-12-11 01:51:00,Entertainment,UPI,Mobile,Tablet,0
9557,1578,4009.27,2025-10-06 07:38:00,Utilities,Debit Card,ATM,Mobile,0
9558,4298,1537.35,2024-06-03 11:06:00,Healthcare,Credit Card,Online,Mobile,0
9559,6716,2450.91,2025-08-24 19:39:00,Travel,Cash,Online,Desktop,0
9560,3434,75.27,2024-09-14 22:22:00,Grocery,Net Banking,In-store,POS,0
9561,2425,74.88,2024-07-01 19:20:00,Shopping,UPI,ATM,Desktop,0
9562,6209,439.21,2024-04-22 15:06:00,Electronics,Credit Card,Online,Tablet,0
9563,534,887.53,2024-06-25 05:09:00,Food,Net Banking,ATM,Desktop,0
9564,7616,403.7,2025-05-19 12:47:00,Travel,UPI,Online,Tablet,0
9565,3455,2015.5,2024-09-17 07:14:00,Entertainment,Credit Card,Online,POS,0
9566,5144,648.38,2025-07-24 14:11:00,Travel,Net Banking,In-store,POS,0
9567,3873,3738.37,2024-06-16 00:23:00,Travel,UPI,ATM,Tablet,0
9568,6917,1644.71,2024-10-23 04:09:00,Travel,Debit Card,ATM,Mobile,0
9569,1506,949.89,2024-04-25 12:11:00,Shopping,Credit Card,In-store,Tablet,0
9570,9534,4471.31,2025-01-20 21:20:00,Grocery,Credit Card,ATM,Mobile,0
9571,1759,3524.75,2025-12-02 08:37:00,Electronics,UPI,ATM,Tablet,0
9572,1945,3429.99,2025-10-23 12:54:00,Electronics,Debit Card,Online,Mobile,0
9573,5570,2606.49,2024-07-15 06:47:00,Other,Debit Card,Online,Tablet,0
9574,1556,1904.95,2024-01-02 22:34:00,Utilities,Credit Card,ATM,POS,0
9575,6776,914.01,2024-07-19 06:18:00,Utilities,Credit Card,ATM,Desktop,0
9576,1603,1098.44,2024-10-28 09:28:00,Shopping,UPI,ATM,POS,0
9577,9914,2083.28,2024-01-19 09:32:00,Electronics,Net Banking,Online,Mobile,0
9578,2554,379.59,2025-06-15 15:32:00,Grocery,Credit Card,Online,Desktop,0
9579,4521,3518.37,2025-09-05 18:59:00,Healthcare,Debit Card,Online,Desktop,0
9580,8768,5582.98,2024-12-04 00:17:00,Travel,Cash,In-store,POS,0
9581,870,206.26,2025-04-20 00:51:00,Electronics,Debit Card,Mobile,Desktop,0
9582,1326,45.42,2024-06-19 00:55:00,Travel,Debit Card,In-store,Desktop,0
9583,6588,307.94,2025-01-18 19:43:00,Entertainment,Credit Card,ATM,POS,0
9584,2792,2853.42,2025-01-21 16:43:00,Food,UPI,Mobile,POS,0
9585,9402,228.19,2024-12-23 02:39:00,Entertainment,Net Banking,Mobile,Tablet,0
9586,4248,931.23,2024-11-16 06:50:00,Shopping,Cash,ATM,Mobile,0
9587,6051,130.41,2025-11-29 14:31:00,Healthcare,Debit Card,Mobile,POS,0
9588,3607,1133.23,2024-09-20 19:44:00,Utilities,Credit Card,Online,Mobile,0
9589,3964,1851.97,2024-07-05 12:27:00,Entertainment,UPI,ATM,Mobile,0
9590,5334,1980.46,2025-10-11 21:13:00,Utilities,Net Banking,In-store,Desktop,0
9591,3728,1463.42,2024-06-12 19:47:00,Food,Net Banking,Mobile,Mobile,0
9592,8134,5564.73,2024-11-20 13:14:00,Electronics,UPI,Mobile,POS,0
9593,5607,1514.89,2024-10-01 05:28:00,Other,Cash,Mobile,Tablet,0
9594,7866,3921.37,2025-05-24 15:20:00,Electronics,Credit Card,Mobile,Mobile,0
9595,3839,9931.06,2024-06-23 05:58:00,Electronics,Debit Card,In-store,Mobile,0
9596,9535,522.07,2025-01-02 18:09:00,Travel,Credit Card,ATM,POS,0
9597,9882,617.23,2024-01-18 13:05:00,Entertainment,Debit Card,Mobile,POS,0
9598,9097,1475.74,2025-02-12 11:34:00,Utilities,UPI,Online,POS,0
9599,4720,402.71,2024-03-26 04:51:00,Food,Credit Card,ATM,Tablet,0
9600,536,1660.8,2025-09-11 04:01:00,Utilities,Credit Card,Mobile,Desktop,0
9601,687,2306.5,2025-10-31 11:36:00,Grocery,Credit Card,In-store,Tablet,0
9602,3773,124.6,2024-06-10 04:37:00,Entertainment,Credit Card,Mobile,Mobile,0
9603,6757,2287.61,2024-10-19 03:04:00,Electronics,Cash,ATM,POS,0
9604,8930,347.44,2024-11-26 13:13:00,Healthcare,Credit Card,In-store,POS,0
9605,1181,711.4,2024-02-13 04:37:00,Electronics,Debit Card,Online,POS,0
9606,2914,2685.01,2024-11-21 10:48:00,Entertainment,Credit Card,Online,Mobile,0
9607,788,357.27,2025-11-11 22:37:00,Food,Net Banking,Mobile,Desktop,0
9608,773,1517.22,2025-02-15 07:27:00,Shopping,Credit Card,Mobile,Mobile,0
9609,8428,1779.18,2024-09-07 14:42:00,Food,Net Banking,Mobile,Tablet,0
9610,4574,359.11,2024-06-06 20:26:00,Electronics,Credit Card,Mobile,POS,0
9611,7547,642.56,2024-06-25 19:46:00,Shopping,Net Banking,Online,POS,0
9612,690,1865.17,2024-10-30 21:48:00,Shopping,Debit Card,Online,Mobile,0
9613,7956,1236.82,2024-07-03 01:27:00,Grocery,Debit Card,Mobile,Mobile,0
9614,5589,2157.51,2025-01-21 02:21:00,Other,UPI,Online,POS,0
9615,5268,3858.14,2025-11-10 08:39:00,Shopping,UPI,ATM,POS,0
9616,8966,290.13,2025-06-10 00:41:00,Grocery,Credit Card,In-store,Tablet,0
9617,8343,146.5,2025-11-15 17:21:00,Other,Credit Card,Mobile,Desktop,0
9618,9693,2197.58,2024-04-09 06:13:00,Other,Debit Card,Online,Mobile,0
9619,3234,2944.96,2024-04-19 07:41:00,Shopping,Debit Card,Online,Tablet,0
9620,9819,1193.16,2025-07-05 01:02:00,Utilities,Net Banking,In-store,Mobile,0
9621,9658,1001.45,2024-10-06 18:34:00,Healthcare,Credit Card,ATM,Desktop,0
9622,8318,1816.51,2024-08-17 22:54:00,Food,Debit Card,In-store,Tablet,0
9623,4020,1603.49,2024-06-09 02:52:00,Healthcare,Debit Card,Mobile,Mobile,0
9624,4212,1347.36,2025-10-19 02:11:00,Grocery,Debit Card,Mobile,Desktop,0
9625,5987,3415.26,2024-06-04 03:53:00,Grocery,UPI,Mobile,Tablet,0
9626,2588,381.11,2024-06-26 02:23:00,Other,Net Banking,ATM,Mobile,0
9627,3209,2286.44,2024-10-30 16:42:00,Healthcare,Credit Card,In-store,Desktop,0
9628,7646,2704.48,2024-04-25 22:23:00,Travel,Debit Card,ATM,POS,0
9629,3473,4631.38,2025-07-05 04:55:00,Other,Cash,Online,POS,0
9630,5500,5804.49,2025-03-21 17:26:00,Travel,UPI,ATM,Desktop,0
9631,4129,1418.01,2025-07-02 15:25:00,Other,Net Banking,ATM,POS,0
9632,6973,1137.05,2024-11-01 00:06:00,Food,Net Banking,Mobile,POS,0
9633,5085,1401.99,2025-08-19 03:33:00,Grocery,Credit Card,In-store,Desktop,0
9634,6949,2637.86,2024-11-30 08:35:00,Food,Debit Card,Online,Desktop,0
9635,2061,34.64,2025-07-04 01:24:00,Electronics,Cash,ATM,Mobile,0
9636,7464,382.67,2024-11-12 09:48:00,Electronics,Credit Card,In-store,Tablet,0
9637,3326,4764.69,2024-05-16 21:00:00,Grocery,Credit Card,In-store,POS,0
9638,4455,434.91,2024-02-13 12:11:00,Entertainment,Debit Card,Mobile,Tablet,0
9639,823,518.79,2025-08-06 16:58:00,Entertainment,Credit Card,In-store,Mobile,0
9640,2062,5609.05,2025-05-24 14:40:00,Food,Net Banking,In-store,Desktop,0
9641,8352,697.07,2025-06-21 15:15:00,Entertainment,UPI,Online,Desktop,0
9642,907,686.23,2024-11-17 16:20:00,Electronics,Net Banking,In-store,POS,0
9643,2787,5146.4,2025-02-01 20:25:00,Food,Debit Card,ATM,Mobile,0
9644,9893,940.27,2024-10-15 12:47:00,Shopping,UPI,Online,POS,0
9645,6942,1362.21,2024-11-14 23:07:00,Healthcare,Debit Card,In-store,Mobile,0
9646,4429,1643.81,2025-09-02 13:46:00,Food,Credit Card,Mobile,Desktop,0
9647,1574,4054.19,2024-05-12 06:18:00,Utilities,UPI,Online,Tablet,0
9648,3251,161.49,2025-11-05 05:07:00,Grocery,Cash,Online,POS,0
9649,1342,604.53,2025-09-17 04:45:00,Healthcare,Credit Card,In-store,Mobile,0
9650,4705,1768.65,2025-03-22 04:11:00,Electronics,Credit Card,Mobile,Desktop,0
9651,2078,1140.49,2024-03-17 06:11:00,Food,Credit Card,Online,POS,0
9652,4530,652.24,2024-01-18 09:44:00,Entertainment,Debit Card,In-store,Mobile,0
9653,1031,1054.05,2024-03-06 01:18:00,Utilities,Debit Card,In-store,Mobile,0
9654,1831,6777.11,2024-06-16 19:16:00,Other,Net Banking,ATM,Desktop,0
9655,5565,42.51,2025-06-28 06:50:00,Other,UPI,Online,Mobile,0
9656,784,317.93,2024-04-25 09:46:00,Grocery,Net Banking,Online,Mobile,0
9657,8907,37.66,2025-05-12 16:58:00,Utilities,Net Banking,Online,Desktop,0
9658,5029,1799.83,2025-08-04 22:55:00,Utilities,UPI,Online,Tablet,0
9659,7477,26.04,2024-04-24 02:30:00,Food,UPI,In-store,Mobile,0
9660,8782,1210.33,2025-09-21 14:09:00,Shopping,Debit Card,In-store,POS,0
9661,2711,3920.78,2025-02-20 18:39:00,Entertainment,Credit Card,ATM,Mobile,0
9662,5498,204.52,2025-08-31 19:17:00,Grocery,Debit Card,In-store,Mobile,0
9663,8379,908.81,2025-08-12 22:33:00,Entertainment,Debit Card,Mobile,POS,0
9664,7519,949.62,2024-04-08 20:10:00,Electronics,Debit Card,Mobile,Mobile,0
9665,9244,899.63,2025-06-10 22:12:00,Travel,Debit Card,In-store,Mobile,0
9666,490,2599.95,2024-04-23 23:35:00,Entertainment,Debit Card,Online,POS,0
9667,7166,8.84,2024-01-21 01:14:00,Utilities,Credit Card,Online,Tablet,0
9668,9560,3027.94,2025-03-18 13:26:00,Other,Credit Card,Mobile,Desktop,0
9669,4787,3653.22,2024-01-22 23:44:00,Entertainment,Credit Card,In-store,Desktop,0
9670,1746,1129.38,2024-06-21 22:00:00,Electronics,UPI,ATM,Tablet,0
9671,7881,4363.52,2024-03-04 00:22:00,Entertainment,Cash,ATM,Desktop,0
9672,6259,959.43,2024-07-20 23:10:00,Shopping,Credit Card,Mobile,Tablet,0
9673,4899,2373.07,2025-07-06 10:12:00,Electronics,Net Banking,ATM,Tablet,0
9674,9355,984.74,2025-07-11 12:12:00,Shopping,UPI,Mobile,Desktop,0
9675,5175,77.16,2024-04-08 00:20:00,Food,Debit Card,ATM,Mobile,0
9676,8786,174.23,2025-10-08 01:20:00,Electronics,Debit Card,Mobile,POS,0
9677,2586,1166.97,2024-07-02 08:15:00,Shopping,UPI,Mobile,Desktop,0
9678,559,9229.65,2025-06-26 07:35:00,Electronics,UPI,Online,POS,0
9679,8702,390.95,2025-12-27 00:59:00,Entertainment,Debit Card,Mobile,Desktop,0
9680,3569,4518.71,2024-12-29 17:44:00,Electronics,UPI,Online,Tablet,0
9681,3610,5036.37,2024-06-14 13:53:00,Healthcare,Debit Card,ATM,Desktop,0
9682,313,1054.08,2025-09-22 05:42:00,Travel,Credit Card,ATM,Tablet,0
9683,7377,1239.14,2025-08-01 19:03:00,Utilities,Credit Card,In-store,Desktop,0
9684,3192,1397.61,2024-03-02 14:25:00,Healthcare,Credit Card,Online,Tablet,0
9685,3663,2942.89,2025-06-30 22:27:00,Grocery,UPI,Mobile,Tablet,0
9686,1968,264.15,2024-06-16 14:48:00,Other,Credit Card,In-store,Desktop,0
9687,7209,796.89,2025-03-22 07:54:00,Utilities,UPI,Mobile,Tablet,0
9688,6133,374.35,2024-08-20 05:54:00,Grocery,Debit Card,Mobile,Mobile,0
9689,1792,4214.27,2025-07-23 06:56:00,Entertainment,Debit Card,ATM,Desktop,0
9690,8024,146.26,2025-05-28 19:57:00,Entertainment,Credit Card,ATM,Desktop,0
9691,4050,2754.31,2025-01-29 21:50:00,Healthcare,UPI,In-store,Desktop,0
9692,1610,1158.71,2024-07-27 06:52:00,Travel,Cash,In-store,Tablet,0
9693,4612,2507.76,2025-05-10 13:57:00,Electronics,Debit Card,In-store,Mobile,0
9694,5055,4412.65,2024-03-26 16:21:00,Travel,Credit Card,ATM,Mobile,0
9695,6095,830.01,2025-10-12 03:56:00,Entertainment,Credit Card,Online,Mobile,0
9696,9738,514.96,2025-10-08 17:58:00,Shopping,Net Banking,ATM,POS,0
9697,9827,2100.89,2025-02-16 05:25:00,Shopping,UPI,Mobile,POS,0
9698,8224,12003.7,2025-04-10 03:15:00,Grocery,Net Banking,In-store,Desktop,0
9699,2633,2615.03,2025-03-20 17:19:00,Other,Debit Card,ATM,Tablet,0
9700,2463,3175.57,2024-04-21 00:04:00,Entertainment,UPI,In-store,POS,0
9701,6377,1987.73,2024-07-13 04:42:00,Entertainment,Debit Card,ATM,Mobile,1
9702,4495,918.31,2025-06-01 05:12:00,Entertainment,Debit Card,Online,Desktop,0
9703,7346,2126.36,2024-08-19 22:38:00,Utilities,UPI,Mobile,Desktop,0
9704,6659,275.19,2024-06-05 03:43:00,Electronics,Credit Card,Online,Mobile,0
9705,104,1342.06,2025-07-07 16:46:00,Utilities,UPI,In-store,Desktop,0
9706,6179,1702.22,2024-08-17 11:57:00,Electronics,UPI,Mobile,Mobile,0
9707,627,4744.94,2024-07-10 14:47:00,Travel,Debit Card,Online,Tablet,0
9708,6454,5044.45,2025-09-06 23:54:00,Food,Credit Card,Mobile,Desktop,0
9709,6906,124.02,2024-03-05 16:30:00,Grocery,Debit Card,Mobile,Desktop,0
9710,9626,1998.7,2024-11-29 22:48:00,Shopping,Debit Card,Mobile,POS,0
9711,3294,3183.11,2025-12-18 00:25:00,Healthcare,Debit Card,ATM,Tablet,0
9712,7522,1537.68,2025-05-08 15:24:00,Entertainment,Credit Card,In-store,Tablet,0
9713,5923,201.12,2024-04-07 20:02:00,Travel,Debit Card,Online,Tablet,0
9714,7906,529.83,2025-03-08 20:46:00,Utilities,Debit Card,In-store,Mobile,0
9715,6384,752.72,2025-01-14 18:10:00,Healthcare,Debit Card,Mobile,Tablet,0
9716,3697,2174.15,2024-01-07 20:57:00,Other,Credit Card,Mobile,Mobile,0
9717,379,135.66,2025-07-05 16:06:00,Electronics,Net Banking,Mobile,Desktop,0
9718,3216,1595.33,2025-10-31 08:15:00,Healthcare,Credit Card,Mobile,Mobile,0
9719,4339,230.67,2024-03-17 19:08:00,Grocery,UPI,Mobile,Tablet,0
9720,3921,1005.45,2025-04-23 19:28:00,Entertainment,Debit Card,Mobile,POS,0
9721,69,1108.71,2025-02-23 03:29:00,Entertainment,UPI,In-store,POS,0
9722,716,1202.37,2025-05-30 22:07:00,Other,Debit Card,ATM,Tablet,0
9723,2966,2481.75,2024-12-26 18:26:00,Other,Credit Card,ATM,Tablet,0
9724,3642,169.37,2025-08-16 17:41:00,Shopping,UPI,In-store,Desktop,0
9725,6951,624.61,2024-09-09 17:44:00,Shopping,Net Banking,In-store,Desktop,0
9726,1444,2049.59,2024-11-02 11:42:00,Food,Net Banking,In-store,Tablet,0
9727,4870,5749.35,2025-05-24 05:47:00,Travel,Debit Card,In-store,POS,0
9728,4784,1939.37,2025-11-22 00:45:00,Food,Debit Card,Online,Tablet,0
9729,8262,4297.43,2024-06-03 22:25:00,Utilities,UPI,ATM,Mobile,0
9730,5687,6909.57,2025-01-20 11:44:00,Shopping,Credit Card,ATM,Desktop,0
9731,9566,4306.68,2025-02-12 17:24:00,Shopping,UPI,In-store,Desktop,0
9732,6205,7165.93,2024-06-23 19:55:00,Electronics,Net Banking,Online,POS,0
9733,3326,3001.54,2024-12-28 18:53:00,Utilities,Credit Card,In-store,Tablet,0
9734,2387,4363.5,2024-04-06 04:20:00,Entertainment,Cash,ATM,Mobile,0
9735,7006,1352.39,2025-04-03 06:19:00,Entertainment,Debit Card,Online,POS,0
9736,6105,847.58,2025-09-23 16:37:00,Other,Credit Card,Mobile,POS,0
9737,3978,16295.61,2025-08-02 05:21:00,Utilities,Credit Card,Mobile,Tablet,0
9738,2352,205.75,2024-11-29 07:38:00,Food,Credit Card,Mobile,POS,0
9739,2667,6349.65,2024-10-06 21:27:00,Food,Debit Card,Mobile,Desktop,0
9740,7320,1127.31,2025-10-05 20:00:00,Utilities,Debit Card,Online,Tablet,0
9741,5496,45.28,2025-03-31 23:19:00,Other,Credit Card,In-store,POS,0
9742,6428,3249.27,2024-05-19 18:55:00,Healthcare,Credit Card,ATM,POS,0
9743,282,1174.75,2025-09-14 00:28:00,Utilities,UPI,Online,Desktop,0
9744,8854,3205.78,2024-10-01 20:30:00,Entertainment,UPI,Mobile,POS,0
9745,8672,91.7,2024-05-26 19:26:00,Other,Credit Card,Online,POS,0
9746,6763,7310.62,2025-03-09 18:19:00,Shopping,UPI,ATM,POS,0
9747,7076,2223.63,2024-03-05 14:36:00,Other,Net Banking,Online,Desktop,0
9748,5326,98.37,2025-09-25 12:31:00,Food,Credit Card,Mobile,Mobile,0
9749,8741,9.32,2024-01-23 17:00:00,Grocery,UPI,Online,Mobile,0
9750,8835,1802.81,2025-07-20 19:29:00,Shopping,UPI,In-store,Mobile,0
9751,9180,7501.45,2024-11-10 21:43:00,Shopping,Credit Card,Online,POS,0
9752,7232,1484.67,2025-05-24 08:35:00,Utilities,Net Banking,Online,Tablet,1
9753,364,873.58,2024-12-26 21:39:00,Utilities,Credit Card,Mobile,Mobile,0
9754,7386,5591.34,2025-08-07 09:25:00,Food,Net Banking,Mobile,Tablet,0
9755,3688,8264.54,2024-10-09 02:32:00,Shopping,UPI,ATM,POS,1
9756,6551,3069.45,2024-07-17 19:51:00,Travel,Debit Card,ATM,Desktop,0
9757,4066,2531.09,2025-05-31 09:07:00,Food,UPI,ATM,Tablet,0
9758,5178,4.13,2025-02-24 14:15:00,Other,Net Banking,Mobile,POS,0
9759,3980,752.83,2024-10-22 14:33:00,Shopping,Net Banking,Online,Mobile,0
9760,2313,5185.24,2025-10-07 10:13:00,Other,UPI,Online,Mobile,0
9761,9542,918.16,2025-02-12 23:37:00,Shopping,Credit Card,In-store,POS,0
9762,9362,814.67,2025-07-03 17:06:00,Healthcare,Debit Card,Mobile,POS,0
9763,6512,1540.84,2025-01-24 09:49:00,Utilities,Net Banking,Mobile,Tablet,0
9764,591,1187.64,2025-08-21 17:01:00,Healthcare,Net Banking,ATM,Mobile,0
9765,5959,3915.13,2024-09-28 09:20:00,Electronics,Debit Card,In-store,POS,0
9766,7148,170.45,2024-01-11 19:10:00,Grocery,Debit Card,Mobile,POS,0
9767,7305,2150.28,2025-11-09 20:32:00,Grocery,UPI,ATM,Mobile,0
9768,8876,2389.3,2025-02-07 00:20:00,Utilities,Debit Card,ATM,Desktop,0
9769,131,4242.41,2024-06-24 03:53:00,Shopping,Credit Card,In-store,Mobile,0
9770,3744,1074.97,2024-02-02 05:25:00,Grocery,UPI,ATM,POS,0
9771,6966,699.13,2024-05-22 14:02:00,Grocery,UPI,ATM,Mobile,0
9772,1973,1970.0,2025-02-10 12:18:00,Utilities,Credit Card,Mobile,Mobile,0
9773,6578,2581.42,2025-07-20 19:57:00,Food,Net Banking,ATM,Tablet,0
9774,2155,375.02,2024-03-03 00:53:00,Other,Net Banking,Online,Tablet,0
9775,2074,344.34,2025-07-11 05:17:00,Other,Credit Card,ATM,POS,0
9776,4009,611.97,2025-07-01 08:22:00,Utilities,Credit Card,Online,Mobile,0
9777,2687,569.82,2025-06-16 03:49:00,Utilities,Credit Card,Mobile,Mobile,0
9778,6522,2777.83,2024-08-14 00:35:00,Electronics,Debit Card,ATM,Desktop,0
9779,7816,1513.04,2025-07-06 18:35:00,Electronics,Debit Card,ATM,POS,0
9780,7192,1587.22,2024-07-13 21:51:00,Grocery,UPI,Online,POS,0
9781,8461,29.62,2024-02-12 10:30:00,Utilities,Debit Card,In-store,POS,0
9782,2379,10319.73,2024-11-08 21:52:00,Food,UPI,Online,Desktop,0
9783,7398,3541.45,2025-07-07 17:15:00,Grocery,Credit Card,Online,POS,0
9784,3260,1172.77,2025-09-25 19:47:00,Utilities,UPI,Online,Mobile,0
9785,4843,138.45,2025-04-30 08:53:00,Utilities,Net Banking,Mobile,Mobile,0
9786,5262,2370.22,2024-04-18 17:22:00,Travel,UPI,Online,POS,0
9787,3118,1531.63,2025-03-01 07:00:00,Travel,UPI,In-store,Mobile,0
9788,8435,2263.55,2024-06-01 14:50:00,Entertainment,Cash,Online,POS,0
9789,4869,2263.78,2025-01-14 00:03:00,Utilities,Net Banking,In-store,POS,0
9790,5871,336.21,2024-01-01 06:02:00,Utilities,Credit Card,ATM,Desktop,0
9791,5272,797.41,2025-11-26 11:46:00,Shopping,Net Banking,Online,Tablet,0
9792,4637,35.84,2025-02-03 21:25:00,Other,Cash,ATM,POS,0
9793,2067,8064.18,2024-04-14 18:56:00,Food,UPI,Mobile,POS,0
9794,6078,3284.6,2025-09-02 11:41:00,Shopping,Credit Card,Mobile,Tablet,0
9795,3551,5284.77,2024-07-27 00:58:00,Grocery,UPI,ATM,Desktop,0
9796,3248,90.27,2025-01-01 12:18:00,Electronics,UPI,In-store,Desktop,0
9797,8413,1387.68,2024-04-09 17:16:00,Shopping,Credit Card,ATM,POS,0
9798,7726,2752.16,2025-08-01 06:52:00,Shopping,UPI,Online,POS,0
9799,7761,218.97,2025-03-24 17:42:00,Other,Net Banking,In-store,Tablet,0
9800,583,3001.95,2024-10-28 13:28:00,Utilities,Credit Card,Online,Tablet,0
9801,7910,2085.42,2025-08-06 01:32:00,Shopping,Net Banking,ATM,Desktop,0
9802,4421,8393.46,2025-05-06 23:58:00,Electronics,UPI,ATM,Mobile,0
9803,6779,303.66,2024-01-20 20:07:00,Shopping,UPI,Online,Desktop,0
9804,1441,1984.6,2025-06-27 15:10:00,Travel,Credit Card,Mobile,Mobile,0
9805,4119,5880.0,2025-02-28 20:51:00,Entertainment,UPI,ATM,Tablet,0
9806,2427,2722.57,2024-02-05 00:07:00,Utilities,UPI,Online,POS,0
9807,9826,819.39,2025-10-08 06:27:00,Utilities,Debit Card,ATM,Tablet,0
9808,8381,253.96,2025-01-16 22:07:00,Healthcare,Debit Card,Online,POS,0
9809,7812,6635.54,2024-02-18 07:17:00,Grocery,Debit Card,ATM,POS,0
9810,642,149.24,2024-10-29 09:16:00,Other,Credit Card,In-store,Tablet,0
9811,4794,7391.28,2024-05-14 19:38:00,Travel,UPI,In-store,POS,0
9812,4937,723.41,2024-02-14 12:30:00,Entertainment,Credit Card,Mobile,POS,0
9813,4124,3936.68,2024-10-07 21:21:00,Electronics,Credit Card,ATM,POS,0
9814,6817,1616.27,2025-03-08 17:57:00,Food,Net Banking,Online,Mobile,0
9815,7447,4874.3,2025-02-14 11:10:00,Healthcare,Credit Card,Mobile,Mobile,0
9816,3668,1112.41,2024-11-04 01:24:00,Healthcare,Credit Card,Online,Desktop,0
9817,6007,3791.63,2024-05-25 04:07:00,Grocery,Credit Card,Online,Mobile,0
9818,2847,544.63,2024-11-27 11:39:00,Entertainment,Cash,Online,Tablet,0
9819,3630,1257.5,2025-09-03 13:55:00,Entertainment,Credit Card,ATM,Tablet,0
9820,3455,3745.54,2025-05-04 04:20:00,Travel,Credit Card,ATM,POS,0
9821,1019,251.95,2025-03-11 05:11:00,Utilities,UPI,In-store,POS,0
9822,8749,2608.58,2024-07-04 03:38:00,Entertainment,UPI,ATM,Mobile,0
9823,7775,1148.5,2024-01-09 10:15:00,Utilities,Credit Card,In-store,Tablet,0
9824,9007,1439.87,2024-08-08 20:41:00,Travel,Debit Card,ATM,Desktop,0
9825,9021,1730.4,2025-11-06 09:28:00,Entertainment,Debit Card,ATM,Desktop,0
9826,5298,644.99,2024-01-31 08:31:00,Travel,UPI,ATM,POS,0
9827,8739,202.67,2024-11-10 15:57:00,Entertainment,Debit Card,Mobile,Desktop,0
9828,3493,37.67,2025-02-02 09:34:00,Entertainment,Debit Card,In-store,Mobile,0
9829,9272,1127.48,2024-10-22 21:50:00,Entertainment,UPI,Mobile,Mobile,0
9830,1595,626.33,2024-11-29 11:38:00,Travel,Debit Card,In-store,Tablet,0
9831,1945,2004.41,2024-08-16 19:27:00,Healthcare,UPI,Mobile,Tablet,0
9832,1556,2517.12,2024-11-30 05:06:00,Food,UPI,Mobile,POS,0
9833,8880,1401.33,2024-08-25 17:14:00,Healthcare,UPI,ATM,Desktop,0
9834,2959,1929.71,2024-11-16 00:31:00,Utilities,Credit Card,ATM,Tablet,0
9835,8766,1645.36,2024-03-24 04:18:00,Entertainment,Cash,Mobile,Tablet,0
9836,5225,9.18,2024-12-07 23:22:00,Other,Credit Card,Online,Desktop,0
9837,911,3686.55,2024-08-11 03:10:00,Grocery,UPI,In-store,POS,0
9838,9208,122.82,2025-12-19 19:03:00,Shopping,Credit Card,In-store,Desktop,0
9839,5291,1056.42,2024-01-04 23:15:00,Electronics,Debit Card,ATM,Desktop,0
9840,8987,235.36,2025-02-07 04:42:00,Travel,Credit Card,In-store,Tablet,0
9841,1334,2171.28,2024-07-08 02:59:00,Electronics,Credit Card,ATM,Mobile,1
9842,2796,787.83,2024-03-10 22:49:00,Healthcare,Credit Card,Online,Tablet,0
9843,4263,147.62,2025-04-28 07:59:00,Food,Credit Card,ATM,POS,0
9844,6137,92.83,2025-10-17 04:40:00,Utilities,Credit Card,ATM,POS,0
9845,7892,541.37,2025-04-19 15:10:00,Other,UPI,Mobile,Desktop,0
9846,9216,2200.82,2025-03-11 08:34:00,Utilities,Net Banking,Online,Mobile,0
9847,163,2533.27,2025-10-19 17:46:00,Other,Net Banking,ATM,Desktop,0
9848,2683,274.92,2024-09-09 19:22:00,Food,Credit Card,In-store,Mobile,0
9849,5182,299.58,2025-07-23 10:45:00,Travel,Net Banking,ATM,Desktop,0
9850,3839,1799.0,2025-11-22 10:35:00,Travel,Cash,Mobile,Desktop,0
9851,3178,6305.54,2024-11-28 05:11:00,Entertainment,Debit Card,In-store,Desktop,0
9852,9360,1610.0,2025-08-21 21:19:00,Electronics,Net Banking,Online,Mobile,0
9853,4496,2487.8,2024-06-23 21:53:00,Travel,Debit Card,Mobile,Mobile,0
9854,3820,1713.29,2024-12-20 04:45:00,Other,Debit Card,In-store,Mobile,0
9855,8550,221.5,2024-11-16 03:25:00,Other,Debit Card,ATM,Tablet,0
9856,9448,5854.8,2024-04-28 16:20:00,Shopping,UPI,Online,Tablet,0
9857,679,149.41,2025-05-15 11:39:00,Electronics,Credit Card,Online,Desktop,0
9858,446,2853.15,2024-03-27 14:04:00,Other,Credit Card,Mobile,Desktop,0
9859,1641,7760.3,2024-02-26 10:58:00,Food,UPI,In-store,POS,0
9860,6160,768.38,2024-02-23 16:54:00,Shopping,UPI,Mobile,Desktop,0
9861,8246,376.59,2025-10-14 01:23:00,Healthcare,Credit Card,Mobile,Tablet,0
9862,7934,1670.23,2024-11-11 19:05:00,Electronics,Net Banking,In-store,Tablet,1
9863,4845,3170.14,2024-09-21 14:29:00,Grocery,Credit Card,In-store,POS,0
9864,3983,5970.58,2024-11-10 08:30:00,Entertainment,UPI,Online,Tablet,0
9865,8210,2366.21,2024-08-23 11:40:00,Entertainment,UPI,In-store,Tablet,0
9866,772,818.56,2024-08-07 11:49:00,Utilities,UPI,ATM,Mobile,0
9867,6693,1363.81,2024-05-24 09:28:00,Electronics,Net Banking,Online,Mobile,0
9868,9512,2864.26,2025-06-25 23:47:00,Entertainment,Net Banking,Mobile,POS,0
9869,1599,3101.7,2024-10-29 03:53:00,Grocery,UPI,Mobile,Desktop,0
9870,7236,154.71,2025-04-17 03:22:00,Utilities,Debit Card,ATM,Tablet,0
9871,7569,1902.49,2025-08-17 09:44:00,Travel,UPI,In-store,Tablet,0
9872,3554,6845.05,2025-08-07 14:12:00,Shopping,Credit Card,In-store,Desktop,0
9873,6832,3076.62,2024-09-23 09:54:00,Grocery,Debit Card,In-store,Desktop,0
9874,19,14.7,2025-09-09 06:02:00,Grocery,UPI,In-store,Mobile,0
9875,309,509.63,2024-12-07 07:31:00,Other,UPI,Mobile,Mobile,0
9876,2855,1177.61,2025-06-06 17:01:00,Food,UPI,Online,POS,0
9877,6076,2450.18,2024-08-15 06:07:00,Entertainment,Credit Card,ATM,Desktop,0
9878,7260,1620.47,2025-06-26 06:26:00,Entertainment,UPI,In-store,POS,0
9879,5581,160.96,2024-03-26 02:44:00,Shopping,Credit Card,Mobile,Desktop,0
9880,3491,2680.87,2024-07-24 07:52:00,Other,UPI,In-store,Mobile,0
9881,4425,3649.15,2025-10-21 16:58:00,Utilities,UPI,Online,POS,0
9882,1361,460.73,2025-09-07 05:27:00,Shopping,UPI,Mobile,Desktop,0
9883,9634,139.61,2024-02-08 16:30:00,Electronics,UPI,In-store,Desktop,0
9884,783,3130.44,2025-06-02 17:56:00,Utilities,UPI,Mobile,POS,0
9885,7015,2045.78,2024-06-28 17:04:00,Entertainment,Debit Card,Online,POS,0
9886,1099,3254.23,2024-12-27 05:30:00,Shopping,Debit Card,Mobile,Mobile,0
9887,984,1672.17,2025-07-10 15:12:00,Shopping,Debit Card,Mobile,Mobile,0
9888,8986,1119.11,2024-01-10 09:52:00,Electronics,Credit Card,ATM,POS,0
9889,2225,6597.88,2025-07-22 13:11:00,Other,Debit Card,ATM,Mobile,0
9890,9974,3027.89,2024-11-19 21:04:00,Healthcare,Net Banking,Mobile,Desktop,0
9891,772,1061.77,2024-11-16 05:07:00,Food,Credit Card,Online,Mobile,0
9892,7313,4761.48,2025-03-31 22:19:00,Other,Debit Card,ATM,Mobile,0
9893,8781,10071.67,2025-02-22 10:53:00,Travel,UPI,Mobile,Mobile,0
9894,714,737.02,2025-11-07 06:59:00,Food,UPI,In-store,Desktop,0
9895,9297,4460.1,2024-12-01 23:14:00,Food,Credit Card,ATM,Mobile,0
9896,3179,92.92,2025-05-09 16:03:00,Shopping,UPI,Online,POS,0
9897,2697,482.49,2024-04-13 16:36:00,Other,Credit Card,ATM,Desktop,0
9898,7263,350.88,2024-04-19 11:27:00,Other,UPI,ATM,Mobile,0
9899,3171,881.96,2025-12-03 15:12:00,Food,Credit Card,ATM,Desktop,0
9900,5002,1653.92,2024-10-26 08:55:00,Electronics,UPI,Online,POS,0
9901,48,2545.79,2025-01-25 15:05:00,Healthcare,Net Banking,Mobile,Tablet,0
9902,8591,4662.05,2025-05-05 14:47:00,Entertainment,Credit Card,ATM,Tablet,0
9903,1282,345.25,2025-01-22 05:37:00,Other,Credit Card,ATM,Desktop,0
9904,6458,1726.84,2025-02-11 18:59:00,Shopping,Credit Card,Mobile,POS,0
9905,4262,1617.98,2024-03-07 09:14:00,Healthcare,Net Banking,In-store,POS,0
9906,3587,1226.73,2024-08-02 12:08:00,Electronics,Debit Card,ATM,Tablet,0
9907,5112,2372.15,2025-08-24 19:36:00,Travel,Debit Card,Mobile,Desktop,0
9908,8673,1440.47,2024-09-20 12:40:00,Electronics,Credit Card,In-store,Mobile,0
9909,4977,1597.87,2025-03-16 08:57:00,Healthcare,Cash,ATM,Tablet,0
9910,5592,4672.92,2024-12-15 01:39:00,Entertainment,Credit Card,ATM,POS,0
9911,4795,3936.12,2025-08-24 18:37:00,Grocery,UPI,Online,POS,0
9912,237,1722.35,2024-01-30 22:02:00,Other,UPI,In-store,Tablet,0
9913,3773,339.7,2024-04-24 01:34:00,Healthcare,Credit Card,In-store,Tablet,0
9914,817,6373.86,2025-09-01 17:21:00,Electronics,Cash,Mobile,Desktop,0
9915,1984,1949.43,2025-05-06 07:36:00,Travel,UPI,ATM,Mobile,0
9916,8724,3295.05,2024-01-18 17:57:00,Shopping,Credit Card,In-store,Desktop,0
9917,3925,113.19,2024-08-27 21:45:00,Other,UPI,Online,POS,0
9918,8877,4542.66,2024-12-14 05:06:00,Other,Debit Card,ATM,POS,0
9919,2705,2365.05,2025-12-22 02:34:00,Food,UPI,ATM,Desktop,0
9920,8770,2313.06,2025-08-31 13:42:00,Entertainment,Credit Card,In-store,POS,0
9921,3990,233.32,2025-06-18 09:57:00,Food,Net Banking,Mobile,POS,0
9922,2482,2495.59,2024-10-21 05:41:00,Grocery,Credit Card,ATM,Desktop,0
9923,3199,159.47,2024-10-28 12:17:00,Travel,Credit Card,Online,Tablet,0
9924,6135,114.89,2025-06-10 16:19:00,Other,Net Banking,ATM,Desktop,0
9925,4523,787.12,2025-09-26 21:39:00,Shopping,Debit Card,Mobile,Desktop,0
9926,5521,46.88,2025-04-13 18:23:00,Entertainment,Debit Card,ATM,Mobile,0
9927,5268,347.81,2025-03-24 05:35:00,Grocery,Credit Card,In-store,Mobile,0
9928,6565,2590.18,2025-01-14 15:21:00,Travel,Credit Card,ATM,Desktop,0
9929,3663,3602.72,2025-10-12 22:36:00,Entertainment,Credit Card,Mobile,POS,0
9930,2330,395.73,2024-12-22 16:08:00,Entertainment,Net Banking,ATM,Tablet,0
9931,8512,3466.58,2025-06-14 23:07:00,Grocery,Credit Card,ATM,Tablet,0
9932,7583,1309.89,2025-08-29 01:11:00,Healthcare,Cash,In-store,Desktop,0
9933,2974,6335.16,2024-05-26 02:28:00,Other,UPI,Online,Desktop,0
9934,7590,300.04,2025-08-20 14:46:00,Shopping,Credit Card,In-store,Tablet,0
9935,3708,110.11,2025-07-05 19:42:00,Electronics,Debit Card,Online,Mobile,0
9936,1520,3729.69,2025-11-09 20:53:00,Utilities,Debit Card,ATM,Mobile,0
9937,3170,898.79,2024-03-16 04:19:00,Travel,Debit Card,In-store,Desktop,0
9938,7540,1221.92,2025-06-25 17:12:00,Healthcare,Debit Card,Mobile,Mobile,0
9939,9368,1434.04,2025-10-16 19:58:00,Electronics,Net Banking,Online,Tablet,0
9940,3997,3487.84,2025-04-07 02:29:00,Shopping,UPI,Mobile,Mobile,0
9941,5991,158.09,2024-01-15 10:48:00,Entertainment,Credit Card,In-store,Desktop,0
9942,8152,1602.02,2025-08-17 16:19:00,Healthcare,Debit Card,Online,POS,0
9943,5733,1126.23,2024-09-25 10:51:00,Travel,Debit Card,Online,Mobile,0
9944,9286,831.88,2024-04-11 08:50:00,Grocery,Credit Card,Online,Mobile,0
9945,4608,855.82,2024-07-30 13:31:00,Electronics,UPI,ATM,Mobile,0
9946,7018,5328.28,2024-06-12 16:25:00,Shopping,UPI,In-store,POS,0
9947,415,624.26,2025-06-19 03:05:00,Healthcare,Credit Card,In-store,Tablet,1
9948,3476,1212.54,2024-07-05 23:13:00,Entertainment,Credit Card,In-store,Mobile,0
9949,5550,1357.71,2025-10-15 00:13:00,Other,Credit Card,Online,Mobile,0
9950,8809,2544.96,2025-06-24 16:21:00,Utilities,UPI,Online,Tablet,0
9951,8124,1463.72,2025-03-20 17:07:00,Grocery,Cash,In-store,Mobile,0
9952,470,1941.67,2024-03-24 18:15:00,Healthcare,Net Banking,Mobile,POS,0
9953,809,1017.76,2025-09-16 15:53:00,Entertainment,Debit Card,In-store,Desktop,0
9954,6629,2536.07,2025-07-05 02:17:00,Healthcare,Debit Card,Mobile,Mobile,0
9955,3570,1254.16,2024-12-10 18:00:00,Shopping,UPI,Online,Mobile,0
9956,6476,503.89,2024-01-24 23:50:00,Other,Debit Card,In-store,POS,0
9957,4241,3395.78,2025-09-24 21:58:00,Travel,Credit Card,In-store,Desktop,0
9958,206,2900.19,2025-08-09 20:54:00,Electronics,Debit Card,Mobile,Desktop,0
9959,5002,1974.98,2024-06-19 03:28:00,Utilities,Debit Card,Online,Mobile,0
9960,6234,1476.07,2025-04-24 18:03:00,Utilities,Credit Card,Online,Tablet,0
9961,170,467.64,2025-01-14 10:09:00,Travel,UPI,Online,Desktop,0
9962,5358,4055.28,2025-07-27 13:59:00,Food,UPI,ATM,Desktop,0
9963,1424,204.49,2025-03-09 18:13:00,Shopping,Debit Card,Mobile,POS,0
9964,420,966.37,2024-08-14 11:05:00,Travel,Debit Card,ATM,Mobile,0
9965,397,3828.68,2025-10-05 21:20:00,Shopping,Credit Card,ATM,Tablet,0
9966,7432,1810.54,2025-05-31 17:48:00,Travel,Credit Card,In-store,POS,0
9967,5353,1154.71,2024-01-22 23:29:00,Entertainment,Debit Card,In-store,Desktop,0
9968,2357,3134.3,2024-01-13 21:20:00,Travel,Credit Card,ATM,POS,0
9969,5765,9115.44,2024-07-18 04:43:00,Food,Credit Card,Mobile,Tablet,0
9970,8496,418.51,2025-02-08 00:47:00,Shopping,Debit Card,In-store,Desktop,0
9971,3834,104.13,2024-05-04 03:36:00,Food,Debit Card,Mobile,POS,0
9972,8472,1243.47,2024-09-03 18:05:00,Utilities,UPI,In-store,Desktop,0
9973,4297,677.66,2024-01-11 07:54:00,Entertainment,Debit Card,Online,Mobile,0
9974,4587,2197.73,2025-06-29 04:54:00,Electronics,Credit Card,ATM,Mobile,0
9975,1995,1363.46,2025-08-10 15:19:00,Healthcare,Credit Card,In-store,Tablet,0
9976,1742,1382.31,2024-05-17 20:55:00,Food,Credit Card,Online,POS,0
9977,4394,876.95,2024-11-18 11:07:00,Shopping,Net Banking,Mobile,Mobile,0
9978,8640,473.15,2024-09-06 23:27:00,Shopping,Credit Card,In-store,Desktop,0
9979,6341,480.21,2024-02-13 18:03:00,Grocery,UPI,Online,POS,0
9980,1914,978.68,2025-12-07 16:20:00,Shopping,Net Banking,In-store,Mobile,0
9981,2780,2290.38,2025-07-01 03:54:00,Travel,Credit Card,Online,Mobile,0
9982,8013,822.41,2025-05-29 22:07:00,Electronics,UPI,Online,Tablet,0
9983,6205,789.1,2024-02-13 09:20:00,Entertainment,UPI,In-store,Tablet,0
9984,9043,1106.77,2024-03-03 04:19:00,Shopping,Net Banking,Mobile,Mobile,0
9985,72,9390.51,2024-08-05 22:29:00,Food,Credit Card,In-store,Tablet,0
9986,452,191.34,2024-07-30 12:04:00,Utilities,Debit Card,In-store,Desktop,0
9987,3865,698.13,2024-12-17 22:50:00,Shopping,Credit Card,ATM,Tablet,0
9988,9855,690.63,2025-06-27 15:13:00,Travel,Net Banking,ATM,Desktop,0
9989,8391,7338.21,2025-01-23 12:08:00,Utilities,Debit Card,ATM,Mobile,0
9990,6968,1045.72,2025-03-26 02:13:00,Utilities,Debit Card,ATM,Mobile,0
9991,4379,1673.91,2025-12-07 11:32:00,Other,Credit Card,Mobile,Tablet,1
9992,6120,441.62,2025-09-05 12:36:00,Travel,Credit Card,ATM,POS,0
9993,9367,25.58,2024-09-08 06:22:00,Healthcare,Cash,Online,POS,0
9994,3112,828.82,2024-09-04 19:03:00,Utilities,Credit Card,Mobile,Desktop,0
9995,4154,2037.94,2025-12-22 00:40:00,Other,Credit Card,ATM,Mobile,0
9996,2596,2352.33,2024-12-07 17:20:00,Entertainment,Credit Card,In-store,Mobile,0
9997,8906,2803.84,2025-03-16 02:23:00,Entertainment,Debit Card,Online,Desktop,0
9998,6528,3941.73,2025-10-10 09:28:00,Food,Debit Card,ATM,Mobile,0
9999,2159,245.74,2025-11-12 07:05:00,Food,Credit Card,Mobile,Mobile,0
10000,9648,172.84,2025-10-28 10:55:00,Grocery,Net Banking,In-store,Desktop,0
